name,cas,iupac_name,inchi_key,class,smiles,qed,has_heavy_metal,is_short_aliphatic,is_single_simple_aromatic_cycle,cluster_id,cluster_size,is_valid_smiles
abscisic%20acid,21293-29-8,"(2Z,4E)-5-[(1S)-1-hydroxy-2,6,6-trimethyl-4-oxocyclohex-2-en-1-yl]-3-methylpenta-2,4-dienoic acidor(7E,9Z)-(6S)-6-hydroxy-3-oxo-11-apo-Îµ-caroten-11-oic acid",JLIDBLDQVAYHNE-YKALOCIXSA-N,plant growth regulators (growth inhibitor),CC(/C=C/[C@@]1(O)C(=CC(=O)CC1(C)C)C)=C/C(O)=O,0.6053323145467729,False,False,False,883,1,True
acetochlor,34256-82-1,2-chloro-N-(ethoxymethyl)-2â²-ethyl-6â²-methylacetanilide,VTNQPKFIQCLBDU-UHFFFAOYSA-N,herbicides (chloroacetamide),CCOCN(C(=O)CCl)c1c(C)cccc1CC,0.5865813805439714,False,False,False,42,6,True
plifenate,21757-82-4,"(1RS)-2,2,2-trichloro-1-(3,4-dichlorophenyl)ethyl acetate",FSGNOVKGEXRRHD-UHFFFAOYSA-N,insecticides (unclassified),CC(=O)OC(c1ccc(Cl)c(Cl)c1)C(Cl)(Cl)Cl,0.5630039856224435,False,False,False,110,3,True
acetoprole,209861-58-5,"1-[5-amino-1-[2,6-dichloro-4-(trifluoromethyl)phenyl]-4-(methylsulfinyl)-1H-pyrazol-3-yl]ethanone1979 Rules:1-[5-amino-1-(2,6-dichloro-Î±,Î±,Î±-trifluoro-p-tolyl)-4-(methylsulfinyl)-1H-pyrazol-3-yl]ethanone",GDZNYEZGJAFIKA-UHFFFAOYSA-N,acaricides (phenylpyrazole)insecticides (phenylpyrazole)nematicides (phenylpyrazole),CC(=O)C1=NN(C(=C1S(=O)C)N)C2=C(C=C(C=C2Cl)C(F)(F)F)Cl,0.7971846653359607,False,False,False,882,1,True
acibenzolar,126448-41-7,"1,2,3-benzothiadiazole-7-carbothioic S-acid1979 Rules:benzo[1,2,3]thiadiazole-7-carbothioic S-acid",CGIHPACLZJDCBQ-UHFFFAOYSA-N,fungicides (benzothiadiazole)plant activators,C1=CC(=C2C(=C1)N=NS2)C(=O)S,0.7066300656536361,False,False,False,146,3,True
acifluorfen,50594-66-6,"5-[2-chloro-4-(trifluoromethyl)phenoxy]-2-nitrobenzoic acid1979 Rules:5-[(2-chloro-Î±,Î±,Î±-trifluoro-p-tolyl)oxy]-2-nitrobenzoic acid",NUFNQYOELLVIPL-UHFFFAOYSA-N,herbicides (diphenyl ether),OC(=O)c1cc(Oc2ccc(cc2Cl)C(F)(F)F)ccc1[N+]([O-])=O,0.6261588444326643,False,False,False,23,7,True
aclonifen,74070-46-5,2-chloro-6-nitro-3-phenoxyaniline,DDBMQDADIHOWIC-UHFFFAOYSA-N,herbicides (diphenyl ether),Nc1c(Cl)c(Oc2ccccc2)ccc1[N+]([O-])=O,0.5215690822787161,False,False,False,881,1,True
quinoclamine,2797-51-5,"2-amino-3-chloro-1,4-naphthoquinone",OBLNWSCLAYSJJR-UHFFFAOYSA-N,algicidesherbicides (quinone),NC1=C(Cl)C(=O)c2ccccc2C1=O,0.7010399727782283,False,False,False,75,4,True
acrep,,N-[(hexyloxy)methyl]hexano-6-lactam1979 rules:N-[(hexyloxy)methyl]-Îµ-caprolactam,IXCJFHRRPLTTSW-UHFFFAOYSA-N,insect repellents,CCCCCCOCN1CCCCCC1=O,0.6257853375624701,False,False,False,880,1,True
acypetacs,68937-75-7,"Reaction mixture of C8 to C10 linear and branched chain saturated aliphatic carboxylic acids, the branched chain acids being a mixture of approximately equal parts by mass of: (a) acids in which the main chain is dialkyl-substituted on the second carbon atom and (b) acids in which the second carbon atom is either unsubstituted or monoalkyl-substituted.  Both (a) and (b) acids may be further alkyl-substituted on the third or higher carbon atoms.",Failed,fungicides (unclassified),CCCCCCCCC(O)=O,0.5783198770575686,False,False,False,206,2,True
alachlor,15972-60-8,"2-chloro-2â²,6â²-diethyl-N-(methoxymethyl)acetanilide",XCSGPAVHZFQHGE-UHFFFAOYSA-N,herbicides (chloroacetamide),CCc1cccc(CC)c1N(COC)C(=O)CCl,0.5869316273905797,False,False,False,42,6,True
naptalam,132-66-1,N-1-naphthylphthalamic acid,JXTHEWSKYLZVJC-UHFFFAOYSA-N,herbicides (arylcarboxylic acid),OC(=O)c1ccccc1C(=O)Nc2cccc3ccccc23,0.7711817050736868,False,False,False,114,3,True
albendazole,54965-21-8,methyl [5-(propylthio)-1H-benzimidazol-2-yl]carbamate,HXHWSAZORRCQMX-UHFFFAOYSA-N,fungicides (benzimidazole),CCCSc1ccc2nc(NC(=O)OC)[nH]c2c1,0.8327124144827058,False,False,False,879,1,True
albucidin,126170-40-9,"[(2S,4R)-4-(6-amino-9H-purin-9-yl)-2-oxetanyl]methanol",QNROWADMDDKKHX-NTSWFWBYSA-N,herbicides (unclassified),Nc1ncnc2n(cnc12)[C@H]3C[C@@H](CO)O3,0.7211484114757073,False,False,False,878,1,True
allethrin,584-79-2,"(1RS)-3-allyl-2-methyl-4-oxocyclopent-2-enyl (1RS,3RS;1RS,3SR)-2,2-dimethyl-3-(2-methylprop-1-enyl)cyclopropanecarboxylatepre-1969 name:(Â±)-3-allyl-2-methyl-4-oxocyclopent-2-enyl (Â±)-cis-trans-chrysanthemate",ZCVAOQKBXKSDMS-UHFFFAOYSA-N,insecticides (pyrethroid),CC(C)=CC1C(C(=O)OC2CC(=O)C(=C2C)CC=C)C1(C)C,0.5692267993614909,False,False,False,0,17,True
bioallethrin,260359-57-7,"(1RS)-3-allyl-2-methyl-4-oxocyclopent-2-enyl (1R,3R)-2,2-dimethyl-3-(2-methylprop-1-enyl)cyclopropanecarboxylateRothamsted-style stereodescriptors:(1RS)-3-allyl-2-methyl-4-oxocyclopent-2-enyl (1R)-trans-2,2-dimethyl-3-(2-methylprop-1-enyl)cyclopropanecarboxylatepre-1969 name:(Â±)-3-allyl-2-methyl-4-oxocyclopent-2-enyl (+)-trans-chrysanthemate",ZCVAOQKBXKSDMS-AQYZNVCMSA-N,insecticides (pyrethroid),CC1=C(C(=O)CC1OC(=O)[C@@H]2[C@H](C2(C)C)C=C(C)C)CC=C,0.5692267993614908,False,False,False,0,17,True
allyxycarb,6392-46-7,"4-(diallylamino)-3,5-dimethylphenyl methylcarbamate1979 Rules:4-(diallylamino)-3,5-xylyl methylcarbamate",FBEHFRAORPEGFH-UHFFFAOYSA-N,insecticides (phenyl carbamate),CNC(=O)Oc1cc(C)c(N(CC=C)CC=C)c(C)c1,0.8099272311168642,False,False,False,14,9,True
alorac,19360-02-2,"(2Z)-2,3,5,5,5-pentachloro-4-oxopent-2-enoic acid1979 Rules:(Z)-perchloro-4-oxopent-2-enoic acid",RRLHZVASKJLNFJ-UPHRSURJSA-N,herbicides (halogenated alkanoic acid),C(=C(\C(=O)O)/Cl)(\C(=O)C(Cl)(Cl)Cl)/Cl,0.6270070727067323,False,False,False,877,1,True
alpha-cypermethrin,67375-30-8,"racemate comprising (R)-Î±-cyano-3-phenoxybenzyl (1S,3S)-3-(2,2-dichlorovinyl)-2,2-dimethylcyclopropanecarboxylate and (S)-Î±-cyano-3-phenoxybenzyl (1R,3R)-3-(2,2-dichlorovinyl)-2,2-dimethylcyclopropanecarboxylateRothamsted-style stereodescriptors:racemate comprising (R)-Î±-cyano-3-phenoxybenzyl (1S)-cis-3-(2,2-dichlorovinyl)-2,2-dimethylcyclopropanecarboxylate and (S)-Î±-cyano-3-phenoxybenzyl (1R)-cis-3-(2,2-dichlorovinyl)-2,2-dimethylcyclopropanecarboxylate",GUQZCTLEJXHSIH-RZAVTOELSA-Nidentifier for no stereochemistry:KAATUXNTWXVJKI-UHFFFAOYSA-N,acaricides (pyrethroid)insecticides (pyrethroid),CC1(C)[C@@H](C=C(Cl)Cl)[C@H]1C(=O)OC(C#N)c2cccc(Oc3ccccc3)c2,0.5280467981025629,False,False,False,8,10,True
alpha-endosulfan,959-98-8,"equimolar mixture of 2 asymmetric, twisted-chair conformers of (5aR,6S,9R,9aS)-6,7,8,9,10,10-hexachloro-1,5,5a,6,9,9a-hexahydro-6,9-methano-2,4,3-benzodioxathiepin 3-oxide",RDYMFSUJUZBWLH-AZVNHNRSSA-N,insecticides (chlorinated cyclodiene),ClC1=C(Cl)C2(Cl)[C@H]3CO[S](=O)OC[C@H]3[C@]1(Cl)C2(Cl)Cl,0.5754087086057358,False,False,False,43,5,True
alpha-cypermethrin,67375-30-8,"racemate comprising (R)-Î±-cyano-3-phenoxybenzyl (1S,3S)-3-(2,2-dichlorovinyl)-2,2-dimethylcyclopropanecarboxylate and (S)-Î±-cyano-3-phenoxybenzyl (1R,3R)-3-(2,2-dichlorovinyl)-2,2-dimethylcyclopropanecarboxylateRothamsted-style stereodescriptors:racemate comprising (R)-Î±-cyano-3-phenoxybenzyl (1S)-cis-3-(2,2-dichlorovinyl)-2,2-dimethylcyclopropanecarboxylate and (S)-Î±-cyano-3-phenoxybenzyl (1R)-cis-3-(2,2-dichlorovinyl)-2,2-dimethylcyclopropanecarboxylate",GUQZCTLEJXHSIH-RZAVTOELSA-Nidentifier for no stereochemistry:KAATUXNTWXVJKI-UHFFFAOYSA-N,acaricides (pyrethroid)insecticides (pyrethroid),CC1(C)[C@@H](C=C(Cl)Cl)[C@H]1C(=O)OC(C#N)c2cccc(Oc3ccccc3)c2,0.5280467981025629,False,False,False,8,10,True
altretamine,645-05-6,"N2,N2,N4,N4,N6,N6-hexamethyl-1,3,5-triazine-2,4,6-triamine",UUVWYPNAQBNQJQ-UHFFFAOYSA-N,chemosterilants,CN(C)c1nc(nc(n1)N(C)C)N(C)C,0.7033804434333938,False,False,False,256,2,True
ametoctradin,865318-97-4,"5-ethyl-6-octyl[1,2,4]triazolo[1,5-a]pyrimidin-7-amine",GGKQIOFASHYUJZ-UHFFFAOYSA-N,fungicides (triazolopyrimidine),CCCCCCCCC1=C(N2C(=NC=N2)N=C1CC)N,0.7512076936157477,False,False,False,876,1,True
ametridione,78168-93-1,"1-amino-3-(2,2-dimethylpropyl)-6-(ethylthio)-1,3,5-triazine-2,4(1H,3H)-dione1979 Rules:1-amino-6-(ethylthio)-3-neopentyl-1,3,5-triazine-2,4(1H,3H)-dione",KOKBUARVIJVMMM-UHFFFAOYSA-N,herbicides (triazinone),CCSC1=NC(=O)N(CC(C)(C)C)C(=O)N1N,0.6215925427079355,False,False,False,875,1,True
ametryn,834-12-8,"N2-ethyl-N4-isopropyl-6-(methylthio)-1,3,5-triazine-2,4-diaminepre-1969 name:2-(ethylamino)-4-(isopropylamino)-6-(methylthio)-1,3,5-triazine",RQVYBGPQFYCBGX-UHFFFAOYSA-N,herbicides (alkylthiotriazine),CCNc1nc(NC(C)C)nc(SC)n1,0.7484627048697229,False,False,False,2,15,True
ametryn,834-12-8,"N2-ethyl-N4-isopropyl-6-(methylthio)-1,3,5-triazine-2,4-diaminepre-1969 name:2-(ethylamino)-4-(isopropylamino)-6-(methylthio)-1,3,5-triazine",RQVYBGPQFYCBGX-UHFFFAOYSA-N,herbicides (alkylthiotriazine),CCNc1nc(NC(C)C)nc(SC)n1,0.7484627048697229,False,False,False,2,15,True
amfenamacril,3095661-21-2,ethyl (2Z)-3-amino-2-cyano-3-{4-[ethyl(methyl)amino]phenyl}prop-2-enoate,LNAZEQHZUUSJMX-YPKPFQOOSA-N,fungicides (aminocyanoacrylate),CCN(C)C1=CC=C(C=C1)/C(=C(\C#N)/C(=O)OCC)/N,0.503296884938656,False,False,False,322,2,True
amibuzin,76636-10-7,"6-tert-butyl-3-(dimethylamino)-4-methyl-1,2,4-triazin-5(4H)-one",HVHHQHTXTGUMSR-UHFFFAOYSA-N,herbicides (triazinone),CN(C)C1=NN=C(C(=O)N1C)C(C)(C)C,0.6785364138630119,False,False,False,874,1,True
amicarbazone,129909-90-6,"4-amino-N-tert-butyl-3-isopropyl-5-oxo-4,5-dihydro-1H-1,2,4-triazole-1-carboxamide1979 Rules:4-amino-N-tert-butyl-4,5-dihydro-3-isopropyl-5-oxo-1H-1,2,4-triazole-1-carboxamide",ORFPWVRKFLOQHK-UHFFFAOYSA-N,herbicides (triazolone),CC(C)C1=NN(C(=O)NC(C)(C)C)C(=O)N1N,0.6883237515007591,False,False,False,873,1,True
amicarthiazol,21452-14-2,2-amino-4-methylthiazole-5-carboxanilide,CACOMUHPQMDEJQ-UHFFFAOYSA-N,bactericides,Cc1cccc(NC(=O)c2sc(N)nc2)c1,0.8357826198151453,False,False,False,872,1,True
amidithion,919-76-6,"S-{2-[(2-methoxyethyl)amino]-2-oxoethyl} O,O-dimethyl phosphorodithioate1979 Rules:S-{[(2-methoxyethyl)carbamoyl]methyl} O,O-dimethyl phosphorodithioate",GDTZUQIYUMGJRT-UHFFFAOYSA-N,acaricides (aliphatic amide organothiophosphate)insecticides (aliphatic amide organothiophosphate),COCCNC(=O)CS[P](=S)(OC)OC,0.5257806810548044,False,False,False,34,6,True
amidochlor,40164-67-8,"N-[(acetylamino)methyl]-2-chloro-2â²,6â²-diethylacetanilide",QTGVGIVRLSGTJJ-UHFFFAOYSA-N,herbicides (chloroacetanmide),CCc1cccc(CC)c1N(CNC(C)=O)C(=O)CCl,0.6474913570782836,False,False,False,42,6,True
amidoflumet,84466-05-7,"methyl 5-chloro-2-{[(trifluoromethyl)sulfonyl]amino}benzoate1979 Rules:methyl 5-chloro-2-(1,1,1-trifluoromethanesulfonamido)benzoate",KBHDSWIXRODKSZ-UHFFFAOYSA-N,acaricides (trifluoromethanesulfonanilide),COC(=O)c1cc(Cl)ccc1N[S](=O)(=O)C(F)(F)F,0.8688143954965053,False,False,False,871,1,True
amidosulfuron,120923-37-7,"N-{[(4,6-dimethoxypyrimidin-2-yl)carbamoyl]sulfamoyl}-N-methylmethanesulfonamide1979 Rules:1-(4,6-dimethoxypyrimidin-2-yl)-3-[mesyl(methyl)sulfamoyl]urea",CTTHWASMBLQOFR-UHFFFAOYSA-N,herbicides (pyrimidinylsulfonylurea),COc1cc(OC)nc(NC(=O)N[S](=O)(=O)N(C)[S](C)(=O)=O)n1,0.6249234870499483,False,False,False,870,1,True
aminocarb,2032-59-9,4-(dimethylamino)-3-methylphenyl methylcarbamate1979 Rules:4-(dimethylamino)-m-tolyl methylcarbamate,IMIDOCRTMDIQIJ-UHFFFAOYSA-N,insecticides (phenyl carbamate),CNC(=O)Oc1ccc(N(C)C)c(C)c1,0.8050895773277172,False,False,False,14,9,True
aminocyclopyrachlor,858956-08-8,6-amino-5-chloro-2-cyclopropylpyrimidine-4-carboxylic acid,KWAIHLIXESXTJL-UHFFFAOYSA-N,herbicides (pyrimidinecarboxylic acid),C1CC1C2=NC(=C(C(=N2)N)Cl)C(=O)O,0.7727844616978328,False,False,False,869,1,True
aminopyralid,150114-71-9,"4-amino-3,6-dichloropyridine-2-carboxylic acidpre-1969 name:4-amino-3,6-dichloropicolinic acid",NIXXQNOQHKNPEJ-UHFFFAOYSA-N,herbicides (pyridinecarboxylic acid),Nc1cc(Cl)nc(C(O)=O)c1Cl,0.6862544147057369,False,False,False,868,1,True
4-aminopyridine,504-24-5,pyridin-4-amine,NUKYPUAOHBNCPY-UHFFFAOYSA-N,avicidesbird repellents,Nc1ccncc1,0.5126510027980979,False,False,False,149,2,True
aminopyrifen,1531626-08-0,4-phenoxybenzyl 2-amino-6-methylpyridine-3-carboxylate1979 Rules:4-phenoxybenzyl 2-amino-6-methylnicotinate,PWWPULQZEAPTTB-UHFFFAOYSA-N,fungicides (pyridine),CC1=NC(=C(C=C1)C(=O)OCC2=CC=C(C=C2)OC3=CC=CC=C3)N,0.7104158437744408,False,False,False,323,2,True
aminotipyr,3052252-63-5,4-[(5-methylthiazol-2-yl)oxy]benzyl 2-amino-6-methylpyridine-3-carboxylateor4-[(5-methylthiazol-2-yl)oxy]benzyl 2-amino-6-methylnicotinate,FAYVBMMWMRQVMB-UHFFFAOYSA-N,fungicides (unclassified),CC1=NC(=C(C=C1)C(=O)OCC2=CC=C(C=C2)OC3=NC=C(S3)C)N,0.698798610424508,False,False,False,323,2,True
amisulbrom,348635-87-0,"3-[(3-bromo-6-fluoro-2-methyl-1H-indol-1-yl)sulfonyl]-N,N-dimethyl-1H-1,2,4-triazole-1-sulfonamide",BREATYVWRHIPIY-UHFFFAOYSA-N,fungicides (sulfamoyltriazole),CC1=C(C2=C(N1S(=O)(=O)C3=NN(C=N3)S(=O)(=O)N(C)C)C=C(C=C2)F)Br,0.5745727053773378,False,False,False,867,1,True
amitraz,33089-61-1,"Nâ²-(2,4-dimethylphenyl)-N-{[(2,4-dimethylphenyl)imino]methyl}-N-methylformimidamide1979 Rules:N1-methyl-N2-(2,4-xylyl)-N1-[(2,4-xylylimino)methyl]formamidine",QXAITBQSYVNQDR-UHFFFAOYSA-N,acaricides (formamidine)insecticides (formamidine),CN(C=Nc1ccc(C)cc1C)C=Nc2ccc(C)cc2C,0.5834394447063072,False,False,False,119,3,True
amfenamacril,3095661-21-2,ethyl (2Z)-3-amino-2-cyano-3-{4-[ethyl(methyl)amino]phenyl}prop-2-enoate,LNAZEQHZUUSJMX-YPKPFQOOSA-N,fungicides (aminocyanoacrylate),CCN(C)C1=CC=C(C=C1)/C(=C(\C#N)/C(=O)OCC)/N,0.503296884938656,False,False,False,322,2,True
anabasine,494-52-0,3-[(2S)-2-piperidyl]pyridine,MTXSIJUGVMTTMU-JTQLQIEISA-N,insecticides (alkaloid),C1CC[C@H](NC1)c2cccnc2,0.6818149785973887,False,False,False,115,3,True
ancymidol,12771-68-5,(RS)-Î±-cyclopropyl-4-methoxy-Î±-(pyrimidin-5-yl)benzyl alcohol,HUTDUHSNJYTCAR-UHFFFAOYSA-N,plant growth regulators (growth inhibitor),COc1ccc(cc1)C(O)(C2CC2)c3cncnc3,0.9101263929042772,False,False,False,866,1,True
anilazine,101-05-3,"4,6-dichloro-N-(2-chlorophenyl)-1,3,5-triazin-2-amine",IMHBYKMAHXWHRP-UHFFFAOYSA-N,"fungicides (1,3,5-triazine)",Clc1nc(Cl)nc(Nc2ccccc2Cl)n1,0.90998870302741,False,False,False,865,1,True
anilofos,64249-01-0,"S-{2-[(4-chlorophenyl)isopropylamino]-2-oxoethyl} O,O-dimethyl phosphorodithioate1979 Rules:S-[(4-chloro-N-isopropylcarbaniloyl)methyl] O,O-dimethyl phosphorodithioate",NXQDBZGWYSEGFL-UHFFFAOYSA-N,herbicides (alpha-thioacetamide),CO[P](=S)(OC)SCC(=O)N(C(C)C)c1ccc(Cl)cc1,0.6704591166393922,False,False,False,864,1,True
anisiflupurin,1089014-47-0,2-fluoro-N-(3-methoxyphenyl)-9H-purin-6-amine,KJBRXNXZODWCMC-UHFFFAOYSA-N,plant growth regulators (cytokinin),COC1=CC=CC(=C1)NC2=NC(=NC3=C2NC=N3)F,0.7053761501864241,False,False,False,863,1,True
anisuron,2689-43-2,"N-(3,4-dichlorophenyl)-N-(dimethylcarbamoyl)-4-methoxybenzamide1979 Rules:1-(p-anisoyl)-1-(3,4-dichlorophenyl)-3,3-dimethylurea",RGKLVVDHWRAWRO-UHFFFAOYSA-N,herbicides (phenylurea),COc1ccc(cc1)C(=O)N(C(=O)N(C)C)c2ccc(Cl)c(Cl)c2,0.8114678930586855,False,False,False,201,2,True
anthraquinone,84-65-1,"anthracene-9,10-dione1979 Rules:anthraquinone",RZVHIXYEVGDQDX-UHFFFAOYSA-N,bird repellents,O=C1c2ccccc2C(=O)c3ccccc13,0.5683365592539452,False,False,False,75,4,True
antu,86-88-4,1-(1-naphthyl)thiourea,PIVQQUNOTICCSA-UHFFFAOYSA-N,rodenticides (thiourea),NC(=S)Nc1cccc2ccccc12,0.69767747219757,False,False,False,862,1,True
apholate,52-46-0,"2,2,4,4,6,6-hexakis(aziridin-1-yl)-1,3,5,2Î»5,4Î»5,6Î»5-triazatriphosphinine",PXZAWHSJYIECNQ-UHFFFAOYSA-N,chemosterilants,C1CN1[P]2(=N[P](=N[P](=N2)(N3CC3)N4CC4)(N5CC5)N6CC6)N7CC7,0.5112960857090894,False,False,False,861,1,True
aramite,140-57-8,(RS)-2-(4-tert-butylphenoxy)-1-methylethyl 2-chloroethyl sulfite,YKFRAOGHWKADFJ-UHFFFAOYSA-N,acaricides (sulfite ester),CC(COc1ccc(cc1)C(C)(C)C)O[S](=O)OCCCl,0.6812781238737133,False,False,False,860,1,True
propoxur,114-26-1,2-isopropoxyphenyl methylcarbamate,ISRUGXGCCGIOQO-UHFFFAOYSA-N,acaricides (phenyl carbamate)insecticides (phenyl carbamate),CNC(=O)Oc1ccccc1OC(C)C,0.8296418352028073,False,False,False,25,7,True
asulam,3337-71-1,methyl [(4-aminophenyl)sulfonyl]carbamate1979 Rules:methyl sulfanilylcarbamate,VGPYEHKOIGNJKV-UHFFFAOYSA-N,herbicides (carbamate),COC(=O)N[S](=O)(=O)c1ccc(N)cc1,0.7124255981070364,False,False,False,316,2,True
athidathion,19691-80-6,"O,O-diethyl S-[(5-methoxy-2-oxo-1,3,4-thiadiazol-3(2H)-yl)methyl] phosphorodithioate1979 Rules:S-[(2,3-dihydro-5-methoxy-2-oxo-1,3,4-thiadiazol-3-yl)methyl] O,O-diethyl phosphorodithioate",QAOFKYGUSMPWNY-UHFFFAOYSA-N,insecticides (arylalkyl organothiophosphate),CCO[P](=S)(OCC)SCN1N=C(OC)SC1=O,0.6777381766899657,False,False,False,69,4,True
atraton,1610-17-9,"N2-ethyl-N4-isopropyl-6-methoxy-1,3,5-triazine-2,4-diaminepre-1969 name:2-(ethylamino)-4-(isopropylamino)-6-methoxy-1,3,5-triazine",PXWUKZGIHQRDHL-UHFFFAOYSA-N,herbicides (methoxytriazine),CCNc1nc(NC(C)C)nc(OC)n1,0.7604035568126057,False,False,False,2,15,True
atrazine,1912-24-9,"6-chloro-N2-ethyl-N4-isopropyl-1,3,5-triazine-2,4-diaminepre-1969 name:2-chloro-4-(ethylamino)-6-(isopropylamino)-1,3,5-triazine",MXWJVTOOROXGIU-UHFFFAOYSA-N,herbicides (chlorotriazine),CCNc1nc(Cl)nc(NC(C)C)n1,0.8018633186326394,False,False,False,2,15,True
azaconazole,60207-31-0,"1-{[2-(2,4-dichlorophenyl)-1,3-dioxolan-2-yl]methyl}-1H-1,2,4-triazole",AKNQMEBLVAMSNZ-UHFFFAOYSA-N,fungicides (triazole),Clc1ccc(c(Cl)c1)C2(Cn3cncn3)OCCO2,0.8735534103236281,False,False,False,45,5,True
azafenidin,68049-83-2,"2-[2,4-dichloro-5-(prop-2-ynyloxy)phenyl]-5,6,7,8-tetrahydro-1,2,4-triazolo[4,3-a]pyridin-3(2H)-one",XOEMATDHVZOBSG-UHFFFAOYSA-N,herbicides (N-phenyltriazolinone),Clc1cc(Cl)c(cc1OCC#C)N2N=C3CCCCN3C2=O,0.8088167246659216,False,False,False,859,1,True
azamethiphos,35575-96-3,"S-[(6-chloro-2-oxo-1,3-oxazolo[4,5-b]pyridin-3(2H)-yl)methyl] O,O-dimethyl phosphorothioate1979 Rules:S-[(6-chloro-2,3-dihydro-2-oxo-1,3-oxazolo[4,5-b]pyridin-3-yl)methyl] O,O-dimethyl phosphorothioate",VNKBTWQZTQIWDV-UHFFFAOYSA-N,insecticides (arylalkyl organothiophosphate),CO[P](=O)(OC)SCN1C(=O)Oc2cc(Cl)cnc12,0.7816998855321817,False,False,False,858,1,True
menazon,78-57-9,"S-[(4,6-diamino-1,3,5-triazin-2-yl)methyl] O,O-dimethyl phosphorodithioate",SUYHYHLFUHHVJQ-UHFFFAOYSA-N,insecticides (arylalkyl organothiophosphate),CO[P](=S)(OC)SCc1nc(N)nc(N)n1,0.7565093469767278,False,False,False,235,2,True
azinphos-ethyl,2642-71-9,"O,O-diethyl S-[(4-oxo-1,2,3-benzotriazin-3(4H)-yl)methyl] phosphorodithioate1979 Rules:S-[(3,4-dihydro-4-oxo-1,2,3-benzotriazin-3-yl)methyl] O,O-diethyl phosphorodithioate",RQVGAIADHNPSME-UHFFFAOYSA-N,acaricides (arylalkyl organothiophosphate)insecticides (arylalkyl organothiophosphate),CCO[P](=S)(OCC)SCN1N=Nc2ccccc2C1=O,0.7149051868740919,False,False,False,31,6,True
azinphos-ethyl,2642-71-9,"O,O-diethyl S-[(4-oxo-1,2,3-benzotriazin-3(4H)-yl)methyl] phosphorodithioate1979 Rules:S-[(3,4-dihydro-4-oxo-1,2,3-benzotriazin-3-yl)methyl] O,O-diethyl phosphorodithioate",RQVGAIADHNPSME-UHFFFAOYSA-N,acaricides (arylalkyl organothiophosphate)insecticides (arylalkyl organothiophosphate),CCO[P](=S)(OCC)SCN1N=Nc2ccccc2C1=O,0.7149051868740919,False,False,False,31,6,True
azinphos-methyl,86-50-0,"O,O-dimethyl S-[(4-oxo-1,2,3-benzotriazin-3(4H)-yl)methyl] phosphorodithioate1979 Rules:S-[(3,4-dihydro-4-oxo-1,2,3-benzotriazin-3-yl)methyl] O,O-dimethyl phosphorodithioate",CJJOSEISRRTUQB-UHFFFAOYSA-N,acaricides (arylalkyl organothiophosphate)insecticides (arylalkyl organothiophosphate),CO[P](=S)(OC)SCN1N=Nc2ccccc2C1=O,0.7813603331085346,False,False,False,31,6,True
azinphos-methyl,86-50-0,"O,O-dimethyl S-[(4-oxo-1,2,3-benzotriazin-3(4H)-yl)methyl] phosphorodithioate1979 Rules:S-[(3,4-dihydro-4-oxo-1,2,3-benzotriazin-3-yl)methyl] O,O-dimethyl phosphorodithioate",CJJOSEISRRTUQB-UHFFFAOYSA-N,acaricides (arylalkyl organothiophosphate)insecticides (arylalkyl organothiophosphate),CO[P](=S)(OC)SCN1N=Nc2ccccc2C1=O,0.7813603331085346,False,False,False,31,6,True
azobenzene,103-33-3,azobenzene,DMLAVOWQYNRWNQ-UHFFFAOYSA-N,acaricides (unclassified),c1ccc(cc1)N=Nc2ccccc2,0.6244365883138271,False,False,False,857,1,True
bachmedesh,172351-12-1,2-(diethylamino)ethyl (2RS)-2-(4-chlorophenyl)-3-methylbutyrate hydrochloride,DJPMLIONMMBOSS-UHFFFAOYSA-N,plant growth regulators (unclassified),CCN(CC)CCOC(=O)C(C1=CC=C(C=C1)Cl)C(C)C.Cl,0.6529137639606796,False,False,False,856,1,True
barban,101-27-9,4-chlorobut-2-ynyl (3-chlorophenyl)carbamate1979 Rules:4-chlorobut-2-ynyl 3-chlorocarbanilate,MCOQHIWZJUDQIC-UHFFFAOYSA-N,herbicides (carbamate),ClCC#CCOC(=O)Nc1cccc(Cl)c1,0.6533118700090956,False,False,False,52,4,True
barban,101-27-9,4-chlorobut-2-ynyl (3-chlorophenyl)carbamate1979 Rules:4-chlorobut-2-ynyl 3-chlorocarbanilate,MCOQHIWZJUDQIC-UHFFFAOYSA-N,herbicides (carbamate),ClCC#CCOC(=O)Nc1cccc(Cl)c1,0.6533118700090956,False,False,False,52,4,True
barthrin,70-43-9,"(6-chloro-1,3-benzodioxol-5-yl)methyl (1RS,3RS;1RS,3SR)-2,2-dimethyl-3-(2-methylprop-1-enyl)cyclopropanecarboxylate1979 Rules:6-chloropiperonyl 2,2-dimethyl-3-(2-methylprop-1-enyl)cyclopropanecarboxylatepre-1969 name:6-chloropiperonyl (Â±)-cis-trans-chrysanthemate",KPMWGGRSOPMANK-UHFFFAOYSA-N,insecticides (pyrethroid),CC(C)=CC1C(C(=O)OCc2cc3OCOc3cc2Cl)C1(C)C,0.6053835767498239,False,False,False,855,1,True
bcpc,2164-13-8,(2RS)-butan-2-yl (3-chlorophenyl)carbamate1979 Rules:(RS)-sec-butyl 3-chlorocarbanilate,CURLHBZYTFVCRG-UHFFFAOYSA-N,herbicides (carbamate),CCC(C)OC(=O)Nc1cccc(Cl)c1,0.8554668349761194,False,False,False,18,8,True
beflubutamid,113614-08-7,"(2RS)-N-benzyl-2-[4-fluoro-3-(trifluoromethyl)phenoxy]butanamide1979 Rules:(RS)-N-benzyl-2-[(Î±,Î±,Î±,4-tetrafluoro-m-tolyl)oxy]butyramide",FFQPZWRNXKPNPX-UHFFFAOYSA-N,herbicides (phenyl ether),CCC(Oc1ccc(F)c(c1)C(F)(F)F)C(=O)NCc2ccccc2,0.7840746586346233,False,False,False,321,2,True
beflubutamid-m,113614-09-8,"(2S)-N-benzyl-2-[4-fluoro-3-(trifluoromethyl)phenoxy]butanamide1979 Rules:(S)-N-benzyl-2-[(Î±,Î±,Î±,4-tetrafluoro-m-tolyl)oxy]butyramide",FFQPZWRNXKPNPX-INIZCTEOSA-N,herbicides (phenyl ether),CC[C@@H](C(=O)NCC1=CC=CC=C1)OC2=CC(=C(C=C2)F)C(F)(F)F,0.7840746586346232,False,False,False,321,2,True
benalaxyl,71626-11-4,"methyl N-(2,6-dimethylphenyl)-N-(phenylacetyl)-DL-alaninate1979 Rules:methyl N-(phenylacetyl)-N-(2,6-xylyl)-DL-alaninate",CJPQIRJHIZUAQP-UHFFFAOYSA-N,fungicides (acylalanine),COC(=O)C(C)N(C(=O)Cc1ccccc1)c2c(C)cccc2C,0.7912239689842983,False,False,False,12,9,True
benalaxyl-m,98243-83-5,"methyl N-(2,6-dimethylphenyl)-N-(phenylacetyl)-D-alaninate1979 Rules:methyl N-(phenylacetyl)-N-(2,6-xylyl)-D-alaninate",CJPQIRJHIZUAQP-MRXNPFEDSA-N,fungicides (acylalanine),CC1=C(C(=CC=C1)C)N([C@H](C)C(=O)OC)C(=O)CC2=CC=CC=C2,0.7912239689842984,False,False,False,12,9,True
benazolin,3813-05-6,"(4-chloro-2,3-dihydro-2-oxo-1,3-benzothiazol-3-yl)acetic acid",HYJSGOXICXYZGS-UHFFFAOYSA-N,herbicides (unclassified),OC(=O)CN1C(=O)Sc2cccc(Cl)c12,0.8750780673039726,False,False,False,854,1,True
bencarbazone,173980-17-1,"2-[(ethylsulfonyl)amino]-5-fluoro-4-[4-methyl-5-oxo-3-(trifluoromethyl)-4,5-dihydro-1H-1,2,4-triazol-1-yl]benzenecarbothioamide1979 Rules:4-[4,5-dihydro-4-methyl-5-oxo-3-(trifluoromethyl)-1H-1,2,4-triazol-1-yl]-2-(ethanesulfonamido)-5-fluorobenzenecarbothioamide",LVKBXDHACCFCTA-UHFFFAOYSA-N,herbicides (N-phenyltriazolinone),CCS(=O)(=O)NC1=CC(=C(C=C1C(=S)N)F)N2C(=O)N(C(=N2)C(F)(F)F)C,0.5465411141098586,False,False,False,853,1,True
benclothiaz,89583-90-4,"7-chloro-1,2-benzisothiazole",VSVKOUBCDZYAQY-UHFFFAOYSA-N,nematicides (unclassified),C1=CC2=C(C(=C1)Cl)SN=C2,0.5911159685433133,False,False,False,852,1,True
derivatives/fenridazon-propyl,78778-15-1,"propyl 1-(4-chlorophenyl)-1,4-dihydro-6-methyl-4-oxopyridazine-3-carboxylate",BOZVKAPSLFONQI-UHFFFAOYSA-N,plant growth regulators (gametocide),CCCOC(=O)C1=NN(C(=CC1=O)C)C2=CC=C(C=C2)Cl,0.8149249195505954,False,False,False,277,2,True
bendiocarb,22781-23-3,"2,2-dimethyl-1,3-benzodioxol-4-yl methylcarbamate",XEGGRYVFLWGFHI-UHFFFAOYSA-N,insecticides (carbamate),CNC(=O)Oc1cccc2OC(C)(C)Oc12,0.789694650935288,False,False,False,851,1,True
bentazone,25057-89-0,"3-isopropyl-1H-2,1,3-benzothiadiazin-4(3H)-one 2,2-dioxide",ZOMSMJKLGFBRBS-UHFFFAOYSA-N,herbicides (benzothiadiazinone),CC(C)N1C(=O)c2ccccc2N[S]1(=O)=O,0.801888909142625,False,False,False,147,3,True
benfluralin,1861-40-1,"N-butyl-N-ethyl-2,6-dinitro-4-(trifluoromethyl)aniline1979 Rules:N-butyl-N-ethyl-Î±,Î±,Î±-trifluoro-2,6-dinitro-p-toluidine",SMDHCQAYESWHAE-UHFFFAOYSA-N,herbicides (dinitroaniline),CCCCN(CC)c1c(cc(cc1[N+]([O-])=O)C(F)(F)F)[N+]([O-])=O,0.5514127435955851,False,False,False,19,7,True
benfluralin,1861-40-1,"N-butyl-N-ethyl-2,6-dinitro-4-(trifluoromethyl)aniline1979 Rules:N-butyl-N-ethyl-Î±,Î±,Î±-trifluoro-2,6-dinitro-p-toluidine",SMDHCQAYESWHAE-UHFFFAOYSA-N,herbicides (dinitroaniline),CCCCN(CC)c1c(cc(cc1[N+]([O-])=O)C(F)(F)F)[N+]([O-])=O,0.5514127435955851,False,False,False,19,7,True
benfuresate,68505-69-1,"2,3-dihydro-3,3-dimethylbenzofuran-5-yl ethanesulfonate",QGQSRQPXXMTJCM-UHFFFAOYSA-N,herbicides (benzofuran),CC[S](=O)(=O)Oc1ccc2OCC(C)(C)c2c1,0.7769689218864742,False,False,False,850,1,True
saflufenacil,372137-35-4,"2-chloro-4-fluoro-N-[isopropyl(methyl)sulfamoyl]-5-[3-methyl-2,6-dioxo-4-(trifluoromethyl)-3,6-dihydropyrimidin-1(2H)-yl]benzamide1979 Rules:Nâ²-{2-chloro-5-[3,6-dihydro-3-methyl-2,6-dioxo-4-(trifluoromethyl)pyrimidin-1(2H)-yl]-4-fluorobenzoyl}-N-isopropyl-N-methylsulfamide",GNHDVXLWBQYPJE-UHFFFAOYSA-N,herbicides (N-phenylimide),CC(C)N(C)S(=O)(=O)NC(=O)C1=CC(=C(C=C1Cl)F)N2C(=O)C=C(N(C2=O)C)C(F)(F)F,0.6278512744739176,False,False,False,182,2,True
benomyl,17804-35-2,methyl [1-(butylcarbamoyl)-1H-benzimidazol-2-yl]carbamate,RIOXQFHNBCKOKP-UHFFFAOYSA-N,acaricides (benzimidazole)fungicides (benzimidazole)nematicides (benzimidazole),CCCCNC(=O)n1c(NC(=O)OC)nc2ccccc12,0.847401444528972,False,False,False,120,3,True
benoxacor,98730-04-2,"(RS)-4-(dichloroacetyl)-3,4-dihydro-3-methyl-2H-1,4-benzoxazine",PFJJMJDEVDLPNE-UHFFFAOYSA-N,herbicide safeners,CC1COc2ccccc2N1C(=O)C(Cl)Cl,0.7261970421438204,False,False,False,849,1,True
benoxafos,16759-59-4,"S-[(5,7-dichloro-1,3-benzoxazol-2-yl)methyl] O,O-diethyl phosphorodithioate",KEZAYQGUTKCBLO-UHFFFAOYSA-N,acaricides (arylalkyl organothiophosphate),CCO[P](=S)(OCC)SCc1oc2c(Cl)cc(Cl)cc2n1,0.5719786619270739,False,False,False,848,1,True
benquinox,495-73-8,"Nâ²-[(1EZ,4EZ)-4-(hydroxyimino)cyclohexa-2,5-dienylidene]benzohydrazide",MQIVNMHALJNFMG-UHFFFAOYSA-N,fungicides (hydrazide),O=Nc1ccc(NNC(=O)c2ccccc2)cc1,0.6383087435799628,False,False,False,314,2,True
bensulfuron,99283-01-9,"2-({[(4,6-dimethoxypyrimidin-2-yl)carbamoyl]sulfamoyl}methyl)benzoic acid1979 Rules:Î±-{[(4,6-dimethoxypyrimidin-2-yl)carbamoyl]sulfamoyl}-o-toluic acid",PPWBRCCBKOWDNB-UHFFFAOYSA-N,herbicides (pyrimidinylsulfonylurea),COc1cc(OC)nc(NC(=O)N[S](=O)(=O)Cc2ccccc2C(O)=O)n1,0.616694096987699,False,False,False,847,1,True
bensultap,17606-31-4,"S,Sâ²-[2-(dimethylamino)trimethylene] di(benzenethiosulfonate)",YFXPPSKYMBTNAV-UHFFFAOYSA-N,insecticides (nereistoxin analogue),CN(C)C(CS[S](=O)(=O)c1ccccc1)CS[S](=O)(=O)c2ccccc2,0.5648211745990762,False,False,False,846,1,True
bentaluron,28956-64-1,"1-(1,3-benzothiazol-2-yl)-3-isopropylurea",NCJRWSQYSLEKEI-UHFFFAOYSA-N,fungicides (benzothiazole),CC(C)NC(=O)NC1=NC2=CC=CC=C2S1,0.8405765304098973,False,False,False,319,2,True
bentazone,25057-89-0,"3-isopropyl-1H-2,1,3-benzothiadiazin-4(3H)-one 2,2-dioxide",ZOMSMJKLGFBRBS-UHFFFAOYSA-N,herbicides (benzothiadiazinone),CC(C)N1C(=O)c2ccccc2N[S]1(=O)=O,0.801888909142625,False,False,False,147,3,True
bentazone,25057-89-0,"3-isopropyl-1H-2,1,3-benzothiadiazin-4(3H)-one 2,2-dioxide",ZOMSMJKLGFBRBS-UHFFFAOYSA-N,herbicides (benzothiadiazinone),CC(C)N1C(=O)c2ccccc2N[S]1(=O)=O,0.801888909142625,False,False,False,147,3,True
benthiavalicarb,413615-35-7,"[(1S)-1-{[(1R)-1-(6-fluoro-1,3-benzothiazol-2-yl)ethyl]carbamoyl}-2-methylpropyl]carbamic acid",VVSLYIKSEBPRSN-PELKAZGASA-N,fungicides (valinamidecarbamate),C[C@H](C1=NC2=C(S1)C=C(C=C2)F)NC(=O)[C@H](C(C)C)NC(=O)O,0.7809514585700706,False,False,False,845,1,True
thiobencarb,28249-77-6,S-(4-chlorobenzyl) diethylcarbamothioate1979 Rules:S-(4-chlorobenzyl) diethyl(thiocarbamate),QHTQREMOGMZHJV-UHFFFAOYSA-N,herbicides (thiocarbamate),CCN(CC)C(=O)SCc1ccc(Cl)cc1,0.8115948113549161,False,False,False,91,3,True
bentranil,1022-46-4,"2-phenyl-4H-3,1-benzoxazin-4-one",HTTLBYITFHMYFK-UHFFFAOYSA-N,herbicides (unclassified),O=C1OC(=Nc2ccccc12)c3ccccc3,0.6366868965309487,False,False,False,844,1,True
benzadox,5251-93-4,(benzamidooxy)acetic acid,WDRGQGLIUAMOOC-UHFFFAOYSA-N,herbicides (unclassified),OC(=O)CONC(=O)c1ccccc1,0.6830152995629688,False,False,False,843,1,True
benzamacril,127087-86-9,(2EZ)-3-[benzyl(methyl)amino]-2-cyanoprop-2-enoic acid1979 Rules:(EZ)-3-[benzyl(methyl)amino]-2-cyanoacrylic acid,LCOWUMNPNWEMAZ-UHFFFAOYSA-N,fungicides (aminocyanoacrylate),CN(CC1=CC=CC=C1)C=C(C#N)C(=O)O,0.6130872156803205,False,False,False,842,1,True
hch,608-73-1,"1,2,3,4,5,6-hexachlorocyclohexane",JLYXXMFPNIAWKQ-UHFFFAOYSA-N,insecticides (organochlorine),ClC1C(Cl)C(Cl)C(Cl)C(Cl)C1Cl,0.5976039421761683,False,False,False,10,10,True
hexamide,3653-39-2,azepan-1-yl phenyl ketone1979 Rules:perhydroazepin-1-yl phenyl ketone,KZLCCMBSJDXNDG-UHFFFAOYSA-N,insect repellents,O=C(N1CCCCCC1)c2ccccc2,0.6868772360931699,False,False,False,255,2,True
benzipram,35256-86-1,"N-benzyl-N-isopropyl-3,5-dimethylbenzamide",FVLVBVSILSHUAF-UHFFFAOYSA-N,herbicides (benzamide),CC1=CC(=CC(=C1)C(=O)N(CC2=CC=CC=C2)C(C)C)C,0.8153592999081342,False,False,False,841,1,True
endosulfan,115-29-7,"1,4,5,6,7,7-hexachloro-8,9,10-trinorborn-5-en-2,3-ylenebismethylene sulfiteor6,7,8,9,10,10-hexachloro-1,5,5a,6,9,9a-hexahydro-6,9-methano-2,4,3-benzodioxathiepin 3-oxide",RDYMFSUJUZBWLH-UHFFFAOYSA-N,acaricides (chlorinated cyclodiene)insecticides (chlorinated cyclodiene),ClC1=C(Cl)C2(Cl)C3CO[S](=O)OCC3C1(Cl)C2(Cl)Cl,0.5754087086057358,False,False,False,43,5,True
benzofenap,82692-44-2,"2-{[4-(2,4-dichloro-3-methylbenzoyl)-1,3-dimethyl-1H-pyrazol-5-yl]oxy}-1-(4-methylphenyl)ethanone1979 Rules:2-{[4-(2,4-dichloro-m-toluoyl)-1,3-dimethyl-1H-pyrazol-5-yl]oxy}-4â²-methylacetophenone",JDWQITFHZOBBFE-UHFFFAOYSA-N,herbicides (benzoylpyrazole),Cn1nc(C)c(C(=O)c2ccc(Cl)c(C)c2Cl)c1OCC(=O)c3ccc(C)cc3,0.5071068027958228,False,False,False,193,2,True
benzofluor,68672-17-3,4â²-(ethylthio)-2â²-(trifluoromethyl)methanesulfonanilide,IDFXUDGCYIGBDC-UHFFFAOYSA-N,herbicides (sulfonanilide)plant growth regulators (growth inhibitor),CCSc1ccc(N[S](C)(=O)=O)c(c1)C(F)(F)F,0.868544107841697,False,False,False,840,1,True
benzoximate,29104-30-1,"benzoic (EZ)-3-chloro-N-ethoxy-2,6-dimethoxybenzenecarboximidic anhydride",BZMIHNKNQJJVRO-UHFFFAOYSA-N,acaricides (unclassified),CCN(OC(=O)c1ccccc1)C(=O)c2c(OC)ccc(Cl)c2OC,0.7593848599693446,False,False,False,320,2,True
phosalone,2310-17-0,"S-[(6-chloro-2,3-dihydro-2-oxo-1,3-benzoxazol-3-yl)methyl] O,O-diethyl phosphorodithioate",IOUNQDKNJZEDEP-UHFFFAOYSA-N,acaricides (arylalkyl organothiophosphate)insecticides (arylalkyl organothiophosphate),CCO[P](=S)(OCC)SCN1C(=O)Oc2cc(Cl)ccc12,0.6822621139060051,False,False,False,199,2,True
derivatives/acibenzolar-s-methyl,135158-54-2,"S-methyl benzo[1,2,3]thiadiazole-7-carbothioate",UELITFHSCLAHKR-UHFFFAOYSA-N,fungicides (benzothiadiazole)plant activators,CSC(=O)c1cccc2nnsc12,0.7233128815187002,False,False,False,146,3,True
benzovindiflupyr,1072957-71-1,"N-[(1RS,4SR)-9-(dichloromethylene)-1,2,3,4-tetrahydro-1,4-methanonaphthalen-5-yl]-3-(difluoromethyl)-1-methyl-1H-pyrazole-4-carboxamide",CCCGEKHKTPTUHJ-UHFFFAOYSA-N,fungicides (pyrazolecarboxamide),CN1C=C(C(=N1)C(F)F)C(=O)NC2=CC=CC3=C2C4CCC3C4=C(Cl)Cl,0.7655378195114169,False,False,False,97,3,True
benzoximate,29104-30-1,"benzoic (EZ)-3-chloro-N-ethoxy-2,6-dimethoxybenzenecarboximidic anhydride",BZMIHNKNQJJVRO-UHFFFAOYSA-N,acaricides (unclassified),CCN(OC(=O)c1ccccc1)C(=O)c2c(OC)ccc(Cl)c2OC,0.7593848599693446,False,False,False,320,2,True
benzoylprop,22212-56-2,"N-benzoyl-N-(3,4-dichlorophenyl)-DL-alanine",WZZRJCUYSKKFHO-UHFFFAOYSA-N,herbicides (arylaminopropionic acid),CC(N(c1ccc(Cl)c(Cl)c1)C(=O)c2ccccc2)C(O)=O,0.91255094183387,False,False,False,128,3,True
benzpyrimoxan,1449021-97-9,"5-(1,3-dioxan-2-yl)pyrimidin-4-yl 4-(trifluoromethyl)benzyl ether",ZYXYTGQFPZEUFX-UHFFFAOYSA-N,insecticides (unclassified),C1COC(OC1)C2=CN=CN=C2OCC3=CC=C(C=C3)C(F)(F)F,0.8524708413754545,False,False,False,839,1,True
benzthiazuron,1929-88-0,"1-(1,3-benzothiazol-2-yl)-3-methylurea",DTCJYIIKPVRVDD-UHFFFAOYSA-N,herbicides (urea),CNC(=O)Nc1sc2ccccc2n1,0.75151927657466,False,False,False,319,2,True
benzyladenine,1214-39-7,N-benzyl-7H-purin-6-amine1979 Rules:N-benzyladenine,NWBJYWHLCVSVIJ-UHFFFAOYSA-N,plant growth regulators (cytokinin),C(Nc1ncnc2nc[nH]c12)c3ccccc3,0.7147392861192282,False,False,False,240,2,True
benzyl%20benzoate,120-51-4,benzyl benzoate,SESFRYSPDFLNCH-UHFFFAOYSA-N,acaricides (benzoic acid),O=C(OCc1ccccc1)c2ccccc2,0.7307975714616393,False,False,False,838,1,True
berberine,2086-83-1,"9,10-dimethoxy-5,6-dihydro[1,3]dioxolo[4,5-g]isoquino[3,2-a]isoquinolin-7-ium",YBHILYKTIRIUTE-UHFFFAOYSA-N,fungicides (alkaloid),COc1ccc2cc3c4cc5OCOc5cc4CC[n+]3cc2c1OC,0.6744905567941374,False,False,False,837,1,True
bethoxazin,163269-30-5,"3-benzo[b]thien-2-yl-5,6-dihydro-1,4,2-oxathiazine 4-oxide",NRAYWXLNSHEHQO-UHFFFAOYSA-N,algicidesfungicides (unclassified),C1CS(=O)C(=NO1)C2=CC3=CC=CC=C3S2,0.7800077030907692,False,False,False,836,1,True
hch,608-73-1,"1,2,3,4,5,6-hexachlorocyclohexane",JLYXXMFPNIAWKQ-UHFFFAOYSA-N,insecticides (organochlorine),ClC1C(Cl)C(Cl)C(Cl)C(Cl)C1Cl,0.5976039421761683,False,False,False,10,10,True
gamma-hch,58-89-9,"1Î±,2Î±,3Î²,4Î±,5Î±,6Î²-hexachlorocyclohexane",JLYXXMFPNIAWKQ-GNIYUCBRSA-N,acaricides (organochlorine)insecticides (organochlorine),ClC1C(Cl)C(Cl)C(Cl)C(Cl)C1Cl,0.5976039421761683,False,False,False,10,10,True
bifenazate,149877-41-8,isopropyl 3-(4-methoxybiphenyl-3-yl)carbazateorisopropyl [2-(4-methoxybiphenyl-3-yl)hydrazino]formate,VHLKTXFWDRXILV-UHFFFAOYSA-N,acaricides (hydrazide),COc1ccc(cc1NNC(=O)OC(C)C)c2ccccc2,0.8240465869144333,False,False,False,239,2,True
bifenthrin,82657-04-3,"(2-methylbiphenyl-3-yl)methyl (1RS,3RS)-3-[(Z)-2-chloro-3,3,3-trifluoroprop-1-enyl]-2,2-dimethylcyclopropanecarboxylateRothamsted-style stereodescriptors:(2-methylbiphenyl)-3-ylmethyl (1RS)-cis-3-[(Z)-2-chloro-3,3,3-trifluoroprop-1-enyl]-2,2-dimethylcyclopropanecarboxylate",OXCDWLBJSLVWHB-LKRLXIKPSA-Nidentifier for no stereochemistry:OMFRMAHOUUJSGP-UHFFFAOYSA-N,acaricides (pyrethroid)insecticides (pyrethroid),Cc1c(COC(=O)C2C(\C=C(/Cl)C(F)(F)F)C2(C)C)cccc1c3ccccc3,0.5032490235011318,False,False,False,122,3,True
kappa-bifenthrin,439680-76-9,"(2-methylbiphenyl-3-yl)methyl (1R,3R)-3-[(Z)-2-chloro-3,3,3-trifluoroprop-1-enyl]-2,2-dimethylcyclopropanecarboxylateRothamsted-style stereodescriptors:(2-methylbiphenyl-3-yl)methyl (1R)-cis-3-[(Z)-2-chloro-3,3,3-trifluoroprop-1-enyl]-2,2-dimethylcyclopropanecarboxylate",OMFRMAHOUUJSGP-IRHGGOMRSA-N,insecticides (pyrethroid),CC1=C(C=CC=C1C2=CC=CC=C2)COC(=O)[C@@H]3[C@@H](C3(C)C)/C=C(/C(F)(F)F)\Cl,0.5032490235011318,False,False,False,122,3,True
propiconazole,60207-90-1,"(2RS,4RS;2RS,4SR)-1-{[2-(2,4-dichlorophenyl)-4-propyl-1,3-dioxolan-2-yl]methyl}-1H-1,2,4-triazole",STJLVHWMYQXCPB-UHFFFAOYSA-N,fungicides (triazole),CCCC1COC(Cn2cncn2)(O1)c3ccc(Cl)cc3Cl,0.8322004475531347,False,False,False,45,5,True
bioallethrin,260359-57-7,"(1RS)-3-allyl-2-methyl-4-oxocyclopent-2-enyl (1R,3R)-2,2-dimethyl-3-(2-methylprop-1-enyl)cyclopropanecarboxylateRothamsted-style stereodescriptors:(1RS)-3-allyl-2-methyl-4-oxocyclopent-2-enyl (1R)-trans-2,2-dimethyl-3-(2-methylprop-1-enyl)cyclopropanecarboxylatepre-1969 name:(Â±)-3-allyl-2-methyl-4-oxocyclopent-2-enyl (+)-trans-chrysanthemate",ZCVAOQKBXKSDMS-AQYZNVCMSA-N,insecticides (pyrethroid),CC1=C(C(=O)CC1OC(=O)[C@@H]2[C@H](C2(C)C)C=C(C)C)CC=C,0.5692267993614908,False,False,False,0,17,True
esdepallethrine,28434-00-6,"(S)-3-allyl-2-methyl-4-oxocyclopent-2-enyl (1R,3R)-2,2-dimethyl-3-(2-methylprop-1-enyl)cyclopropanecarboxylateRothamsted-style stereodescriptors:(S)-3-allyl-2-methyl-4-oxocyclopent-2-enyl (1R)-trans-2,2-dimethyl-3-(2-methylprop-1-enyl)cyclopropanecarboxylate",ZCVAOQKBXKSDMS-PVAVHDDUSA-N,insecticides (pyrethroid),CC(C)=CC1C(C(=O)OC2CC(=O)C(=C2C)CC=C)C1(C)C,0.5692267993614909,False,False,False,0,17,True
biopermethrin,51877-74-8,"3-phenoxybenzyl (1R,3S)-3-(2,2-dichlorovinyl)-2,2-dimethylcyclopropanecarboxylateRothamsted-style stereodescriptors:3-phenoxybenzyl (1R)-trans-3-(2,2-dichlorovinyl)-2,2-dimethylcyclopropanecarboxylate",RLLPVAHGXHCWKJ-MJGOQNOKSA-N,insecticides (pyrethroid),CC1(C)[C@@H](C=C(Cl)Cl)[C@@H]1C(=O)OCc2cccc(Oc3ccccc3)c2,0.5573177512168599,False,False,False,86,3,True
bioresmethrin,28434-01-7,"(5-benzyl-3-furyl)methyl (1R,3R)-2,2-dimethyl-3-(2-methylprop-1-enyl)cyclopropanecarboxylateRothamsted-style stereodescriptors:(5-benzyl-3-furyl)methyl (1R)-trans-2,2-dimethyl-3-(2-methylprop-1-enyl)cyclopropanecarboxylatepre-1969 name:(5-benzyl-3-furyl)methyl (+)-trans-chrysanthemate",VEMKTZHHVJILDY-UXHICEINSA-N,insecticides (pyrethroid),CC(C)=CC1C(C(=O)OCc2coc(Cc3ccccc3)c2)C1(C)C,0.5398350143033008,False,False,False,11,9,True
biphenyl,92-52-4,biphenyl,ZUOUZKKEUPVFJK-UHFFFAOYSA-N,fungicides (aromatic),c1ccc(cc1)c2ccccc2,0.5905018880213778,False,False,False,835,1,True
bismerthiazol,79319-85-0,"5,5â²-(methylenediimino)bis(1,3,4-thiadiazole-2-thiol)",RSNWORHVUOZYLT-UHFFFAOYSA-N,bactericides,S=C1NN=C(NCNC2=NNC(=S)S2)S1,0.5069198630716456,False,False,False,834,1,True
bispyribac,125401-75-4,"2,6-bis[(4,6-dimethoxypyrimidin-2-yl)oxy]benzoic acid",RYVIXQCRCQLFCM-UHFFFAOYSA-N,herbicides (pyrimidinyl benzoate),COC1=CC(=NC(=N1)OC2=C(C(=CC=C2)OC3=NC(=CC(=N3)OC)OC)C(=O)O)OC,0.5323698519735326,False,False,False,189,2,True
bistrifluron,201593-84-2,"N-{[2-chloro-3,5-bis(trifluoromethyl)phenyl]carbamoyl}-2,6-difluorobenzamide1979 Rules:1-(2-chloro-Î±,Î±,Î±,Î±â²,Î±â²,Î±â²-hexafluoro-3,5-xylyl)-3-(2,6-difluorobenzoyl)urea",YNKFZRGTXAPYFD-UHFFFAOYSA-N,insecticides (benzoylurea),C1=CC(=C(C(=C1)F)C(=O)NC(=O)NC2=CC(=CC(=C2Cl)C(F)(F)F)C(F)(F)F)F,0.5885102067007789,False,False,False,833,1,True
bitertanol,55179-31-2,"(1RS,2RS;1RS,2SR)-1-(biphenyl-4-yloxy)-3,3-dimethyl-1-(1H-1,2,4-triazol-1-yl)butan-2-ol (20:80 ratio of (1RS,2RS)- and (1RS,2SR)-isomers)",VGPIBGGRCVEHQZ-UHFFFAOYSA-N,fungicides (triazole),CC(C)(C)C(O)C(Oc1ccc(cc1)c2ccccc2)n3cncn3,0.7661769147957258,False,False,False,85,3,True
bithionol,97-18-7,"2,2â²-thiobis(4,6-dichlorophenol)",JFIOVJDNOJYLKP-UHFFFAOYSA-N,fungicides (phenol),Oc1c(Cl)cc(Cl)cc1Sc2cc(Cl)cc(Cl)c2O,0.7079213197705984,False,False,False,832,1,True
bixafen,581809-46-3,"N-(3â²,4â²-dichloro-5-fluorobiphenyl-2-yl)-3-(difluoromethyl)-1-methyl-1H-pyrazole-4-carboxamide1979 Rules:2â²-(3,4-dichlorophenyl)-3-(difluoromethyl)-4â²-fluoro-1-methyl-1H-pyrazole-4-carboxanilide",LDLMOOXUCMHBMZ-UHFFFAOYSA-N,fungicides (pyrazolecarboxamide),CN1C=C(C(=N1)C(F)F)C(=O)NC2=C(C=C(C=C2)F)C3=CC(=C(C=C3)Cl)Cl,0.5935499671493837,False,False,False,831,1,True
bixlozone,81777-95-9,"2-(2,4-dichlorobenzyl)-4,4-dimethylisoxazolidin-3-one",FHUKASKVKWSLCY-UHFFFAOYSA-N,herbicides (isoxazolidinone),CC1(CON(C1=O)CC2=C(C=C(C=C2)Cl)Cl)C,0.8277377591295736,False,False,False,140,3,True
boscalid,188425-85-6,2-chloro-N-(4â²-chlorobiphenyl-2-yl)pyridine-3-carboxamide1979 Rules:2-chloro-2â²-(4-chlorophenyl)nicotinanilide,WYEMLYFITZORAB-UHFFFAOYSA-N,fungicides (pyridinecarboxamide),Clc1ccc(cc1)c2ccccc2NC(=O)c3cccnc3Cl,0.6551915267194443,False,False,False,222,2,True
bpcms,54091-06-4,4-bromophenyl chloromethyl sulfone,AHXUVTKVCMOKIX-UHFFFAOYSA-N,herbicide safeners,ClC[S](=O)(=O)c1ccc(Br)cc1,0.7728483054174935,False,False,False,830,1,True
fenobucarb,3766-81-2,2-[(1RS)-1-methylpropyl]phenyl methylcarbamate1979 Rules:(RS)-2-sec-butylphenyl methylcarbamate,DIRFUJHNVNOBMY-UHFFFAOYSA-N,insecticides (phenyl carbamate),CCC(C)c1ccccc1OC(=O)NC,0.8271598708363036,False,False,False,25,7,True
propargite,2312-35-8,"(1RS,2RS;1RS,2SR)-2-(4-tert-butylphenoxy)cyclohexyl prop-2-ynyl sulfitepre-1969 name:(Â±)-2-(4-tert-butylphenoxy)cyclohexyl propargyl sulfite",ZYHMJXZULPZUED-UHFFFAOYSA-N,acaricides (sulfite ester),CC(C)(C)c1ccc(OC2CCCCC2O[S](=O)OCC#C)cc1,0.7296174676485264,False,False,False,195,2,True
brevicomin,20290-99-7,"(1R)-exo-7-ethyl-5-methyl-6,8-dioxabicyclo[3.2.1]octane",YONXEBYXWVCXIV-HLTSFMKQSA-N,insect attractants (Coleopteran),CCC1OC2(C)CCCC1O2,0.5783684756486015,False,False,False,829,1,True
broclozone,2766607-82-1,"2-(2-bromo-4-chlorobenzyl)-4,4-dimethylisoxazolidin-3-one",QYTLRSSSVHIPGB-UHFFFAOYSA-N,herbicides (isoxazolidinone),CC1(CON(C1=O)CC2=C(C=C(C=C2)Cl)Br)C,0.836179136138694,False,False,False,140,3,True
bromacil,314-40-9,"5-bromo-6-methyl-3-[(1RS)-1-methylpropyl]pyrimidine-2,4(1H,3H)-dione1979 Rules:(RS)-5-bromo-3-sec-butyl-6-methylpyrimidine-2,4(1H,3H)-dionepre-1969 name:(Â±)-5-bromo-3-sec-butyl-6-methyluracil",CTSLUCNDVMMDHG-UHFFFAOYSA-N,herbicides (uracil),CCC(C)N1C(=O)NC(=C(Br)C1=O)C,0.878196139458967,False,False,False,124,3,True
bromethrin,42789-03-7,"(5-benzyl-3-furyl)methyl (1RS,3RS;1RS,3SR)-3-(2,2-dibromovinyl)-2,2-dimethylcyclopropanecarboxylate",AEMCQEISPZGGFJ-UHFFFAOYSA-N,insecticides (pyrethroid),CC1(C)C(C=C(Br)Br)C1C(=O)OCc2coc(Cc3ccccc3)c2,0.5023601053535107,False,False,False,11,9,True
bromobonil,25671-46-9,"2,6-dibromo-4-cyanophenyl (tetrahydro-2-furanyl)methyl carbonate1979 Rules:2,6-dibromo-4-cyanophenyl tetrahydrofurfuryl carbonate",ZBCPHFKSIUPISV-UHFFFAOYSA-N,herbicides (hydroxybenzonitrile),C1CC(OC1)COC(=O)OC2=C(C=C(C=C2Br)C#N)Br,0.5659652955032014,False,False,False,828,1,True
bromobutide,74712-19-9,"(RS)-2-bromo-3,3-dimethyl-N-(1-methyl-1-phenylethyl)butyramide",WZDDLAZXUYIVMU-UHFFFAOYSA-N,herbicides (unclassified),CC(C)(C)C(Br)C(=O)NC(C)(C)c1ccccc1,0.8440868990357792,False,False,False,827,1,True
bromocyclen,1715-40-8,"5-(bromomethyl)-1,2,3,4,7,7-hexachlorobicyclo[2.2.1]hept-2-ene",DAASOABUJRMZAD-UHFFFAOYSA-N,acaricides (chlorinated cyclodiene)insecticides (chlorinated cyclodiene),ClC1=C(Cl)C2(Cl)C(CBr)CC1(Cl)C2(Cl)Cl,0.534882751501934,False,False,False,318,2,True
bromocyclen,1715-40-8,"5-(bromomethyl)-1,2,3,4,7,7-hexachlorobicyclo[2.2.1]hept-2-ene",DAASOABUJRMZAD-UHFFFAOYSA-N,acaricides (chlorinated cyclodiene)insecticides (chlorinated cyclodiene),ClC1=C(Cl)C2(Cl)C(CBr)CC1(Cl)C2(Cl)Cl,0.534882751501934,False,False,False,318,2,True
bromofenoxim,13181-17-4,"3,5-dibromo-4-hydroxybenzaldehyde (2,4-dinitrophenyl)oxime",XTFNPKDYCLFGPV-UHFFFAOYSA-N,herbicides (hydroxybenzonitrile; dinitrophenol),[O-][N+](=O)c1ccc(ONC=C2C=C(Br)C(=O)C(=C2)Br)c(c1)[N+]([O-])=O,0.5266571338910843,False,False,False,826,1,True
bromophos,2104-96-3,"O-(4-bromo-2,5-dichlorophenyl) O,O-dimethyl phosphorothioate",NYQDCVLCJXRDSK-UHFFFAOYSA-N,acaricides (phenyl organothiophosphate)insecticides (phenyl organothiophosphate),CO[P](=S)(OC)Oc1cc(Cl)c(Br)cc1Cl,0.5728930020398473,False,False,False,53,2,True
bromophos,2104-96-3,"O-(4-bromo-2,5-dichlorophenyl) O,O-dimethyl phosphorothioate",NYQDCVLCJXRDSK-UHFFFAOYSA-N,acaricides (phenyl organothiophosphate)insecticides (phenyl organothiophosphate),CO[P](=S)(OC)Oc1cc(Cl)c(Br)cc1Cl,0.5728930020398473,False,False,False,53,2,True
bromopropylate,18181-80-1,"isopropyl 4,4â²-dibromobenzilate",FOANIXZHAMJWOI-UHFFFAOYSA-N,acaricides (diphenylcarbinol),CC(C)OC(=O)C(O)(c1ccc(Br)cc1)c2ccc(Br)cc2,0.7352272222320769,False,False,False,142,3,True
bromothalonil,35691-65-7,(2RS)-2-bromo-2-(bromomethyl)glutaronitrile,DHVLDKHFGIVEIP-UHFFFAOYSA-N,fungicides (unclassified),BrCC(Br)(CCC#N)C#N,0.7357722239015582,False,False,False,825,1,True
bromoxynil,1689-84-5,"3,5-dibromo-4-hydroxybenzonitrile",UPMXNNIRAGDFEH-UHFFFAOYSA-N,herbicides (hydroxybenzonitrile),Oc1c(Br)cc(cc1Br)C#N,0.7919221876452162,False,False,False,824,1,True
brompyrazon,3042-84-0,5-amino-4-bromo-2-phenylpyridazin-3(2H)-one,ODNZLRLWXRXPOH-UHFFFAOYSA-N,herbicides (pyridazinone),NC1=C(Br)C(=O)N(N=C1)c2ccccc2,0.8518878759372245,False,False,False,44,5,True
brompyrazon,3042-84-0,5-amino-4-bromo-2-phenylpyridazin-3(2H)-one,ODNZLRLWXRXPOH-UHFFFAOYSA-N,herbicides (pyridazinone),NC1=C(Br)C(=O)N(N=C1)c2ccccc2,0.8518878759372245,False,False,False,44,5,True
bromuconazole,116255-48-2,"1-{[(2RS,4RS;2RS,4SR)-4-bromo-2-(2,4-dichlorophenyl)tetrahydro-2-furanyl]methyl}-1H-1,2,4-triazole1979 Rules:1-[(2RS,4RS;2RS,4SR)-4-bromo-2-(2,4-dichlorophenyl)tetrahydrofurfuryl]-1H-1,2,4-triazole",HJJVPARKXDDIQD-UHFFFAOYSA-N,fungicides (triazole),Clc1ccc(c(Cl)c1)C2(CC(Br)CO2)Cn3cncn3,0.7670718047940195,False,False,False,317,1,True
derivatives/acibenzolar-s-methyl,135158-54-2,"S-methyl benzo[1,2,3]thiadiazole-7-carbothioate",UELITFHSCLAHKR-UHFFFAOYSA-N,fungicides (benzothiadiazole)plant activators,CSC(=O)c1cccc2nnsc12,0.7233128815187002,False,False,False,146,3,True
bupirimate,41483-43-6,5-butyl-2-(ethylamino)-6-methylpyrimidin-4-yl dimethylsulfamate,DSKJPMWIHSOYEA-UHFFFAOYSA-N,fungicides (aminopyrimidinol),CCCCc1c(C)nc(NCC)nc1O[S](=O)(=O)N(C)C,0.7862419150686588,False,False,False,823,1,True
butacarb,2655-19-8,"3,5-di-tert-butylphenyl methylcarbamate",SLZWBCGZQRRUNG-UHFFFAOYSA-N,insecticides (phenyl carbamate),CNC(=O)Oc1cc(cc(c1)C(C)(C)C)C(C)(C)C,0.8313339856190103,False,False,False,822,1,True
tebutam,35256-85-0,"N-benzyl-N-isopropyl-2,2-dimethylpropanamide1979 Rules:N-benzyl-N-isopropyl-2,2-dimethylpropionamidepre-1969 name:N-benzyl-N-isopropylpivalamide",RJKCKKDSSSRYCB-UHFFFAOYSA-N,herbicides (benzamide),CC(C)N(Cc1ccccc1)C(=O)C(C)(C)C,0.7825094423729642,False,False,False,173,2,True
butathiofos,90338-20-8,"O-(2-tert-butylpyrimidin-5-yl) O,O-diethyl phosphorothioate",YMTQHWMPGDSBOD-UHFFFAOYSA-N,insecticides (aryl organothiophosphate),CCO[P](=S)(OCC)Oc1cnc(nc1)C(C)(C)C,0.7503133214041467,False,False,False,60,4,True
butethrin,28288-05-3,"(EZ)-3-chloro-4-phenylbut-2-enyl (1RS,3RS;1RS,3SR)-2,2-dimethyl-3-(2-methylprop-1-enyl)cyclopropanecarboxylatepre-1969 name:3-chloro-4-phenylbut-2-enyl (Â±)-cis-trans-chrysanthemate",MKFDPPVZZSGKLC-UHFFFAOYSA-N,insecticides (pyrethroid),CC(=CC1C(C1(C)C)C(=O)OCC=C(CC2=CC=CC=C2)Cl)C,0.5326935421695533,False,False,False,821,1,True
buthidazole,55511-98-3,"(4RS)-3-(5-tert-butyl-1,3,4-thiadiazol-2-yl)-4-hydroxy-1-methylimidazolidin-2-one",SWMGXKSQWDSBKV-UHFFFAOYSA-N,herbicides (unclassified),CN1CC(O)N(C1=O)c2sc(nn2)C(C)(C)C,0.8143374719013529,False,False,False,820,1,True
buthiuron,30043-55-1,"1-[5-(butylsulfonyl)-1,3,4-thiadiazol-2-yl]-1,3-dimethylurea",JIGPTDXPKKMNCN-UHFFFAOYSA-N,herbicides (thiadiazolylurea),CCCC[S](=O)(=O)c1sc(nn1)N(C)C(=O)NC,0.8135276569310402,False,False,False,33,6,True
butopyronoxyl,532-34-3,"butyl 3,4-dihydro-2,2-dimethyl-4-oxo-2H-pyran-6-carboxylate",OKIJSNGRQAOIGZ-UHFFFAOYSA-N,insect repellents,CCCCOC(=O)C1=CC(=O)CC(C)(C)O1,0.5430288974134215,False,False,False,819,1,True
butralin,33629-47-9,"(RS)-N-sec-butyl-4-tert-butyl-2,6-dinitroaniline",SPNQRCTZKIBOAX-UHFFFAOYSA-N,herbicides (dinitroaniline)plant growth regulators (growth inhibitors),CCC(C)Nc1c(cc(cc1[N+]([O-])=O)C(C)(C)C)[N+]([O-])=O,0.6532328870611303,False,False,False,818,1,True
triazbutil,16227-10-4,"4-butyl-4H-1,2,4-triazole",ZOMKCDYJHAQMCU-UHFFFAOYSA-N,fungicides (alkyltriazole),CCCCn1cnnc1,0.6047826272419599,False,False,False,163,2,True
buturon,3766-60-7,(RS)-3-(4-chlorophenyl)-1-methyl-1-(1-methylprop-2-ynyl)urea,BYYMILHAKOURNM-UHFFFAOYSA-N,herbicides (phenylurea),CC(C#C)N(C)C(=O)Nc1ccc(Cl)cc1,0.7872679057274545,False,False,False,817,1,True
butylate,2008-41-5,S-ethyl bis(2-methylpropyl)carbamothioate1979 Rules:S-ethyl diisobutyl(thiocarbamate),BMTAFVWTTFSTOG-UHFFFAOYSA-N,herbicides (thiocarbamate),CCSC(=O)N(CC(C)C)CC(C)C,0.7025124377424562,False,False,False,132,2,True
cadusafos,95465-99-9,"O-ethyl S,S-bis[(1RS)-1-methylpropyl] phosphorodithioate1979 Rules:S,S-di-sec-butyl O-ethyl phosphorodithioate",KXRPCFINVWWFHQ-UHFFFAOYSA-N,insecticides (aliphatic organothiophosphate)nematicides (aliphatic organothiophosphate),CCO[P](=O)(SC(C)CC)SC(C)CC,0.5665945879088793,False,False,False,288,2,True
cafenstrole,125306-83-4,"N,N-diethyl-3-(mesitylsulfonyl)-1H-1,2,4-triazole-1-carboxamide",HFEJHAAIJZXXRE-UHFFFAOYSA-N,herbicides (azolylcarboxamide),CCN(CC)C(=O)n1cnc(n1)[S](=O)(=O)c2c(C)cc(C)cc2C,0.8447732816951776,False,False,False,153,2,True
camphor,76-22-2,"(1RS,4RS)-1,7,7-trimethylbicyclo[2.2.1]heptan-2-oneor(Â±)-bornan-2-one",DSSYKIVIOFKYAU-UHFFFAOYSA-N,insect repellents,CC1(C)C2CCC1(C)C(=O)C2,0.520631018455888,False,False,False,138,3,True
d-camphor,464-49-3,"(1R,4R)-1,7,7-trimethylbicyclo[2.2.1]heptan-2-oneor(+)-bornan-2-one",DSSYKIVIOFKYAU-XCBNKYQSSA-N,insect repellents,CC1(C)[C@H]2CC[C@@]1(C)C(=O)C2,0.520631018455888,False,False,False,138,3,True
carbamorph,31848-11-0,morpholin-4-ylmethyl dimethylcarbamodithioate1979 Rules:morpholinomethyl dimethyldithiocarbamate,MPKTWNYCNKUVKZ-UHFFFAOYSA-N,fungicides (dimethyldithiocarbamate),CN(C)C(=S)SCN1CCOCC1,0.6394374610480699,False,False,False,816,1,True
carbanolate,671-04-5,"2-chloro-4,5-dimethylphenyl methylcarbamate1979 Rules:6-chloro-3,4-xylyl methylcarbamate",QRTXZGIQTYDABO-UHFFFAOYSA-N,acaricides (phenyl carbamate)insecticides (phenyl carbamate),CNC(=O)Oc1ccc(C)c(C)c1Cl,0.7791186662489357,False,False,False,815,1,True
carbaryl,63-25-2,1-naphthyl methylcarbamate,CVXBEEMKQHEXEN-UHFFFAOYSA-N,acaricides (carbamate)insecticides (carbamate)plant growth regulators (growth inhibitor),CNC(=O)Oc1cccc2ccccc12,0.7695670306859667,False,False,False,96,3,True
carbaryl,63-25-2,1-naphthyl methylcarbamate,CVXBEEMKQHEXEN-UHFFFAOYSA-N,acaricides (carbamate)insecticides (carbamate)plant growth regulators (growth inhibitor),CNC(=O)Oc1cccc2ccccc12,0.7695670306859667,False,False,False,96,3,True
carbasulam,1773-37-1,methyl {4-[(methoxyformyl)amino]benzenesulfonyl}carbamate1979 Rules:methyl 4-[(methoxycarbonyl)sulfamoyl]carbanilate,ZTFLDKYLDUZSMN-UHFFFAOYSA-N,herbicides (carbamate),COC(=O)Nc1ccc(cc1)[S](=O)(=O)NC(=O)OC,0.8548186395855673,False,False,False,316,2,True
carboxin,5234-68-4,"5,6-dihydro-2-methyl-1,4-oxathiin-3-carboxanilide",GYSSRZJIHXQEHQ-UHFFFAOYSA-N,fungicides (oxathiincarboxamide),CC1=C(SCCO1)C(=O)Nc2ccccc2,0.8559831331205646,False,False,False,315,2,True
carbendazim,10605-21-7,methyl 1H-benzimidazol-2-ylcarbamate,TWFZGCMQGLPBSX-UHFFFAOYSA-N,fungicides (benzimidazole),COC(=O)Nc1[nH]c2ccccc2n1,0.720984649471693,False,False,False,137,3,True
carbendazim,10605-21-7,methyl 1H-benzimidazol-2-ylcarbamate,TWFZGCMQGLPBSX-UHFFFAOYSA-N,fungicides (benzimidazole),COC(=O)Nc1[nH]c2ccccc2n1,0.720984649471693,False,False,False,137,3,True
carbetamide,16118-49-3,(2R)-1-(ethylamino)-1-oxopropan-2-yl phenylcarbamate1979 Rules:(R)-1-(ethylcarbamoyl)ethyl carbanilate,AMRQXHFXNZFDCH-SECBINFHSA-N,herbicides (carbamate),CCNC(=O)[C@H](C)OC(=O)Nc1ccccc1,0.8366206479559343,False,False,False,145,1,True
carbofuran,1563-66-2,"2,3-dihydro-2,2-dimethylbenzofuran-7-yl methylcarbamate",DUEPRVBVGDRKAG-UHFFFAOYSA-N,acaricides (carbamate)insecticides (carbamate)nematicides (carbamate),CNC(=O)Oc1cccc2CC(C)(C)Oc12,0.7897378652008403,False,False,False,814,1,True
carbosulfan,55285-14-8,"2,3-dihydro-2,2-dimethylbenzofuran-7-yl [(dibutylamino)thio]methylcarbamate",JLQUFIHWVLZVTJ-UHFFFAOYSA-N,insecticides (carbamate)nematicides (carbamate),CCCCN(CCCC)SN(C)C(=O)Oc1cccc2CC(C)(C)Oc12,0.5441258405220312,False,False,False,262,2,True
carboxazole,55808-13-4,methyl (5-tert-butylisoxazol-3-yl)carbamate,ZGUYPJJFHYFLBV-UHFFFAOYSA-N,herbicides (carbamate),CC(C)(C)C1=CC(=NO1)NC(=O)OC,0.7504456630258364,False,False,False,49,5,True
carboxide,25991-86-0,di(azepan-1-yl) ketone1979 Rules:bis(perhydroazepin-1-yl) ketone,BZDSNHCMPJUKOY-UHFFFAOYSA-N,insect repellents,O=C(N1CCCCCC1)N2CCCCCC2,0.620382797967738,False,False,False,813,1,True
carboxin,5234-68-4,"5,6-dihydro-2-methyl-1,4-oxathiin-3-carboxanilide",GYSSRZJIHXQEHQ-UHFFFAOYSA-N,fungicides (oxathiincarboxamide),CC1=C(SCCO1)C(=O)Nc2ccccc2,0.8559831331205646,False,False,False,315,2,True
carfentrazone,128621-72-7,"(2RS)-2-chloro-3-{2-chloro-5-[4-(difluoromethyl)-3-methyl-5-oxo-4,5-dihydro-1H-1,2,4-triazol-1-yl]-4-fluorophenyl}propanoic acid1979 Rules:(RS)-2-chloro-3-{2-chloro-5-[4-(difluoromethyl)-4,5-dihydro-3-methyl-5-oxo-1H-1,2,4-triazol-1-yl]-4-fluorophenyl}propionic acid",YHKBGVDUSSWOAB-UHFFFAOYSA-N,herbicides (N-phenyltriazolinone),CC1=NN(C(=O)N1C(F)F)c2cc(CC(Cl)C(O)=O)c(Cl)cc2F,0.804852847120495,False,False,False,812,1,True
carmeconazole,2323565-15-5,"methyl (2RS)-2-[2-chloro-4-(4-chlorophenoxy)phenyl]-2-hydroxy-3-(1H-1,2,4-triazol-1-yl)propanoate",JABCRSAQEYNUAS-UHFFFAOYSA-N,fungicides (triazole),COC(=O)C(CN1C=NC=N1)(C2=C(C=C(C=C2)OC3=CC=C(C=C3)Cl)Cl)O,0.6292996648437407,False,False,False,811,1,True
carpropamid,104030-54-8,"mixture of 95â100% (1RS,3SR)-2,2-dichloro-N-[(R)-1-(4-chlorophenyl)ethyl]-1-ethyl-3-methylcyclopropanecarboxamide and 5â0% (1RS,3SR)-2,2-dichloro-N-[(S)-1-(4-chlorophenyl)ethyl]-1-ethyl-3-methylcyclopropanecarboxamide",RXDMAYSSBPYBFW-UHFFFAOYSA-N,fungicides (cyclopropanecarboxamide),CCC1(C(C)C1(Cl)Cl)C(=O)NC(C)c2ccc(Cl)cc2,0.7918789734124525,False,False,False,810,1,True
cartap,15263-53-3,"S,Sâ²-[2-(dimethylamino)trimethylene] bis(thiocarbamate)",IRUJZVNXZWPBMU-UHFFFAOYSA-N,insecticides (nereistoxin analogue),CN(C)C(CSC(N)=O)CSC(N)=O,0.7281707428987697,False,False,False,809,1,True
carvacrol,499-75-2,5-isopropyl-2-methylphenol,RECUKUPTGUEGMW-UHFFFAOYSA-N,acaricides (botanical)fungicides (botanical)insecticides (botanical)nematicides (botanical),CC(C)c1ccc(C)c(O)c1,0.6522740358347691,False,False,False,808,1,True
carvone,99-49-0,"(RS)-5-isopropenyl-2-methylcyclohex-2-en-1-oneor(RS)-p-mentha-6,8-dien-2-one",ULDHMXUKGWMISQ-UHFFFAOYSA-N,fungicides (botanical)plant growth regulators (unclassified),CC(=C)C1CC=C(C)C(=O)C1,0.5247132375688095,False,False,False,807,1,True
cdea,2315-36-8,"2-chloro-N,N-diethylacetamide",CQQUWTMMFMJEFE-UHFFFAOYSA-N,herbicides (chloroacetamide),CCN(CC)C(=O)CCl,0.5506096468110465,False,False,False,806,1,True
sulfallate,95-06-7,2-chloroallyl diethylcarbamodithioate1979 Rules:2-chloroallyl diethyl(dithiocarbamate),XJCLWVXTCRQIDI-UHFFFAOYSA-N,herbicides (thiocarbamate),CCN(CC)C(=S)SCC(Cl)=C,0.6748250408157072,False,False,False,176,2,True
cepc,587-56-4,2-chloroethyl (3-chlorophenyl)carbamate1979 Rules:2-chloroethyl 3-chlorocarbanilate,GYJQWEIGUGMFMU-UHFFFAOYSA-N,herbicides (carbamate),ClCCOC(=O)Nc1cccc(Cl)c1,0.8155756478697007,False,False,False,52,4,True
benquinox,495-73-8,"Nâ²-[(1EZ,4EZ)-4-(hydroxyimino)cyclohexa-2,5-dienylidene]benzohydrazide",MQIVNMHALJNFMG-UHFFFAOYSA-N,fungicides (hydrazide),O=Nc1ccc(NNC(=O)c2ccccc2)cc1,0.6383087435799628,False,False,False,314,2,True
quinalphos,13593-03-8,"O,O-diethyl O-quinoxalin-2-yl phosphorothioate",JYQUHIFYBATCCY-UHFFFAOYSA-N,acaricides (aryl organothiophosphate)insecticides (aryl organothiophosphate),CCO[P](=S)(OCC)Oc1cnc2ccccc2n1,0.7626518845640481,False,False,False,62,4,True
quinalphos-methyl,13593-08-3,"O,O-dimethyl O-quinoxalin-2-yl phosphorothioate",RNGDKAQQWUYBAS-UHFFFAOYSA-N,insecticides (aryl organothiophosphate),CO[P](=S)(OC)Oc1cnc2ccccc2n1,0.7956549455299289,False,False,False,62,4,True
chinomethionat,2439-01-2,"6-methyl-1,3-dithiolo[4,5-b]quinoxalin-2-oneorS,S-(6-methylquinoxaline-2,3-diyl) dithiocarbonate",FBQQHUGEACOBDN-UHFFFAOYSA-N,acaricides (quinoxaline)fungicides (quinoxaline),Cc1ccc2nc3SC(=O)Sc3nc2c1,0.6001151397628296,False,False,False,61,4,True
chinomethionat,2439-01-2,"6-methyl-1,3-dithiolo[4,5-b]quinoxalin-2-oneorS,S-(6-methylquinoxaline-2,3-diyl) dithiocarbonate",FBQQHUGEACOBDN-UHFFFAOYSA-N,acaricides (quinoxaline)fungicides (quinoxaline),Cc1ccc2nc3SC(=O)Sc3nc2c1,0.6001151397628296,False,False,False,61,4,True
benalaxyl-m,98243-83-5,"methyl N-(2,6-dimethylphenyl)-N-(phenylacetyl)-D-alaninate1979 Rules:methyl N-(phenylacetyl)-N-(2,6-xylyl)-D-alaninate",CJPQIRJHIZUAQP-MRXNPFEDSA-N,fungicides (acylalanine),CC1=C(C(=CC=C1)C)N([C@H](C)C(=O)OC)C(=O)CC2=CC=CC=C2,0.7912239689842984,False,False,False,12,9,True
chlobenthiazone,63755-05-5,"4-chloro-3-methyl-1,3-benzothiazol-2(3H)-one",QCPASDYEQAVIJF-UHFFFAOYSA-N,fungicides (benzothiazole),CN1C(=O)Sc2cccc(Cl)c12,0.6381209517322995,False,False,False,805,1,True
chlomethoxyfen,32861-85-1,"2,4-dichloro-1-(3-methoxy-4-nitrophenoxy)benzene1979 Rules:5-(2,4-dichlorophenoxy)-2-nitroanisole",DXXVCXKMSWHGTF-UHFFFAOYSA-N,herbicides (diphenyl ether),COc1cc(Oc2ccc(Cl)cc2Cl)ccc1[N+]([O-])=O,0.6058281610917062,False,False,False,40,3,True
chlorpropham,101-21-3,isopropyl (3-chlorophenyl)carbamate1979 Rules:isopropyl 3-chlorocarbanilate,CWJSHJJYOPWUGX-UHFFFAOYSA-N,herbicides (phenyl carbamate)plant growth regulators (growth inhibitor),CC(C)OC(=O)Nc1cccc(Cl)c1,0.8188192037855182,False,False,False,18,8,True
chloralose,15879-93-3,"(R)-1,2-O-(2,2,2-trichloroethylidene)-Î±-D-glucofuranose",OJYGBLRPYBAHRT-IPQSZEQASA-N,avicidesbird repellentsrodenticides (unclassified),OCC(O)[C@H]1OC2O[C@@H](O[C@@H]2[C@H]1O)C(Cl)(Cl)Cl,0.5982051890137444,False,False,False,258,2,True
chloramben,133-90-4,"3-amino-2,5-dichlorobenzoic acid",HSSBORCLYSCBJR-UHFFFAOYSA-N,herbicides (benzoic acid),Nc1cc(Cl)cc(C(O)=O)c1Cl,0.6923332593166821,False,False,False,804,1,True
imazalil,35554-44-0,"allyl (RS)-1-(2,4-dichlorophenyl)-2-imidazol-1-ylethyl ether",PZBPKYOVPCNPJY-UHFFFAOYSA-N,fungicides (imidazole),Clc1ccc(C(Cn2ccnc2)OCC=C)c(Cl)c1,0.74944613446092,False,False,False,125,3,True
chloranil,118-75-2,tetrachloro-p-benzoquinone,UGNWTBMOAKPKBL-UHFFFAOYSA-N,fungicides (quinone),ClC1=C(Cl)C(=O)C(=C(Cl)C1=O)Cl,0.6150038675868632,False,False,False,803,1,True
chloranocryl,2164-09-2,"3â²,4â²-dichloro-2-methylprop-2-enanilide1979 Rules:3â²,4â²-dichloro-2-methylacrylanilide",VCBRBUKGTWLJOB-UHFFFAOYSA-N,herbicides (anilide),CC(=C)C(=O)Nc1ccc(Cl)c(Cl)c1,0.7735673318266494,False,False,False,297,2,True
chlorantraniliprole,500008-45-7,3-bromo-N-[4-chloro-2-methyl-6-(methylcarbamoyl)phenyl]-1-(3-chloropyridin-2-yl)-1H-pyrazole-5-carboxamideor3-bromo-4â²-chloro-1-(3-chloro-2-pyridyl)-2â²-methyl-6â²-(methylcarbamoyl)-1H-pyrazole-5-carboxanilide,PSOVNZZNOMJUBI-UHFFFAOYSA-N,insecticides (diamide),CC1=CC(=CC(=C1NC(=O)C2=CC(=NN2C3=C(C=CC=N3)Cl)Br)C(=O)NC)Cl,0.5810425963795017,False,False,False,306,2,True
chlorazifop,60074-25-1,"(2RS)-2-{4-[(3,5-dichloro-2-pyridyl)oxy]phenoxy}propanoic acid1979 Rules:(RS)-2-{4-[(3,5-dichloro-2-pyridyl)oxy]phenoxy}propionic acid",SVGBNTOHFITEDI-UHFFFAOYSA-N,herbicides (aryloxyphenoxypropionic),CC(Oc1ccc(Oc2ncc(Cl)cc2Cl)cc1)C(O)=O,0.8972209566885913,False,False,False,17,8,True
chlorazine,580-48-3,"6-chloro-N2,N2,N4,N4-tetraethyl-1,3,5-triazine-2,4-diamine",QHXDTLYEHWXDSO-UHFFFAOYSA-N,herbicides (chlorotriazine),CCN(CC)c1nc(Cl)nc(n1)N(CC)CC,0.7819990320338959,False,False,False,144,1,True
chlorbenside,103-17-3,4-chlorobenzyl 4-chlorophenyl sulfide,ZHLKXBJTJHRTTE-UHFFFAOYSA-N,acaricides (diphenylsulfide),Clc1ccc(CSc2ccc(Cl)cc2)cc1,0.682409127176684,False,False,False,271,2,True
chlorbenzuron,57160-47-1,2-chloro-N-[(4-chlorophenyl)carbamoyl]benzamide1979 Rules:1-(2-chlorobenzoyl)-3-(4-chlorophenyl)urea,YPSCQJTUAKNUNF-UHFFFAOYSA-N,insecticides (benzoylurea),Clc1ccc(NC(=O)NC(=O)c2ccccc2Cl)cc1,0.8820390885102338,False,False,False,143,2,True
chlorbicyclen,2550-75-6,"1,2,3,4,7,7-hexachloro-5,6-bis(chloromethyl)norborn-2-ene",FUZORIOHZSVKAW-UHFFFAOYSA-N,insecticides (chlorinated cyclodiene),ClCC1C(CCl)C2(Cl)C(=C(Cl)C1(Cl)C2(Cl)Cl)Cl,0.536467272364742,False,False,False,802,1,True
chlorbromuron,13360-45-7,3-(4-bromo-3-chlorophenyl)-1-methoxy-1-methylurea,NLYNUTMZTCLNOO-UHFFFAOYSA-N,herbicides (phenylurea),CON(C)C(=O)Nc1ccc(Br)c(Cl)c1,0.8512572101728574,False,False,False,13,5,True
chlorbufam,1967-16-4,(2RS)-but-3-yn-2-yl (3-chlorophenyl)carbamate1979 Rules:(RS)-1-methylprop-2-ynyl 3-chlorocarbanilate,ULBXWWGWDPVHAO-UHFFFAOYSA-N,herbicides (carbamate),CC(OC(=O)Nc1cccc(Cl)c1)C#C,0.783331139387392,False,False,False,18,8,True
chlordimeform,6164-98-3,"(EZ)-Nâ²-(4-chloro-2-methylphenyl)-N,N-formimidamide1979 Rules:(EZ)-N2-(4-chloro-o-tolyl)-N1,N1-dimethylformamidine",STUSTWKEFDQFFZ-UHFFFAOYSA-N,acaricides (formamidine)insecticides (formamidine),CN(C)C=Nc1ccc(Cl)cc1C,0.5247971770981512,False,False,False,119,3,True
karetazan,81051-65-2,"2-(4-chlorophenyl)-1-ethyl-6-methyl-4-oxo-1,4-dihydropyridine-3-carboxylic acid1979 Rules:2-(4-chlorophenyl)-1-ethyl-1,4-dihydro-6-methyl-4-oxonicotinic acid",GQFJDWYHPRLNHR-UHFFFAOYSA-N,plant growth regulators (gametocide),CCN1C(=CC(=O)C(=C1C2=CC=C(C=C2)Cl)C(=O)O)C,0.9445249346147032,False,False,False,241,2,True
chlorethoxyfos,54593-83-8,"O,O-diethyl (RS)-O-(1,2,2,2-tetrachloroethyl) phosphorothioate",XFDJMIHUAHSGKG-UHFFFAOYSA-N,insecticides (aliphatic organothiophosphate),CCO[P](=S)(OCC)OC(Cl)C(Cl)(Cl)Cl,0.5358320542243691,False,False,False,801,1,True
chloreturon,20782-58-5,"3-(3-chloro-4-ethoxyphenyl)-1,1-dimethylurea",YKYGJHGXTSEGDB-UHFFFAOYSA-N,herbicides (phenylurea),CCOC1=C(C=C(C=C1)NC(=O)N(C)C)Cl,0.8856860798958845,False,False,False,1,16,True
chlorfenac,85-34-7,"(2,3,6-trichlorophenyl)acetic acid",QZXCCPZJCKEPSA-UHFFFAOYSA-N,herbicides (phenylcarboxylic acid),[Na+].[O-]C(=O)Cc1c(Cl)ccc(Cl)c1Cl,0.5030816826823596,False,False,False,280,2,True
chlorfenapyr,122453-73-0,4-bromo-2-(4-chlorophenyl)-1-(ethoxymethyl)-5-(trifluoromethyl)-1H-pyrrole-3-carbonitrile,CWFOCCVIPCEQCK-UHFFFAOYSA-N,acaricides (arylpyrrole)insecticides (arylpyrrole),CCOCn1c(c2ccc(Cl)cc2)c(C#N)c(Br)c1C(F)(F)F,0.6752304231106964,False,False,False,800,1,True
chlorfenazole,3574-96-7,2-(2-chlorophenyl)-1H-benzimidazole,OILIYWFQRJOPAI-UHFFFAOYSA-N,fungicides (benzimidazole),Clc1ccccc1c2[nH]c3ccccc3n2,0.6727924866518886,False,False,False,799,1,True
chlorfenethol,80-06-8,"1,1-bis(4-chlorophenyl)ethanol1979 Rules:4,4â²-dichloro-Î±-methylbenzhydryl alcohol",URYAFVKLYSEINW-UHFFFAOYSA-N,acaricides (diphenylcarbinol),CC(O)(c1ccc(Cl)cc1)c2ccc(Cl)cc2,0.8619400721365197,False,False,False,798,1,True
monuron,150-68-5,"3-(4-chlorophenyl)-1,1-dimethylurea",BMLIZLVNXIYGCK-UHFFFAOYSA-N,herbicides (phenylurea),CN(C)C(=O)Nc1ccc(Cl)cc1,0.7388016668237096,False,False,False,1,16,True
chlorfenprop,59604-11-4,(2RS)-2-chloro-3-(4-chlorophenyl)propanoic acid1979 Rules:(RS)-2-chloro-3-(4-chlorophenyl)propionic acid,QCTALYCTVMUWPT-UHFFFAOYSA-N,herbicides (phenylcarboxylic acid),C1=CC(=CC=C1CC(C(=O)O)Cl)Cl,0.7928807110441441,False,False,False,797,1,True
chlorfenson,80-33-1,4-chlorophenyl 4-chlorobenzenesulfonate,RZXLPPRPEOUENN-UHFFFAOYSA-N,acaricides (benzenesulfonate),Clc1ccc(O[S](=O)(=O)c2ccc(Cl)cc2)cc1,0.810849529507424,False,False,False,22,7,True
dimethylvinphos,67628-93-7,"(Z)-2-chloro-1-(2,4-dichlorophenyl)vinyl dimethyl phosphate",QSGNQELHULIMSJ-POHAHGRESA-N,insecticides (organophosphate),COP(=O)(OC)O/C(=C\Cl)/C1=C(C=C(C=C1)Cl)Cl,0.5655682245872823,False,False,False,293,2,True
chlorflurazole,3615-21-2,"4,5-dichloro-2-(trifluoromethyl)-1H-benzimidazole",KSROTSBULDYPKA-UHFFFAOYSA-N,herbicides (unclassified),FC(F)(F)c1[nH]c2ccc(Cl)c(Cl)c2n1,0.7595198867202994,False,False,False,796,1,True
chlorflurenol,2464-37-1,(RS)-2-chloro-9-hydroxyfluorene-9-carboxylic acid,SVOAUHHKPGKPQK-UHFFFAOYSA-N,plant growth regulators (morphactin),OC(=O)C1(O)c2ccccc2c3ccc(Cl)cc13,0.828729339717018,False,False,False,41,6,True
chlorfluren,24539-66-0,(RS)-2-chlorofluorene-9-carboxylic acid,GJGFCWCPVQHXMF-UHFFFAOYSA-N,plant growth regulators (morphactin),C1=CC=C2C3=C(C=C(C=C3)Cl)C(C2=C1)C(=O)O,0.8332071842864023,False,False,False,795,1,True
chlorflurenol,2464-37-1,(RS)-2-chloro-9-hydroxyfluorene-9-carboxylic acid,SVOAUHHKPGKPQK-UHFFFAOYSA-N,plant growth regulators (morphactin),OC(=O)C1(O)c2ccccc2c3ccc(Cl)cc13,0.828729339717018,False,False,False,41,6,True
chloridazon,1698-60-8,5-amino-4-chloro-2-phenylpyridazin-3(2H)-one,WYKYKTKDBLFHCY-UHFFFAOYSA-N,herbicides (pyridazinone),NC1=C(Cl)C(=O)N(N=C1)c2ccccc2,0.7933823099108369,False,False,False,44,5,True
chlorimuron,99283-00-8,2-{[(4-chloro-6-methoxypyrimidin-2-yl)carbamoyl]sulfamoyl}benzoic acid,RIUXZHMCCFLRBI-UHFFFAOYSA-N,herbicides (pyrimidinylsulfonylurea),COc1cc(Cl)nc(NC(=O)N[S](=O)(=O)c2ccccc2C(O)=O)n1,0.6518839422614496,False,False,False,6,11,True
barban,101-27-9,4-chlorobut-2-ynyl (3-chlorophenyl)carbamate1979 Rules:4-chlorobut-2-ynyl 3-chlorocarbanilate,MCOQHIWZJUDQIC-UHFFFAOYSA-N,herbicides (carbamate),ClCC#CCOC(=O)Nc1cccc(Cl)c1,0.6533118700090956,False,False,False,52,4,True
chlormephos,24934-91-6,"S-(chloromethyl) O,O-diethyl phosphorodithioate",QGTYWWGEWOBMAK-UHFFFAOYSA-N,insecticides (aliphatic organothiophosphate),CCO[P](=S)(OCC)SCCl,0.5187715686345127,False,False,False,794,1,True
sulcotrione,99105-77-8,"2-[2-chloro-4-(methylsulfonyl)benzoyl]cyclohexane-1,3-dione1979 Rules:2-(2-chloro-4-mesylbenzoyl)cyclohexane-1,3-dione",PQTBTIFWAXVEPB-UHFFFAOYSA-N,herbicides (triketone),C[S](=O)(=O)c1ccc(c(Cl)c1)C(=O)C2C(=O)CCCC2=O,0.6242362173088588,False,False,False,177,2,True
chlomethoxyfen,32861-85-1,"2,4-dichloro-1-(3-methoxy-4-nitrophenoxy)benzene1979 Rules:5-(2,4-dichlorophenoxy)-2-nitroanisole",DXXVCXKMSWHGTF-UHFFFAOYSA-N,herbicides (diphenyl ether),COc1cc(Oc2ccc(Cl)cc2Cl)ccc1[N+]([O-])=O,0.6058281610917062,False,False,False,40,3,True
chlornitrofen,1836-77-7,"4-nitrophenyl 2,4,6-trichlorophenyl ether",XQNAUQUKWRBODG-UHFFFAOYSA-N,herbicides (diphenyl ether),[O-][N+](=O)c1ccc(Oc2c(Cl)cc(Cl)cc2Cl)cc1,0.5661283620978897,False,False,False,51,2,True
chlorobenzilate,510-15-6,"ethyl 4,4â²-dichlorobenzilate",RAPBNVDSDCTNRC-UHFFFAOYSA-N,acaricides (diphenylcarbinol),CCOC(=O)C(O)(c1ccc(Cl)cc1)c2ccc(Cl)cc2,0.870120696152492,False,False,False,142,3,True
chlorodinitronaphthalenes,2401-85-6,"1-chloro-2,4-dinitronaphthalene",SKKUAUZTZZRYPW-UHFFFAOYSA-N,fungicides (nitrobenzene),[O-][N+](=O)c1cc(c2ccccc2c1Cl)[N+]([O-])=O,0.6058987596166799,False,False,False,793,1,True
chlorfenson,80-33-1,4-chlorophenyl 4-chlorobenzenesulfonate,RZXLPPRPEOUENN-UHFFFAOYSA-N,acaricides (benzenesulfonate),Clc1ccc(O[S](=O)(=O)c2ccc(Cl)cc2)cc1,0.810849529507424,False,False,False,22,7,True
chloromebuform,37407-77-5,(EZ)-N-butyl-Nâ²-(4-chloro-2-methylphenyl)-N-methylformimidamide1979 Rules:(EZ)-N1-butyl-N2-(4-chloro-o-tolyl)-N1-methylformamidine,OUDYXRYNDPEKLK-UHFFFAOYSA-N,acaricides (formamidine),CCCCN(C)C=NC1=C(C=C(C=C1)Cl)C,0.558486787548779,False,False,False,313,1,True
chloromethiuron,28217-97-2,"3-(4-chloro-2-methylphenyl)-1,1-dimethylthiourea1979 Rules:3-(4-chloro-o-tolyl)-1,1-dimethylthiourea",IBZZDPVVVSNQOY-UHFFFAOYSA-N,acaricides (thiourea),CN(C)C(=S)Nc1ccc(Cl)cc1C,0.744598583717322,False,False,False,792,1,True
3-chloro-4-methylaniline,95-74-9,3-chloro-4-methylaniline3-chloro-p-methylaniline,RQKFYFNZSHWXAW-UHFFFAOYSA-N,avicides,Cc1ccc(N)cc1Cl,0.551296349469733,False,False,False,77,3,True
chloroneb,2675-77-6,"2,5-dichloro-1,4-phenylene dimethyl ether",PFIADAMVCJPXSF-UHFFFAOYSA-N,fungicides (aromatic),COc1cc(Cl)c(OC)cc1Cl,0.7414561071184836,False,False,False,791,1,True
chlorophacinone,3691-35-8,"2-[(2RS)-(4-chlorophenyl)phenylacetyl]indane-1,3-dione1979 Rules:2-[(RS)-(4-chlorophenyl)phenylacetyl]indan-1,3-dione",UDHXJZHVNHGCEC-UHFFFAOYSA-N,rodenticides (indandione),Clc1ccc(cc1)C(C(=O)C2C(=O)c3ccccc3C2=O)c4ccccc4,0.6198069165905769,False,False,False,73,4,True
chlorphthalim,39985-63-2,"N-(4-chlorophenyl)cyclohex-1-ene-1,2-dicarboximideorN-(4-chlorophenyl)-3,4,5,6-tetrahydrophthalimide",MJQBFSWPMMHVSM-UHFFFAOYSA-N,herbicides (N-phenylimide),Clc1ccc(cc1)N2C(=O)C3=C(CCCC3)C2=O,0.728774910913212,False,False,False,312,2,True
chloroprallethrin,250346-55-5,"(1S)-2-methyl-4-oxo-3-(prop-2-ynyl)cyclopent-2-enyl (1R,3S)-3-(2,2-dichlorovinyl)-2,2-dimethylcyclopropanecarboxylateRothamsted-style stereodescriptors:(1S)-2-methyl-4-oxo-3-(prop-2-ynyl)cyclopent-2-enyl (1R)-trans-3-(2,2-dichlorovinyl)-2,2-dimethylcyclopropanecarboxylate",RQNZCZHWQZMZER-ZLDLUXBVSA-N,insecticides (pyrethroid),CC1=C(C(=O)C[C@@H]1OC(=O)[C@@H]2[C@H](C2(C)C)C=C(Cl)Cl)CC#C,0.5769987226820185,False,False,False,0,17,True
chloropropylate,5836-10-2,"isopropyl 4,4â²-dichlorobenzilate",AXGUBXVWZBFQGA-UHFFFAOYSA-N,acaricides (diphenylcarbinol),CC(C)OC(=O)C(O)(c1ccc(Cl)cc1)c2ccc(Cl)cc2,0.8502651845040542,False,False,False,142,3,True
chlorothalonil,1897-45-6,tetrachloroisophthalonitrile,CRQQGFGUEAVUIL-UHFFFAOYSA-N,fungicides (chloronitrile),Clc1c(Cl)c(C#N)c(Cl)c(C#N)c1Cl,0.5249703621195863,False,False,False,164,2,True
chlorotoluron,15545-48-9,"3-(3-chloro-4-methylphenyl)-1,1-dimethylurea1979 Rules:3-(3-chloro-p-tolyl)-1,1-dimethylurea",JXCGFZXSOMJFOA-UHFFFAOYSA-N,herbicides (phenylurea),CN(C)C(=O)Nc1ccc(C)c(Cl)c1,0.7629960812555916,False,False,False,1,16,True
chloroxuron,1982-47-4,"3-[4-(4-chlorophenoxy)phenyl]-1,1-dimethylurea",IVUXTESCPZUGJC-UHFFFAOYSA-N,herbicides (phenylurea),CN(C)C(=O)Nc1ccc(Oc2ccc(Cl)cc2)cc1,0.919060885844044,False,False,False,13,5,True
chloroxuron,1982-47-4,"3-[4-(4-chlorophenoxy)phenyl]-1,1-dimethylurea",IVUXTESCPZUGJC-UHFFFAOYSA-N,herbicides (phenylurea),CN(C)C(=O)Nc1ccc(Oc2ccc(Cl)cc2)cc1,0.919060885844044,False,False,False,13,5,True
chloroxynil,1891-95-8,"3,5-dichloro-4-hydroxybenzonitrile",YRSSHOVRSMQULE-UHFFFAOYSA-N,herbicides (hydroxybenzonitrile),Oc1c(Cl)cc(cc1Cl)C#N,0.6792401763288548,False,False,False,790,1,True
chlorphthalim,39985-63-2,"N-(4-chlorophenyl)cyclohex-1-ene-1,2-dicarboximideorN-(4-chlorophenyl)-3,4,5,6-tetrahydrophthalimide",MJQBFSWPMMHVSM-UHFFFAOYSA-N,herbicides (N-phenylimide),Clc1ccc(cc1)N2C(=O)C3=C(CCCC3)C2=O,0.728774910913212,False,False,False,312,2,True
chlorprazophos,36145-08-1,"O-(3-chloro-7-methylpyrazolo[1,5-a]pyrimidin-2-yl) O,O-diethyl phosphorothioate",ZCMOTOWEBLMCEO-UHFFFAOYSA-N,insecticides (aryl organothiophosphate),CCO[P](=S)(OCC)Oc1nn2cc(C)cnc2c1Cl,0.7543483567836132,False,False,False,789,1,True
chlorprocarb,23121-99-5,3-[(methoxyformyl)amino]phenyl [(1RS)-1-(chloromethyl)propyl]carbamate1979 Rules:methyl 3-({[(RS)-1-(chloromethyl)propyl]carbamoyl}oxy)carbanilate,CYDCAYZRTPOUJJ-UHFFFAOYSA-N,herbicides (carbanilate herbicides),CCC(CCl)NC(=O)OC1=CC=CC(=C1)NC(=O)OC,0.8196553629676956,False,False,False,788,1,True
chlorpropham,101-21-3,isopropyl (3-chlorophenyl)carbamate1979 Rules:isopropyl 3-chlorocarbanilate,CWJSHJJYOPWUGX-UHFFFAOYSA-N,herbicides (phenyl carbamate)plant growth regulators (growth inhibitor),CC(C)OC(=O)Nc1cccc(Cl)c1,0.8188192037855182,False,False,False,18,8,True
chlorpyrifos,2921-88-2,"O,O-diethyl O-(3,5,6-trichloro-2-pyridyl) phosphorothioate",SBPBAQFWLVIOKP-UHFFFAOYSA-N,insecticides (aryl organothiophosphate),CCO[P](=S)(OCC)Oc1nc(Cl)c(Cl)cc1Cl,0.5483413192652408,False,False,False,141,3,True
chlorpyrifos-methyl,5598-13-0,"O,O-dimethyl O-(3,5,6-trichloro-2-pyridyl) phosphorothioate",HRBKVYFZANMGRE-UHFFFAOYSA-N,insecticides (aryl organothiophosphate),CO[P](=S)(OC)Oc1nc(Cl)c(Cl)cc1Cl,0.6201560740988898,False,False,False,141,3,True
chlorquinox,3495-42-9,"5,6,7,8-tetrachloroquinoxaline",NHTGQOXRZFUGJX-UHFFFAOYSA-N,fungicides (quinoxaline),Clc1c(Cl)c(Cl)c2nccnc2c1Cl,0.5270019003119097,False,False,False,787,1,True
chlorsulfuron,64902-72-3,"2-chloro-N-[(4-methoxy-6-methyl-1,3,5-triazin-2-yl)carbamoyl]benzenesulfonamide1979 Rules:1-[(2-chlorophenyl)sulfonyl]-3-(4-methoxy-6-methyl-1,3,5-triazin-2-yl)urea",VJYIFXVZLXQVHO-UHFFFAOYSA-N,herbicides (triazinylsulfonylurea),COc1nc(C)nc(NC(=O)N[S](=O)(=O)c2ccccc2Cl)n1,0.8459489587454248,False,False,False,6,11,True
chlorthal,2136-79-0,tetrachloroterephthalic acid,KZCBXHSWMMIEQU-UHFFFAOYSA-N,herbicides (benzoic acid),OC(=O)c1c(Cl)c(Cl)c(C(O)=O)c(Cl)c1Cl,0.8169864606277779,False,False,False,303,2,True
chlorthiamid,1918-13-4,"2,6-dichlorothiobenzamide",KGKGSIUWJCAFPX-UHFFFAOYSA-N,herbicides (benzonitrile),NC(=S)c1c(Cl)cccc1Cl,0.714441281624925,False,False,False,786,1,True
chlorotoluron,15545-48-9,"3-(3-chloro-4-methylphenyl)-1,1-dimethylurea1979 Rules:3-(3-chloro-p-tolyl)-1,1-dimethylurea",JXCGFZXSOMJFOA-UHFFFAOYSA-N,herbicides (phenylurea),CN(C)C(=O)Nc1ccc(C)c(Cl)c1,0.7629960812555916,False,False,False,1,16,True
chlozolinate,84332-86-5,"ethyl (RS)-3-(3,5-dichlorophenyl)-5-methyl-2,4-dioxooxazolidine-5-carboxylate",IGUYEXXAGBDLLX-UHFFFAOYSA-N,fungicides (dicarboximide),CCOC(=O)C1(C)OC(=O)N(C1=O)c2cc(Cl)cc(Cl)c2,0.6285709908318017,False,False,False,785,1,True
chromafenozide,143807-66-3,"Nâ²-tert-butyl-Nâ²-(3,5-dimethylbenzoyl)-5-methylchromane-6-carbohydrazide",HPNSNYBUADCFDR-UHFFFAOYSA-N,insecticides (diacylhydrazine),Cc1cc(C)cc(c1)C(=O)N(NC(=O)c2ccc3OCCCc3c2C)C(C)(C)C,0.7619566953305541,False,False,False,784,1,True
cycloheximide,66-81-9,"4-{(2R)-2-[(1S,3S,5S)-3,5-dimethyl-2-oxocyclohexyl]-2-hydroxyethyl}piperidine-2,6-dione1979 Rules:3-{(2R)-2-[(1S,3S,5S)-3,5-dimethyl-2-oxocyclohexyl]-2-hydroxyethyl}glutarimide",YPHMISFOHDHNIV-FSZOTQKASA-N,fungicides (antibiotic)plant growth regulators (unclassified),C[C@H]1C[C@H](C)C(=O)[C@@H](C1)[C@H](O)CC2CC(=O)NC(=O)C2,0.7571556004572341,False,False,False,305,2,True
cinerin%20i,25402-06-6,"(Z)-(S)-3-(but-2-enyl)-2-methyl-4-oxocyclopent-2-enyl (1R,3R)-2,2-dimethyl-3-(2-methylprop-1-enyl)cyclopropanecarboxylateRothamsted-style stereodescriptors:(Z)-(S)-3-(but-2-enyl)-2-methyl-4-oxocyclopent-2-enyl (1R)-trans-2,2-dimethyl-3-(2-methylprop-1-enyl)cyclopropanecarboxylatepre-1969 name:(+)-cis-3-(but-2-enyl)-2-methyl-4-oxocyclopent-2-enyl (+)-trans-chrysanthemate",FMTFEIJHMMQUJI-DFKXKMKHSA-N,insecticides (pyrethrin),C\C=C/CC1=C(C)[C@@H](CC1=O)OC(=O)[C@@H]2[C@@H](C=C(C)C)C2(C)C,0.5578032091358235,False,False,False,0,17,True
cinflubrolin,2892524-04-6,"2-[(2-bromo-6-fluorophenyl)methoxy]-4-isopropyl-1-methyl-7-oxabicyclo[2.2.1]heptane containing â¥50% of the (1S,2R,4R)-isomer and â¤50% of the (1R,2S,4S)-isomer",COHOXAPLFQQAGA-UHFFFAOYSA-N,herbicides (benzyl ether),CC(C)C12CCC(O1)(C(C2)OCC3=C(C=CC=C3Br)F)C,0.7676870181181372,False,False,False,783,1,True
cinmethylin,87818-31-3,"(1RS,2SR,4SR)-1,4-epoxy-p-menth-2-yl 2-methylbenzyl ether",QMTNOLKHSWIQBE-UHFFFAOYSA-N,herbicides (benzyl ether),CC(C)C12CCC(C)(O1)C(C2)OCc3ccccc3C,0.8169696483993314,False,False,False,782,1,True
cinosulfuron,94593-91-6,"N-[(4,6-dimethoxy-1,3,5-triazin-2-yl)carbamoyl]-2-(2-methoxyethoxy)benzenesulfonamide1979 Rules:1-(4,6-dimethoxy-1,3,5-triazin-2-yl)-3-{[2-(2-methoxyethoxy)phenyl]sulfonyl}urea",WMLPCIHUFDKWJU-UHFFFAOYSA-N,herbicides (triazinylsulfonylurea),COCCOc1ccccc1[S](=O)(=O)NC(=O)Nc2nc(OC)nc(OC)n2,0.5535433323553633,False,False,False,311,1,True
sintofen,130561-48-7,"1-(4-chlorophenyl)-1,4-dihydro-5-(2-methoxyethoxy)-4-oxocinnoline-3-carboxylic acid",QLMNCUHSDAGQGT-UHFFFAOYSA-N,plant growth regulators (gametocide),COCCOC1=CC=CC2=C1C(=O)C(=NN2C3=CC=C(C=C3)Cl)C(=O)O,0.6670329398300164,False,False,False,178,2,True
ciobutide,80544-75-8,(RS)-2-cyano-2-phenylbutyramide,QKSRTQXCXWMMLG-UHFFFAOYSA-N,plant growth regulators (unclassified),CCC(C#N)(C(N)=O)c1ccccc1,0.7773767307113214,False,False,False,781,1,True
cisanilide,34484-77-0,"cis-2,5-dimethylpyrrolidine-1-carboxanilide",RBDDACCUNRKCAM-ZLBIXWSCSA-N,herbicides (anilide),CC1CCC(C)N1C(=O)Nc2ccccc2,0.7714743648879864,False,False,False,780,1,True
cismethrin,35764-59-1,"(5-benzyl-3-furyl)methyl (1R,3S)-2,2-dimethyl-3-(2-methylprop-1-enyl)cyclopropanecarboxylateRothamsted-style stereodescriptors:(5-benzyl-3-furyl)methyl (1R)-cis-2,2-dimethyl-3-(2-methylprop-1-enyl)cyclopropanecarboxylatepre-1969 name:(5-benzyl-3-furyl)methyl (+)-cis-chrysanthemate",VEMKTZHHVJILDY-PMACEKPBSA-N,insecticides (pyrethroid),CC(C)=C[C@@H]1[C@H](C(=O)OCc2oc(Cc3ccccc3)cc2)C1(C)C,0.5398350143033008,False,False,False,11,9,True
clacyfos,215655-76-8,"(1RS)-1-(dimethoxyphosphinoyl)ethyl (2,4-dichlorophenoxy)acetate",UUHXXNQVWVFJLW-UHFFFAOYSA-N,herbicides (phenoxyacetic),CC(OC(=O)COC1=C(C=C(C=C1)Cl)Cl)P(=O)(OC)OC,0.5468518368837835,False,False,False,121,3,True
clenpirin,27050-41-5,"N-[(2EZ)-1-butylpyrrolidin-2-ylidene]-3,4-dichloroaniline",MKSYSNRVVYYBIZ-UHFFFAOYSA-N,acaricides (formamidine),CCCCN1CCCC1=Nc2ccc(Cl)c(Cl)c2,0.7663077035527437,False,False,False,310,2,True
clenpirin,27050-41-5,"N-[(2EZ)-1-butylpyrrolidin-2-ylidene]-3,4-dichloroaniline",MKSYSNRVVYYBIZ-UHFFFAOYSA-N,acaricides (formamidine),CCCCN1CCCC1=Nc2ccc(Cl)c(Cl)c2,0.7663077035527437,False,False,False,310,2,True
climbazole,38083-17-9,"(RS)-1-(4-chlorophenoxy)-1-(imidazol-1-yl)-3,3-dimethylbutan-2-one",OWEGWHBOCFMBLP-UHFFFAOYSA-N,fungicides (imidazole),CC(C)(C)C(=O)C(Oc1ccc(Cl)cc1)n2ccnc2,0.8622594770545062,False,False,False,309,1,True
clodinafop,114420-56-3,(2R)-2-{4-[(5-chloro-3-fluoro-2-pyridyl)oxy]phenoxy}propanoic acid1979 Rules:(R)-2-{4-[(5-chloro-3-fluoro-2-pyridyl)oxy]phenoxy}propionic acid,YUIKUTLBPMDDNQ-MRVPVSSYSA-N,herbicides (aryloxyphenoxypropionic),C[C@@H](Oc1ccc(Oc2ncc(Cl)cc2F)cc1)C(O)=O,0.9146537370852555,False,False,False,17,8,True
cloethocarb,51487-69-5,2-[(RS)-2-chloro-1-methoxyethoxy]phenyl methylcarbamate,PITWUHDDNUVBPT-UHFFFAOYSA-N,insecticides (phenyl carbamate)molluscicidesnematicides (phenyl carbamate),CNC(=O)Oc1ccccc1OC(CCl)OC,0.6490595021656251,False,False,False,76,1,True
clofencet,129025-54-3,"2-(4-chlorophenyl)-3-ethyl-5-oxo-2,5-dihydropyridazine-4-carboxylic acid1979 Rules:2-(4-chlorophenyl)-3-ethyl-2,5-dihydro-5-oxopyridazine-4-carboxylic acid",PIZCXVUFSNPNON-UHFFFAOYSA-N,plant growth regulators (gametocide),CCC1=C(C(O)=O)C(=O)C=NN1c2ccc(Cl)cc2,0.9335745328403128,False,False,False,779,1,True
ddt,50-29-3,"1,1,1-trichloro-2,2-bis(4-chlorophenyl)ethane",YVGGHNCTFXOJCH-UHFFFAOYSA-N,acaricides (organochlorine)insecticides (organochlorine),Clc1ccc(cc1)C(c2ccc(Cl)cc2)C(Cl)(Cl)Cl,0.5403341220433435,False,False,False,16,8,True
clofentezine,74115-24-5,"3,6-bis(2-chlorophenyl)-1,2,4,5-tetrazine",UXADOQPNKNTIHB-UHFFFAOYSA-N,acaricides (tetrazine),Clc1ccccc1c2nnc(nn2)c3ccccc3Cl,0.7200223708327637,False,False,False,70,4,True
clofibric%20acid,882-09-7,2-(4-chlorophenoxy)-2-methylpropanoic acid1979 Rules:2-(4-chlorophenoxy)-2-methylpropionic acid,TXCGAZHTZHNUAI-UHFFFAOYSA-N,plant growth regulators (antiauxin),CC(C)(Oc1ccc(Cl)cc1)C(O)=O,0.8414278696289341,False,False,False,778,1,True
clofop,26129-32-8,(2RS)-2-[4-(4-chlorophenoxy)phenoxy]propanoic acid1979 Rules:(2RS)-2-[4-(4-chlorophenoxy)phenoxy]propionic acid,BSFAVVHPEZCASB-UHFFFAOYSA-N,herbicides (aryloxyphenoxypropionic),CC(Oc1ccc(Oc2ccc(Cl)cc2)cc1)C(O)=O,0.9052493127853468,False,False,False,7,6,True
clomazone,81777-89-1,"2-(2-chlorobenzyl)-4,4-dimethylisoxazolidin-3-one",KIEDNEWSYUYDSN-UHFFFAOYSA-N,herbicides (isoxazolidinone),CC1(C)CON(Cc2ccccc2Cl)C1=O,0.7941993934146,False,False,False,140,3,True
clomeprop,84496-56-0,"(2RS)-2-(2,4-dichloro-3-methylphenoxy)propananilide1979 Rules:(RS)-2-[(2,4-dichloro-m-tolyl)oxy]propionanilide",BDQWWOHKFDSADC-UHFFFAOYSA-N,herbicides (phenoxypropionic),CC(Oc1ccc(Cl)c(C)c1Cl)C(=O)Nc2ccccc2,0.8845134564659252,False,False,False,777,1,True
niclosamide,50-65-7,"2â²,5-dichloro-2-hydroxy-4â²-nitrobenzanilide1979 Rules:2â²,5-dichloro-4â²-nitrosalicylanilide",RJMUSRYZPJIFPJ-UHFFFAOYSA-N,molluscicides,Oc1ccc(Cl)cc1C(=O)Nc2ccc(cc2Cl)[N+]([O-])=O,0.6611804498474478,False,False,False,223,2,True
clopidol,2971-90-6,"3,5-dichloro-2,6-dimethylpyridin-4-ol",ZDPIZLCVJAAHHR-UHFFFAOYSA-N,coccidiostat,CC1=C(Cl)C(=O)C(=C(C)N1)Cl,0.6714856659800347,False,False,False,308,2,True
clopidol,2971-90-6,"3,5-dichloro-2,6-dimethylpyridin-4-ol",ZDPIZLCVJAAHHR-UHFFFAOYSA-N,coccidiostat,CC1=C(Cl)C(=O)C(=C(C)N1)Cl,0.6714856659800347,False,False,False,308,2,True
cloprop,101-10-0,(2RS)-2-(3-chlorophenoxy)propanoic acid1979 Rules:(RS)-2-(3-chlorophenoxy)propionic acid,YNTJKQDWYXUTLZ-UHFFFAOYSA-N,herbicides (phenoxypropionic),CC(Oc1cccc(Cl)c1)C(O)=O,0.8138038537145824,False,False,False,7,6,True
clopyralid,1702-17-6,"3,6-dichloropyridine-2-carboxylic acidpre-1969 name:3,6-dichloropicolinic acid",HUBANNPOLNYSAD-UHFFFAOYSA-N,herbicides (pyridinecarboxylic acid),OC(=O)c1nc(Cl)ccc1Cl,0.6925523803775735,False,False,False,776,1,True
cloquintocet,88349-88-6,[(5-chloro-8-quinolyl)oxy]acetic acid,ICJSJAJWTWPSBD-UHFFFAOYSA-N,herbicide safeners,C1=CC2=C(C=CC(=C2N=C1)OCC(=O)O)Cl,0.8903090992429279,False,False,False,775,1,True
cloransulam,159518-97-5,"3-chloro-2-{[(5-ethoxy-7-fluoro[1,2,4]triazolo[1,5-c]pyrimidin-2-yl)sulfonyl]amino}benzoic acid1979 Rules:3-chloro-N-[(5-ethoxy-7-fluoro[1,2,4]triazolo[1,5-c]pyrimidin-2-yl)sulfonyl]anthranilic acid",YIANBKOBVRMNPR-UHFFFAOYSA-N,herbicides (triazolopyrimidine),CCOC1=NC(=CC2=NC(=NN21)S(=O)(=O)NC3=C(C=CC=C3Cl)C(=O)O)F,0.5815772737694689,False,False,False,298,2,True
cloxyfonac,6386-63-6,[4-chloro-2-(hydroxymethyl)phenoxy]acetic acid1979 Rules:[(4-chloro-Î±-hydroxy-o-tolyl)oxy]acetic acid,ZJRUTGDCLVIVRD-UHFFFAOYSA-N,plant growth regulators (auxin),OCc1cc(Cl)ccc1OCC(O)=O,0.7962140719799301,False,False,False,3,14,True
vangard,67932-85-8,"3â²-chloro-2-methoxy-2â²,6â²-dimethyl-N-[(3RS)-tetrahydro-2-oxo-3-furyl]acetanilide",FHZMAAGOSXDIBJ-UHFFFAOYSA-N,fungicides (butyrolactone),COCC(=O)N(C1CCOC1=O)c2c(C)ccc(Cl)c2C,0.8003555460244901,False,False,False,83,3,True
vangard,67932-85-8,"3â²-chloro-2-methoxy-2â²,6â²-dimethyl-N-[(3RS)-tetrahydro-2-oxo-3-furyl]acetanilide",FHZMAAGOSXDIBJ-UHFFFAOYSA-N,fungicides (butyrolactone),COCC(=O)N(C1CCOC1=O)c2c(C)ccc(Cl)c2C,0.8003555460244901,False,False,False,83,3,True
pentanochlor,2307-68-8,"(2RS)-3â²-chloro-2,4â²-dimethylpentananilide1979 Rules:(RS)-3â²-chloro-2,4â²-dimethylvaleranilide",WGVWLKXZBUVUAM-UHFFFAOYSA-N,herbicides (anilide),CCCC(C)C(=O)Nc1ccc(C)c(Cl)c1,0.8448449525949179,False,False,False,94,3,True
monuron,150-68-5,"3-(4-chlorophenyl)-1,1-dimethylurea",BMLIZLVNXIYGCK-UHFFFAOYSA-N,herbicides (phenylurea),CN(C)C(=O)Nc1ccc(Cl)cc1,0.7388016668237096,False,False,False,1,16,True
colophonate,50398-69-1,"S-[(5-chlorothiazol-2-yl)methyl] O,O-dimethyl phosphorodithioate",RZXVEBVXHRSQPO-UHFFFAOYSA-N,insecticides (arylalkyl organothiophosphate),COP(=S)(OC)SCC1=NC=C(S1)Cl,0.7739752704632583,False,False,False,774,1,True
coumachlor,81-82-3,3-[(1RS)-1-(4-chlorophenyl)-3-oxobutyl]-4-hydroxy-2H-chromen-2-one1979 Rules:3-[(RS)-1-(4-chlorophenyl)-3-oxobutyl]-4-hydroxycoumarin,DEKWZWCFHUABHE-UHFFFAOYSA-N,rodenticides (coumarin),CC(=O)CC(c1ccc(Cl)cc1)C2=C(O)Oc3ccccc3C2=O,0.7687186894933961,False,False,False,55,4,True
warfarin,81-81-2,4-hydroxy-3-[(1RS)-3-oxo-1-phenylbutyl]-2H-chromen-2-one1979 Rules:4-hydroxy-3-[(RS)-3-oxo-1-phenylbutyl]coumarin,PJVWKTKQMONHTI-UHFFFAOYSA-N,rodenticides (coumarin),CC(=O)CC(c1ccccc1)C2=C(O)Oc3ccccc3C2=O,0.799206301564618,False,False,False,55,4,True
coumaphos,56-72-4,"O-(3-chloro-4-methyl-2-oxo-2H-chromen-7-yl) O,O-diethyl phosphorothioate",BXNANOICGRISHX-UHFFFAOYSA-N,acaricides (aryl organothiophosphate)insecticides (aryl organothiophosphate),CCO[P](=S)(OCC)Oc1ccc2C(=C(Cl)C(=O)Oc2c1)C,0.5593356676649471,False,False,False,139,3,True
coumaphos,56-72-4,"O-(3-chloro-4-methyl-2-oxo-2H-chromen-7-yl) O,O-diethyl phosphorothioate",BXNANOICGRISHX-UHFFFAOYSA-N,acaricides (aryl organothiophosphate)insecticides (aryl organothiophosphate),CCO[P](=S)(OCC)Oc1ccc2C(=C(Cl)C(=O)Oc2c1)C,0.5593356676649471,False,False,False,139,3,True
coumatetralyl,5836-29-3,"4-hydroxy-3-[(1RS)-1,2,3,4-tetrahydro-1-naphthyl]-2H-chromen-2-one1979 Rules:4-hydroxy-3-[(RS)-1,2,3,4-tetrahydro-1-naphthyl]coumarin",ULSLJYXHZDTLQK-UHFFFAOYSA-N,rodenticides (coumarin),OC1=C(C2CCCc3ccccc23)C(=O)c4ccccc4O1,0.7380917270439814,False,False,False,773,1,True
coumithoate,572-48-5,"O,O-diethyl O-(7,8,9,10-tetrahydro-6-oxo-6H-benzo[c]chromen-3-yl) phosphorothioate",NSMRHYDOKZAMKJ-UHFFFAOYSA-N,insecticides (aryl organothiophosphate),CCO[P](=S)(OCC)Oc1ccc2C3=C(CCCC3)C(=O)Oc2c1,0.5581391908967348,False,False,False,139,3,True
4-cpa,122-88-3,(4-chlorophenoxy)acetic acid,SODPIMGUZLOIPE-UHFFFAOYSA-N,herbicides (phenoxyacetic)plant growth regulators (auxin),OC(=O)COc1ccc(Cl)cc1,0.7832500608145994,False,False,False,27,2,True
4-cpb,3547-07-7,4-(4-chlorophenoxy)butanoic acid1979 Rules:4-(4-chlorophenoxy)butyric acid,SIYAHZSHQIPQLY-UHFFFAOYSA-N,herbicides (phenoxybutyric),OC(=O)CCCOc1ccc(Cl)cc1,0.7667673020626217,False,False,False,4,8,True
cpmc,3942-54-9,2-chlorophenyl methylcarbamate,ZAGNMMRDHSEOPE-UHFFFAOYSA-N,insecticides (phenyl carbamate),CNC(=O)Oc1ccccc1Cl,0.7275124381872445,False,False,False,772,1,True
4-cpp,3307-39-9,(2RS)-2-(4-chlorophenoxy)propanoic acid1979 Rules:(RS)-2-(4-chlorophenoxy)propionic acid,DKHJWWRYTONYHB-UHFFFAOYSA-N,herbicides (phenoxypropionic),CC(Oc1ccc(Cl)cc1)C(O)=O,0.8138038537145824,False,False,False,7,6,True
cppc,2150-32-5,(2RS)-1-chloropropan-2-yl (3-chlorophenyl)carbamate1979 Rules:(RS)-2-chloro-1-methylethyl 3-chlorocarbanilate,WLKSPGHQGFFKGE-UHFFFAOYSA-N,herbicides (carbamate),CC(CCl)OC(=O)Nc1cccc(Cl)c1,0.8308528041707363,False,False,False,18,8,True
credazine,14491-59-9,pyridazin-3-yl o-tolyl ether,DNPSYFHJYIRREW-UHFFFAOYSA-N,herbicides (pyridazine),Cc1ccccc1Oc2cccnn2,0.7225716792902162,False,False,False,771,1,True
cresol,1319-77-3,cresol,o-cresol:QWVGKYWNOKOFNN-UHFFFAOYSA-Nm-cresol:RLSSMJSEOOYNOY-UHFFFAOYSA-Np-cresol:IWDCLRJOBJJRNH-UHFFFAOYSA-N,bactericidesfungicides (phenol)herbicides (phenol),Cc1ccc(O)cc1,0.5359354364287862,False,False,False,56,4,True
cresol,1319-77-3,cresol,o-cresol:QWVGKYWNOKOFNN-UHFFFAOYSA-Nm-cresol:RLSSMJSEOOYNOY-UHFFFAOYSA-Np-cresol:IWDCLRJOBJJRNH-UHFFFAOYSA-N,bactericidesfungicides (phenol)herbicides (phenol),Cc1ccc(O)cc1,0.5359354364287862,False,False,False,56,4,True
crimidine,535-89-7,"2-chloro-N,N,6-trimethylpyrimidin-4-amine",HJIUPFPIEBPYIE-UHFFFAOYSA-N,rodenticides (pyrimidinamine),CN(C)c1cc(C)nc(Cl)n1,0.6001613317776127,False,False,False,770,1,True
viniconazole,77175-51-0,3-chlorobenzyl 2-[1-(imidazol-1-yl)vinyl]phenyl ether,WHPAGCJNPTUGGD-UHFFFAOYSA-N,fungicides (imidazole),Clc1cccc(COc2ccccc2C(=C)n3ccnc3)c1,0.686476774597221,False,False,False,159,2,True
crotamiton,483-63-6,(2E)-N-ethyl-2â²-methylbut-2-enanilide1979 Rules:N-ethyl-2â²-methylcrotonanilide,DNTGGZPQPQTDQF-XBXARRHUSA-N,acaricides (unclassified)insecticides (unclassified),CCN(C(=O)\C=C\C)c1ccccc1C,0.6915773895824666,False,False,False,769,1,True
crufomate,299-86-5,(RS)-(4-tert-butyl-2-chlorophenyl methyl methylphosphoramidate),BOFHKBLZOYVHSI-UHFFFAOYSA-N,insecticides (phosphoramidate),CN[P](=O)(OC)Oc1ccc(cc1Cl)C(C)(C)C,0.8521807961699889,False,False,False,768,1,True
cue-lure,3572-06-3,p-(3-oxobutyl)phenyl acetate,UMIKWXDGXDJQJK-UHFFFAOYSA-N,insect attractants (Dipteran),CC(=O)CCc1ccc(OC(C)=O)cc1,0.5595741458034438,False,False,False,767,1,True
cumyluron,99485-76-4,1-(2-chlorobenzyl)-3-(1-methyl-1-phenylethyl)urea,VYNOULHXXDFBLU-UHFFFAOYSA-N,herbicides (urea),CC(C)(C1=CC=CC=C1)NC(=O)NCC2=CC=CC=C2Cl,0.8778261055419263,False,False,False,307,2,True
cumyluron,99485-76-4,1-(2-chlorobenzyl)-3-(1-methyl-1-phenylethyl)urea,VYNOULHXXDFBLU-UHFFFAOYSA-N,herbicides (urea),CC(C)(C1=CC=CC=C1)NC(=O)NCC2=CC=CC=C2Cl,0.8778261055419263,False,False,False,307,2,True
curcumenol,19431-84-6,"(1S,2S,5S,8R)-9-isopropylidene-2,6-dimethyl-11-oxatricyclo[6.2.1.01,5]undec-6-en-8-ol",ISFMXVMWEWLJGJ-NZBPQXDJSA-N,rodenticides (unclassified),CC1CCC2C(=CC3(O)OC12CC3=C(C)C)C,0.6522748117901774,False,False,False,766,1,True
cyanatryn,21689-84-9,"2-{[4-(ethylamino)-6-(methylthio)-1,3,5-triazin-2-yl]amino}-2-methylpropanenitrile1979 Rules:2-{[4-(ethylamino)-6-(methylthio)-1,3,5-triazin-2-yl]amino}-2-methylpropiononitrile",OFADGFSRMKSMPB-UHFFFAOYSA-N,herbicides (alkylthiotriazine),CCNc1nc(NC(C)(C)C#N)nc(SC)n1,0.7716699691776362,False,False,False,39,1,True
cyanazine,21725-46-2,"2-{[4-chloro-6-(ethylamino)-1,3,5-triazin-2-yl]amino}-2-methylpropanenitrile1979 Rules:2-{[4-chloro-6-(ethylamino)-1,3,5-triazin-2-yl]amino}-2-methylpropiononitrile",MZZBPDKVEFVLFF-UHFFFAOYSA-N,herbicides (chlorotriazine),CCNc1nc(Cl)nc(NC(C)(C)C#N)n1,0.8326619538355066,False,False,False,21,5,True
cyanofenphos,13067-93-1,(RS)-[O-(4-cyanophenyl) O-ethyl phenylphosphonothioate],LRNJHZNPJSPMGK-UHFFFAOYSA-N,insecticides (phosphonothioate),CCO[P](=S)(Oc1ccc(cc1)C#N)c2ccccc2,0.7913914206243796,False,False,False,765,1,True
cyanophos,2636-26-2,"O-(4-cyanophenyl) O,O-dimethyl phosphorothioate",SCKHCCSZFPSHGR-UHFFFAOYSA-N,insecticides (phenyl organothiophosphate),CO[P](=S)(OC)Oc1ccc(cc1)C#N,0.7600980515891553,False,False,False,764,1,True
cyanthoate,3734-95-0,"S-{2-[(1-cyano-1-methylethyl)amino]-2-oxoethyl} O,O-diethyl phosphorothioate1979 Rules:S-{[(1-cyano-1-methylethyl)carbamoyl]methyl} O,O-diethyl phosphorothioate",TWDJIKFUVRYBJF-UHFFFAOYSA-N,acaricides (aliphatic amide organothiophosphate)insecticides (aliphatic amide organothiophosphate),CCO[P](=O)(OCC)SCC(=O)NC(C)(C)C#N,0.6910473306654704,False,False,False,763,1,True
cyantraniliprole,736994-63-1,3-bromo-1-(3-chloro-2-pyridyl)-4â²-cyano-2â²-methyl-6â²-(methylcarbamoyl)-1H-pyrazole-5-carboxanilide,DVBUIBGJRQBEDP-UHFFFAOYSA-N,insecticides (diamide),CC1=CC(=CC(=C1NC(=O)C2=CC(=NN2C3=C(C=CC=N3)Cl)Br)C(=O)NC)C#N,0.602278890593545,False,False,False,306,2,True
cyazofamid,120116-88-3,"4-chloro-2-cyano-N,N-dimethyl-5-p-tolylimidazole-1-sulfonamide",YXKMMRDKEKCERS-UHFFFAOYSA-N,fungicides (cyanoimidazole),CN(C)[S](=O)(=O)n1c(nc(Cl)c1c2ccc(C)cc2)C#N,0.8650475764637653,False,False,False,762,1,True
cybenzoxasulfyl,2128706-04-5,"2-[5-cyclopropyl-3-(ethylsulfonyl)-2-pyridyl]-5-[(RS)-(trifluoromethyl)sulfinyl]-1,3-benzoxazole2-[5-cyclopropyl-3-(ethylsulfonyl)-2-pyridyl]-1,3-benzoxazol-5-yl trifluoromethyl sulfoxide",FOVXPVMLSMQSKD-UHFFFAOYSA-N,insecticides (unclassified),CCS(=O)(=O)C1=C(N=CC(=C1)C2CC2)C3=NC4=C(O3)C=CC(=C4)S(=O)C(F)(F)F,0.5862770829542305,False,False,False,761,1,True
cybutryne,28159-98-0,"N2-tert-butyl-N4-cyclopropyl-6-(methylthio)-1,3,5-triazine-2,4-diamine",HDHLIWCXDDZUFH-UHFFFAOYSA-N,algicides,CSc1nc(NC2CC2)nc(NC(C)(C)C)n1,0.8033127942503914,False,False,False,760,1,True
cyclafuramid,34849-42-8,"N-cyclohexyl-2,5-dimethyl-3-furamide",OYRIKLVYHTWHCZ-UHFFFAOYSA-N,fungicides (furamide),Cc1oc(C)c(c1)C(=O)NC2CCCCC2,0.8338516951387089,False,False,False,759,1,True
cyclanilide,113136-77-9,"1-[(2,4-dichloroanilino)carbonyl]cyclopropanecarboxylic acid",GLWWLNJJJCTFMZ-UHFFFAOYSA-N,plant growth regulators (auxin transport inhibitor),OC(=O)C1CC1C(=O)Nc2ccc(Cl)cc2Cl,0.8899497270109265,False,False,False,758,1,True
cyclethrin,97-11-0,"(RS)-3-[(RS)-cyclopent-2-enyl]-2-methyl-4-oxocyclopent-2-enyl (1RS,3RS;1RS,3SR)-2,2-dimethyl-3-(2-methylprop-1-enyl)cyclopropanecarboxylatepre-1969 name:(Â±)-3-cyclopent-2-enyl-2-methyl-4-oxocyclopent-2-enyl (Â±)-cis-trans-chrysanthemate",YJXNJQHBVKTWCC-UHFFFAOYSA-N,insecticides (pyrethroid),CC(C)=CC1C(C(=O)OC2CC(=O)C(=C2C)C3CCC=C3)C1(C)C,0.5675818761612391,False,False,False,757,1,True
cycloate,1134-23-2,S-ethyl cyclohexyl(ethyl)carbamothioate1979 Rules:S-ethyl cyclohexyl(ethyl)thiocarbamate,DFCAFRGABIXSDS-UHFFFAOYSA-N,herbicides (thiocarbamate),CCSC(=O)N(CC)C1CCCCC1,0.717721204665304,False,False,False,756,1,True
cycloheximide,66-81-9,"4-{(2R)-2-[(1S,3S,5S)-3,5-dimethyl-2-oxocyclohexyl]-2-hydroxyethyl}piperidine-2,6-dione1979 Rules:3-{(2R)-2-[(1S,3S,5S)-3,5-dimethyl-2-oxocyclohexyl]-2-hydroxyethyl}glutarimide",YPHMISFOHDHNIV-FSZOTQKASA-N,fungicides (antibiotic)plant growth regulators (unclassified),C[C@H]1C[C@H](C)C(=O)[C@@H](C1)[C@H](O)CC2CC(=O)NC(=O)C2,0.7571556004572341,False,False,False,305,2,True
cyclopyranil,1651191-47-7,"1-(3-chloro-4,5,6,7-tetrahydropyrazolo[1,5-a]pyridin-2-yl)-5-[(cyclopropylmethyl)amino]-1H-pyrazole-4-carbonitrile",QNGFJGCALLNSDE-UHFFFAOYSA-N,herbicides (pyrazolopyrazole),C1CCN2C(=C(C(=N2)N3C(=C(C=N3)C#N)NCC4CC4)Cl)C1,0.9411134767657378,False,False,False,755,1,True
cyclopyrimorate,499231-24-2,6-chloro-3-(2-cyclopropyl-6-methylphenoxy)pyridazin-4-yl morpholine-4-carboxylate,BXIGJZDQFDFASM-UHFFFAOYSA-N,herbicides (phenoxypyridazine),CC1=C(C(=CC=C1)C2CC2)OC3=NN=C(C=C3OC(=O)N4CCOCC4)Cl,0.7880777363440836,False,False,False,754,1,True
cyclosulfamuron,136849-15-5,"1-{[2-(cyclopropylcarbonyl)anilino]sulfonyl}-3-(4,6-dimethoxypyrimidin-2-yl)urea",OFSLKOLYLQSJPB-UHFFFAOYSA-N,herbicides (pyrimidinylsulfonylurea),COc1cc(OC)nc(NC(=O)N[S](=O)(=O)Nc2ccccc2C(=O)C3CC3)n1,0.5438895338716259,False,False,False,304,1,True
cycloxydim,101205-02-1,(5RS)-2-[(EZ)-1-(ethoxyimino)butyl]-3-hydroxy-5-[(3RS)-thian-3-yl]cyclohex-2-en-1-one,GGWHBJGBERXSLL-UHFFFAOYSA-N,herbicides (cyclohexanedione oxime),CCCC(=NOCC)C1=C(CC(CC1=O)C2CCCSC2)O,0.5894843555644611,False,False,False,753,1,True
cycluron,2163-69-1,"3-cyclooctyl-1,1-dimethylurea",DQZCVNGCTZLGAQ-UHFFFAOYSA-N,herbicides (urea),CN(C)C(=O)NC1CCCCCCC1,0.6889877978543473,False,False,False,752,1,True
cyhalofop,122008-78-0,(2R)-2-[4-(4-cyano-2-fluorophenoxy)phenoxy]propanoic acid1979 Rules:(R)-2-[4-(4-cyano-2-fluorophenoxy)phenoxy]propionic acid,ROBSGBGTWRRYSK-SNVBAGLBSA-N,herbicides (aryloxyphenoxypropionic),CCCCOC(=O)C(C)Oc1ccc(Oc2ccc(cc2F)C#N)cc1,0.5100343653418213,False,False,False,751,1,True
cymiazole,61676-87-7,"(2EZ)-N-(2,4-dimethylphenyl)-3-methylthiazol-2(3H)-imine1979 Rules:N-[(2EZ)-3-methylthiazol-2(3H)-ylidene]-2,4-xylidine",YUAUPYJCVKNAEC-UHFFFAOYSA-N,acaricides (formamidine),CN1C=CSC1=Nc2ccc(C)cc2C,0.7000078373699136,False,False,False,81,3,True
cypendazole,28559-00-4,methyl {1-[(5-cyanopentyl)carbamoyl]-1H-benzimidazol-2-yl}carbamate,MKZGVGOBXZJKGV-UHFFFAOYSA-N,fungicides (benzimidazole),COC(=O)Nc1nc2ccccc2n1C(=O)NCCCCCC#N,0.7919996290767678,False,False,False,120,3,True
cypermethrin,52315-07-8,"(RS)-Î±-cyano-3-phenoxybenzyl (1RS,3RS;1RS,3SR)-3-(2,2-dichlorovinyl)-2,2-dimethylcyclopropanecarboxylate",KAATUXNTWXVJKI-UHFFFAOYSA-N,acaricides (pyrethroid)insecticides (pyrethroid),CC1(C)C(C=C(Cl)Cl)C1C(=O)OC(C#N)c2cccc(Oc3ccccc3)c2,0.5280467981025629,False,False,False,8,10,True
alpha-cypermethrin,67375-30-8,"racemate comprising (R)-Î±-cyano-3-phenoxybenzyl (1S,3S)-3-(2,2-dichlorovinyl)-2,2-dimethylcyclopropanecarboxylate and (S)-Î±-cyano-3-phenoxybenzyl (1R,3R)-3-(2,2-dichlorovinyl)-2,2-dimethylcyclopropanecarboxylateRothamsted-style stereodescriptors:racemate comprising (R)-Î±-cyano-3-phenoxybenzyl (1S)-cis-3-(2,2-dichlorovinyl)-2,2-dimethylcyclopropanecarboxylate and (S)-Î±-cyano-3-phenoxybenzyl (1R)-cis-3-(2,2-dichlorovinyl)-2,2-dimethylcyclopropanecarboxylate",GUQZCTLEJXHSIH-RZAVTOELSA-Nidentifier for no stereochemistry:KAATUXNTWXVJKI-UHFFFAOYSA-N,acaricides (pyrethroid)insecticides (pyrethroid),CC1(C)[C@@H](C=C(Cl)Cl)[C@H]1C(=O)OC(C#N)c2cccc(Oc3ccccc3)c2,0.5280467981025629,False,False,False,8,10,True
theta-cypermethrin,71697-59-1,"1:1 reaction mixture of the two enantiomers (R)-Î±-cyano-3-phenoxybenzyl (1S,3R)-3-(2,2-dichlorovinyl)-2,2-dimethylcyclopropanecarboxylate and (S)-Î±-cyano-3-phenoxybenzyl (1R,3S)-3-(2,2-dichlorovinyl)-2,2-dimethylcyclopropanecarboxylateRothamsted-style stereodescriptors:1:1 reaction mixture of the two enantiomers (R)-Î±-cyano-3-phenoxybenzyl (1S)-trans-3-(2,2-dichlorovinyl)-2,2-dimethylcyclopropanecarboxylate and (S)-Î±-cyano-3-phenoxybenzyl (1R)-trans-3-(2,2-dichlorovinyl)-2,2-dimethylcyclopropanecarboxylate",GUQZCTLEJXHSIH-TXXTYBRISA-Nidentifier for no stereochemistry:KAATUXNTWXVJKI-UHFFFAOYSA-N,insecticides (pyrethroid),CC1(C)C(C=C(Cl)Cl)C1C(=O)OC(C#N)c2cccc(Oc3ccccc3)c2,0.5280467981025629,False,False,False,8,10,True
zeta-cypermethrin,1315501-18-8,"mixture of the stereoisomers (S)-Î±-cyano-3-phenoxybenzyl (1RS,3RS;1RS,3SR)-3-(2,2-dichlorovinyl)-2,2-dimethylcyclopropanecarboxylate where the ratio of the (S);(1RS,3RS) isomeric pair to the (S);(1RS,3SR) isomeric pair lies in the ratio range 45â55 to 55â45 respectively",KAATUXNTWXVJKI-QPIRBTGLSA-N,insecticides (pyrethroid),CC1(C(C1C(=O)O[C@H](C#N)C2=CC(=CC=C2)OC3=CC=CC=C3)C=C(Cl)Cl)C,0.528046798102563,False,False,False,8,10,True
cyperquat,48134-75-4,1-methyl-4-phenylpyridinium,FMGYKKMPNATWHP-UHFFFAOYSA-N,herbicides (quaternary ammonium),[Cl-].C[n+]1ccc(cc1)c2ccccc2,0.5362450887562273,False,False,False,208,2,True
cyprazine,22936-86-3,"6-chloro-N2-cyclopropyl-N4-isopropyl-1,3,5-triazine-2,4-diamine",OOHIAOSLOGDBCE-UHFFFAOYSA-N,herbicides (chlorotriazine),CC(C)Nc1nc(Cl)nc(NC2CC2)n1,0.8230636183146768,False,False,False,46,4,True
cyprazole,42089-03-2,"N-[5-(2-chloro-1,1-dimethylethyl)-1,3,4-thiadiazol-2-yl]cyclopropanecarboxamide",KDOKZLSGPVBDLS-UHFFFAOYSA-N,herbicides (unclassified),CC(C)(CCl)C1=NN=C(S1)NC(=O)C2CC2,0.8451472782677825,False,False,False,750,1,True
cyproconazole,94361-06-5,"mixture of 2 enantiomeric pairs:(2RS,3RS;2RS,3SR)-2-(4-chlorophenyl)-3-cyclopropyl-1-(1H-1,2,4-triazol-1-yl)butan-2-olin the ratio 1:1",UFNOUKDBUJZYDE-UHFFFAOYSA-N,fungicides (triazole),CC(C1CC1)C(O)(Cn2cncn2)c3ccc(Cl)cc3,0.9214211174268794,False,False,False,749,1,True
cyprodinil,121552-61-2,4-cyclopropyl-6-methyl-N-phenylpyrimidin-2-amine,HAORKNGNJCEJBX-UHFFFAOYSA-N,fungicides (anilinopyrimidine),Cc1cc(nc(Nc2ccccc2)n1)C3CC3,0.8694642262728245,False,False,False,102,3,True
cyprofuram,69581-33-5,3â²-chloro-N-[(3RS)-2-oxotetrahydro-3-furyl]cyclopropanecarboxanilide1979 Rules:(RS)-Î±-[N-(3-chlorophenyl)cyclopropanecarboxamido]-Î³-butyrolactone,KRZUZYJEQBXUIN-UHFFFAOYSA-N,fungicides (anilide),Clc1cccc(c1)N(C2CCOC2=O)C(=O)C3CC3,0.7983824047351475,False,False,False,748,1,True
cyprometoxazam,2093177-34-3,"N-methoxy-N-{4-[5-(trifluoromethyl)-1,2,4-oxadiazol-3-yl]benzyl}cyclopropanecarboxamide",LDFHINKTALTVSV-UHFFFAOYSA-N,fungicides (unclassified),CON(CC1=CC=C(C=C1)C2=NOC(=N2)C(F)(F)F)C(=O)C3CC3,0.7820484991408485,False,False,False,747,1,True
cypromid,2759-71-9,"3â²,4â²-dichlorocyclopropanecarboxanilide",PLQDLOBGKJCDSZ-UHFFFAOYSA-N,herbicides (anilide),Clc1ccc(NC(=O)C2CC2)cc1Cl,0.8287584204256491,False,False,False,746,1,True
cyprosulfamide,221667-31-8,N-{[4-(cyclopropylcarbamoyl)phenyl]sulfonyl}-2-methoxybenzamide1979 Rules:N-{[4-(cyclopropylcarbamoyl)phenyl]sulfonyl}-o-anisamide,OAWUUPVZMNKZRY-UHFFFAOYSA-N,herbicide safeners,COC1=CC=CC=C1C(=O)NS(=O)(=O)C2=CC=C(C=C2)C(=O)NC3CC3,0.8014303154226434,False,False,False,745,1,True
cyromazine,66215-27-8,"N-cyclopropyl-1,3,5-triazine-2,4,6-triamine",LVQDKIWDGQRHTE-UHFFFAOYSA-N,acaricides (aminotriazene)insecticides (aminotriazene),Nc1nc(N)nc(NC2CC2)n1,0.5525575425662069,False,False,False,744,1,True
cythioate,115-93-5,"O,O-dimethyl O-(4-sulfamoylphenyl) phosphorothioate",BSBSDQUZDZXGFN-UHFFFAOYSA-N,insecticides (phenyl organothiophosphate),CO[P](=S)(OC)Oc1ccc(cc1)[S](N)(=O)=O,0.8224165364258141,False,False,False,281,2,True
"2,4-d",94-75-7,"(2,4-dichlorophenoxy)acetic acid",OVSKIKFHRZPJSS-UHFFFAOYSA-N,herbicides (phenoxyacetic),OC(=O)COc1ccc(Cl)cc1Cl,0.8519927441732301,False,False,False,3,14,True
"3,4-da",588-22-7,"(3,4-dichlorophenoxy)acetic acid",SNYRXHULAWEECU-UHFFFAOYSA-N,herbicides (phenoxyacetic),OC(=O)COc1ccc(Cl)c(Cl)c1,0.8519927441732301,False,False,False,15,4,True
daimuron,42609-52-9,1-(1-methyl-1-phenylethyl)-3-p-tolylurea,NNYRZQHKCHEXSD-UHFFFAOYSA-N,herbicides (phenylurea),Cc1ccc(NC(=O)NC(C)(C)c2ccccc2)cc1,0.865879497477927,False,False,False,133,3,True
daminozide,1596-84-5,N-(dimethylamino)succinamic acid,NOQGZXFMHARMLW-UHFFFAOYSA-N,plant growth regulators (growth retardant),CN(C)NC(=O)CCC(O)=O,0.5409408843832045,False,False,False,743,1,True
dayoutong,107360-34-9,"4-chloro-5-[(6-chloro-3-pyridyl)methoxy]-2-(3,4-dichlorophenyl)pyridazin-3(2H)-one",BAJLRQTYSBSGKY-UHFFFAOYSA-N,insecticides (juvenile hormone mimic),Clc1ccc(COC2=C(Cl)C(=O)N(N=C2)c3ccc(Cl)c(Cl)c3)cn1,0.57175946266835,False,False,False,742,1,True
"2,4-db",94-82-6,"4-(2,4-dichlorophenoxy)butanoic acid1979 Rules:4-(2,4-dichlorophenoxy)butyric acid",YIVXMZJTEQBPQO-UHFFFAOYSA-N,herbicides (phenoxybutyric),OC(=O)CCCOc1ccc(Cl)cc1Cl,0.8145307694678334,False,False,False,4,8,True
"3,4-db",3307-37-7,"4-(3,4-dichlorophenoxy)butanoic acid1979 Rules:4-(3,4-dichlorophenoxy)butyric acid",AKDSUKZFDDKNNM-UHFFFAOYSA-N,herbicides (phenoxybutyric),OC(=O)CCCOc1ccc(Cl)c(Cl)c1,0.8145307694678334,False,False,False,15,4,True
d-camphor,464-49-3,"(1R,4R)-1,7,7-trimethylbicyclo[2.2.1]heptan-2-oneor(+)-bornan-2-one",DSSYKIVIOFKYAU-XCBNKYQSSA-N,insect repellents,CC1(C)[C@H]2CC[C@@]1(C)C(=O)C2,0.520631018455888,False,False,False,138,3,True
o-dichlorobenzene,95-50-1,o-dichlorobenzene,RFFLAFLAYFXFSW-UHFFFAOYSA-N,herbicides (organochlorine),Clc1ccccc1Cl,0.528586338832196,False,False,False,48,5,True
dcip,108-60-1,bis(2-chloro-1-methylethyl) ether,QCFYJCYNJLBDRT-UHFFFAOYSA-N,nematicides (alkyl halide; fumigant),CC(CCl)OC(C)CCl,0.5891725136351481,False,False,False,741,1,True
chlorthal,2136-79-0,tetrachloroterephthalic acid,KZCBXHSWMMIEQU-UHFFFAOYSA-N,herbicides (benzoic acid),OC(=O)c1c(Cl)c(Cl)c(C(O)=O)c(Cl)c1Cl,0.8169864606277779,False,False,False,303,2,True
propanil,709-98-8,"3â²,4â²-dichloropropananilide1979 Rules:3â²,4â²-dichloropropionanilide",LFULEKSKNZEWOE-UHFFFAOYSA-N,herbicides (anilide),CCC(=O)Nc1ccc(Cl)c(Cl)c1,0.8096716543147999,False,False,False,47,3,True
dcpta,65202-07-5,"2-(3,4-dichlorophenoxy)-N,N-diethylethanamineor2-(3,4-dichlorophenoxy)triethylamine",LOVYCUYJRWLTSU-UHFFFAOYSA-N,plant growth regulators (growth stimulator),CCN(CC)CCOc1ccc(Cl)c(Cl)c1,0.7743741936725763,False,False,False,740,1,True
tde,72-54-8,"1,1-dichloro-2,2-bis(4-chlorophenyl)ethane",AHJKRLASYNVKDZ-UHFFFAOYSA-N,insecticides (organochlorine),ClC(Cl)C(c1ccc(Cl)cc1)c2ccc(Cl)cc2,0.6150214671313036,False,False,False,174,2,True
pyridinitril,1086-02-8,"2,6-dichloro-4-phenylpyridine-3,5-dicarbonitrile",OVZITGHGWBXFEA-UHFFFAOYSA-N,fungicides (pyridine),Clc1nc(Cl)c(C#N)c(c2ccccc2)c1C#N,0.7428591607864833,False,False,False,191,2,True
ddt,50-29-3,"1,1,1-trichloro-2,2-bis(4-chlorophenyl)ethane",YVGGHNCTFXOJCH-UHFFFAOYSA-N,acaricides (organochlorine)insecticides (organochlorine),Clc1ccc(cc1)C(c2ccc(Cl)cc2)C(Cl)(Cl)Cl,0.5403341220433435,False,False,False,16,8,True
pp-ddt,50-29-3,"1,1,1-trichloro-2,2-bis(4-chlorophenyl)ethane",YVGGHNCTFXOJCH-UHFFFAOYSA-N,insecticides (organochlorine),Clc1ccc(cc1)C(c2ccc(Cl)cc2)C(Cl)(Cl)Cl,0.5403341220433435,False,False,False,16,8,True
"2,4-deb",94-83-7,"2-(2,4-dichlorophenoxy)ethyl benzoate",LGURYBCSJPXHTF-UHFFFAOYSA-N,herbicides (phenoxyacetic),Clc1ccc(OCCOC(=O)c2ccccc2)c(Cl)c1,0.6121638156844711,False,False,False,4,8,True
debacarb,62732-91-6,2-(2-ethoxyethoxy)ethyl 1H-benzimidazol-2-ylcarbamate,DNBMPXLFKQCOBV-UHFFFAOYSA-N,fungicides (benzimidazole),CCOCCOCCOC(=O)Nc1[nH]c2ccccc2n1,0.7284629813255109,False,False,False,137,3,True
decarbofuran,1563-67-3,"(RS)-2,3-dihydro-2-methylbenzofuran-7-yl methylcarbamate",JTBBRGSSVACAJM-UHFFFAOYSA-N,insecticides (carbamate),CNC(=O)Oc1cccc2CC(C)Oc12,0.7624286809541839,False,False,False,739,1,True
deet,134-62-3,"N,N-diethyl-3-methylbenzamide1979 Rules:N,N-diethyl-m-toluamide",MMOXZBCLCQITDF-UHFFFAOYSA-N,insect repellents,CCN(CC)C(=O)c1cccc(C)c1,0.7184022097170998,False,False,False,99,3,True
diquat,2764-72-9,"9,10-dihydro-8a,10a-diazoniaphenanthreneor6,7-dihydrodipyrido[1,2-a:2â²,1â²-c]pyrazine-5,8-diiumor1,1â²-ethylene-2,2â²-bipyridyldiylium",SYJFEGQWDCRVNX-UHFFFAOYSA-N,herbicides (quaternary ammonium),C1C[n+]2ccccc2c3cccc[n+]13,0.5383486697644574,False,False,False,98,3,True
delachlor,24353-58-0,"2-chloro-2â²,6â²-dimethyl-N-[(2-methylpropoxy)methyl]acetanilide1979 Rules:2-chloro-N-(isobutoxymethyl)-2â²,6â²-dimethylacetanilide",BIQOEDQVNIYWPQ-UHFFFAOYSA-N,herbicides (chloroacetamide),CC(C)COCN(C(=O)CCl)c1c(C)cccc1C,0.5905941316438941,False,False,False,302,1,True
demephion-s,2587-90-8,"O,O-dimethyl S-[2-(methylthio)ethyl] phosphorothioate",PSTWJANBJOHFQJ-UHFFFAOYSA-N,insecticides (aliphatic organothiophosphate),CO[P](=O)(OC)SCCSC,0.5032092108261039,False,False,False,738,1,True
demeton-s-methylsulphon,17040-19-6,"S-[2-(ethylsulfonyl)ethyl] O,O-dimethyl phosphorothioate",PZIRJMYRYORVIT-UHFFFAOYSA-N,acaricides (aliphatic organothiophosphate)insecticides (aliphatic organothiophosphate),CC[S](=O)(=O)CCS[P](=O)(OC)OC,0.6483401099951887,False,False,False,301,2,True
demeton-s-methylsulphon,17040-19-6,"S-[2-(ethylsulfonyl)ethyl] O,O-dimethyl phosphorothioate",PZIRJMYRYORVIT-UHFFFAOYSA-N,acaricides (aliphatic organothiophosphate)insecticides (aliphatic organothiophosphate),CC[S](=O)(=O)CCS[P](=O)(OC)OC,0.6483401099951887,False,False,False,301,2,True
bioallethrin,260359-57-7,"(1RS)-3-allyl-2-methyl-4-oxocyclopent-2-enyl (1R,3R)-2,2-dimethyl-3-(2-methylprop-1-enyl)cyclopropanecarboxylateRothamsted-style stereodescriptors:(1RS)-3-allyl-2-methyl-4-oxocyclopent-2-enyl (1R)-trans-2,2-dimethyl-3-(2-methylprop-1-enyl)cyclopropanecarboxylatepre-1969 name:(Â±)-3-allyl-2-methyl-4-oxocyclopent-2-enyl (+)-trans-chrysanthemate",ZCVAOQKBXKSDMS-AQYZNVCMSA-N,insecticides (pyrethroid),CC1=C(C(=O)CC1OC(=O)[C@@H]2[C@H](C2(C)C)C=C(C)C)CC=C,0.5692267993614908,False,False,False,0,17,True
rotenone,83-79-4,"(2R,6aS,12aS)-1,2,6,6a,12,12a-hexahydro-2-isopropenyl-8,9-dimethoxychromeno[3,4-b]furo[2,3-h]chromen-6-one",JUVIOZPCNVVQFO-HBGVWJBISA-N,insecticides (botanical),COc1cc2OC[C@H]3Oc4c5C[C@@H](Oc5ccc4C(=O)[C@H]3c2cc1OC)C(C)=C,0.7399961156347875,False,False,False,183,2,True
disul,149-26-8,"2-(2,4-dichlorophenoxy)ethyl hydrogen sulfate",HJEINPVZRDJRBY-UHFFFAOYSA-N,herbicides (phenoxyacetic),O[S](=O)(=O)OCCOc1ccc(Cl)cc1Cl,0.663511429992478,False,False,False,54,4,True
desmedipham,13684-56-5,ethyl {3-[(phenylcarbamoyl)oxy]phenyl}carbamate1979 Rules:ethyl 3-[(phenylcarbamoyl)oxy]carbanilate,WZJZMXBKUWKXTQ-UHFFFAOYSA-N,herbicides (phenyl carbamate),CCOC(=O)Nc1cccc(OC(=O)Nc2ccccc2)c1,0.8983573655630452,False,False,False,112,3,True
desmetryn,1014-69-3,"N2-isopropyl-N4-methyl-6-(methylthio)-1,3,5-triazine-2,4-diamine",HCRWJJJUKUVORR-UHFFFAOYSA-N,herbicides (alkylthiotriazine),CNc1nc(NC(C)C)nc(SC)n1,0.7382066720175039,False,False,False,2,15,True
desmetryn,1014-69-3,"N2-isopropyl-N4-methyl-6-(methylthio)-1,3,5-triazine-2,4-diamine",HCRWJJJUKUVORR-UHFFFAOYSA-N,herbicides (alkylthiotriazine),CNc1nc(NC(C)C)nc(SC)n1,0.7382066720175039,False,False,False,2,15,True
d-fanshiluquebingjuzhi,,"(1S)-2-methyl-4-oxo-3-(prop-2-ynyl)cyclopent-2-enyl (1RS,3RS;1RS,3SR)-3-(2,2-dichlorovinyl)-2,2-dimethylcyclopropanecarboxylate",RQNZCZHWQZMZER-QRJNDHJOSA-N,insecticides (pyrethroid),CC1=C(C(=O)C[C@@H]1OC(=O)C2C(C2(C)C)C=C(Cl)Cl)CC#C,0.5769987226820185,False,False,False,0,17,True
dfdt,475-26-3,"1,1,1-trichloro-2,2-bis(4-fluorophenyl)ethane",CLSXNIPAOWPLFR-UHFFFAOYSA-N,insecticides (organochlorine),Fc1ccc(cc1)C(c2ccc(F)cc2)C(Cl)(Cl)Cl,0.6436656507414886,False,False,False,16,8,True
diafenthiuron,80060-09-9,"1-tert-butyl-3-(2,6-diisopropyl-4-phenoxyphenyl)thiourea",WOWBFOBYOAGEEA-UHFFFAOYSA-N,acaricides (thiourea)insecticides (thiourea),CC(C)c1cc(Oc2ccccc2)cc(C(C)C)c1NC(=S)NC(C)(C)C,0.5547267378417083,False,False,False,737,1,True
di-allate,2303-16-4,"S-(EZ)-2,3-dichloroallyl diisopropylcarbamothioate1979 Rules:S-(EZ)-2,3-dichloroallyl diisopropyl(thiocarbamate)",SPANOECCGNXGNR-UHFFFAOYSA-N,herbicides (thiocarbamate),CC(C)N(C(C)C)C(=O)SC\C(Cl)=C\Cl,0.7596200260223073,False,False,False,58,4,True
di-allate,2303-16-4,"S-(EZ)-2,3-dichloroallyl diisopropylcarbamothioate1979 Rules:S-(EZ)-2,3-dichloroallyl diisopropyl(thiocarbamate)",SPANOECCGNXGNR-UHFFFAOYSA-N,herbicides (thiocarbamate),CC(C)N(C(C)C)C(=O)SC\C(Cl)=C\Cl,0.7596200260223073,False,False,False,58,4,True
diamfenetide,36141-82-9,"4â²,4â´-[oxybis(ethyleneoxy)]diacetanilide",JNEZCZPNQCQCFK-UHFFFAOYSA-N,anthelmintic,CC(=O)Nc1ccc(OCCOCCOc2ccc(NC(C)=O)cc2)cc1,0.6261713357547259,False,False,False,300,2,True
diamidafos,1754-58-1,"phenyl N,Nâ²-dimethylphosphorodiamidate",ZKIBFASDNPOJFP-UHFFFAOYSA-N,nematicides (phosphorodiamide),CN[P](=O)(NC)Oc1ccccc1,0.7248105097070122,False,False,False,736,1,True
diamfenetide,36141-82-9,"4â²,4â´-[oxybis(ethyleneoxy)]diacetanilide",JNEZCZPNQCQCFK-UHFFFAOYSA-N,anthelmintic,CC(=O)Nc1ccc(OCCOCCOc2ccc(NC(C)=O)cc2)cc1,0.6261713357547259,False,False,False,300,2,True
dicamba,1918-00-9,"3,6-dichloro-2-methoxybenzoic acid1979 Rules:3,6-dichloro-o-anisic acid",IWEDIXLBFLAXBO-UHFFFAOYSA-N,herbicides (benzoic acid),COc1c(Cl)ccc(Cl)c1C(O)=O,0.8343805307908135,False,False,False,57,4,True
diazinon,333-41-5,"O,O-diethyl O-(2-isopropyl-6-methylpyrimidin-4-yl) phosphorothioate",FHIVAFMUCKRCQO-UHFFFAOYSA-N,acaricides (aryl organothiophosphate)insecticides (aryl organothiophosphate),CCO[P](=S)(OCC)Oc1cc(C)nc(n1)C(C)C,0.7176158745437983,False,False,False,9,10,True
dibutyl%20phthalate,84-74-2,dibutyl phthalate,DOIRQSBPFJWKBE-UHFFFAOYSA-N,insect repellents,CCCCOC(=O)c1ccccc1C(=O)OCCCC,0.5382823793200492,False,False,False,735,1,True
dicamba,1918-00-9,"3,6-dichloro-2-methoxybenzoic acid1979 Rules:3,6-dichloro-o-anisic acid",IWEDIXLBFLAXBO-UHFFFAOYSA-N,herbicides (benzoic acid),COc1c(Cl)ccc(Cl)c1C(O)=O,0.8343805307908135,False,False,False,57,4,True
dichlobenil,1194-65-6,"2,6-dichlorobenzonitrile",YOYAIZYFCNQIRF-UHFFFAOYSA-N,herbicides (benzonitrile),Clc1cccc(Cl)c1C#N,0.5896265639835679,False,False,False,734,1,True
dichlobentiazox,957144-77-3,"3-[(3,4-dichloroisothiazol-5-yl)methoxy]-1,2-benzisothiazole 1,1-dioxide",CUTZZBQQGUIEGT-UHFFFAOYSA-N,fungicides (isothiazole),C1=CC=C2C(=C1)C(=NS2(=O)=O)OCC3=C(C(=NS3)Cl)Cl,0.8354346436136767,False,False,False,733,1,True
dichlobenz-methyl,,"methyl 2-[4-(2,4-dichlorobenzyl)phenoxy]propanoate1979 Rules:methyl 2-[4-(2,4-dichlorobenzyl)phenoxy]propionate",QIWVGZJFXBPJAR-UHFFFAOYSA-N,herbicides (phenoxypropionic),CC(C(=O)OC)OC1=CC=C(C=C1)CC2=C(C=C(C=C2)Cl)Cl,0.7513261451213604,False,False,False,732,1,True
dichlofenthion,97-17-6,"O-(2,4-dichlorophenyl) O,O-diethyl phosphorothioate",WGOWCPGHOCIHBW-UHFFFAOYSA-N,insecticides (phenyl organothiophosphate)nematicides (phenyl organothiophosphate),CCO[P](=S)(OCC)Oc1ccc(Cl)cc1Cl,0.7131035463096066,False,False,False,299,1,True
dichlofluanid,1085-98-9,"N-[(dichlorofluoromethyl)thio]-Nâ²,Nâ²-dimethyl-N-phenylsulfamide",WURGXGVFSMYFCG-UHFFFAOYSA-N,acaricides (sulfamide)fungicides (sulfamide),CN(C)[S](=O)(=O)N(SC(F)(Cl)Cl)c1ccccc1,0.6143392996762509,False,False,False,87,3,True
dichlone,117-80-6,"2,3-dichloronaphthalene-1,4-dione1979 Rules:2,3-dichloro-1,4-naphthoquinone",SVPKNMBRVBMTLB-UHFFFAOYSA-N,algicidesfungicides (quinone),ClC1=C(Cl)C(=O)c2ccccc2C1=O,0.6822950272270308,False,False,False,75,4,True
dichlorbenzuron,35409-97-3,"2,6-dichloro-N-[(4-chlorophenyl)carbamoyl]benzamide1979 Rules:1-(4-chlorophenyl)-3-(2,6-dichlorobenzoyl)urea",BTYQXKURSPAXLT-UHFFFAOYSA-N,insecticides (benzoylurea),Clc1ccc(NC(=O)NC(=O)c2c(Cl)cccc2Cl)cc1,0.8363586918823318,False,False,False,135,3,True
diuron,330-54-1,"3-(3,4-dichlorophenyl)-1,1-dimethylurea",XMTQQYYKAHVGBJ-UHFFFAOYSA-N,algicidesherbicides (phenylurea),CN(C)C(=O)Nc1ccc(Cl)c(Cl)c1,0.7936220369870917,False,False,False,1,16,True
dichlorflurenol,69622-79-3,"2,7-dichloro-9-hydroxyfluorene-9-carboxylic acid",VUIOHZGBOYTDSL-UHFFFAOYSA-N,plant growth regulators (morphactin),C1=CC2=C(C=C1Cl)C(C3=C2C=CC(=C3)Cl)(C(=O)O)O,0.8483924657107188,False,False,False,41,6,True
dichlorflurenol,69622-79-3,"2,7-dichloro-9-hydroxyfluorene-9-carboxylic acid",VUIOHZGBOYTDSL-UHFFFAOYSA-N,plant growth regulators (morphactin),C1=CC2=C(C=C1Cl)C(C3=C2C=CC(=C3)Cl)(C(=O)O)O,0.8483924657107188,False,False,False,41,6,True
dichlormate,1966-58-1,"3,4-dichlorobenzyl methylcarbamate",DSVOTYIOPGIVPP-UHFFFAOYSA-N,herbicides (carbamate),CNC(=O)OCc1ccc(Cl)c(Cl)c1,0.8537849319656317,False,False,False,731,1,True
o-dichlorobenzene,95-50-1,o-dichlorobenzene,RFFLAFLAYFXFSW-UHFFFAOYSA-N,herbicides (organochlorine),Clc1ccccc1Cl,0.528586338832196,False,False,False,48,5,True
o-dichlorobenzene,95-50-1,o-dichlorobenzene,RFFLAFLAYFXFSW-UHFFFAOYSA-N,herbicides (organochlorine),Clc1ccccc1Cl,0.528586338832196,False,False,False,48,5,True
p-dichlorobenzene,106-46-7,p-dichlorobenzene,OCJBOOLMMGQPQU-UHFFFAOYSA-N,insecticides (organochlorine),Clc1ccc(Cl)cc1,0.5285863388321962,False,False,False,66,4,True
p-dichlorobenzene,106-46-7,p-dichlorobenzene,OCJBOOLMMGQPQU-UHFFFAOYSA-N,insecticides (organochlorine),Clc1ccc(Cl)cc1,0.5285863388321962,False,False,False,66,4,True
"2,5-dichlorobenzoic%20acid",50-79-3,"2,5-dichlorobenzoic acid",QVTQYSFCFOGITD-UHFFFAOYSA-N,fungicides (unclassified)plant growth regulators (unclassified),OC(=O)c1cc(Cl)ccc1Cl,0.7401842714593465,False,False,False,150,2,True
dichlorophen,97-23-4,"2,2â²-methylenebis(4-chlorophenol)",MDNWOSOZYLHTCG-UHFFFAOYSA-N,algicidesbactericidesfungicides (phenol),Oc1ccc(Cl)cc1Cc2cc(Cl)ccc2O,0.864712717836714,False,False,False,730,1,True
dichlorprop,120-36-5,"(2RS)-2-(2,4-dichlorophenoxy)propanoic acid1979 Rules:(RS)-2-(2,4-dichlorophenoxy)propionic acid",MZHCENGPTKEIGP-UHFFFAOYSA-N,herbicides (phenoxypropionic)plant growth regulators (auxin),CC(Oc1ccc(Cl)cc1Cl)C(O)=O,0.8755136638110982,False,False,False,5,12,True
dichlorprop-p,15165-67-0,"(2R)-2-(2,4-dichlorophenoxy)propanoic acid1979 Rules:(R)-2-(2,4-dichlorophenoxy)propionic acid",MZHCENGPTKEIGP-RXMQYKEDSA-N,herbicides (phenoxypropionic),C[C@@H](Oc1ccc(Cl)cc1Cl)C(O)=O,0.8755136638110982,False,False,False,5,12,True
dichlozoline,24201-58-9,"3-(3,5-dichlorophenyl)-5,5-dimethyloxazolidine-2,4-dione",JDZSMXLTQNHBRF-UHFFFAOYSA-N,fungicides (dicarboximide),CC1(C)OC(=O)N(C1=O)c2cc(Cl)cc(Cl)c2,0.789205847917134,False,False,False,74,4,True
dichlozoline,24201-58-9,"3-(3,5-dichlorophenyl)-5,5-dimethyloxazolidine-2,4-dione",JDZSMXLTQNHBRF-UHFFFAOYSA-N,fungicides (dicarboximide),CC1(C)OC(=O)N(C1=O)c2cc(Cl)cc(Cl)c2,0.789205847917134,False,False,False,74,4,True
diclobutrazol,75736-33-3,"(2RS,3RS)-1-(2,4-dichlorophenyl)-4,4-dimethyl-2-(1H-1,2,4-triazol-1-yl)pentan-3-ol",PLPRPHZNQBHGSP-DZYJZKBLSA-Nidentifier for no stereochemistry:URDNHJIVMYZFRT-UHFFFAOYSA-N,fungicides (triazole),CC(C)(C)C(O)C(Cc1ccc(Cl)cc1Cl)n2cncn2,0.9292489076450648,False,False,False,729,1,True
diclocymet,139920-32-4,"(RS)-2-cyano-N-[(R)-1-(2,4-dichlorophenyl)ethyl]-3,3-dimethylbutyramide",YEJGPFZQLRMXOI-PKEIRNPWSA-N,fungicides (carboxamide),C[C@H](C1=C(C=C(C=C1)Cl)Cl)NC(=O)C(C#N)C(C)(C)C,0.9013080284322889,False,False,False,728,1,True
diclofop,40843-25-2,"(2RS)-2-[4-(2,4-dichlorophenoxy)phenoxy]propanoic acid1979 Rules:(RS)-2-[4-(2,4-dichlorophenoxy)phenoxy]propionic acid",OOLBCHYXZDXLDS-UHFFFAOYSA-N,herbicides (aryloxyphenoxypropionic),CC(Oc1ccc(Oc2ccc(Cl)cc2Cl)cc1)C(O)=O,0.8692286091312807,False,False,False,5,12,True
diclomezine,62865-36-5,"6-(3,5-dichloro-4-methylphenyl)pyridazin-3(2H)-one1979 Rules:6-(3,5-dichloro-p-tolyl)pyridazin-3(2H)-one",UWQMKVBQKFHLCE-UHFFFAOYSA-N,fungicides (pyridazinone),Cc1c(Cl)cc(cc1Cl)C2=NNC(=O)C=C2,0.8506365441058126,False,False,False,727,1,True
diclosulam,145701-21-9,"2â²,6â²-dichloro-5-ethoxy-7-fluoro[1,2,4]triazolo[1,5-c]pyrimidine-2-sulfonanilide",QNXAVFXEJCPCJO-UHFFFAOYSA-N,herbicides (triazolopyrimidine),CCOc1nc(F)cc2nc(nn12)[S](=O)(=O)Nc3c(Cl)cccc3Cl,0.6547201739305006,False,False,False,298,2,True
dicofol,115-32-2,"2,2,2-trichloro-1,1-bis(4-chlorophenyl)ethanol1979 Rules:4,4â²-dichloro-Î±-(trichloromethyl)benzhydryl alcohol",UOAMTSKGCBMZTC-UHFFFAOYSA-N,acaricides (diphenylcarbinol),OC(c1ccc(Cl)cc1)(c2ccc(Cl)cc2)C(Cl)(Cl)Cl,0.6824161965725927,False,False,False,726,1,True
ddt,50-29-3,"1,1,1-trichloro-2,2-bis(4-chlorophenyl)ethane",YVGGHNCTFXOJCH-UHFFFAOYSA-N,acaricides (organochlorine)insecticides (organochlorine),Clc1ccc(cc1)C(c2ccc(Cl)cc2)C(Cl)(Cl)Cl,0.5403341220433435,False,False,False,16,8,True
dicoumarol,66-76-2,"3,3â²-methylenebis(4-hydroxy-2H-chromen-2-one)1979 Rules:3,3â²-methylenebis(4-hydroxycoumarin)",DOBMPNYZJYQDGZ-UHFFFAOYSA-N,rodenticides (coumarin),C1=CC=C2C(=C1)C(=C(C(=O)O2)CC3=C(C4=CC=CC=C4OC3=O)O)O,0.5459100356936089,False,False,False,118,3,True
chloranocryl,2164-09-2,"3â²,4â²-dichloro-2-methylprop-2-enanilide1979 Rules:3â²,4â²-dichloro-2-methylacrylanilide",VCBRBUKGTWLJOB-UHFFFAOYSA-N,herbicides (anilide),CC(=C)C(=O)Nc1ccc(Cl)c(Cl)c1,0.7735673318266494,False,False,False,297,2,True
dicoumarol,66-76-2,"3,3â²-methylenebis(4-hydroxy-2H-chromen-2-one)1979 Rules:3,3â²-methylenebis(4-hydroxycoumarin)",DOBMPNYZJYQDGZ-UHFFFAOYSA-N,rodenticides (coumarin),C1=CC=C2C(=C1)C(=C(C(=O)O2)CC3=C(C4=CC=CC=C4OC3=O)O)O,0.5459100356936089,False,False,False,118,3,True
dicyclanil,112636-83-6,"4,6-diamino-2-(cyclopropylamino)pyrimidine-5-carbonitrile",PKTIFYGCWCQRSX-UHFFFAOYSA-N,insecticides (aminopyrimidine),Nc1nc(NC2CC2)nc(N)c1C#N,0.6084330854138402,False,False,False,254,2,True
dicyclonon,79260-71-2,"(8aRS)-1-(dichloroacetyl)-3,3,8a-trimethylhexahydropyrrolo[1,2-a]pyrimidin-6-one1979 Rules:(RS)-1-(dichloroacetyl)-3,3,8a-trimethylperhydropyrrolo[1,2-a]pyrimidin-6-one",MHULQDZDXMHODA-UHFFFAOYSA-N,herbicide safeners,CC1(C)CN2C(=O)CCC2(C)N(C1)C(=O)C(Cl)Cl,0.693785102065927,False,False,False,725,1,True
diethamquat,400852-67-7,"1,1â²-bis[(diethylcarbamoyl)methyl]-4,4â²-bipyridiniumor1,1â²-bis[(diethylcarbamoyl)methyl]-4,4â²-bipyridyl-1,1â²-diylium",KQUYPOJCTWSLSE-UHFFFAOYSA-N,herbicides (quaternary ammonium),CCN(CC)C(=O)C[N+]1=CC=C(C=C1)C2=CC=[N+](C=C2)CC(=O)N(CC)CC,0.6176731196615248,False,False,False,724,1,True
diethatyl,38725-95-0,"N-(chloroacetyl)-N-(2,6-diethylphenyl)glycine",ISERORSDFSDMDV-UHFFFAOYSA-N,herbicides (chloroacetamide),CCc1cccc(CC)c1N(CC(O)=O)C(=O)CCl,0.8161089197460977,False,False,False,42,6,True
diethofencarb,87130-20-9,"isopropyl 3,4-diethoxycarbanilate",LNJNFVJKDJYTEU-UHFFFAOYSA-N,fungicides (phenyl carbamate),CCOc1ccc(NC(=O)OC(C)C)cc1OCC,0.8573818021212976,False,False,False,723,1,True
dietholate,32345-29-2,"O,O-diethyl O-phenyl phosphorothioate",XXWNKVBJDWSYBN-UHFFFAOYSA-N,herbicide safenerssynergists,CCO[P](=S)(OCC)Oc1ccccc1,0.7192296277094533,False,False,False,80,3,True
deet,134-62-3,"N,N-diethyl-3-methylbenzamide1979 Rules:N,N-diethyl-m-toluamide",MMOXZBCLCQITDF-UHFFFAOYSA-N,insect repellents,CCN(CC)C(=O)c1cccc(C)c1,0.7184022097170998,False,False,False,99,3,True
difenoconazole,119446-68-3,"3-chloro-4-[(2RS,4RS;2RS,4SR)-4-methyl-2-(1H-1,2,4-triazol-1-ylmethyl)-1,3-dioxolan-2-yl]phenyl 4-chlorophenyl ether",BQYJATMQXGBDHF-UHFFFAOYSA-N,fungicides (triazole),CC1COC(Cn2cncn2)(O1)c3ccc(Oc4ccc(Cl)cc4)cc3Cl,0.6167419310701172,False,False,False,45,5,True
difenopenten,81416-44-6,"(2E,4RS)-4-{4-[4-(trifluoromethyl)phenoxy]phenoxy}pent-2-enoic acid1979 Rules:(E)-(RS)-4-{4-[(Î±,Î±,Î±-trifluoro-p-tolyl)oxy]phenoxy}pent-2-enoic acid",ZJXKMHFMOPXCOJ-BIIKFXOESA-N,herbicides (aryloxyphenoxypropionic),CC(Oc1ccc(Oc2ccc(cc2)C(F)(F)F)cc1)\C=C\C(O)=O,0.7510424023911271,False,False,False,296,1,True
difenoxuron,14214-32-5,"3-[4-(4-methoxyphenoxy)phenyl]-1,1-dimethylurea",AMVYOVYGIJXTQB-UHFFFAOYSA-N,herbicides (phenylurea),COc1ccc(Oc2ccc(NC(=O)N(C)C)cc2)cc1,0.9342349779374836,False,False,False,136,1,True
difenzoquat,49866-87-7,"1,2-dimethyl-3,5-diphenyl-1H-pyrazolium",LBGPXIPGGRQBJW-UHFFFAOYSA-N,herbicides (quaternary ammonium),Cn1c(cc(c2ccccc2)[n+]1C)c3ccccc3,0.6167805960334685,False,False,False,722,1,True
diflovidazin,162320-67-4,"3-(2-chlorophenyl)-6-(2,6-difluorophenyl)-1,2,4,5-tetrazine",SWBHWUYHHJCADA-UHFFFAOYSA-N,acaricides (tetrazine),Fc1cccc(F)c1c2nnc(nn2)c3ccccc3Cl,0.726500525149114,False,False,False,70,4,True
diflubenzuron,35367-38-5,"N-[(4-chlorophenyl)carbamoyl]-2,6-difluorobenzamide1979 Rules:1-(4-chlorophenyl)-3-(2,6-difluorobenzoyl)urea",QQQYTWIFVNKMRW-UHFFFAOYSA-N,chemosterilantsinsecticides (benzoylurea),Fc1cccc(F)c1C(=O)NC(=O)Nc2ccc(Cl)cc2,0.8904352022299832,False,False,False,135,3,True
diflufenican,83164-33-4,"2â²,4â²-difluoro-2-[3-(trifluoromethyl)phenoxy]pyridine-3-carboxanilide1979 Rules:2â²,4â²-difluoro-2-[(Î±,Î±,Î±-trifluoro-m-tolyl)oxy]nicotinanilide",WYEHFWKAOXOVJD-UHFFFAOYSA-N,herbicides (phenyl ether),Fc1ccc(NC(=O)c2cccnc2Oc3cccc(c3)C(F)(F)F)c(F)c1,0.6012061639120281,False,False,False,127,3,True
diflufenican,83164-33-4,"2â²,4â²-difluoro-2-[3-(trifluoromethyl)phenoxy]pyridine-3-carboxanilide1979 Rules:2â²,4â²-difluoro-2-[(Î±,Î±,Î±-trifluoro-m-tolyl)oxy]nicotinanilide",WYEHFWKAOXOVJD-UHFFFAOYSA-N,herbicides (phenyl ether),Fc1ccc(NC(=O)c2cccnc2Oc3cccc(c3)C(F)(F)F)c(F)c1,0.6012061639120281,False,False,False,127,3,True
diflufenzopyr,1957168-02-3,"2-[(1E)-1-{2-[(3,5-difluorophenyl)carbamoyl]hydrazinylidene}ethyl]pyridine-3-carboxylic acid1979 Rules:2-{(E)-1-[4-(3,5-difluorophenyl)semicarbazono]ethyl}nicotinic acid",IRJQWZWMQCVOLA-DNTJNYDQSA-N,herbicides (arylcarboxylic acid),C/C(=N\NC(=O)NC1=CC(=CC(=C1)F)F)/C2=C(C=CC=N2)C(=O)O,0.5903722198281138,False,False,False,721,1,True
diflumetorim,130339-07-0,(RS)-5-chloro-N-{1-[4-(difluoromethoxy)phenyl]propyl}-6-methylpyrimidin-4-ylamine,NEKULYKCZPJMMJ-UHFFFAOYSA-N,fungicides (pyrimidinamine),CCC(C1=CC=C(C=C1)OC(F)F)NC2=NC=NC(=C2Cl)C,0.8417343845557106,False,False,False,720,1,True
dikegulac,18467-77-1,"2,3:4,6-di-O-isopropylidene-Î±-L-xylo-2-hexulofuranosonic acid",FWCBATIDXGJRMF-FLNNQWSLSA-N,plant growth regulators (growth inhibitor),CC1(C)OCC2OC3(OC(C)(C)OC3C2O1)C(O)=O,0.7436475690678767,False,False,False,290,2,True
dimefluazole,113170-74-4,"4-bromo-2-cyano-N,N-dimethyl-6-(trifluoromethyl)-1H-benzimidazole-1-sulfonamide",NUXCNUDGXUKOBN-UHFFFAOYSA-N,fungicides (benzimidazole),CN(C)[S](=O)(=O)n1c(nc2c(Br)cc(cc12)C(F)(F)F)C#N,0.77962087405307,False,False,False,719,1,True
dimefuron,34205-21-5,"3-[4-(5-tert-butyl-2,3-dihydro-2-oxo-1,3,4-oxadiazol-3-yl)-3-chlorophenyl]-1,1-dimethylurea",DHWRNDJOGMTCPB-UHFFFAOYSA-N,herbicides (phenylurea),CN(C)C(=O)Nc1ccc(N2N=C(OC2=O)C(C)(C)C)c(Cl)c1,0.912567009930771,False,False,False,718,1,True
xyloxadine,60263-88-9,"2-{[(RS)-1-(2,5-xylyl)ethyl]sulfonyl}pyridinium-1-olate",SMPPYMOPSFKMQX-UHFFFAOYSA-N,herbicides (pyridine),CC(c1cc(C)ccc1C)[S](=O)(=O)c2cccc[n+]2[O-],0.6444565007749788,False,False,False,157,2,True
dimepiperate,61432-55-1,S-(1-methyl-1-phenylethyl) piperidine-1-carbothioate,BWUPSGJXXPATLU-UHFFFAOYSA-N,herbicides (thiocarbamate),CC(C)(SC(=O)N1CCCCC1)c2ccccc2,0.7942661299311331,False,False,False,717,1,True
dimepyrolimet,3056779-02-0,"(3S,4S)-N-(5-chloro-1-methyl-1H-pyrazol-4-yl)-4-(3,5-dimethylphenyl)-1-methyl-2-oxopyrrolidine-3-carboxamide",TVVANMBOCNCMID-HIFRSBDPSA-N,herbicides (arylpyrrolidinone anilide),CC1=CC(=CC(=C1)[C@H]2CN(C(=O)[C@@H]2C(=O)NC3=C(N(N=C3)C)Cl)C)C,0.8550288598214064,False,False,False,716,1,True
dimesulfazet,1215111-77-5,"2â²-[(3,3-dimethyl-2-oxoazetidin-1-yl)methyl]-1,1,1-trifluoromethanesulfonanilide",FITSYTCYOITKJL-UHFFFAOYSA-N,herbicides (trifluoromethanesulfonanilide),CC1(CN(C1=O)CC2=CC=CC=C2NS(=O)(=O)C(F)(F)F)C,0.8582879592301104,False,False,False,715,1,True
dimetachlone,24096-53-5,"1-(3,5-dichlorophenyl)pyrrolidine-2,5-dione1979 Rules:N-(3,5-dichlorophenyl)succinimide",CFZLNRGUBAVQNO-UHFFFAOYSA-N,fungicides (dicarboximide),Clc1cc(Cl)cc(c1)N2C(=O)CCC2=O,0.7118590099339056,False,False,False,295,2,True
dimetan,122-15-6,"5,5-dimethyl-3-oxocyclohex-1-en-1-yl dimethylcarbamate",ITEQSCBLCCNACE-UHFFFAOYSA-N,insecticides (dimethylcarbamate),CN(C)C(=O)OC1=CC(=O)CC(C)(C)C1,0.6656871192445907,False,False,False,714,1,True
dimetachlone,24096-53-5,"1-(3,5-dichlorophenyl)pyrrolidine-2,5-dione1979 Rules:N-(3,5-dichlorophenyl)succinimide",CFZLNRGUBAVQNO-UHFFFAOYSA-N,fungicides (dicarboximide),Clc1cc(Cl)cc(c1)N2C(=O)CCC2=O,0.7118590099339056,False,False,False,295,2,True
dimethachlor,50563-36-5,"2-chloro-N-(2-methoxyethyl)-2â²,6â²-dimethylacetanilide",SCCDDNKJYDZXMM-UHFFFAOYSA-N,herbicides (chloroacetamide),COCCN(C(=O)CCl)c1c(C)cccc1C,0.7570279473144321,False,False,False,713,1,True
dimethametryn,22936-75-0,"(RS)-N2-(1,2-dimethylpropyl)-N4-ethyl-6-(methylthio)-1,3,5-triazine-2,4-diamine",IKYICRRUVNIHPP-UHFFFAOYSA-N,herbicides (alkylthiotriazine),CCNc1nc(NC(C)C(C)C)nc(SC)n1,0.7614726198180213,False,False,False,2,15,True
dimethenamid,87674-68-8,"(RS)-2-chloro-N-(2,4-dimethyl-3-thienyl)-N-(2-methoxy-1-methylethyl)acetamide",JLYFCTQDENRSOL-UHFFFAOYSA-N,herbicides (chloroacetamide),COCC(C)N(C(=O)CCl)c1c(C)scc1C,0.7734566008376961,False,False,False,294,2,True
dimethenamid-p,163515-14-8,"(S)-2-chloro-N-(2,4-dimethyl-3-thienyl)-N-(2-methoxy-1-methylethyl)acetamide",JLYFCTQDENRSOL-VIFPVBQESA-N,herbicides (chloroacetamide),CC1=CSC(=C1N([C@@H](C)COC)C(=O)CCl)C,0.7734566008376961,False,False,False,294,2,True
dimethipin,55290-64-7,"2,3-dihydro-5,6-dimethyl-1,4-dithiine 1,1,4,4-tetraoxide",PHVNLLCAQHGNKU-UHFFFAOYSA-N,plant growth regulators (defoliant),CC1=C(C)[S](=O)(=O)CC[S]1(=O)=O,0.5675858777369228,False,False,False,712,1,True
dimethirimol,5221-53-4,5-butyl-2-(dimethylamino)-6-methylpyrimidin-4-ol,CJHXCRMKMMBYJQ-UHFFFAOYSA-N,fungicides (aminopyrimidinol),CCCCC1=C(C)NC(=NC1=O)N(C)C,0.8169166161597726,False,False,False,711,1,True
dimethoate,60-51-5,"O,O-dimethyl S-[2-(methylamino)-2-oxoethyl] phosphorodithioate1979 Rules:O,O-dimethyl S-[(methylcarbamoyl)methyl] phosphorodithioate",MCWXGJITAZMZEV-UHFFFAOYSA-N,acaricides (aliphatic amide organothiophosphate)insecticides (aliphatic amide organothiophosphate)nematicides (aliphatic organothiophosphate),CNC(=O)CS[P](=S)(OC)OC,0.7121170418023706,False,False,False,34,6,True
dimethomorph,110488-70-5,"(2EZ)-3-(4-chlorophenyl)-3-(3,4-dimethoxyphenyl)-1-(morpholin-4-yl)propenone1979 Rules:(EZ)-4-[3-(4-chlorophenyl)-3-(3,4-dimethoxyphenyl)acryloyl]morpholine",QNBTYORWCCMPQP-UHFFFAOYSA-N,fungicides (cinnamamide),COc1ccc(cc1OC)C(=C\C(=O)N2CCOCC2)/c3ccc(Cl)cc3,0.7346614387427813,False,False,False,273,2,True
dimethrin,70-38-2,"2,4-dimethylbenzyl (1RS,3RS;1RS,3SR)-2,2-dimethyl-3-(2-methylprop-1-enyl)cyclopropanecarboxylatepre-1969 name:2,4-dimethylbenzyl (Â±)-cis-trans-chrysanthemate",FHNKBSDJERHDHZ-UHFFFAOYSA-N,insecticides (pyrethroid),CC(C)=CC1C(C(=O)OCc2ccc(C)cc2C)C1(C)C,0.5977199087526817,False,False,False,710,1,True
dimethyl%20phthalate,131-11-3,dimethyl phthalate,NIQCNGHVCWTJSM-UHFFFAOYSA-N,insect repellents,COC(=O)c1ccccc1C(=O)OC,0.6648651607326014,False,False,False,709,1,True
dimethylvinphos,67628-93-7,"(Z)-2-chloro-1-(2,4-dichlorophenyl)vinyl dimethyl phosphate",QSGNQELHULIMSJ-POHAHGRESA-N,insecticides (organophosphate),COP(=O)(OC)O/C(=C\Cl)/C1=C(C=C(C=C1)Cl)Cl,0.5655682245872823,False,False,False,293,2,True
dimetilan,644-64-4,1-(dimethylcarbamoyl)-5-methyl-1H-pyrazol-3-yl dimethylcarbamate,RDBIYWSVMRVKSG-UHFFFAOYSA-N,insecticides (dimethylcarbamate),CN(C)C(=O)Oc1cc(C)n(n1)C(=O)N(C)C,0.7271671448939994,False,False,False,708,1,True
dimidazon,3295-78-1,"4,5-dimethoxy-2-phenylpyridazin-3(2H)-one",NEFZKJCNHBXWLP-UHFFFAOYSA-N,herbicides (pyridazinone),COC1=C(C(=O)N(N=C1)C2=CC=CC=C2)OC,0.7987816230421367,False,False,False,707,1,True
dimoxystrobin,149961-52-4,"(2E)-2-{2-[(2,5-dimethylphenoxy)methyl]phenyl}-2-(methoxyimino)-N-methylacetamide1979 Rules:(E)-2-(methoxyimino)-N-methyl-2-[Î±-(2,5-xylyloxy)-o-tolyl]acetamide",WXUZAHCNPWONDH-DYTRJAOYSA-N,fungicides (oximinoacetamide),CC1=CC(=C(C=C1)C)OCC2=CC=CC=C2/C(=N\OC)/C(=O)NC,0.65564090661253,False,False,False,706,1,True
dimpropyridaz,1403615-77-9,"1-[(1RS)-1,2-dimethylpropyl]-N-ethyl-5-methyl-N-pyridazin-4-yl-1H-pyrazole-4-carboxamide",NQPGZXOPMRKAGJ-UHFFFAOYSA-N,insecticides (pyrazolecarboxamide),CCN(C1=CN=NC=C1)C(=O)C2=C(N(N=C2)C(C)C(C)C)C,0.8515469872630421,False,False,False,705,1,True
diazinon,333-41-5,"O,O-diethyl O-(2-isopropyl-6-methylpyrimidin-4-yl) phosphorothioate",FHIVAFMUCKRCQO-UHFFFAOYSA-N,acaricides (aryl organothiophosphate)insecticides (aryl organothiophosphate),CCO[P](=S)(OCC)Oc1cc(C)nc(n1)C(C)C,0.7176158745437983,False,False,False,9,10,True
daimuron,42609-52-9,1-(1-methyl-1-phenylethyl)-3-p-tolylurea,NNYRZQHKCHEXSD-UHFFFAOYSA-N,herbicides (phenylurea),Cc1ccc(NC(=O)NC(C)(C)c2ccccc2)cc1,0.865879497477927,False,False,False,133,3,True
dinex,131-89-5,"2-cyclohexyl-4,6-dinitrophenol",QJYHUJAGJUHXJN-UHFFFAOYSA-N,acaricides (dinitrophenol)insecticides (dinitrophenol),Oc1c(cc(cc1[N+]([O-])=O)[N+]([O-])=O)C2CCCCC2,0.6669930006328431,False,False,False,207,2,True
pyrisoxazole,847749-37-5,"3-[(3R,5RS)-5-(4-chlorophenyl)-2,3-dimethylisoxazolidin-3-yl]pyridine",DHTJFQWHCVTNRY-OEMAIJDKSA-N,fungicides (pyridine),C[C@@]1(CC(ON1C)C2=CC=C(C=C2)Cl)C3=CN=CC=C3,0.8362790680976939,False,False,False,188,2,True
diniconazole,83657-24-3,"(E)-(RS)-1-(2,4-dichlorophenyl)-4,4-dimethyl-2-(1H-1,2,4-triazol-1-yl)pent-1-en-3-ol",FBOUIAKEJMZPQG-AWNIVKPZSA-N,fungicides (triazole),CC(C)(C)C(O)\C(=C/c1ccc(Cl)cc1Cl)n2cncn2,0.9277249828492864,False,False,False,29,6,True
diniconazole-m,83657-18-5,"(E)-(R)-1-(2,4-dichlorophenyl)-4,4-dimethyl-2-(1H-1,2,4-triazol-1-yl)pent-1-en-3-ol",FBOUIAKEJMZPQG-BLXFFLACSA-N,fungicides (triazole),CC(C)(C)[C@@H](O)\C(=C/c1ccc(Cl)cc1Cl)n2cncn2,0.9277249828492864,False,False,False,29,6,True
diniconazole-m,83657-18-5,"(E)-(R)-1-(2,4-dichlorophenyl)-4,4-dimethyl-2-(1H-1,2,4-triazol-1-yl)pent-1-en-3-ol",FBOUIAKEJMZPQG-BLXFFLACSA-N,fungicides (triazole),CC(C)(C)[C@@H](O)\C(=C/c1ccc(Cl)cc1Cl)n2cncn2,0.9277249828492864,False,False,False,29,6,True
dinitramine,29091-05-2,"N1,N1-diethyl-2,6-dinitro-4-(trifluoromethyl)-m-phenylenediamine",OFDYMSKSGFSLLM-UHFFFAOYSA-N,herbicides (dinitroaniline),CCN(CC)c1c(cc(c(N)c1[N+]([O-])=O)C(F)(F)F)[N+]([O-])=O,0.5059504568728941,False,False,False,704,1,True
dinoprop,7257-41-2,"4,6-dinitro-o-cymen-3-ol",SOPHXJOERHTMIL-UHFFFAOYSA-N,herbicides (dinitrophenol)insecticides (dinitrophenol),CC1=C(C(=C(C=C1[N+](=O)[O-])[N+](=O)[O-])O)C(C)C,0.6450452038706177,False,False,False,703,1,True
dinosam,4097-36-3,"(RS)-2-(1-methylbutyl)-4,6-dinitrophenol",PSOZMUMWCXLRKX-UHFFFAOYSA-N,herbicides (dinitrophenol)insecticides (dinitrophenol),CCCC(C)c1cc(cc(c1O)[N+]([O-])=O)[N+]([O-])=O,0.6412242980031436,False,False,False,292,2,True
dinoseb,88-85-7,"2-[(1RS)-1-methylpropyl]-4,6-dinitrophenol1979 Rules:(RS)-2-sec-butyl-4,6-dinitrophenol",OWZPCEFYPSAJFR-UHFFFAOYSA-N,herbicides (dinitrophenol),CCC(C)c1cc(cc(c1O)[N+]([O-])=O)[N+]([O-])=O,0.6426558619443419,False,False,False,292,2,True
dinoterb,1420-07-1,"2-tert-butyl-4,6-dinitrophenol",IIPZYDQGBIWLBU-UHFFFAOYSA-N,herbicides (dinitrophenol),CC(C)(C)c1cc(cc(c1O)[N+]([O-])=O)[N+]([O-])=O,0.630808759852457,False,False,False,289,2,True
diofenolan,63837-33-2,"mixture of 50%â80% (2RS,4SR)-4-[(2-ethyl-1,3-dioxolan-4-yl)methoxy]phenyl phenyl ether and 50%â20% (2RS,4RS)-4-[(2-ethyl-1,3-dioxolan-4-yl)methoxy]phenyl phenyl ether",ZDOOQPFIGYHZFV-UHFFFAOYSA-N,insecticides (juvenile hormone mimic),CC[C@H]1OC[C@@H](COc2ccc(Oc3ccccc3)cc2)O1,0.8074775122555634,False,False,False,702,1,True
dioxabenzofos,3811-49-2,"(RS)-2-methoxy-4H-1,3,2Î»5-benzodioxaphosphinine 2-sulfideor(RS)-2-methoxy-4H-1,3,2Î»5-benzodioxaphosphorine 2-sulfide",OUNSASXJZHBGAI-UHFFFAOYSA-N,insecticides (organothiophosphate),CO[P]1(=S)OCc2ccccc2O1,0.6738325541151663,False,False,False,701,1,True
dioxacarb,6988-21-2,"2-(1,3-dioxolan-2-yl)phenyl methylcarbamate",SDKQRNRRDYRQKY-UHFFFAOYSA-N,insecticides (phenyl carbamate),CNC(=O)Oc1ccccc1C2OCCO2,0.8240134854863425,False,False,False,700,1,True
diphacinone,82-66-6,"2-(diphenylacetyl)indane-1,3-dione1979 Rules:2-(diphenylacetyl)indan-1,3-dione",JYGLAHSAISAEAL-UHFFFAOYSA-N,rodenticides (indandione),[Na+].O=C(C(c1ccccc1)c2ccccc2)C3C(=O)c4ccccc4C3=O,0.5150793095366205,False,False,False,73,4,True
diphacinone,82-66-6,"2-(diphenylacetyl)indane-1,3-dione1979 Rules:2-(diphenylacetyl)indan-1,3-dione",JYGLAHSAISAEAL-UHFFFAOYSA-N,rodenticides (indandione),[Na+].O=C(C(c1ccccc1)c2ccccc2)C3C(=O)c4ccccc4C3=O,0.5150793095366205,False,False,False,73,4,True
diphacinone,82-66-6,"2-(diphenylacetyl)indane-1,3-dione1979 Rules:2-(diphenylacetyl)indan-1,3-dione",JYGLAHSAISAEAL-UHFFFAOYSA-N,rodenticides (indandione),[Na+].O=C(C(c1ccccc1)c2ccccc2)C3C(=O)c4ccccc4C3=O,0.5150793095366205,False,False,False,73,4,True
diphenamid,957-51-7,"N,N-dimethyl-2,2-diphenylacetamide",QAHFOPIILNICLA-UHFFFAOYSA-N,herbicides (acetamide),CN(C)C(=O)C(c1ccccc1)c2ccccc2,0.8061469513152792,False,False,False,291,2,True
diphenamid,957-51-7,"N,N-dimethyl-2,2-diphenylacetamide",QAHFOPIILNICLA-UHFFFAOYSA-N,herbicides (acetamide),CN(C)C(=O)C(c1ccccc1)c2ccccc2,0.8061469513152792,False,False,False,291,2,True
diphenylamine,122-39-4,diphenylamine,DMBHHRLKUKUOEG-UHFFFAOYSA-N,fungicides (aromatic),N(c1ccccc1)c2ccccc2,0.7258030102508874,False,False,False,699,1,True
diphenyl%20sulfone,127-63-9,diphenyl sulfone,KZTYYGOKRVBIMI-UHFFFAOYSA-N,acaricides (diphenylsulfone),O=[S](=O)(c1ccccc1)c2ccccc2,0.7757963953886716,False,False,False,698,1,True
tetrasul,2227-13-6,"4-chlorophenyl 2,4,5-trichlorophenyl sulfide",QUWSDLYBOVGOCW-UHFFFAOYSA-N,acaricides (diphenylsulfide),Clc1ccc(Sc2cc(Cl)c(Cl)cc2Cl)cc1,0.5719646142574057,False,False,False,92,3,True
dikegulac,18467-77-1,"2,3:4,6-di-O-isopropylidene-Î±-L-xylo-2-hexulofuranosonic acid",FWCBATIDXGJRMF-FLNNQWSLSA-N,plant growth regulators (growth inhibitor),CC1(C)OCC2OC3(OC(C)(C)OC3C2O1)C(O)=O,0.7436475690678767,False,False,False,290,2,True
dipropalin,1918-08-7,"4-methyl-2,6-dinitro-N,N-dipropylaniline1979 Rules:2,6-dinitro-N,N-dipropyl-p-toluidine",UDVZOMAEGATTSE-UHFFFAOYSA-N,herbicides (dinitroaniline),CCCN(CCC)c1c(cc(C)cc1[N+]([O-])=O)[N+]([O-])=O,0.5637604303464109,False,False,False,19,7,True
dipropetryn,4147-51-7,"6-(ethylthio)-N2,N4-diisopropyl-1,3,5-triazine-2,4-diamine",NPWMZOGDXOFZIN-UHFFFAOYSA-N,herbicides (alkylthiotriazine),CCSc1nc(NC(C)C)nc(NC(C)C)n1,0.7619234898250259,False,False,False,134,1,True
dipymetitrone,16114-35-5,"2,6-dimethyl-1H,5H-[1,4]dithiino[2,3-c:5,6-câ²]dipyrrole-1,3,5,7(2H,6H)-tetrone",FPKXBFWMIYHCID-UHFFFAOYSA-N,fungicides (unclassified),CN1C(=O)C2=C(C1=O)SC3=C(S2)C(=O)N(C3=O)C,0.5655057607493118,False,False,False,697,1,True
diquat,2764-72-9,"9,10-dihydro-8a,10a-diazoniaphenanthreneor6,7-dihydrodipyrido[1,2-a:2â²,1â²-c]pyrazine-5,8-diiumor1,1â²-ethylene-2,2â²-bipyridyldiylium",SYJFEGQWDCRVNX-UHFFFAOYSA-N,herbicides (quaternary ammonium),C1C[n+]2ccccc2c3cccc[n+]13,0.5383486697644574,False,False,False,98,3,True
dicamba,1918-00-9,"3,6-dichloro-2-methoxybenzoic acid1979 Rules:3,6-dichloro-o-anisic acid",IWEDIXLBFLAXBO-UHFFFAOYSA-N,herbicides (benzoic acid),COc1c(Cl)ccc(Cl)c1C(O)=O,0.8343805307908135,False,False,False,57,4,True
disul,149-26-8,"2-(2,4-dichlorophenoxy)ethyl hydrogen sulfate",HJEINPVZRDJRBY-UHFFFAOYSA-N,herbicides (phenoxyacetic),O[S](=O)(=O)OCCOc1ccc(Cl)cc1Cl,0.663511429992478,False,False,False,54,4,True
disulfiram,97-77-8,tetraethylthiuram disulfide,AUZONCFQVSMFAP-UHFFFAOYSA-N,acaricides (dithiocarbamate)fungicides (dithiocarbamate),CCN(CC)C(=S)SSC(=S)N(CC)CC,0.5731348904238733,False,False,False,93,3,True
ditalimfos,5131-24-8,"O,O-diethyl phthalimidophosphonothioate",MTBZIGHNGSTDJV-UHFFFAOYSA-N,fungicides (phosphoramidate),CCO[P](=S)(OCC)N1C(=O)c2ccccc2C1=O,0.61762903951066,False,False,False,696,1,True
dithianon,3347-22-6,"5,10-dihydro-5,10-dioxonaphtho[2,3-b]-1,4-dithiine-2,3-dicarbonitrile",PYZSVQVRHDXQSL-UHFFFAOYSA-N,fungicides (quinone),O=C1C2=C(SC(=C(S2)C#N)C#N)C(=O)c3ccccc13,0.6361955316929693,False,False,False,695,1,True
dithicrofos,41219-31-2,"S-[(RS)-6-chloro-3,4-dihydro-2H-1-benzothiin-4-yl] O,O-diethyl phosphorodithioate",QNZZKGBRJAVCIQ-UHFFFAOYSA-N,insecticides (arylalkyl organothiophosphate),CCO[P](=S)(OCC)SC1CCSc2ccc(Cl)cc12,0.5792500801673729,False,False,False,167,2,True
thiometon,640-15-3,"S-[2-(ethylthio)ethyl] O,O-dimethyl phosphorodithioate",OPASCBHCTNRLRM-UHFFFAOYSA-N,acaricides (aliphatic organothiophosphate)insecticides (aliphatic organothiophosphate),CCSCCS[P](=S)(OC)OC,0.5060697166799628,False,False,False,90,3,True
dithiopyr,97886-45-8,"S3,S5-dimethyl 2-(difluoromethyl)-4-(2-methylpropyl)-6-(trifluoromethyl)pyridine-3,5-dicarbothioate1979 Rules:S,Sâ²-dimethyl 2-(difluoromethyl)-4-isobutyl-6-(trifluoromethyl)pyridine-3,5-dicarbothioate",YUBJPYNSGLJZPQ-UHFFFAOYSA-N,herbicides (pyridine),CSC(=O)c1c(CC(C)C)c(C(=O)SC)c(nc1C(F)F)C(F)(F)F,0.631469996866326,False,False,False,694,1,True
dithiuron,,"1-[5-(2-chloro-1,1-dimethylethyl)-1,3,4-thiadiazol-2-yl]-1,3-dimethylurea",IYKPHPWPBFMVHA-UHFFFAOYSA-N,herbicides (thiadiazolylurea),CC(C)(CCl)C1=NN=C(S1)N(C)C(=O)NC,0.8458466270491335,False,False,False,59,4,True
diuron,330-54-1,"3-(3,4-dichlorophenyl)-1,1-dimethylurea",XMTQQYYKAHVGBJ-UHFFFAOYSA-N,algicidesherbicides (phenylurea),CN(C)C(=O)Nc1ccc(Cl)c(Cl)c1,0.7936220369870917,False,False,False,1,16,True
exd,502-55-6,"O,O-diethyl dithiobis(thioformate)",FVIGODVHAVLZOO-UHFFFAOYSA-N,herbicides (thiocarbonate)insecticides (thiocarbonate),CCOC(=S)SSC(=S)OCC,0.543277636906309,False,False,False,282,2,True
dmpa,299-85-4,"(RS)-[O-(2,4-dichlorophenyl) O-methyl isopropylphosphoramidothioate]",PJFGPJQBWSEWKX-UHFFFAOYSA-N,herbicides (phosphoramidate),CO[P](=S)(NC(C)C)Oc1ccc(Cl)cc1Cl,0.82354782689751,False,False,False,693,1,True
dnoc,534-52-1,"2-methyl-4,6-dinitrophenol1979 Rules:4,6-dinitro-o-cresol",ZXVONLUNISGICL-UHFFFAOYSA-N,acaricides (dinitrophenol)fungicides (dinitrophenol)herbicides (dinitrophenol)insecticides (dinitrophenol),Cc1cc(cc(c1O)[N+]([O-])=O)[N+]([O-])=O,0.5720654169940127,False,False,False,289,2,True
dodemorph,1593-77-7,"4-cyclododecyl-2,6-dimethylmorpholine",JMXKCYUTURMERF-UHFFFAOYSA-N,fungicides (morpholine),CC1CN(CC(C)O1)C2CCCCCCCCCCC2.CC(O)=O,0.7397511592243602,False,False,False,692,1,True
dofenapyn,42873-80-3,1-(pent-4-ynyloxy)-4-phenoxybenzene,PNXGNYJXJBKFRG-UHFFFAOYSA-N,acaricides (unclassified),C#CCCCOc1ccc(Oc2ccccc2)cc1,0.564296240602392,False,False,False,691,1,True
dichlorprop,120-36-5,"(2RS)-2-(2,4-dichlorophenoxy)propanoic acid1979 Rules:(RS)-2-(2,4-dichlorophenoxy)propionic acid",MZHCENGPTKEIGP-UHFFFAOYSA-N,herbicides (phenoxypropionic)plant growth regulators (auxin),CC(Oc1ccc(Cl)cc1Cl)C(O)=O,0.8755136638110982,False,False,False,5,12,True
"3,4-dp",3307-41-3,"(2RS)-2-(3,4-dichlorophenoxy)propanoic acid1979 Rules:(RS)-2-(3,4-dichlorophenoxy)propionic acid",BIPAGODSEBNAJR-UHFFFAOYSA-N,herbicides (phenoxypropionic),CC(Oc1ccc(Cl)c(Cl)c1)C(O)=O,0.8755136638110982,False,False,False,7,6,True
drazoxolon,5707-69-7,(EZ)-4-[(2-chlorophenyl)hydrazono]-3-methylisoxazol-5(4H)-one,OOTHTARUZHONSW-UHFFFAOYSA-N,fungicides (isoxazole),CC\1=NOC(=O)C1=N\Nc2ccccc2Cl,0.6324592100091715,False,False,False,690,1,True
bioallethrin,260359-57-7,"(1RS)-3-allyl-2-methyl-4-oxocyclopent-2-enyl (1R,3R)-2,2-dimethyl-3-(2-methylprop-1-enyl)cyclopropanecarboxylateRothamsted-style stereodescriptors:(1RS)-3-allyl-2-methyl-4-oxocyclopent-2-enyl (1R)-trans-2,2-dimethyl-3-(2-methylprop-1-enyl)cyclopropanecarboxylatepre-1969 name:(Â±)-3-allyl-2-methyl-4-oxocyclopent-2-enyl (+)-trans-chrysanthemate",ZCVAOQKBXKSDMS-AQYZNVCMSA-N,insecticides (pyrethroid),CC1=C(C(=O)CC1OC(=O)[C@@H]2[C@H](C2(C)C)C=C(C)C)CC=C,0.5692267993614908,False,False,False,0,17,True
bioresmethrin,28434-01-7,"(5-benzyl-3-furyl)methyl (1R,3R)-2,2-dimethyl-3-(2-methylprop-1-enyl)cyclopropanecarboxylateRothamsted-style stereodescriptors:(5-benzyl-3-furyl)methyl (1R)-trans-2,2-dimethyl-3-(2-methylprop-1-enyl)cyclopropanecarboxylatepre-1969 name:(5-benzyl-3-furyl)methyl (+)-trans-chrysanthemate",VEMKTZHHVJILDY-UXHICEINSA-N,insecticides (pyrethroid),CC(C)=CC1C(C(=O)OCc2coc(Cc3ccccc3)c2)C1(C)C,0.5398350143033008,False,False,False,11,9,True
daimuron,42609-52-9,1-(1-methyl-1-phenylethyl)-3-p-tolylurea,NNYRZQHKCHEXSD-UHFFFAOYSA-N,herbicides (phenylurea),Cc1ccc(NC(=O)NC(C)(C)c2ccccc2)cc1,0.865879497477927,False,False,False,133,3,True
IR3535,52304-36-6,ethyl N-acetyl-N-butyl-Î²-alaninateorethyl 3-[acetyl(butyl)amino]propanoate,VZRKEAFHFMSHCD-UHFFFAOYSA-N,insect repellents,CCCCN(CCC(=O)OCC)C(C)=O,0.6057739354290559,False,False,False,249,2,True
ebp,13286-32-3,"S-benzyl O,O-diethyl phosphorothioate",XFMJUIKWKVJNDY-UHFFFAOYSA-N,fungicides (organophosphate),CCO[P](=O)(OCC)SCc1ccccc1,0.691297463756901,False,False,False,72,4,True
cadusafos,95465-99-9,"O-ethyl S,S-bis[(1RS)-1-methylpropyl] phosphorodithioate1979 Rules:S,S-di-sec-butyl O-ethyl phosphorodithioate",KXRPCFINVWWFHQ-UHFFFAOYSA-N,insecticides (aliphatic organothiophosphate)nematicides (aliphatic organothiophosphate),CCO[P](=O)(SC(C)CC)SC(C)CC,0.5665945879088793,False,False,False,288,2,True
etridiazole,2593-15-9,"ethyl 3-(trichloromethyl)-1,2,4-thiadiazol-5-yl ether",KQTVWCSONPJJPE-UHFFFAOYSA-N,"fungicides (1,2,4-thiadiazole)",CCOc1snc(n1)C(Cl)(Cl)Cl,0.7539422010405088,False,False,False,283,2,True
edifenphos,17109-49-8,"O-ethyl S,S-diphenyl phosphorodithioate",AWZOLILCOUMRDG-UHFFFAOYSA-N,fungicides (phosphorothiolate),CCO[P](=O)(Sc1ccccc1)Sc2ccccc2,0.6377851680027075,False,False,False,287,2,True
edifenphos,17109-49-8,"O-ethyl S,S-diphenyl phosphorodithioate",AWZOLILCOUMRDG-UHFFFAOYSA-N,fungicides (phosphorothiolate),CCO[P](=O)(Sc1ccccc1)Sc2ccccc2,0.6377851680027075,False,False,False,287,2,True
eglinazine,68228-19-3,"N-[4-chloro-6-(ethylamino)-1,3,5-triazin-2-yl]glycine",IAUFMJOLSFEAIJ-UHFFFAOYSA-N,herbicides (chlorotriazine),CCNc1nc(Cl)nc(NCC(O)=O)n1,0.6766008783037176,False,False,False,21,5,True
empc,18809-57-9,4-(ethylthio)phenyl methylcarbamate,OZJCQBUSEOVJOW-UHFFFAOYSA-N,insecticides (phenyl carbamate),CCSc1ccc(OC(=O)NC)cc1,0.7806320046293386,False,False,False,689,1,True
2ip,2365-40-4,N-(3-methylbut-2-enyl)-7H-purin-6-amine1979 Rules:N-(3-methylbut-2-enyl)adenine,HYVABZIGRDEKCD-UHFFFAOYSA-N,plant growth regulators (cytokinin),CC(C)=CCNc1ncnc2nc[nH]c12,0.7454072830163815,False,False,False,26,6,True
endosulfan,115-29-7,"1,4,5,6,7,7-hexachloro-8,9,10-trinorborn-5-en-2,3-ylenebismethylene sulfiteor6,7,8,9,10,10-hexachloro-1,5,5a,6,9,9a-hexahydro-6,9-methano-2,4,3-benzodioxathiepin 3-oxide",RDYMFSUJUZBWLH-UHFFFAOYSA-N,acaricides (chlorinated cyclodiene)insecticides (chlorinated cyclodiene),ClC1=C(Cl)C2(Cl)C3CO[S](=O)OCC3C1(Cl)C2(Cl)Cl,0.5754087086057358,False,False,False,43,5,True
alpha-endosulfan,959-98-8,"equimolar mixture of 2 asymmetric, twisted-chair conformers of (5aR,6S,9R,9aS)-6,7,8,9,10,10-hexachloro-1,5,5a,6,9,9a-hexahydro-6,9-methano-2,4,3-benzodioxathiepin 3-oxide",RDYMFSUJUZBWLH-AZVNHNRSSA-N,insecticides (chlorinated cyclodiene),ClC1=C(Cl)C2(Cl)[C@H]3CO[S](=O)OC[C@H]3[C@]1(Cl)C2(Cl)Cl,0.5754087086057358,False,False,False,43,5,True
endothion,2778-04-3,"S-[(5-methoxy-4-oxo-4H-pyran-2-yl)methyl] O,O-dimethyl phosphorothioate",YCAGGFXSFQFVQL-UHFFFAOYSA-N,acaricides (arylalkyl organothiophosphate)insecticides (arylalkyl organothiophosphate),COC1=COC(=CC1=O)CS[P](=O)(OC)OC,0.7397430514942903,False,False,False,688,1,True
imazalil,35554-44-0,"allyl (RS)-1-(2,4-dichlorophenyl)-2-imidazol-1-ylethyl ether",PZBPKYOVPCNPJY-UHFFFAOYSA-N,fungicides (imidazole),Clc1ccc(C(Cn2ccnc2)OCC=C)c(Cl)c1,0.74944613446092,False,False,False,125,3,True
enprocymid,2757172-25-9,"N-cyclopropyl-N-[2-(2,4-dichlorophenyl)allyl]-3-(difluoromethyl)-5-fluoro-1-methyl-1H-pyrazole-4-carboxamide",RLCQQUQJUHSLLN-UHFFFAOYSA-N,fungicides (pyrazolecarboxamide fungicides),CN1C(=C(C(=N1)C(F)F)C(=O)N(CC(=C)C2=C(C=C(C=C2)Cl)Cl)C3CC3)F,0.6532782240079824,False,False,False,247,2,True
chlorfenson,80-33-1,4-chlorophenyl 4-chlorobenzenesulfonate,RZXLPPRPEOUENN-UHFFFAOYSA-N,acaricides (benzenesulfonate),Clc1ccc(O[S](=O)(=O)c2ccc(Cl)cc2)cc1,0.810849529507424,False,False,False,22,7,True
epofenonane,57342-02-6,"(Â±)-6,7-epoxy-3-ethyl-7-methylnonyl 4-ethylphenyl ether",YHDXOFFTMOZZPE-UHFFFAOYSA-N,insecticides (juvenile hormone mimic),CCC(CCOc1ccc(CC)cc1)CCC2OC2(C)CC,0.5403778883247913,False,False,False,687,1,True
epoxiconazole,133855-98-8,"(2RS,3SR)-1-[3-(2-chlorophenyl)-2,3-epoxy-2-(4-fluorophenyl)propyl]-1H-1,2,4-triazole",FEVYAAHIKWPJNV-TYDMEHBZSA-Nidentifier for no stereochemistry:ZMYFCFLJBGAQRS-UHFFFAOYSA-N,fungicides (triazole),Fc1ccc(cc1)[C@@]2(Cn3cncn3)O[C@H]2c4ccccc4Cl,0.6848294038218845,False,False,False,686,1,True
epronaz,59026-08-3,"N-ethyl-N-propyl-3-(propylsulfonyl)-1H-1,2,4-triazole-1-carboxamideor1-[ethyl(propyl)carbamoyl]-3-(propylsulfonyl)-1H-1,2,4-triazole",KCNUWLJAWRWKMO-UHFFFAOYSA-N,herbicides (triazolecarboxamide),CCCN(CC)C(=O)n1cnc(n1)[S](=O)(=O)CCC,0.7838593875758851,False,False,False,685,1,True
eptc,759-94-4,S-ethyl dipropylcarbamothioate1979 Rules:S-ethyl dipropyl(thiocarbamate),GUVLYNGULCJVDO-UHFFFAOYSA-N,herbicides (thiocarbamate),CCCN(CCC)C(=O)SCC,0.662395742153617,False,False,False,82,3,True
erlujixiancaoan,2533-89-3,"(2RS)-3â²,4â²-dichloro-2-methylpentananilide1979 Rules:(RS)-3â²,4â²-dichloro-2-methylvaleranilide",VUNCGGHZBFQRPB-UHFFFAOYSA-N,herbicides (anilide),CCCCCC(=O)Nc1ccc(Cl)c(Cl)c1,0.7749983592713813,False,False,False,47,3,True
esdepallethrine,28434-00-6,"(S)-3-allyl-2-methyl-4-oxocyclopent-2-enyl (1R,3R)-2,2-dimethyl-3-(2-methylprop-1-enyl)cyclopropanecarboxylateRothamsted-style stereodescriptors:(S)-3-allyl-2-methyl-4-oxocyclopent-2-enyl (1R)-trans-2,2-dimethyl-3-(2-methylprop-1-enyl)cyclopropanecarboxylate",ZCVAOQKBXKSDMS-PVAVHDDUSA-N,insecticides (pyrethroid),CC(C)=CC1C(C(=O)OC2CC(=O)C(=C2C)CC=C)C1(C)C,0.5692267993614909,False,False,False,0,17,True
oxydeprofos,2674-91-1,"S-[(1RS)-2-(ethylsulfinyl)-1-methylethyl] O,O-dimethyl phosphorothioate",JAYZFNIOOYPIAH-UHFFFAOYSA-N,acaricides (aliphatic organothiophosphate)insecticides (aliphatic organothiophosphate),CC[S](=O)CC(C)S[P](=O)(OC)OC,0.6572297405909878,False,False,False,211,2,True
esprocarb,85785-20-2,"S-benzyl ethyl[(2RS)-3-methylbutan-2-yl]carbamothioate1979 Rules:S-benzyl (RS)-(1,2-dimethylpropyl)ethyl(thiocarbamate)",BXEHUCNTIZGSOJ-UHFFFAOYSA-N,herbicides (thiocarbamate),CCN(C(C)C(C)C)C(=O)SCc1ccccc1,0.7858551182087112,False,False,False,166,2,True
etaconazole,60207-93-4,"1-{[(2RS,4RS;2RS,4SR)-2-(2,4-dichlorophenyl)-4-ethyl-1,3-dioxolan-2-yl]methyl}-1H-1,2,4-triazole",DWRKFAJEBUWTQM-UHFFFAOYSA-N,fungicides (triazole),CCC1COC(Cn2cncn2)(O1)c3ccc(Cl)cc3Cl,0.8643159148750348,False,False,False,45,5,True
etaphos,38527-91-2,"(RS)-[O-(2,4-dichlorophenyl) O-ethyl S-propyl phosphorothioate]",ZGPVUVBRTCPAPZ-UHFFFAOYSA-N,insecticides (phenyl organothiophosphate),CCCS[P](=O)(OCC)Oc1ccc(Cl)cc1Cl,0.6047364707078673,False,False,False,71,4,True
ethaboxam,162650-77-3,(RS)-N-[cyano(2-thienyl)methyl]-4-ethyl-2-(ethylamino)thiazole-5-carboxamide1979 Rules:(RS)-N-(Î±-cyano-2-thenyl)-4-ethyl-2-(ethylamino)thiazole-5-carboxamide,NQRFDNJEBWAUBL-UHFFFAOYSA-N,fungicides (thiazolecarboxamide),CCC1=C(SC(=N1)NCC)C(=O)NC(C#N)C2=CC=CS2,0.8565798717815843,False,False,False,684,1,True
ethachlor,51218-31-6,2-chloro-N-(ethoxymethyl)-2â²-ethylacetanilide,QJTJSFKYIUWWJE-UHFFFAOYSA-N,herbicides (chloroacetamide),CCC1=CC=CC=C1N(COCC)C(=O)CCl,0.5779142731952176,False,False,False,286,1,True
ethametsulfuron,111353-84-5,"2-({[4-ethoxy-6-(methylamino)-1,3,5-triazin-2-yl]carbamoyl}sulfamoyl)benzoic acid",IRLGCAJYYKDTCG-UHFFFAOYSA-N,herbicides (triazinylsulfonylurea),CCOc1nc(NC)nc(NC(=O)N[S](=O)(=O)c2ccccc2C(O)=O)n1,0.5165309518005509,False,False,False,6,11,True
ethaprochlor,,2-chloro-2â²-ethyl-N-isopropylacetanilide,CIGFIQQHUGBWEL-UHFFFAOYSA-N,herbicides (chloroacetamide),CCC1=CC=CC=C1N(C(C)C)C(=O)CCl,0.7391610992956029,False,False,False,105,3,True
ethidimuron,30043-49-3,"1-[5-(ethylsulfonyl)-1,3,4-thiadiazol-2-yl]-1,3-dimethylurea",KCOCSOWTADCKOL-UHFFFAOYSA-N,herbicides (thiadiazolylurea),CC[S](=O)(=O)c1sc(nn1)N(C)C(=O)NC,0.7820287875033594,False,False,False,33,6,True
ethiofencarb,29973-13-5,2-[(ethylthio)methyl]phenyl methylcarbamate1979 Rules:Î±-(ethylthio)-o-tolyl methylcarbamate,HEZNVIYQEUHLNI-UHFFFAOYSA-N,insecticides (phenyl carbamate),CCSCc1ccccc1OC(=O)NC,0.8557628475820135,False,False,False,683,1,True
ethiolate,2941-55-1,S-ethyl diethylcarbamothioate1979 Rules:S-ethyl diethyl(thiocarbamate),WARIWGPBHKPYON-UHFFFAOYSA-N,herbicides (thiocarbamate),CCSC(=O)N(CC)CC,0.6321624263186296,False,False,False,132,2,True
ethiozin,64529-56-2,"4-amino-6-tert-butyl-3-(ethylthio)-1,2,4-triazin-5(4H)-one",ADZSGNDOZREKJK-UHFFFAOYSA-N,herbicides (triazinone),CCSC1=NN=C(C(=O)N1N)C(C)(C)C,0.5973396294157485,False,False,False,230,2,True
ethiprole,181587-01-9,"5-amino-1-[2,6-dichloro-4-(trifluoromethyl)phenyl]-4-(ethylsulfinyl)-1H-pyrazole-3-carbonitrile1979 Rules:5-amino-1-(2,6-dichloro-Î±,Î±,Î±-trifluoro-p-tolyl)-4-(ethylsulfinyl)-1H-pyrazole-3-carbonitrile",FNELVJVBIYMIMC-UHFFFAOYSA-N,insecticides (phenylpyrazole),CCS(=O)C1=C(N(N=C1C#N)C2=C(C=C(C=C2Cl)C(F)(F)F)Cl)N,0.8545457708906186,False,False,False,275,2,True
ethirimol,23947-60-6,5-butyl-2-(ethylamino)-6-methylpyrimidin-4-ol,BBXXLROWFHWFQY-UHFFFAOYSA-N,fungicides (aminopyrimidinol),CCCCC1=C(C)NC(=NC1=O)NCC,0.7777622124148633,False,False,False,682,1,True
ethoate-methyl,116-01-8,"S-[2-(ethylamino)-2-oxoethyl] O,O-dimethyl phosphorodithioate1979 Rules:S-[(ethylcarbamoyl)methyl] O,O-dimethyl phosphorodithioate",DICRHEJCQXFJBY-UHFFFAOYSA-N,acaricides (aliphatic amide organothiophosphate)insecticides (aliphatic amide organothiophosphate),CCNC(=O)CS[P](=S)(OC)OC,0.7139764909488177,False,False,False,34,6,True
etobenzanid,79540-50-4,"N-(2,3-dichlorophenyl)-4-(ethoxymethoxy)benzamide1979 Rules:2â²,3â²-dichloro-4-(ethoxymethoxy)benzanilide",ICWUMLXQKFTJMH-UHFFFAOYSA-N,herbicides (anilide),CCOCOC1=CC=C(C=C1)C(=O)NC2=C(C(=CC=C2)Cl)Cl,0.616604417792744,False,False,False,284,2,True
ethofumesate,26225-79-6,"(RS)-2-ethoxy-2,3-dihydro-3,3-dimethylbenzofuran-5-yl methanesulfonate",IRCMYGHHKLLGHV-UHFFFAOYSA-N,herbicides (benzofuran),CCOC1Oc2ccc(O[S](C)(=O)=O)cc2C1(C)C,0.7927974244467024,False,False,False,681,1,True
ethohexadiol,94-96-2,"(2RS,3RS;2RS,3SR)-2-ethylhexane-1,3-diol",RWLALWYNXFYRGW-UHFFFAOYSA-N,insect repellents,CCCC(O)C(CC)CO,0.6108521743033035,False,False,False,680,1,True
ethoprophos,13194-48-4,"O-ethyl S,S-dipropyl phosphorodithioate",VJYFKVYYMZPMAB-UHFFFAOYSA-N,insecticides (aliphatic organothiophosphate)nematicides (aliphatic organothiophosphate),CCCS[P](=O)(OCC)SCCC,0.5885787880791601,False,False,False,285,2,True
ethoprophos,13194-48-4,"O-ethyl S,S-dipropyl phosphorodithioate",VJYFKVYYMZPMAB-UHFFFAOYSA-N,insecticides (aliphatic organothiophosphate)nematicides (aliphatic organothiophosphate),CCCS[P](=O)(OCC)SCCC,0.5885787880791601,False,False,False,285,2,True
ethoxyfen,188634-90-4,"(2S)-2-({2-chloro-5-[2-chloro-4-(trifluoromethyl)phenoxy]benzoyl}oxy)propanoic acid1979 Rules:O-{2-chloro-5-[(2-chloro-Î±,Î±,Î±-trifluoro-p-tolyl)oxy]benzoyl}-L-lactic acid",NYHLMHAKWBUZDY-QMMMGPOBSA-N,herbicides (diphenyl ether),C[C@@H](C(=O)O)OC(=O)C1=C(C=CC(=C1)OC2=C(C=C(C=C2)C(F)(F)F)Cl)Cl,0.6494033817929866,False,False,False,264,2,True
ethoxyquin,91-53-2,"ethyl 2,2,4-trimethyl-1,2-dihydro-6-quinolyl ether1979 Rules:1,2-dihydro-2,2,4-trimethyl-6-quinolyl ethyl ether",DECIPOUIJURFOJ-UHFFFAOYSA-N,fungicides (quinoline),CCOc1ccc2NC(C)(C)C=C(C)c2c1,0.8153192987016582,False,False,False,198,2,True
ethoxysulfuron,126801-58-9,"2-ethoxyphenyl [(4,6-dimethoxypyrimidin-2-yl)carbamoyl]sulfamate1979 Rules:1-(4,6-dimethoxypyrimidin-2-yl)-3-[(2-ethoxyphenoxy)sulfonyl]urea",UWVKRNOCDUPIDM-UHFFFAOYSA-N,herbicides (pyrimidinylsulfonylurea),CCOC1=CC=CC=C1OS(=O)(=O)NC(=O)NC2=NC(=CC(=N2)OC)OC,0.6742035277321446,False,False,False,679,1,True
ethychlozate,27512-72-7,ethyl 5-chloro-3(1H)-indazolylacetate,GLPZEHFBLBYFHN-UHFFFAOYSA-N,plant growth regulators (auxin),CCOC(=O)Cc1[nH]nc2ccc(Cl)cc12,0.8353303516495372,False,False,False,678,1,True
ethyl-ddd,72-56-0,"1,1-dichloro-2,2-bis(4-ethylphenyl)ethane",QFMDFTQOJHFVNR-UHFFFAOYSA-N,insecticides (organochlorine),CCc1ccc(cc1)C(C(Cl)Cl)c2ccc(CC)cc2,0.6172082954661593,False,False,False,113,3,True
ethyl-ddd,72-56-0,"1,1-dichloro-2,2-bis(4-ethylphenyl)ethane",QFMDFTQOJHFVNR-UHFFFAOYSA-N,insecticides (organochlorine),CCc1ccc(cc1)C(C(Cl)Cl)c2ccc(CC)cc2,0.6172082954661593,False,False,False,113,3,True
tepp,107-49-3,tetraethyl diphosphate1970 Rules:tetraethyl pyrophosphate,IDCBOTIENDVCBQ-UHFFFAOYSA-N,acaricides (organophosphate)insecticides (organophosphate),CCO[P](=O)(OCC)O[P](=O)(OCC)OCC,0.5704004443653584,False,False,False,172,2,True
tebuconazole,107534-96-3,"(RS)-1-(4-chlorophenyl)-4,4-dimethyl-3-(1H-1,2,4-triazol-1-ylmethyl)pentan-3-ol",PXMNMQRDXWABCY-UHFFFAOYSA-N,fungicides (triazole),CC(C)(C)C(O)(CCc1ccc(Cl)cc1)Cn2cncn2,0.92141338710529,False,False,False,32,6,True
tebuconazole,107534-96-3,"(RS)-1-(4-chlorophenyl)-4,4-dimethyl-3-(1H-1,2,4-triazol-1-ylmethyl)pentan-3-ol",PXMNMQRDXWABCY-UHFFFAOYSA-N,fungicides (triazole),CC(C)(C)C(O)(CCc1ccc(Cl)cc1)Cn2cncn2,0.92141338710529,False,False,False,32,6,True
etinofen,2544-94-7,"2-(ethoxymethyl)-4,6-dinitrophenol1979 Rules:Î±-ethoxy-4,6-dinitro-o-cresol",DSABESMCWFGGNQ-UHFFFAOYSA-N,herbicides (dinitrophenol),CCOCc1cc(cc(c1O)[N+]([O-])=O)[N+]([O-])=O,0.6205009777139755,False,False,False,677,1,True
etnipromid,76120-22-4,"(2RS)-2-[5-(2,4-dichlorophenoxy)-2-nitrophenoxy]-N-ethylpropanamide1979 Rules:(RS)-2-[5-(2,4-dichlorophenoxy)-2-nitrophenoxy]-N-ethylpropionamide",YDEFRHHEMOGTCU-UHFFFAOYSA-N,herbicides (diphenyl ether),CCNC(=O)C(C)OC1=C(C=CC(=C1)OC2=C(C=C(C=C2)Cl)Cl)[N+](=O)[O-],0.5430134496372051,False,False,False,40,3,True
etobenzanid,79540-50-4,"N-(2,3-dichlorophenyl)-4-(ethoxymethoxy)benzamide1979 Rules:2â²,3â²-dichloro-4-(ethoxymethoxy)benzanilide",ICWUMLXQKFTJMH-UHFFFAOYSA-N,herbicides (anilide),CCOCOC1=CC=C(C=C1)C(=O)NC2=C(C(=CC=C2)Cl)Cl,0.616604417792744,False,False,False,284,2,True
etoxazole,153233-91-1,"(RS)-5-tert-butyl-2-[2-(2,6-difluorophenyl)-4,5-dihydrooxazol-4-yl]phenetole",IXSZQYVWNJNRAL-UHFFFAOYSA-N,acaricides (unclassified),CCOc1cc(ccc1C2COC(=N2)c3c(F)cccc3F)C(C)(C)C,0.7530843253038089,False,False,False,676,1,True
etridiazole,2593-15-9,"ethyl 3-(trichloromethyl)-1,2,4-thiadiazol-5-yl ether",KQTVWCSONPJJPE-UHFFFAOYSA-N,"fungicides (1,2,4-thiadiazole)",CCOc1snc(n1)C(Cl)(Cl)Cl,0.7539422010405088,False,False,False,283,2,True
etrimfos,38260-54-7,"O-(6-ethoxy-2-ethylpyrimidin-4-yl) O,O-dimethyl phosphorothioate",FGIWFCGDPUIBEZ-UHFFFAOYSA-N,insecticides (aryl organothiophosphate),CCOc1cc(O[P](=S)(OC)OC)nc(CC)n1,0.71457885603608,False,False,False,238,2,True
exd,502-55-6,"O,O-diethyl dithiobis(thioformate)",FVIGODVHAVLZOO-UHFFFAOYSA-N,herbicides (thiocarbonate)insecticides (thiocarbonate),CCOC(=S)SSC(=S)OCC,0.543277636906309,False,False,False,282,2,True
famoxacarb,1937-75-3,(1R)-1-(isopropylcarbamoyl)ethyl (3-chlorophenyl)carbamate1979 Rules:(R)-1-(isopropylcarbamoyl)ethyl 3-chlorocarbanilate,WNGVKDOGSQMHII-SECBINFHSA-N,herbicides (carbamate),CC(C)NC(=O)[C@@H](C)OC(=O)Nc1cccc(Cl)c1,0.8932372931090818,False,False,False,18,8,True
famoxadone,131807-57-3,"(RS)-3-anilino-5-methyl-5-(4-phenoxyphenyl)oxazolidine-2,4-dione",PCCSBWNGDMYFCW-UHFFFAOYSA-N,fungicides (oxazolidinedione),CC1(OC(=O)N(Nc2ccccc2)C1=O)c3ccc(Oc4ccccc4)cc3,0.7010614830472137,False,False,False,675,1,True
famphur,52-85-7,"O-[4-(dimethylsulfamoyl)phenyl] O,O-dimethyl phosphorothioate",JISACBWYRJHSMG-UHFFFAOYSA-N,insecticides (phenyl organothiophosphate),CO[P](=S)(OC)Oc1ccc(cc1)[S](=O)(=O)N(C)C,0.7436638196665123,False,False,False,281,2,True
d-fanshiluquebingjuzhi,,"(1S)-2-methyl-4-oxo-3-(prop-2-ynyl)cyclopent-2-enyl (1RS,3RS;1RS,3SR)-3-(2,2-dichlorovinyl)-2,2-dimethylcyclopropanecarboxylate",RQNZCZHWQZMZER-QRJNDHJOSA-N,insecticides (pyrethroid),CC1=C(C(=O)C[C@@H]1OC(=O)C2C(C2(C)C)C=C(Cl)Cl)CC#C,0.5769987226820185,False,False,False,0,17,True
chlorfenac,85-34-7,"(2,3,6-trichlorophenyl)acetic acid",QZXCCPZJCKEPSA-UHFFFAOYSA-N,herbicides (phenylcarboxylic acid),[Na+].[O-]C(=O)Cc1c(Cl)ccc(Cl)c1Cl,0.5030816826823596,False,False,False,280,2,True
fenamidone,161326-34-7,(S)-1-anilino-4-methyl-2-(methylthio)-4-phenylimidazolin-5-one,LMVPQMGRYSRMIW-KRWDZBQOSA-N,fungicides (imidazolinone),CSC1=N[C@](C)(C(=O)N1Nc2ccccc2)c3ccccc3,0.943477071849954,False,False,False,674,1,True
fenamiphos,22224-92-6,ethyl 3-methyl-4-(methylthio)phenyl (RS)-isopropylphosphoramidate1979 Rules:ethyl 4-(methylthio)-m-tolyl (RS)-isopropylphosphoramidate,ZCJPOPBZHLUFHF-UHFFFAOYSA-N,insecticides (phosphoramidate)nematicides (phosphoramidate),CCO[P](=O)(NC(C)C)Oc1ccc(SC)c(C)c1,0.6028623052666204,False,False,False,129,3,True
fenapanil,61019-78-1,(RS)-2-(imidazol-1-ylmethyl)-2-phenylhexanenitrile,OQOULEWDDRNBSG-UHFFFAOYSA-N,fungicides (imidazole),CCCCC(Cn1ccnc1)(C#N)c2ccccc2,0.7898319769611349,False,False,False,673,1,True
fenarimol,60168-88-9,"(RS)-(2-chlorophenyl)(4-chlorophenyl)(pyrimidin-5-yl)methanol1979 Rules:(Î±RS)-2,4â²-dichloro-Î±-(pyrimidin-5-yl)benzhydryl alcohol",NHOWDZOIZKMVAI-UHFFFAOYSA-N,fungicides (pyrimidine carbinol),OC(c1ccc(Cl)cc1)(c2cncnc2)c3ccccc3Cl,0.7869378281518706,False,False,False,131,3,True
fenasulam,78357-48-9,methyl N-[(4-{[(4-chloro-2-methylphenoxy)acetyl]amino}phenyl)sulfonyl]carbamate1979 Rules:methyl (N-{[(4-chloro-o-tolyl)oxy]acetyl}sulfanilyl)carbamate,LFDDUUFFHPNIPZ-UHFFFAOYSA-N,herbicides (carbamate),CC1=C(C=CC(=C1)Cl)OCC(=O)NC2=CC=C(C=C2)S(=O)(=O)NC(=O)OC,0.7541901741723936,False,False,False,672,1,True
fenazaflor,14255-88-0,"phenyl 5,6-dichloro-2-(trifluoromethyl)-1H-benzimidazole-1-carboxylate",ISVQSVPUDBVFFU-UHFFFAOYSA-N,acaricides (benzimidazole)insecticides (benzimidazole),FC(F)(F)c1nc2cc(Cl)c(Cl)cc2n1C(=O)Oc3ccccc3,0.5714719725065955,False,False,False,671,1,True
fenazaquin,120928-09-8,2-(4-tert-butylphenyl)ethyl quinazolin-4-yl ether1979 Rules:4-tert-butylphenethyl quinazolin-4-yl ether,DMYHGDXADUDKCQ-UHFFFAOYSA-N,acaricides (quinazoline)fungicides (quinazoline),CC(C)(C)c1ccc(CCOc2ncnc3ccccc23)cc1,0.7090802965350761,False,False,False,670,1,True
fenbuconazole,114369-43-6,"(RS)-4-(4-chlorophenyl)-2-phenyl-2-(1H-1,2,4-triazol-1-ylmethyl)butyronitrile",RQDJADAKIFFEKQ-UHFFFAOYSA-N,fungicides (triazole),Clc1ccc(CCC(Cn2cncn2)(C#N)c3ccccc3)cc1,0.6826282635068338,False,False,False,227,2,True
fenchlorazole,103112-36-3,"1-(2,4-dichlorophenyl)-5-(trichloromethyl)-1H-1,2,4-triazole-3-carboxylic acid",HKELWJONQIFBPO-UHFFFAOYSA-N,herbicide safeners,OC(=O)c1nn(c2ccc(Cl)cc2Cl)c(n1)C(Cl)(Cl)Cl,0.802727794007562,False,False,False,669,1,True
fenchlorphos,299-84-3,"O,O-dimethyl O-(2,4,5-trichlorophenyl) phosphorothioate",JHJOOSLFWRRSGU-UHFFFAOYSA-N,insecticides (phenyl organothiophosphate),CO[P](=S)(OC)Oc1cc(Cl)c(Cl)cc1Cl,0.6007801925845794,False,False,False,30,6,True
fenchlorphos,299-84-3,"O,O-dimethyl O-(2,4,5-trichlorophenyl) phosphorothioate",JHJOOSLFWRRSGU-UHFFFAOYSA-N,insecticides (phenyl organothiophosphate),CO[P](=S)(OC)Oc1cc(Cl)c(Cl)cc1Cl,0.6007801925845794,False,False,False,30,6,True
fenclorim,3740-92-9,"4,6-dichloro-2-phenylpyrimidine",NRFQZTCQAYEXEE-UHFFFAOYSA-N,herbicide safeners,Clc1cc(Cl)nc(n1)c2ccccc2,0.6942849630459385,False,False,False,668,1,True
feneptamidoquin,2132414-06-1,"mixture of 80â100% N-[(1R)-1-benzyl-1,3-dimethylbutyl]-8-fluoroquinoline-3-carboxamide and 20â0% of the (1S)-isomer",RQQOBSVFTXVGRY-HSZRJFAPSA-N,fungicides (unclassified),CC(C)C[C@](C)(CC1=CC=CC=C1)NC(=O)C2=CN=C3C(=C2)C=CC=C3F,0.6570226283894954,False,False,False,667,1,True
fenethacarb,30087-47-9,"3,5-diethylphenyl methylcarbamate",HUNDISMVCBSIKO-UHFFFAOYSA-N,insecticides (phenyl carbamate),CCc1cc(CC)cc(OC(=O)NC)c1,0.8267008390088193,False,False,False,202,2,True
tebuconazole,107534-96-3,"(RS)-1-(4-chlorophenyl)-4,4-dimethyl-3-(1H-1,2,4-triazol-1-ylmethyl)pentan-3-ol",PXMNMQRDXWABCY-UHFFFAOYSA-N,fungicides (triazole),CC(C)(C)C(O)(CCc1ccc(Cl)cc1)Cn2cncn2,0.92141338710529,False,False,False,32,6,True
fenfuram,24691-80-3,2-methyl-3-furananilide1979 Rules:2-methyl-3-furanilide,JFSPBVWPKOEZCB-UHFFFAOYSA-N,fungicides (furancarboxamide),Cc1occc1C(=O)Nc2ccccc2,0.8112827471791438,False,False,False,666,1,True
fenhexamid,126833-17-8,"2â²,3â²-dichloro-4â²-hydroxy-1-methylcyclohexanecarboxanilide",VDLGAVXLJYLFDH-UHFFFAOYSA-N,fungicides (hydroxyanilide),CC1(CCCCC1)C(=O)Nc2ccc(O)c(Cl)c2Cl,0.7838522501795707,False,False,False,665,1,True
fenuron,101-42-8,"1,1-dimethyl-3-phenylurea",XXOYNJXVWVNOOJ-UHFFFAOYSA-N,herbicides (phenylurea),CN(C)C(=O)Nc1ccccc1,0.673780038104814,False,False,False,37,3,True
fenson,80-38-6,4-chlorophenyl benzenesulfonate,SPJOZZSIXXJYBT-UHFFFAOYSA-N,acaricides (benzenesulfonate),Clc1ccc(O[S](=O)(=O)c2ccccc2)cc1,0.803599829618978,False,False,False,22,7,True
fenjuntong,2887-61-8,1-(2-hydroxyphenyl)butan-1-one1979 Rules:2â²-hydroxybutyrophenone,GUDQIKIAWOAOFP-UHFFFAOYSA-N,fungicides (phenol),CCCC(=O)c1ccccc1O,0.6961837124639132,False,False,False,664,1,True
fenmezoditiaz,2246757-58-2,"(3R)-3-(2-chlorothiazol-5-yl)-8-methyl-7-oxo-6-phenyl-2,3,7,8-tetrahydro[1,3]thiazolo[3,2-a]pyrimidin-4-ium-5-olate1979 Rules:(3R)-3-(2-chlorothiazol-5-yl)-2,3,7,8-tetrahydro-8-methyl-7-oxo-6-phenyl[1,3]thiazolo[3,2-a]pyrimidin-4-io-5-olate",YGDKLOWGWUOTRD-SNVBAGLBSA-N,insecticides (mesoionic),C[N+]1=C2N([C@H](CS2)C3=CN=C(S3)Cl)C(=O)C(=C1[O-])C4=CC=CC=C4,0.5071936087168182,False,False,False,663,1,True
fenobucarb,3766-81-2,2-[(1RS)-1-methylpropyl]phenyl methylcarbamate1979 Rules:(RS)-2-sec-butylphenyl methylcarbamate,DIRFUJHNVNOBMY-UHFFFAOYSA-N,insecticides (phenyl carbamate),CCC(C)c1ccccc1OC(=O)NC,0.8271598708363036,False,False,False,25,7,True
fenoprop,93-72-1,"(2RS)-2-(2,4,5-trichlorophenoxy)propanoic acid1979 Rules:(RS)-2-(2,4,5-trichlorophenoxy)propionic acid",ZLSWBLPERHFHIS-UHFFFAOYSA-N,herbicides (phenoxypropionic)plant growth regulators (auxin),CC(Oc1cc(Cl)c(Cl)cc1Cl)C(O)=O,0.8543653385157547,False,False,False,5,12,True
fenothiocarb,62850-32-2,S-(4-phenoxybutyl) dimethylcarbamothioate1979 Rules:S-(4-phenoxybutyl) dimethyl(thiocarbamate),HMIBKHHNXANVHR-UHFFFAOYSA-N,acaricides (thiocarbamate),CN(C)C(=O)SCCCCOc1ccccc1,0.7287642620112318,False,False,False,662,1,True
fenoxacrim,65400-98-8,"3â²,4â²-dichloro-1,2,3,4-tetrahydro-6-hydroxy-1,3-dimethyl-2,4-dioxopyrimidine-5-carboxanilide",COHTVILOUURPNC-UHFFFAOYSA-NCAS-preferred tautomer:ARMMDWRARRNONS-UHFFFAOYSA-N,insecticides (unclassified),CN1C(=C(C(=O)Nc2ccc(Cl)c(Cl)c2)C(=O)N(C)C1=O)O,0.8600392596365992,False,False,False,661,1,True
fenoxanil,115852-48-7,"mixture of 85% (2R)-N-[(1RS)-1-cyano-1,2-dimethylpropyl]-2-(2,4-dichlorophenoxy)propanamide and 15% (2S)-N-[(1RS)-1-cyano-1,2-dimethylpropyl]-2-(2,4-dichlorophenoxy)propanamide1979 Rules:mixture of 85% (R)-N-[(RS)-1-cyano-1,2-dimethylpropyl]-2-(2,4-dichlorophenoxy)propionamide and 15% (S)-N-[(RS)-1-cyano-1,2-dimethylpropyl]-2-(2,4-dichlorophenoxy)propionamide",IUOKJNROJISWRO-UHFFFAOYSA-N,fungicides (propionamide),CC(C)C(C)(C#N)NC(=O)C(C)OC1=C(C=C(C=C1)Cl)Cl,0.8932444449574672,False,False,False,660,1,True
fenoxaprop,95617-09-7,"(2RS)-2-{4-[(6-chloro-1,3-benzoxazol-2-yl)oxy]phenoxy}propanoic acid1979 Rules:(RS)-2-{4-[(6-chloro-1,3-benzoxazol-2-yl)oxy]phenoxy}propionic acid",MPPOHAUSNPTFAJ-UHFFFAOYSA-N,herbicides (aryloxyphenoxypropionic),CC(Oc1ccc(Oc2oc3cc(Cl)ccc3n2)cc1)C(O)=O,0.7557599866544399,False,False,False,279,2,True
fenoxaprop-p,113158-40-0,"(2R)-2-{4-[(6-chloro-1,3-benzoxazol-2-yl)oxy]phenoxy}propanoic acid1979 Rules:(R)-2-{4-[(6-chloro-1,3-benzoxazol-2-yl)oxy]phenoxy}propionic acid",MPPOHAUSNPTFAJ-SECBINFHSA-N,herbicides (aryloxyphenoxypropionic),CC(Oc1ccc(Oc2oc3cc(Cl)ccc3n2)cc1)C(O)=O,0.7557599866544399,False,False,False,279,2,True
fenoxasulfone,639826-16-7,"2,5-dichloro-4-{[(5,5-dimethyl-4,5-dihydroisoxazol-3-yl)sulfonyl]methyl}phenyl ethyl ether1979 Rules:2,5-dichloro-Î±-[(4,5-dihydro-5,5-dimethylisoxazol-3-yl)sulfonyl]-p-tolyl ethyl ether",ACDZDIIWZVQMIX-UHFFFAOYSA-N,herbicides (isoxazoline),CCOC1=C(C=C(C(=C1)Cl)CS(=O)(=O)C2=NOC(C2)(C)C)Cl,0.8127000676987904,False,False,False,659,1,True
fenoxycarb,72490-01-8,ethyl [2-(4-phenoxyphenoxy)ethyl]carbamate,HJUFTIJOISQSKQ-UHFFFAOYSA-N,insecticides (juvenile hormone mimic),CCOC(=O)NCCOc1ccc(Oc2ccccc2)cc1,0.7938096615427636,False,False,False,658,1,True
fenpiclonil,74738-17-3,"4-(2,3-dichlorophenyl)-1H-pyrrole-3-carbonitrile",FKLFBQCQQYDUAM-UHFFFAOYSA-N,fungicides (phenylpyrrole),Clc1cccc(c1Cl)c2c[nH]cc2C#N,0.8030066804812016,False,False,False,657,1,True
fenpirithrin,68523-18-2,"(RS)-cyano(6-phenoxy-2-pyridyl)methyl (1RS,3RS;1RS,3SR)-3-(2,2-dichlorovinyl)-2,2-dimethylcyclopropanecarboxylate",IHVPAVRHNZFQKC-UHFFFAOYSA-N,insecticides (pyrethroid),CC1(C)C(C=C(Cl)Cl)C1C(=O)OC(C#N)c2cccc(Oc3ccccc3)n2,0.5746517752930994,False,False,False,8,10,True
fenpropathrin,39515-41-8,"(RS)-Î±-cyano-3-phenoxybenzyl 2,2,3,3-tetramethylcyclopropanecarboxylate",XQUXKZZNEFRCAW-UHFFFAOYSA-N,acaricides (pyrethroid)insecticides (pyrethroid),CC1(C)C(C(=O)OC(C#N)c2cccc(Oc3ccccc3)c2)C1(C)C,0.6900785284763721,False,False,False,8,10,True
fenpropidin,67306-00-7,1-[(RS)-3-(4-tert-butylphenyl)-2-methylpropyl]piperidine,MGNFYQILYYYUBS-UHFFFAOYSA-N,fungicides (piperidine),CC(CN1CCCCC1)Cc2ccc(cc2)C(C)(C)C,0.7716664697629185,False,False,False,278,2,True
fenpropimorph,67564-91-4,"cis-4-[(RS)-3-(4-tert-butylphenyl)-2-methylpropyl]-2,6-dimethylmorpholine",RYAUSSKQMZRMAI-ALOPSCKCSA-N,fungicides (morpholine),CC(CN1C[C@H](C)O[C@H](C)C1)Cc2ccc(cc2)C(C)(C)C,0.8232915937107526,False,False,False,278,2,True
fenpyrazamine,473798-59-3,"S-allyl 5-amino-2,3-dihydro-2-isopropyl-3-oxo-4-(o-tolyl)-1H-pyrazole-1-carbothioate",UTOHZQYBSYOOGC-UHFFFAOYSA-N,fungicides (aminopyrazolinone),CC1=CC=CC=C1C2=C(N(N(C2=O)C(C)C)C(=O)SCC=C)N,0.8677816278127308,False,False,False,656,1,True
fenridazon,68254-10-4,"1-(4-chlorophenyl)-1,4-dihydro-6-methyl-4-oxopyridazine-3-carboxylic acid",JDEKUYKSOCTBJT-UHFFFAOYSA-N,plant growth regulators (gametocide),CC1=CC(=O)C(=NN1c2ccc(Cl)cc2)C([O-])=O,0.7932941424452418,False,False,False,277,2,True
fenson,80-38-6,4-chlorophenyl benzenesulfonate,SPJOZZSIXXJYBT-UHFFFAOYSA-N,acaricides (benzenesulfonate),Clc1ccc(O[S](=O)(=O)c2ccccc2)cc1,0.803599829618978,False,False,False,22,7,True
fensulfothion,115-90-2,"O,O-diethyl O-[4-(methylsulfinyl)phenyl] phosphorothioate",XDNBJTQLKCIJBV-UHFFFAOYSA-N,insecticides (phenyl organothiophosphate)nematicides (phenyl organothiophosphate),CCO[P](=S)(OCC)Oc1ccc(cc1)[S](C)=O,0.7242833393045806,False,False,False,655,1,True
fenteracol,2122-77-2,"2-(2,4,5-trichlorophenoxy)ethanol",ATKFMEGWDYLXBP-UHFFFAOYSA-N,herbicides (phenoxyacetic),OCCOc1cc(Cl)c(Cl)cc1Cl,0.8244669791656941,False,False,False,130,1,True
fenthiaprop,73519-50-3,"(2RS)-2-{4-[(6-chloro-1,3-benzothiazol-2-yl)oxy]phenoxy}propanoic acid1979 Rules:(RS)-2-{4-[(6-chloro-1,3-benzothiazol-2-yl)oxy]phenoxy}propionic acid",WHWHBAUZDPEHEM-UHFFFAOYSA-N,herbicides (aryloxyphenoxypropionic),CC(Oc1ccc(Oc2sc3cc(Cl)ccc3n2)cc1)C(O)=O,0.7289490049727065,False,False,False,276,2,True
fenthion,55-38-9,"O,O-dimethyl O-[3-methyl-4-(methylthio)phenyl] phosphorothioate1979 Rules:O,O-dimethyl O-[4-(methylthio)-m-tolyl] phosphorothioate",PNVJTZOFSHSLTO-UHFFFAOYSA-N,avicidesinsecticides (phenyl organothiophosphate),CO[P](=S)(OC)Oc1ccc(SC)c(C)c1,0.6056546156883094,False,False,False,129,3,True
fenthion-ethyl,1716-09-2,"O,O-diethyl O-[3-methyl-4-(methylthio)phenyl] phosphorothioate1979 Rules:O,O-diethyl O-[4-(methylthio)-m-tolyl] phosphorothioate",WGWJBWHBOKETRC-UHFFFAOYSA-N,insecticides (phenyl organothiophosphate),CCO[P](=S)(OCC)Oc1ccc(SC)c(C)c1,0.5498964615036109,False,False,False,129,3,True
fenthiaprop,73519-50-3,"(2RS)-2-{4-[(6-chloro-1,3-benzothiazol-2-yl)oxy]phenoxy}propanoic acid1979 Rules:(RS)-2-{4-[(6-chloro-1,3-benzothiazol-2-yl)oxy]phenoxy}propionic acid",WHWHBAUZDPEHEM-UHFFFAOYSA-N,herbicides (aryloxyphenoxypropionic),CC(Oc1ccc(Oc2sc3cc(Cl)ccc3n2)cc1)C(O)=O,0.7289490049727065,False,False,False,276,2,True
fentrazamide,158237-07-1,"4-(2-chlorophenyl)-N-cyclohexyl-N-ethyl-4,5-dihydro-5-oxo-1H-tetrazole-1-carboxamide",LLQPHQFNMLZJMP-UHFFFAOYSA-N,herbicides (azolylcarboxamide),CCN(C1CCCCC1)C(=O)N2N=NN(C2=O)c3ccccc3Cl,0.7984809540712138,False,False,False,654,1,True
fenuron,101-42-8,"1,1-dimethyl-3-phenylurea",XXOYNJXVWVNOOJ-UHFFFAOYSA-N,herbicides (phenylurea),CN(C)C(=O)Nc1ccccc1,0.673780038104814,False,False,False,37,3,True
derivatives/fenuron%20tca,4482-55-7,"1,1-dimethyl-3-phenylurea - trichloroacetic acid (1:1)or1,1-dimethyl-3-phenyluronium trichloroacetate",XDWSZOWLJIWERG-UHFFFAOYSA-N,herbicides (phenylurea),C[NH+](C)C(=O)Nc1ccccc1.[O-]C(=O)C(Cl)(Cl)Cl,0.7365004932707836,False,False,False,653,1,True
ferimzone,89269-64-7,"(Z)-2â²-methylacetophenone (4,6-dimethylpyrimidin-2-yl)hydrazone",GOWLARCWZRESHU-AQTBWJFISA-N,fungicides (pyrimidinonehydrazone),Cc1cc(C)nc(N\N=C(\C)c2ccccc2C)n1,0.675438024217284,False,False,False,652,1,True
fipronil,120068-37-3,"5-amino-1-[2,6-dichloro-4-(trifluoromethyl)phenyl]-4-[(RS)-(trifluoromethyl)sulfinyl]-1H-pyrazole-3-carbonitrile1979 Rules:5-amino-1-(2,6-dichloro-Î±,Î±,Î±-trifluoro-p-tolyl)-4-[(RS)-(trifluoromethyl)sulfinyl]-1H-pyrazole-3-carbonitrile",ZOCSXAVNDGMNBV-UHFFFAOYSA-N,acaricides (phenylpyrazole)insecticides (phenylpyrazole),Nc1n(nc(C#N)c1[S](=O)C(F)(F)F)c2c(Cl)cc(cc2Cl)C(F)(F)F,0.7115155756202003,False,False,False,275,2,True
flamprop,58667-63-3,N-benzoyl-N-(3-chloro-4-fluorophenyl)-DL-alanine,YQVMVCCFZCMYQB-UHFFFAOYSA-N,herbicides (arylaminopropionic acid),CC(N(c1ccc(F)c(Cl)c1)C(=O)c2ccccc2)C(O)=O,0.9357148404463056,False,False,False,128,3,True
flamprop-m,90134-59-1,N-benzoyl-N-(3-chloro-4-fluorophenyl)-D-alanine,YQVMVCCFZCMYQB-SNVBAGLBSA-N,herbicides (arylaminopropionic acid),C[C@@H](N(c1ccc(F)c(Cl)c1)C(=O)c2ccccc2)C(O)=O,0.9357148404463056,False,False,False,128,3,True
flazasulfuron,104040-78-0,"N-[(4,6-dimethoxypyrimidin-2-yl)carbamoyl]-3-(trifluoromethyl)pyridine-2-sulfonamide1979 Rules:1-(4,6-dimethoxypyrimidin-2-yl)-3-{[3-(trifluoromethyl)-2-pyridyl]sulfonyl}urea",HWATZEJQIXKWQS-UHFFFAOYSA-N,herbicides (pyrimidinylsulfonylurea),COc1cc(OC)nc(NC(=O)N[S](=O)(=O)c2ncccc2C(F)(F)F)n1,0.7604964166802068,False,False,False,35,6,True
flonicamid,158062-67-0,N-(cyanomethyl)-4-(trifluoromethyl)pyridine-3-carboxamide1979 Rules:N-(cyanomethyl)-4-(trifluoromethyl)nicotinamide,RLQJEEJISHYWON-UHFFFAOYSA-N,insecticides (nicotinamide),FC(F)(F)c1ccncc1C(=O)NCC#N,0.7782594679392689,False,False,False,651,1,True
florasulam,145701-23-1,"2â²,6â²,8-trifluoro-5-methoxy[1,2,4]triazolo[1,5-c]pyrimidine-2-sulfonanilide",QZXATCCPQKOEIH-UHFFFAOYSA-N,herbicides (triazolopyrimidine),COC1=NC=C(C2=NC(=NN21)S(=O)(=O)NC3=C(C=CC=C3F)F)F,0.7550783022684632,False,False,False,650,1,True
florpyrauxifen,943832-81-3,4-amino-3-chloro-6-(4-chloro-2-fluoro-3-methoxyphenyl)-5-fluoropyridine-2-carboxylic acidpre-1969 name:4-amino-3-chloro-6-(4-chloro-2-fluoro-3-methoxyphenyl)-5-fluoropicolinic acid,XFZUQTKDBCOXPP-UHFFFAOYSA-N,herbicides (pyridinecarboxylic acid),COC1=C(C=CC(=C1F)C2=NC(=C(C(=C2F)N)Cl)C(=O)O)Cl,0.8840398962840627,False,False,False,257,2,True
fluazaindolizine,1254304-22-7,"8-chloro-N-[(2-chloro-5-methoxyphenyl)sulfonyl]-6-(trifluoromethyl)imidazo[1,2-a]pyridine-2-carboxamide",PHCCDUCBMCYSNQ-UHFFFAOYSA-N,nematicides (sulfonamide),COC1=CC(=C(C=C1)Cl)S(=O)(=O)NC(=O)C2=CN3C=C(C=C(C3=N2)Cl)C(F)(F)F,0.6297811059665112,False,False,False,649,1,True
fluazifop,69335-91-7,(2RS)-2-(4-{[5-(trifluoromethyl)-2-pyridyl]oxy}phenoxy)propanoic acid1979 Rules:(RS)-2-(4-{[5-(trifluoromethyl)-2-pyridyl]oxy}phenoxy)propionic acid,YUVKUEAFAVKILW-UHFFFAOYSA-N,herbicides (aryloxyphenoxypropionic),CC(Oc1ccc(Oc2ccc(cn2)C(F)(F)F)cc1)C(O)=O,0.9057293299067652,False,False,False,17,8,True
fluazifop-p,83066-88-0,(2R)-2-(4-{[5-(trifluoromethyl)-2-pyridyl]oxy}phenoxy)propanoic acid1979 Rules:(R)-2-(4-{[5-(trifluoromethyl)-2-pyridyl]oxy}phenoxy)propionic acid,YUVKUEAFAVKILW-SECBINFHSA-N,herbicides (aryloxyphenoxypropionic),C[C@@H](Oc1ccc(Oc2ccc(cn2)C(F)(F)F)cc1)C(O)=O,0.9057293299067652,False,False,False,17,8,True
flucarbazone,145026-88-6,"4,5-dihydro-3-methoxy-4-methyl-5-oxo-N-{[2-(trifluoromethoxy)phenyl]sulfonyl}-1H-1,2,4-triazole-1-carboxamide",GINFBXXYGUODAT-UHFFFAOYSA-N,herbicides (sulfonylaminocarbonyltriazolinone),COC1=NN(C(=O)N[S](=O)(=O)c2ccccc2OC(F)(F)F)C(=O)N1C,0.7956287866247685,False,False,False,648,1,True
fluchloraminopyr,2445980-81-2,"(2R)-2-[(4-amino-3,5-dichloro-6-fluoro-2-pyridyl)oxy]propanoic acid1979 Rules:(R)-2-[(4-amino-3,5-dichloro-6-fluoro-2-pyridyl)oxy]propionic acid",LEIWLFHGOGNSAD-UWTATZPHSA-N,herbicides (pyridyloxycarboxylic acid),C[C@H](C(=O)O)OC1=NC(=C(C(=C1Cl)N)Cl)F,0.8190080469386837,False,False,False,647,1,True
flucofuron,370-50-3,"1,3-bis[4-chloro-3-(trifluoromethyl)phenyl]urea1979 Rules:1,3-bis(4-chloro-Î±,Î±,Î±-trifluoro-m-tolyl)urea",ABOVRDBEJDIBMZ-UHFFFAOYSA-N,insecticides (urea),FC(F)(F)c1cc(NC(=O)Nc2ccc(Cl)c(c2)C(F)(F)F)ccc1Cl,0.5265798248956096,False,False,False,646,1,True
fludioxonil,131341-86-1,"4-(2,2-difluoro-1,3-benzodioxol-4-yl)-1H-pyrrole-3-carbonitrile",MUJOIMFVNIBMKC-UHFFFAOYSA-N,fungicides (phenylpyrrole),FC1(F)Oc2cccc(c2O1)c3c[nH]cc3C#N,0.8436434384722771,False,False,False,645,1,True
fluenetil,4301-50-2,2-fluoroethyl biphenyl-4-ylacetate,XAERLJMOUYEBAB-UHFFFAOYSA-N,acaricides (urea),FCCOC(=O)Cc1ccc(cc1)c2ccccc2,0.7681510729403359,False,False,False,274,2,True
fluenetil,4301-50-2,2-fluoroethyl biphenyl-4-ylacetate,XAERLJMOUYEBAB-UHFFFAOYSA-N,acaricides (urea),FCCOC(=O)Cc1ccc(cc1)c2ccccc2,0.7681510729403359,False,False,False,274,2,True
fluensulfone,318290-98-1,"5-chlorothiazol-2-yl 3,4,4-trifluorobut-3-enyl sulfone",XSNMWAPKHUGZGQ-UHFFFAOYSA-N,nematicides (fluoroalkene),C1=C(SC(=N1)S(=O)(=O)CCC(=C(F)F)F)Cl,0.8564389537544511,False,False,False,644,1,True
flufenacet,142459-58-3,"4â²-fluoro-N-isopropyl-2-{[5-(trifluoromethyl)-1,3,4-thiadiazol-2-yl]oxy}acetanilide",IANUJLZYFUDJIH-UHFFFAOYSA-N,herbicides (oxyacetamide),CC(C)N(C(=O)COc1sc(nn1)C(F)(F)F)c2ccc(F)cc2,0.763089425731024,False,False,False,265,2,True
flufenauxirim,3054208-46-4,6-amino-2-[2-fluoro-3-methoxy-4-(trifluoromethyl)phenyl]-5-methoxypyrimidine-4-carboxylic acid,WNQNYSQIBVZMHA-UHFFFAOYSA-N,herbicides (pyrimidinecarboxylic acid),COC1=C(C=CC(=C1F)C2=NC(=C(C(=N2)N)OC)C(=O)O)C(F)(F)F,0.8060907936769791,False,False,False,643,1,True
flufenazopyr,3052252-60-2,"3-ethyl-6-[3-(trifluoromethyl)-1H-1,2,4-triazol-1-yl]-2-[3-(trifluoromethyl)phenoxy]pyridineor3-ethyl-6-[3-(trifluoromethyl)-1H-1,2,4-triazol-1-yl]-2-pyridyl Î±,Î±,Î±-trifluoro-m-tolyl ether",NNXPECFUILDCIL-UHFFFAOYSA-N,herbicides (unclassified),CCC1=C(N=C(C=C1)N2C=NC(=N2)C(F)(F)F)OC3=CC=CC(=C3)C(F)(F)F,0.5731215211819054,False,False,False,642,1,True
flufenerim,170015-32-4,{5-chloro-6-[(RS)-1-fluoroethyl]pyrimidin-4-yl}{2-[4-(trifluoromethoxy)phenyl]ethyl}amine1979 Rules:{5-chloro-6-[(RS)-1-fluoroethyl]pyrimidin-4-yl}[4-(trifluoromethoxy)phenethyl]amine,GJEREQYJIQASAW-UHFFFAOYSA-N,insecticides (pyrimidinamine),CC(F)c1ncnc(NCCc2ccc(OC(F)(F)F)cc2)c1Cl,0.7547151752772051,False,False,False,641,1,True
flufenican,78863-62-4,"2-[3-(trifluoromethyl)phenoxy]pyridine-3-carboxanilide1979 Rules:2-[(Î±,Î±,Î±-trifluoro-m-tolyl)oxy]nicotinanilide",VHLJOTFFKVPIAA-UHFFFAOYSA-N,herbicides (phenyl ether),FC(F)(F)c1cccc(Oc2ncccc2C(=O)Nc3ccccc3)c1,0.7020925237980473,False,False,False,127,3,True
flufenoxadiazam,1839120-27-2,"2â²-fluoro-4-[5-(trifluoromethyl)-1,2,4-oxadiazol-3-yl]benzanilide",IEKSGOPPBDNFFP-UHFFFAOYSA-N,fungicides (phenylbenzamide),C1=CC=C(C(=C1)NC(=O)C2=CC=C(C=C2)C3=NOC(=N3)C(F)(F)F)F,0.7201280214114759,False,False,False,640,1,True
flufenpyr,188490-07-5,"{2-chloro-5-[1,6-dihydro-5-methyl-6-oxo-4-(trifluoromethyl)pyridazin-1-yl]-4-fluorophenoxy}acetic acid",WFZSZAXUALBVNX-UHFFFAOYSA-N,herbicides (N-phenylimide),CC1=C(C=NN(C1=O)c2cc(OCC(O)=O)c(Cl)cc2F)C(F)(F)F,0.8248597762023641,False,False,False,639,1,True
diflovidazin,162320-67-4,"3-(2-chlorophenyl)-6-(2,6-difluorophenyl)-1,2,4,5-tetrazine",SWBHWUYHHJCADA-UHFFFAOYSA-N,acaricides (tetrazine),Fc1cccc(F)c1c2nnc(nn2)c3ccccc3Cl,0.726500525149114,False,False,False,70,4,True
fluhexafon,1097630-26-6,"(2RS)-{[1(4)-EZ]-4-(methoxyimino)cyclohexyl}[(3,3,3-trifluoropropyl)sulfonyl]acetonitrile",NGLCOYIAJMJYQI-UHFFFAOYSA-N,insecticides (unclassified),CON=C1CCC(CC1)C(C#N)S(=O)(=O)CCC(F)(F)F,0.7268793442620237,False,False,False,638,1,True
fluindapyr,1383809-87-7,"3-(difluoromethyl)-N-[(3RS)-7-fluoro-2,3-dihydro-1,1,3-trimethyl-1H-inden-4-yl]-1-methyl-1H-pyrazole-4-carboxamide",XCGBHLLWJZOLEM-UHFFFAOYSA-N,fungicides (pyrazolecarboxamide),CC1CC(C2=C(C=CC(=C12)NC(=O)C3=CN(N=C3C(F)F)C)F)(C)C,0.8828075050692268,False,False,False,250,2,True
flumetnicam,158062-71-6,4-(trifluoromethyl)pyridine-3-carboxamide1979 Rules:4-(trifluoromethyl)nicotinamide,JUIWZYBJXUPIKF-UHFFFAOYSA-N,insecticides (nicotinamide),C1=CN=CC(=C1C(F)(F)F)C(=O)N,0.7227918083751957,False,False,False,637,1,True
flumetover,154025-04-4,"N-ethyl-3â²,4â²-dimethoxy-N-methyl-5-(trifluoromethyl)[1,1â²-biphenyl]-2-carboxamide1979 Rules:2-(3,4-dimethoxyphenyl)-N-ethyl-Î±,Î±,Î±-trifluoro-N-methyl-p-toluamide",XFOXDUJCOHBXRC-UHFFFAOYSA-N,fungicides (benzamide),CCN(C)C(=O)c1ccc(cc1c2ccc(OC)c(OC)c2)C(F)(F)F,0.7820754307629959,False,False,False,636,1,True
flumetsulam,98967-40-9,"2â²,6â²-difluoro-5-methyl[1,2,4]triazolo[1,5-a]pyrimidine-2-sulfonanilide",RXCPQSJAVKGONC-UHFFFAOYSA-N,herbicides (triazolopyrimidine),Cc1ccn2nc(nc2n1)[S](=O)(=O)Nc3c(F)cccc3F,0.7882980464495277,False,False,False,635,1,True
flumetylsulforim,1616664-98-2,"5-fluoro-4-imino-3-methyl-1-[(4-methylphenyl)sulfonyl]-3,4-dihydropyrimidin-2(1H)-one1979 Rules:5-fluoro-3,4-dihydro-4-imino-3-methyl-1-tosylpyrimidin-2(1H)-one",KVUHRPLZWABERU-UHFFFAOYSA-N,fungicides (unclassified),CC1=CC=C(C=C1)S(=O)(=O)N2C=C(C(=N)N(C2=O)C)F,0.8677198242043292,False,False,False,634,1,True
flumezin,25475-73-4,"2-methyl-4-[3-(trifluoromethyl)phenyl]-1,2,4-oxadiazinane-3,5-dione1979 Rules:2-methyl-4-(Î±,Î±,Î±-trifluoro-m-tolyl)-1,2,4-oxadiazinane-3,5-dione",FYEWDLAVQKIKQE-UHFFFAOYSA-N,herbicides (unclassified),CN1OCC(=O)N(C1=O)c2cccc(c2)C(F)(F)F,0.7869969426208654,False,False,False,633,1,True
flumiclorac,87547-04-4,"[2-chloro-5-(cyclohex-1-ene-1,2-dicarboximido)-4-fluorophenoxy]acetic acid",GQQIAHNFBAFBCS-UHFFFAOYSA-N,herbicides (N-phenylimide),OC(=O)COc1cc(N2C(=O)C3=C(CCCC3)C2=O)c(F)cc1Cl,0.8412412144905813,False,False,False,632,1,True
flumioxazin,103361-09-7,"N-[7-fluoro-3,4-dihydro-3-oxo-4-(prop-2-ynyl)-2H-1,4-benzoxazin-6-yl]cyclohex-1-ene-1,2-dicarboximide",FOUWCSDKDDHKQP-UHFFFAOYSA-N,herbicides (N-phenylimide),Fc1cc2OCC(=O)N(CC#C)c2cc1N3C(=O)C4=C(CCCC4)C3=O,0.6012426144382985,False,False,False,631,1,True
flumipropyn,84478-52-4,"(RS)-N-{4-chloro-2-fluoro-5-[(1-methylprop-2-ynyl)oxy]phenyl}cyclohex-1-ene-1,2-dicarboximide",ONNQFZOZHDEENE-UHFFFAOYSA-N,herbicides (N-phenylimide),CC(Oc1cc(N2C(=O)C3=C(CCCC3)C2=O)c(F)cc1Cl)C#C,0.6194155907169482,False,False,False,630,1,True
flumorph,211867-47-9,"(2EZ)-3-(3,4-dimethoxyphenyl)-3-(4-fluorophenyl)-1-(morpholin-4-yl)propenone [50% (E)-isomer, 50% (Z)-isomer]1979 Rules:(EZ)-4-[3-(3,4-dimethoxyphenyl)-3-(4-fluorophenyl)acryloyl]morpholine [50% (E)-isomer, 50% (Z)-isomer]",BKBSMMUEEAWFRX-UHFFFAOYSA-N,fungicides (cinnamamide),COC1=C(C=C(C=C1)C(=CC(=O)N2CCOCC2)C3=CC=C(C=C3)F)OC,0.7579828981774476,False,False,False,273,2,True
fluometuron,2164-17-2,"1,1-dimethyl-3-[3-(trifluoromethyl)phenyl]urea1979 Rules:1,1-dimethyl-3-(Î±,Î±,Î±-trifluoro-m-tolyl)urea",RZILCCPWPBTYDO-UHFFFAOYSA-N,herbicides (phenylurea),CN(C)C(=O)Nc1cccc(c1)C(F)(F)F,0.7928812498481534,False,False,False,209,2,True
fluopicolide,239110-15-7,"2,6-dichloro-N-{[3-chloro-5-(trifluoromethyl)-2-pyridyl]methyl}benzamide",GBOYJIHYACSLGN-UHFFFAOYSA-N,fungicides (benzamide),C1=CC(=C(C(=C1)Cl)C(=O)NCC2=C(C=C(C=N2)C(F)(F)F)Cl)Cl,0.8110869180575403,False,False,False,272,2,True
fluopimomide,1309859-39-9,"N-{[3-chloro-5-(trifluoromethyl)-2-pyridyl]methyl}-2,3,5,6-tetrafluoro-4-methoxybenzamide1979 Rules:N-{[3-chloro-5-(trifluoromethyl)-2-pyridyl]methyl}-2,3,5,6-tetrafluoro-p-anisamide",DNJKFZQFTZJKDK-UHFFFAOYSA-N,bactericidesfungicides (benzamide),COC1=C(C(=C(C(=C1F)F)C(=O)NCC2=C(C=C(C=N2)C(F)(F)F)Cl)F)F,0.5987290958594553,False,False,False,272,2,True
fluopyram,658066-35-4,"N-[2-[3-chloro-5-(trifluoromethyl)-2-pyridyl]ethyl]-2-(trifluoromethyl)benzamide1979 Rules:N-{2-[3-chloro-5-(trifluoromethyl)-2-pyridyl]ethyl}-Î±,Î±,Î±-trifluoro-o-toluamide",KVDJTXBXMWJJEF-UHFFFAOYSA-N,fungicides (pyridinylethylbenzamide)nematicides (pyridinylethylbenzamide),C1=CC=C(C(=C1)C(=O)NCCC2=C(C=C(C=N2)C(F)(F)F)Cl)C(F)(F)F,0.7581061261478513,False,False,False,629,1,True
fluorbenside,405-30-1,4-chlorobenzyl 4-fluorophenyl sulfide,GBZXOIUBLKUSJR-UHFFFAOYSA-N,acaricides (diphenylsulfide),Fc1ccc(SCc2ccc(Cl)cc2)cc1,0.7092630293734713,False,False,False,271,2,True
fluoridamid,47000-92-0,"4â²-methyl-3â²-{[(trifluoromethyl)sulfonyl]amino}acetanilide1979 Rules:4â²-methyl-3â²-(1,1,1-trifluoromethanesulfonamido)acetanilide",CUYDUAXYJJPSRK-UHFFFAOYSA-N,plant growth regulators (growth inhibitor),CC(=O)Nc1ccc(C)c(N[S](=O)(=O)C(F)(F)F)c1,0.89767088714415,False,False,False,236,2,True
flurochloridone,61213-25-0,"mixture of 65â85% (3RS,4RS)-3-chloro-4-(chloromethyl)-1-(Î±,Î±,Î±-trifluoro-m-tolyl)-2-pyrrolidone and 35â15% (3RS,4SR)-3-chloro-4-(chloromethyl)-1-(Î±,Î±,Î±-trifluoro-m-tolyl)-2-pyrrolidone",OQZCSNDVOWYALR-UHFFFAOYSA-N,herbicides (N-phenyl heterocycle),FC(F)(F)c1cccc(c1)N2CC(CCl)C(Cl)C2=O,0.7653470737021916,False,False,False,268,2,True
dfdt,475-26-3,"1,1,1-trichloro-2,2-bis(4-fluorophenyl)ethane",CLSXNIPAOWPLFR-UHFFFAOYSA-N,insecticides (organochlorine),Fc1ccc(cc1)C(c2ccc(F)cc2)C(Cl)(Cl)Cl,0.6436656507414886,False,False,False,16,8,True
fluorodifen,15457-05-3,"4-nitrophenyl 2-nitro-4-(trifluoromethyl)phenyl ether1979 Rules:4-nitrophenyl Î±,Î±,Î±-trifluoro-2-nitro-p-tolyl ether",HHMCAJWVGYGUEF-UHFFFAOYSA-N,herbicides (diphenyl ether),[O-][N+](=O)c1ccc(Oc2ccc(cc2[N+]([O-])=O)C(F)(F)F)cc1,0.6151490468551524,False,False,False,23,7,True
dfdt,475-26-3,"1,1,1-trichloro-2,2-bis(4-fluorophenyl)ethane",CLSXNIPAOWPLFR-UHFFFAOYSA-N,insecticides (organochlorine),Fc1ccc(cc1)C(c2ccc(F)cc2)C(Cl)(Cl)Cl,0.6436656507414886,False,False,False,16,8,True
fluoroimide,41205-21-4,"3,4-dichloro-1-(4-fluorophenyl)-1H-pyrrole-2,5-dione1979 Rules:2,3-dichloro-N-(4-fluorophenyl)maleimide",IPENDKRRWFURRE-UHFFFAOYSA-N,fungicides (maleimide),Fc1ccc(cc1)N2C(=O)C(=C(Cl)C2=O)Cl,0.7267852514316148,False,False,False,270,2,True
fluoroimide,41205-21-4,"3,4-dichloro-1-(4-fluorophenyl)-1H-pyrrole-2,5-dione1979 Rules:2,3-dichloro-N-(4-fluorophenyl)maleimide",IPENDKRRWFURRE-UHFFFAOYSA-N,fungicides (maleimide),Fc1ccc(cc1)N2C(=O)C(=C(Cl)C2=O)Cl,0.7267852514316148,False,False,False,270,2,True
fluoromidine,13577-71-4,"6-chloro-2-(trifluoromethyl)-3H-imidazo[4,5-b]pyridine",QJYOCYOOZHULNN-UHFFFAOYSA-N,herbicides (unclassified),FC(F)(F)c1[nH]c2cc(Cl)cnc2n1,0.743055831202829,False,False,False,267,2,True
fluoronitrofen,13738-63-1,"2,4-dichloro-6-fluorophenyl 4-nitrophenyl ether",MVHWKYHDYCGNQN-UHFFFAOYSA-N,herbicides (diphenyl ether),[O-][N+](=O)c1ccc(Oc2c(F)cc(Cl)cc2Cl)cc1,0.6022586604051144,False,False,False,51,2,True
fluroxypyr,69377-81-7,"[(4-amino-3,5-dichloro-6-fluoro-2-pyridyl)oxy]acetic acid",MEFQWPUMEMWTJP-UHFFFAOYSA-N,herbicides (pyridyloxycarboxylic acid),Nc1c(Cl)c(F)nc(OCC(O)=O)c1Cl,0.8004120771019545,False,False,False,266,2,True
fluothiuron,33439-45-1,"3-(3-chloro-4-{[chloro(difluoro)methyl]thio}phenyl)-1,1-dimethylurea",YFEUKKUPOVGUIW-UHFFFAOYSA-N,herbicides (phenylurea),CN(C)C(=O)Nc1ccc(SC(F)(F)Cl)c(Cl)c1,0.6655397460335983,False,False,False,1,16,True
flupoxam,119126-15-7,"1-{4-chloro-3-[(2,2,3,3,3-pentafluoropropoxy)methyl]phenyl}-5-phenyl-1H-1,2,4-triazole-3-carboxamide1979 Rules:1-[4-chloro-Î±-(2,2,3,3,3-pentafluoropropoxy)-m-tolyl]-5-phenyl-1H-1,2,4-triazole-3-carboxamide",AOQMRUTZEYVDIL-UHFFFAOYSA-N,herbicides (triazolecarboxamide),NC(=O)c1nn(c2ccc(Cl)c(COCC(F)(F)C(F)(F)F)c2)c(n1)c3ccccc3,0.5296932619700386,False,False,False,628,1,True
flupropacil,120890-70-2,"isopropyl 2-chloro-5-[3-methyl-2,6-dioxo-4-(trifluoromethyl)-3,6-dihydropyrimidin-1(2H)-yl]benzoate1979 Rules:isopropyl 2-chloro-5-[3,6-dihydro-3-methyl-2,6-dioxo-4-(trifluoromethyl)pyrimidin-1(2H)-yl]benzoate",OYJMHAFVOZPIOY-UHFFFAOYSA-N,herbicides (N-phenylimide),CC(C)OC(=O)c1cc(ccc1Cl)N2C(=O)C=C(N(C)C2=O)C(F)(F)F,0.7555754611682067,False,False,False,627,1,True
flupyradifurone,951659-40-8,"4-{[(6-chloro-3-pyridyl)methyl](2,2-difluoroethyl)amino}furan-2(5H)-one",QOIYTRGFOFZNKF-UHFFFAOYSA-N,insecticides (butenolide),C1C(=CC(=O)O1)N(CC2=CN=C(C=C2)Cl)CC(F)F,0.6155062677462837,False,False,False,626,1,True
flupyrazofos,122431-24-7,"O,O-diethyl O-[1-phenyl-3-(trifluoromethyl)-1H-pyrazol-5-yl] phosphorothioate",JZUKGAJJLZRHGL-UHFFFAOYSA-N,insecticides (aryl organothiophosphate),CCOP(=S)(OCC)OC1=CC(=NN1C2=CC=CC=C2)C(F)(F)F,0.6588847596544555,False,False,False,625,1,True
flupyrsulfuron,150315-10-9,"2-{[(4,6-dimethoxypyrimidin-2-yl)carbamoyl]sulfamoyl}-6-(trifluoromethyl)pyridine-3-carboxylic acid1979 Rules:2-{[(4,6-dimethoxypyrimidin-2-yl)carbamoyl]sulfamoyl}-6-(trifluoromethyl)nicotinic acid",HCNBYBFTNHEQQJ-UHFFFAOYSA-N,herbicides (pyrimidinylsulfonylurea),COc1cc(OC)nc(NC(=O)N[S](=O)(=O)c2nc(ccc2C(O)=O)C(F)(F)F)n1,0.5781470623540341,False,False,False,269,1,True
fluquinconazole,136426-54-5,"3-(2,4-dichlorophenyl)-6-fluoro-2-(1H-1,2,4-triazol-1-yl)quinazolin-4(3H)-one",IJJVMEJXYNJXOJ-UHFFFAOYSA-N,fungicides (triazole),Fc1ccc2N=C(n3cncn3)N(C(=O)c2c1)c4ccc(Cl)cc4Cl,0.5379269205733888,False,False,False,186,2,True
fluquinometoate,2408468-30-2,"2-methoxyethyl 7-chloro-1-cyclopropyl-6-fluoro-4-oxo-1,4-dihydroquinoline-3-carboxylate1979 Rules:2-methoxyethyl 7-chloro-1-cyclopropyl-6-fluoro-1,4-dihydro-4-oxoquinoline-3-carboxylate",JXNYQAJFIFYARB-UHFFFAOYSA-N,bactericides,COCCOC(=O)C1=CN(C2=CC(=C(C=C2C1=O)F)Cl)C3CC3,0.6205457858471878,False,False,False,624,1,True
flurazole,72850-64-7,benzyl 2-chloro-4-(trifluoromethyl)thiazole-5-carboxylate,MKQSWTQPLLCSOB-UHFFFAOYSA-N,herbicide safeners,FC(F)(F)c1nc(Cl)sc1C(=O)OCc2ccccc2,0.7963628524328163,False,False,False,623,1,True
flurenol,467-69-6,9-hydroxyfluorene-9-carboxylic acid,GXAMYUGOODKVRM-UHFFFAOYSA-N,plant growth regulators (morphactin),OC(=O)[C@@]1(O)c2ccccc2c3ccccc13,0.781351782321013,False,False,False,41,6,True
flurenol,467-69-6,9-hydroxyfluorene-9-carboxylic acid,GXAMYUGOODKVRM-UHFFFAOYSA-N,plant growth regulators (morphactin),OC(=O)[C@@]1(O)c2ccccc2c3ccccc13,0.781351782321013,False,False,False,41,6,True
fluridone,59756-60-4,"1-methyl-3-phenyl-5-[3-(trifluoromethyl)phenyl]pyridin-4(1H)-one1979 Rules:1-methyl-3-phenyl-5-(Î±,Î±,Î±-trifluoro-m-tolyl)-4-pyridone",YWBVHLJPRPCRSD-UHFFFAOYSA-N,herbicides (diphenyl heterocycle),CN1C=C(c2ccccc2)C(=O)C(=C1)c3cccc(c3)C(F)(F)F,0.6655864468931829,False,False,False,622,1,True
flurochloridone,61213-25-0,"mixture of 65â85% (3RS,4RS)-3-chloro-4-(chloromethyl)-1-(Î±,Î±,Î±-trifluoro-m-tolyl)-2-pyrrolidone and 35â15% (3RS,4SR)-3-chloro-4-(chloromethyl)-1-(Î±,Î±,Î±-trifluoro-m-tolyl)-2-pyrrolidone",OQZCSNDVOWYALR-UHFFFAOYSA-N,herbicides (N-phenyl heterocycle),FC(F)(F)c1cccc(c1)N2CC(CCl)C(Cl)C2=O,0.7653470737021916,False,False,False,268,2,True
fluoromidine,13577-71-4,"6-chloro-2-(trifluoromethyl)-3H-imidazo[4,5-b]pyridine",QJYOCYOOZHULNN-UHFFFAOYSA-N,herbicides (unclassified),FC(F)(F)c1[nH]c2cc(Cl)cnc2n1,0.743055831202829,False,False,False,267,2,True
fluroxypyr,69377-81-7,"[(4-amino-3,5-dichloro-6-fluoro-2-pyridyl)oxy]acetic acid",MEFQWPUMEMWTJP-UHFFFAOYSA-N,herbicides (pyridyloxycarboxylic acid),Nc1c(Cl)c(F)nc(OCC(O)=O)c1Cl,0.8004120771019545,False,False,False,266,2,True
flurprimidol,56425-91-3,(RS)-2-methyl-1-(pyrimidin-5-yl)-1-[4-(trifluoromethoxy)phenyl]propan-1-ol,VEVZCONIUDBCDC-UHFFFAOYSA-N,plant growth regulators (growth retardant),CC(C)C(O)(c1ccc(OC(F)(F)F)cc1)c2cncnc2,0.941210378540353,False,False,False,246,2,True
flurtamone,96525-23-4,"(2RS)-5-(methylamino)-2-phenyl-4-(Î±,Î±,Î±-trifluoro-m-tolyl)furan-3(2H)-one",NYRMIJKDBAQCHC-UHFFFAOYSA-N,herbicides (diphenyl heterocycle),CNC1=C(C(=O)C(O1)c2ccccc2)c3cccc(c3)C(F)(F)F,0.9247175055310894,False,False,False,621,1,True
flusilazole,85509-19-9,"1-{[bis(4-fluorophenyl)(methyl)silyl]methyl}-1H-1,2,4-triazole1979 Rules:bis(4-fluorophenyl)(methyl)(1H-1,2,4-triazol-1-ylmethyl)silane",FQKUGOMFVDPBIZ-UHFFFAOYSA-N,fungicides (triazole),C[Si](Cn1cncn1)(c2ccc(F)cc2)c3ccc(F)cc3,0.6894872762848014,False,False,False,620,1,True
flusulfamide,106917-52-6,"2â²,4-dichloro-4â²-nitro-3-(trifluoromethyl)benzenesulfonanilide1979 Rules:2â²,4-dichloro-Î±,Î±,Î±-trifluoro-4â²-nitro-m-toluenesulfonanilide",GNVDAZSPJWCIQZ-UHFFFAOYSA-N,fungicides (benzenesulfonamide),[O-][N+](=O)c1ccc(N[S](=O)(=O)c2ccc(Cl)c(c2)C(F)(F)F)c(Cl)c1,0.5781928345700762,False,False,False,619,1,True
flusulfinam,2428458-82-4,"2-fluoro-N-(5-methyl-1,3,4-oxadiazol-2-yl)-3-(propylsulfinyl])-4-(trifluoromethyl)benzamide",PWQIRGHRDYHXJS-UHFFFAOYSA-N,herbicides (unclassified),CCCS(=O)C1=C(C=CC(=C1F)C(=O)NC2=NN=C(O2)C)C(F)(F)F,0.8059990542337758,False,False,False,618,1,True
diflovidazin,162320-67-4,"3-(2-chlorophenyl)-6-(2,6-difluorophenyl)-1,2,4,5-tetrazine",SWBHWUYHHJCADA-UHFFFAOYSA-N,acaricides (tetrazine),Fc1cccc(F)c1c2nnc(nn2)c3ccccc3Cl,0.726500525149114,False,False,False,70,4,True
fluthiacet,149253-65-6,"[(2-chloro-4-fluoro-5-{[(EZ)-5,6,7,8-tetrahydro-3-oxo-1H,3H-[1,3,4]thiadiazolo[3,4-a]pyridazin-1-ylidene]amino}phenyl)thio]acetic acid",XWROTTLWMHCFEC-UHFFFAOYSA-N,herbicides (N-phenylimide),C1CCN2C(=O)SC(=NC3=CC(=C(C=C3F)Cl)SCC(=O)O)N2C1,0.8154998668275885,False,False,False,187,2,True
flufenacet,142459-58-3,"4â²-fluoro-N-isopropyl-2-{[5-(trifluoromethyl)-1,3,4-thiadiazol-2-yl]oxy}acetanilide",IANUJLZYFUDJIH-UHFFFAOYSA-N,herbicides (oxyacetamide),CC(C)N(C(=O)COc1sc(nn1)C(F)(F)F)c2ccc(F)cc2,0.763089425731024,False,False,False,265,2,True
flutolanil,66332-96-5,"3â²-isopropoxy-2-(trifluoromethyl)benzanilide1979 Rules:Î±,Î±,Î±-trifluoro-3â²-isopropoxy-o-toluanilide",PTCGDEVVHUXTMP-UHFFFAOYSA-N,fungicides (phenylbenzamide),CC(C)Oc1cccc(NC(=O)c2ccccc2C(F)(F)F)c1,0.8819594651207396,False,False,False,117,3,True
flutriafol,76674-21-0,"(1RS)-1-(2-fluorophenyl)-1-(4-fluorophenyl)-2-(1H-1,2,4-triazol-1-yl)ethanol1979 Rules:(Î±RS)-2,4â²-difluoro-Î±-(1H-1,2,4-triazol-1-ylmethyl)benzhydryl alcohol",JWUCHKBSVLQQCO-UHFFFAOYSA-N,fungicides (triazole),OC(Cn1cncn1)(c2ccc(F)cc2)c3ccccc3F,0.8052670496421893,False,False,False,617,1,True
fluxapyroxad,907204-31-3,"3-(difluoromethyl)-1-methyl-N-(3â²,4â²,5â²-trifluorobiphenyl-2-yl)-1H-pyrazole-4-carboxamide1979 Rules:3-(difluoromethyl)-1-methyl-2â²-(3,4,5-trifluorophenyl)-1H-pyrazole-4-carboxanilide",SXSGXWCSHSVPGB-UHFFFAOYSA-N,fungicides (pyrazolecarboxamide),CN1C=C(C(=N1)C(F)F)C(=O)NC2=CC=CC=C2C3=CC(=C(C(=C3)F)F)F,0.5263380228554108,False,False,False,616,1,True
fluxofenim,88485-37-4,"4â²-chloro-2,2,2-trifluoroacetophenone (EZ)-O-(1,3-dioxolan-2-ylmethyl)oxime",UKSLKNUCVPZQCQ-UHFFFAOYSA-N,herbicide safeners,FC(F)(F)C(=N/OCC1OCCO1)/c2ccc(Cl)cc2,0.6339051385370338,False,False,False,615,1,True
fonofos,944-22-9,(RS)-(O-ethyl S-phenyl ethylphosphonodithioate),KVGLBTYUCJYMND-UHFFFAOYSA-N,insecticides (phosphonothioate),CCO[P](=S)(CC)Sc1ccccc1,0.7224251548088034,False,False,False,614,1,True
forchlorfenuron,68157-60-8,1-(2-chloro-4-pyridyl)-3-phenylurea,GPXLRLUVLMHHIK-UHFFFAOYSA-N,plant growth regulators (growth stimulator),Clc1cc(NC(=O)Nc2ccccc2)ccn1,0.7996533151963063,False,False,False,613,1,True
formetanate,22259-30-9,3-{[(EZ)-(dimethylamino)methylidene]amino}phenyl methylcarbamate1979 Rules:3-{[(EZ)-(dimethylamino)methylene]amino}phenyl methylcarbamate,RMFNNCGOSPBBAD-UHFFFAOYSA-N,acaricides (carbamate)insecticides (carbamate),[H+].[Cl-].CNC(=O)Oc1cccc(c1)N=CN(C)C,0.5435225246790594,False,False,False,612,1,True
formothion,2540-82-1,"S-{2-[formyl(methyl)amino]-2-oxoethyl} O,O-dimethyl phosphorodithioate1979 Rules:S-{[formyl(methyl)carbamoyl]methyl} O,O-dimethyl phosphorodithioate",AIKKULXCBHRFOS-UHFFFAOYSA-N,acaricides (aliphatic amide organothiophosphate)insecticides (aliphatic amide organothiophosphate),CO[P](=S)(OC)SCC(=O)N(C)C=O,0.5192128575880584,False,False,False,611,1,True
fospirate,5598-52-7,"dimethyl 3,5,6-trichloro-2-pyridyl phosphate",XCBOKUAJQWDYNI-UHFFFAOYSA-N,insecticides (organophosphate),CO[P](=O)(OC)Oc1nc(Cl)c(Cl)cc1Cl,0.6249257526538001,False,False,False,141,3,True
fosthiazate,98886-44-3,O-ethyl S-[(1RS)-1-methylpropyl] (RS)-(2-oxothiazolidin-3-yl)phosphonothioate1979 Rules:S-(RS)-sec-butyl O-ethyl (RS)-(2-oxothiazolidin-3-yl)phosphonothioate,DUFVKSUJRWYZQP-UHFFFAOYSA-N,nematicides (phosphoramidate),CCO[P](=O)(SC(C)CC)N1CCSC1=O,0.6931858775464121,False,False,False,610,1,True
fosthietan,21548-32-3,"diethyl 1,3-dithietan-2-ylidenephosphoramidate",RHJOIOVESMTJEK-UHFFFAOYSA-N,insecticides (phosphoramidate)nematicides (phosphoramidate),CCO[P](=O)(OCC)N=C1SCS1,0.6923983025364123,False,False,False,65,4,True
frontalin,28401-39-0,"(1S,5R)-1,5-dimethyl-6,8-dioxabicyclo[3.2.1]octane",AZWKCIZRVUVZPX-JGVFFNPUSA-N,insect attractants (Coleopteran),CC12CCCC(C)(OC1)O2,0.5121295832013073,False,False,False,609,1,True
fuberidazole,3878-19-1,2-(2-furyl)-1H-benzimidazole,UYJUZNLFJAWNEZ-UHFFFAOYSA-N,fungicides (benzimidazole),[nH]1c2ccccc2nc1c3occc3,0.6313868752540451,False,False,False,608,1,True
fucaojing,103427-73-2,"6-[(difluoromethyl)thio]-N2,N4-diisopropyl-1,3,5-triazine-2,4-diamine",NWUJLIRYNYNDAJ-UHFFFAOYSA-N,herbicides (alkylthiotriazine),CC(C)Nc1nc(NC(C)C)nc(SC(F)F)n1,0.7796065113071924,False,False,False,126,1,True
furan%20tebufenozide,467427-80-1,"(2RS)-Nâ²-tert-butyl-Nâ²-(3,5-dimethylbenzoyl)-2,3-dihydro-2,7-dimethyl-1-benzofuran-6-carbohydrazide",TUCSJFNYZJYLHE-UHFFFAOYSA-N,insecticides (diacylhydrazine),CC1CC2=C(O1)C(=C(C=C2)C(=O)NN(C(=O)C3=CC(=CC(=C3)C)C)C(C)(C)C)C,0.7620446397145648,False,False,False,263,2,True
derivatives/ethoxyfen-ethyl,131086-42-5,"ethyl O-{2-chloro-5-[(2-chloro-Î±,Î±,Î±-trifluoro-p-tolyl)oxy]benzoyl}-L-lactate",LUZZPGJQJKMMDM-JTQLQIEISA-N,herbicides (diphenyl ether),CCOC(=O)[C@H](C)OC(=O)C1=C(C=CC(=C1)OC2=C(C=C(C=C2)C(F)(F)F)Cl)Cl,0.5112129928562474,False,False,False,264,2,True
furalane,1708-41-4,"2-(2-furyl)-1,3-dioxolane",FCACHSUJEMZCMK-UHFFFAOYSA-N,plant growth regulators (unclassified),C1COC(O1)c2occc2,0.5892324528688424,False,False,False,607,1,True
furalaxyl,57646-30-7,"methyl N-(2,6-dimethylphenyl)-N-(2-furylcarbonyl)-DL-alaninate1979 Rules:methyl N-(2-furoyl)-N-(2,6-xylyl)-DL-alaninate",CIEXPHRYOLIQQD-UHFFFAOYSA-N,fungicides (acylalanine),COC(=O)C(C)N(C(=O)c1occc1)c2c(C)cccc2C,0.8141550391752845,False,False,False,606,1,True
furametpyr,123572-88-3,"(RS)-5-chloro-N-(1,3-dihydro-1,1,3-trimethylisobenzofuran-4-yl)-1,3-dimethyl-1H-pyrazole-4-carboxamide",NRTLIYOWLVMQBO-UHFFFAOYSA-N,fungicides (pyrazolecarboxamide),CC1OC(C)(C)c2cccc(NC(=O)c3c(C)nn(C)c3Cl)c12,0.9045811007640854,False,False,False,605,1,True
furan%20tebufenozide,467427-80-1,"(2RS)-Nâ²-tert-butyl-Nâ²-(3,5-dimethylbenzoyl)-2,3-dihydro-2,7-dimethyl-1-benzofuran-6-carbohydrazide",TUCSJFNYZJYLHE-UHFFFAOYSA-N,insecticides (diacylhydrazine),CC1CC2=C(O1)C(=C(C=C2)C(=O)NN(C(=O)C3=CC(=CC(=C3)C)C)C(C)(C)C)C,0.7620446397145648,False,False,False,263,2,True
furathiocarb,65907-30-4,"butyl 2,3-dihydro-2,2-dimethylbenzofuran-7-yl N,Nâ²-dimethyl-N,Nâ²-thiodicarbamate",HAWJXYBZNNRMNO-UHFFFAOYSA-N,insecticides (carbamate),CCCCOC(=O)N(C)SN(C)C(=O)Oc1cccc2CC(C)(C)Oc12,0.5407831305763073,False,False,False,262,2,True
furcarbanil,28562-70-1,"2,5-dimethyl-3-furananilide1979 Rules:2,5-dimethyl-3-furanilide",XEPBBUCQCXXTGR-UHFFFAOYSA-N,fungicides (furancarboxamide),Cc1oc(C)c(c1)C(=O)Nc2ccccc2,0.8356766859286265,False,False,False,604,1,True
furconazole,112839-33-5,"(2RS,5RS;2RS,5SR)-5-(2,4-dichlorophenyl)tetrahydro-5-(1H-1,2,4-triazol-1-ylmethyl)-2-furyl 2,2,2-trifluoroethyl ether",ULCWZQJLFZEXCS-UHFFFAOYSA-N,fungicides (triazole),FC(F)(F)COC1CCC(Cn2cncn2)(O1)c3ccc(Cl)cc3Cl,0.7605991383003701,False,False,False,261,2,True
furconazole-cis,112839-32-4,"(2RS,5RS)-5-(2,4-dichlorophenyl)tetrahydro-5-(1H-1,2,4-triazol-1-ylmethyl)-2-furyl 2,2,2-trifluoroethyl ether",QNVJCXKFLJUJJI-DZYJZKBLSA-Nidentifier for no stereochemistry:ULCWZQJLFZEXCS-UHFFFAOYSA-N,fungicides (triazole),FC(F)(F)CO[C@H]1CC[C@@](Cn2cncn2)(O1)c3ccc(Cl)cc3Cl,0.7605991383003701,False,False,False,261,2,True
furethrin,17080-02-3,"(RS)-3-(2-furylmethyl)-2-methyl-4-oxocyclopent-2-enyl (1RS,3RS;1RS,3SR)-2,2-dimethyl-3-(2-methylprop-1-enyl)cyclopropanecarboxylate1979 Rules:(RS)-3-furfuryl-2-methyl-4-oxocyclopent-2-enyl (1RS,3RS;1RS,3SR)-2,2-dimethyl-3-(2-methylprop-1-enyl)cyclopropanecarboxylate",BEYOLLQLGMGJDC-UHFFFAOYSA-N,insecticides (pyrethroid),CC(C)=CC1C(C(=O)OC2CC(=O)C(=C2C)Cc3occc3)C1(C)C,0.592432855524915,False,False,False,0,17,True
furilazole,121776-33-8,"(RS)-3-(dichloroacetyl)-5-(2-furyl)-2,2-dimethyloxazolidine",MCNOFYBITGAAGM-UHFFFAOYSA-N,herbicide safeners,CC1(C)OC(CN1C(=O)C(Cl)Cl)c2occc2,0.7810534921071947,False,False,False,603,1,True
furmecyclox,60568-05-0,"methyl N-cyclohexyl-2,5-dimethyl-3-furohydroxamate",QTDRLOKFLJJHTG-UHFFFAOYSA-N,fungicides (furamide),CON(C1CCCCC1)C(=O)c2cc(C)oc2C,0.7744712356608676,False,False,False,602,1,True
furophanate,53878-17-4,methyl 2-{[(EZ)-furan-2-ylmethylidene]amino}phenyl)carbamothioyl]carbamate1979 Rules:methyl 4-[(EZ)-2-(furfurylideneamino)phenyl]-3-thioallophanate,TZUAKKVHNFEFBG-UHFFFAOYSA-N,fungicides (thiophanate),COC(=O)NC(=S)Nc1ccccc1N=Cc2occc2,0.6729212465738571,False,False,False,601,1,True
furyloxyfen,80020-41-3,"5-[2-chloro-4-(trifluoromethyl)phenoxy]-2-nitrophenyl (3RS)-tetrahydro-3-furyl ether1979 Rules:5-[(2-chloro-Î±,Î±,Î±-trifluoro-p-tolyl)oxy]-2-nitrophenyl (RS)-tetrahydro-3-furyl ether",WYJOEQHHWHAJRB-UHFFFAOYSA-N,herbicides (diphenyl ether),[O-][N+](=O)c1ccc(Oc2ccc(cc2Cl)C(F)(F)F)cc1OC3CCOC3,0.5048676753084854,False,False,False,260,1,True
gamma-hch,58-89-9,"1Î±,2Î±,3Î²,4Î±,5Î±,6Î²-hexachlorocyclohexane",JLYXXMFPNIAWKQ-GNIYUCBRSA-N,acaricides (organochlorine)insecticides (organochlorine),ClC1C(Cl)C(Cl)C(Cl)C(Cl)C1Cl,0.5976039421761683,False,False,False,10,10,True
gamma-hch,58-89-9,"1Î±,2Î±,3Î²,4Î±,5Î±,6Î²-hexachlorocyclohexane",JLYXXMFPNIAWKQ-GNIYUCBRSA-N,acaricides (organochlorine)insecticides (organochlorine),ClC1C(Cl)C(Cl)C(Cl)C(Cl)C1Cl,0.5976039421761683,False,False,False,10,10,True
genit,97-16-5,"2,4-dichlorophenyl benzenesulfonate",OZFAFGSSMRRTDW-UHFFFAOYSA-N,acaricides (benzenesulfonate),Clc1ccc(O[S](=O)(=O)c2ccccc2)c(Cl)c1,0.810849529507424,False,False,False,600,1,True
gliftor,8065-71-2,"mixture of (2RS)-1-chloro-3-fluoropropan-2-ol and 1,3-difluoropropan-2-ol","1-chloro-3-fluoro-2-propanol:ZNKJYZHZWALQNX-UHFFFAOYSA-N1,3-difluoro-2-propanol:PVDLUGWWIOGCNH-UHFFFAOYSA-N",rodenticides (unclassified),OC(CF)CF.OC(CF)CCl,0.6726466573894045,False,False,False,259,2,True
gliftor,8065-71-2,"mixture of (2RS)-1-chloro-3-fluoropropan-2-ol and 1,3-difluoropropan-2-ol","1-chloro-3-fluoro-2-propanol:ZNKJYZHZWALQNX-UHFFFAOYSA-N1,3-difluoro-2-propanol:PVDLUGWWIOGCNH-UHFFFAOYSA-N",rodenticides (unclassified),OC(CF)CF.OC(CF)CCl,0.6726466573894045,False,False,False,259,2,True
chloralose,15879-93-3,"(R)-1,2-O-(2,2,2-trichloroethylidene)-Î±-D-glucofuranose",OJYGBLRPYBAHRT-IPQSZEQASA-N,avicidesbird repellentsrodenticides (unclassified),OCC(O)[C@H]1OC2O[C@@H](O[C@@H]2[C@H]1O)C(Cl)(Cl)Cl,0.5982051890137444,False,False,False,258,2,True
griseofulvin,126-07-8,"(1â²S-trans)-
7-chloro-2â²,4,6-trimethoxy-6â²-methylspiro[benzofuran-2(3H),1â²-cyclohex-2â²-ene]-3,4â²-dioneor7-chloro-4,6-dimethoxycoumaran-3-one-2-spiro-1â²-(2â²-methoxy-6â²-methylcyclohex-2â²-en-4â²-one)",DDUHZTYCFQRHIY-RBHXEPJQSA-N,fungicides (antibiotic),COC1CC(=O)C[C@@H](C)[C@]12Oc3c(Cl)c(OC)cc(OC)c3C2=O,0.8307216394815942,False,False,False,599,1,True
halauxifen,943832-60-8,4-amino-3-chloro-6-(4-chloro-2-fluoro-3-methoxyphenyl)pyridine-2-carboxylic acidpre-1969 name:4-amino-3-chloro-6-(4-chloro-2-fluoro-3-methoxyphenyl)picolinic acid,KKLBEFSLWYDQFI-UHFFFAOYSA-N,herbicides (pyridinecarboxylic acid),COC1=C(C=CC(=C1F)C2=NC(=C(C(=C2)N)Cl)C(=O)O)Cl,0.8992251878216851,False,False,False,257,2,True
halofenozide,112226-61-6,N-tert-butyl-Nâ²-(4-chlorobenzoyl)benzohydrazide,CNKHSLKYRMDDNQ-UHFFFAOYSA-N,insecticides (diacylhydrazine),CC(C)(C)N(NC(=O)c1ccc(Cl)cc1)C(=O)c2ccccc2,0.8482028366852838,False,False,False,156,2,True
halosulfuron,135397-30-7,"3-chloro-5-{[(4,6-dimethoxypyrimidin-2-yl)carbamoyl]sulfamoyl}-1-methyl-1H-pyrazole-4-carboxylic acid",LXKOADMMGWXPJQ-UHFFFAOYSA-N,herbicides (pyrimidinylsulfonylurea),COc1cc(OC)nc(NC(=O)N[S](=O)(=O)c2n(C)nc(Cl)c2C(O)=O)n1,0.5800721420077933,False,False,False,50,5,True
haloxydine,2693-61-0,"3,5-dichloro-2,6-difluoropyridin-4-ol",MJAWMRVEIWPJRW-UHFFFAOYSA-N,herbicides (pyridinol),FC1=C(Cl)C(=O)C(=C(F)N1)Cl,0.6375005852942358,False,False,False,598,1,True
haloxyfop,69806-34-4,(2RS)-2-(4-{[3-chloro-5-(trifluoromethyl)-2-pyridyl)oxy}phenoxy)propanoic acid1979 Rules:(RS)-2-(4-{[3-chloro-5-(trifluoromethyl)-2-pyridyl]oxy}phenoxy)propionic acid,GOCUAJYOYBLQRH-UHFFFAOYSA-N,herbicides (aryloxyphenoxypropionic),[Na+].CC(Oc1ccc(Oc2ncc(cc2Cl)C(F)(F)F)cc1)C([O-])=O,0.6832812090711328,False,False,False,17,8,True
haloxyfop-p,95977-29-0,(2R)-2-(4-{[3-chloro-5-(trifluoromethyl)-2-pyridyl)oxy}phenoxy)propanoic acid1979 Rules:(R)-2-(4-{[3-chloro-5-(trifluoromethyl)-2-pyridyl]oxy}phenoxy)propionic acid,GOCUAJYOYBLQRH-MRVPVSSYSA-N,herbicides (aryloxyphenoxypropionic),C[C@H](C(=O)O)OC1=CC=C(C=C1)OC2=C(C=C(C=N2)C(F)(F)F)Cl,0.8545512494919487,False,False,False,17,8,True
haloxyfop-p,95977-29-0,(2R)-2-(4-{[3-chloro-5-(trifluoromethyl)-2-pyridyl)oxy}phenoxy)propanoic acid1979 Rules:(R)-2-(4-{[3-chloro-5-(trifluoromethyl)-2-pyridyl]oxy}phenoxy)propionic acid,GOCUAJYOYBLQRH-MRVPVSSYSA-N,herbicides (aryloxyphenoxypropionic),C[C@H](C(=O)O)OC1=CC=C(C=C1)OC2=C(C=C(C=N2)C(F)(F)F)Cl,0.8545512494919487,False,False,False,17,8,True
hch,608-73-1,"1,2,3,4,5,6-hexachlorocyclohexane",JLYXXMFPNIAWKQ-UHFFFAOYSA-N,insecticides (organochlorine),ClC1C(Cl)C(Cl)C(Cl)C(Cl)C1Cl,0.5976039421761683,False,False,False,10,10,True
gamma-hch,58-89-9,"1Î±,2Î±,3Î²,4Î±,5Î±,6Î²-hexachlorocyclohexane",JLYXXMFPNIAWKQ-GNIYUCBRSA-N,acaricides (organochlorine)insecticides (organochlorine),ClC1C(Cl)C(Cl)C(Cl)C(Cl)C1Cl,0.5976039421761683,False,False,False,10,10,True
altretamine,645-05-6,"N2,N2,N4,N4,N6,N6-hexamethyl-1,3,5-triazine-2,4,6-triamine",UUVWYPNAQBNQJQ-UHFFFAOYSA-N,chemosterilants,CN(C)c1nc(nc(n1)N(C)C)N(C)C,0.7033804434333938,False,False,False,256,2,True
hempa,680-31-9,hexamethylphosphoric triamide,GNOIPBMMFNIUFM-UHFFFAOYSA-N,chemosterilants,CN(C)[P](=O)(N(C)C)N(C)C,0.5980680831968047,False,False,False,597,1,True
heptenophos,23560-59-0,"7-chlorobicyclo[3.2.0]hepta-2,6-dien-6-yl dimethyl phosphate",GBAWQJNHVWMTLU-UHFFFAOYSA-N,acaricides (organophosphate)insecticides (organophosphate),CO[P](=O)(OC)OC1=C(Cl)C2C=CCC12,0.5681763617359727,False,False,False,596,1,True
heterophos,40626-35-5,(RS)-(O-ethyl O-phenyl S-propyl phosphorothioate),XRAFOYUFLGWMQB-UHFFFAOYSA-N,insecticides (phenyl organothiophosphate)nematicides (phenyl organothiophosphate),CCCS[P](=O)(OCC)Oc1ccccc1,0.6825190978121325,False,False,False,595,1,True
hch,608-73-1,"1,2,3,4,5,6-hexachlorocyclohexane",JLYXXMFPNIAWKQ-UHFFFAOYSA-N,insecticides (organochlorine),ClC1C(Cl)C(Cl)C(Cl)C(Cl)C1Cl,0.5976039421761683,False,False,False,10,10,True
hch,608-73-1,"1,2,3,4,5,6-hexachlorocyclohexane",JLYXXMFPNIAWKQ-UHFFFAOYSA-N,insecticides (organochlorine),ClC1C(Cl)C(Cl)C(Cl)C(Cl)C1Cl,0.5976039421761683,False,False,False,10,10,True
hexachlorophene,70-30-4,"2,2â²-methylenebis(3,4,6-trichlorophenol)",ACGUYXCXAPNIKK-UHFFFAOYSA-N,acaricides (phenol)bactericidesfungicides (phenol),Oc1c(Cl)cc(Cl)c(Cl)c1Cc2c(O)c(Cl)cc(Cl)c2Cl,0.550692990866757,False,False,False,594,1,True
hexaconazole,79983-71-4,"(RS)-2-(2,4-dichlorophenyl)-1-(1H-1,2,4-triazol-1-yl)hexan-2-ol",STMIIPIFODONDC-UHFFFAOYSA-N,fungicides (triazole),CCCCC(O)(Cn1cncn1)c2ccc(Cl)cc2Cl,0.8849938134325002,False,False,False,593,1,True
hexaflumuron,86479-06-3,"N-{[3,5-dichloro-4-(1,1,2,2-tetrafluoroethoxy)phenyl]carbamoyl}-2,6-difluorobenzamide1979 Rules:1-[3,5-dichloro-4-(1,1,2,2-tetrafluoroethoxy)phenyl]-3-(2,6-difluorobenzoyl)urea",RGNPBRKPHBKNKX-UHFFFAOYSA-N,insecticides (benzoylurea),FC(F)C(F)(F)Oc1c(Cl)cc(NC(=O)NC(=O)c2c(F)cccc2F)cc1Cl,0.5809462603492571,False,False,False,218,2,True
hexamide,3653-39-2,azepan-1-yl phenyl ketone1979 Rules:perhydroazepin-1-yl phenyl ketone,KZLCCMBSJDXNDG-UHFFFAOYSA-N,insect repellents,O=C(N1CCCCCC1)c2ccccc2,0.6868772360931699,False,False,False,255,2,True
hexazinone,51235-04-2,"3-cyclohexyl-6-(dimethylamino)-1-methyl-1,3,5-triazine-2,4(1H,3H)-dione",CAWXEEYDBZRFPE-UHFFFAOYSA-N,herbicides (triazinone),CN(C)C1=NC(=O)N(C2CCCCC2)C(=O)N1C,0.7693492318119296,False,False,False,592,1,True
hexylthiofos,41495-67-4,"(RS)-(O-cyclohexyl O,S-diethyl phosphorothioate)",ZJOCMGQZWCTWNX-UHFFFAOYSA-N,fungicides (organothiophosphate),CCO[P](=O)(OC1CCCCC1)SCC,0.66247608401932,False,False,False,591,1,True
hexythiazox,78587-05-0,"(4RS,5RS)-5-(4-chlorophenyl)-N-cyclohexyl-4-methyl-2-oxothiazolidine-3-carboxamide",KYOUEHWYDNYHAL-IOORBXIBSA-Nidentifier for no stereochemistry:XGWIJUOSCAQSSV-UHFFFAOYSA-N,acaricides (unclassified),C[C@H]1C(SC(=O)N1C(=O)NC2CCCCC2)c3ccc(Cl)cc3,0.8160310410569764,False,False,False,590,1,True
dicyclanil,112636-83-6,"4,6-diamino-2-(cyclopropylamino)pyrimidine-5-carbonitrile",PKTIFYGCWCQRSX-UHFFFAOYSA-N,insecticides (aminopyrimidine),Nc1nc(NC2CC2)nc(N)c1C#N,0.6084330854138402,False,False,False,254,2,True
huanjunzuo,129586-32-9,"cis-1-(4-chlorophenyl)-2-(1H-1,2,4-triazol-1-yl)cycloheptanol",WSBKLNJAJZVBAF-FGYPTBLJSA-Nidentifier for no stereochemistry:WRGKWWRFSUGDPX-UHFFFAOYSA-N,fungicides (triazole),OC1(CCCCCC1n2cncn2)c3ccc(Cl)cc3,0.863638547747322,False,False,False,589,1,True
hymexazol,10004-44-1,5-methylisoxazol-3-ol,KGVPNLBXJKTABS-UHFFFAOYSA-N,fungicides (isoxazole)plant growth regulators (growth stimulator),CC1=CC(=O)NO1,0.5072617487043927,False,False,False,253,2,True
4-hydroxyphenethyl%20alcohol,501-94-0,4-(2-hydroxyethyl)phenol1979 Rules:4-hydroxyphenethyl alcohol,YCCILVSKPBXVIP-UHFFFAOYSA-N,plant growth regulators (cytokinin),OCCc1ccc(O)cc1,0.6377737015055097,False,False,False,148,2,True
hymexazol,10004-44-1,5-methylisoxazol-3-ol,KGVPNLBXJKTABS-UHFFFAOYSA-N,fungicides (isoxazole)plant growth regulators (growth stimulator),CC1=CC(=O)NO1,0.5072617487043927,False,False,False,253,2,True
hyquincarb,56716-21-3,"5,6,7,8-tetrahydro-2-methyl-4-quinolyl dimethylcarbamate",UGDSMVBQVGFJGW-UHFFFAOYSA-N,insecticides (dimethylcarbamate),CC1=CC(=C2CCCCC2=N1)OC(=O)N(C)C,0.7486003617851301,False,False,False,588,1,True
iaa,87-51-4,1H-indol-3-ylacetic acidorÎ²-indoleacetic acid,SEOVTRFCIGRIMH-UHFFFAOYSA-N,plant growth regulators (auxin),OC(=O)Cc1c[nH]c2ccccc12,0.7306784882005593,False,False,False,252,2,True
iba,133-32-4,4-(1H-indol-3-yl)butanoic acid1979 Rules:4-(1H-indol-3-yl)butyric acid,JTEDVYBZBROSJT-UHFFFAOYSA-N,plant growth regulators (auxin),OC(=O)CCCc1c[nH]c2ccccc12,0.8019371220308089,False,False,False,252,2,True
iprobenfos,26087-47-8,"S-benzyl O,O-diisopropyl phosphorothioate",FCOAHACKGGIURQ-UHFFFAOYSA-N,fungicides (phosphorothiolate)synergists,CC(C)O[P](=O)(OC(C)C)SCc1ccccc1,0.6699409820283218,False,False,False,72,4,True
icaridin,119515-38-7,(1RS)-1-methylpropyl (RS)-2-(2-hydroxyethyl)piperidine-1-carboxylate1979 Rules:(RS)-sec-butyl (RS)-2-(2-hydroxyethyl)piperidine-1-carboxylate,QLHULAHOXSSASE-UHFFFAOYSA-N,insect repellents,CCC(C)OC(=O)N1CCCCC1CCO,0.8033141304876098,False,False,False,104,3,True
imazalil,35554-44-0,"allyl (RS)-1-(2,4-dichlorophenyl)-2-imidazol-1-ylethyl ether",PZBPKYOVPCNPJY-UHFFFAOYSA-N,fungicides (imidazole),Clc1ccc(C(Cn2ccnc2)OCC=C)c(Cl)c1,0.74944613446092,False,False,False,125,3,True
imazamethabenz,100728-84-5,"reaction mixture of 5-methyl-2-[(4RS)-4-isopropyl-4-methyl-5-oxo-4,5-dihydro-1H-imidazol-2-yl]benzoic acid and 4-methyl-2-[(4RS)-4-isopropyl-4-methyl-5-oxo-4,5-dihydro-1H-imidazol-2-yl]benzoic acid in the ratio 3:21979 Rules:reaction mixture of 6-[(RS)-4-isopropyl-4-methyl-5-oxo-2-imidazolin-2-yl]-m-toluic acid and 2-[(RS)-4-isopropyl-4-methyl-5-oxo-2-imidazolin-2-yl]-p-toluic acid in the ratio 3:2",4-methyl isomer:KFEFNHNXZQYTEW-UHFFFAOYSA-N5-methyl isomer:LUZQQSLTOCTPIN-UHFFFAOYSA-Nidentifier for mixture (not valid):LWMLXPWIAUSXBM-UHFFFAOYSA-N,herbicides (imidazolinone),CC(C)C1(C)N=C(NC1=O)c2cc(C)ccc2C(O)=O,0.8842489219476167,False,False,False,38,6,True
imazapic,104098-48-8,2-[(4RS)-4-isopropyl-4-methyl-5-oxo-2-imidazolin-2-yl]-5-methylpyridine-3-carboxylic acid1979 Rules:2-[(RS)-4-isopropyl-4-methyl-5-oxo-2-imidazolin-2-yl]-5-methylnicotinic acid,PVSGXWMWNRGTKE-UHFFFAOYSA-N,herbicides (imidazolinone),CC(C)C1(C)N=C(NC1=O)c2ncc(C)cc2C(O)=O,0.8713251606452984,False,False,False,38,6,True
imazamox,114311-32-9,2-[(4RS)-4-isopropyl-4-methyl-5-oxo-2-imidazolin-2-yl]-5-(methoxymethyl)pyridine-3-carboxylic acid1979 Rules:2-[(RS)-4-isopropyl-4-methyl-5-oxo-2-imidazolin-2-yl]-5-(methoxymethyl)nicotinic acid,NUPJIGQFXCQJBK-UHFFFAOYSA-N,herbicides (imidazolinone),COCc1cnc(C2=NC(C)(C(C)C)C(=O)N2)c(c1)C(O)=O,0.8514180601279369,False,False,False,38,6,True
imazapic,104098-48-8,2-[(4RS)-4-isopropyl-4-methyl-5-oxo-2-imidazolin-2-yl]-5-methylpyridine-3-carboxylic acid1979 Rules:2-[(RS)-4-isopropyl-4-methyl-5-oxo-2-imidazolin-2-yl]-5-methylnicotinic acid,PVSGXWMWNRGTKE-UHFFFAOYSA-N,herbicides (imidazolinone),CC(C)C1(C)N=C(NC1=O)c2ncc(C)cc2C(O)=O,0.8713251606452984,False,False,False,38,6,True
imazapyr,81334-34-1,2-[(4RS)-4-isopropyl-4-methyl-5-oxo-2-imidazolin-2-yl]pyridine-3-carboxylic acid1979 Rules:2-[(RS)-4-isopropyl-4-methyl-5-oxo-2-imidazolin-2-yl]nicotinic acid,CLQMBPJKHLGMQK-UHFFFAOYSA-N,herbicides (imidazolinone),CC(C)C1(C)N=C(NC1=O)c2ncccc2C(O)=O,0.8509465344191466,False,False,False,38,6,True
imazaquin,81335-37-7,2-[(RS)-4-isopropyl-4-methyl-5-oxo-2-imidazolin-2-yl]quinoline-3-carboxylic acid,CABMTIJINOIHOD-UHFFFAOYSA-N,herbicides (imidazolinone),CC(C)C1(C)N=C(NC1=O)c2nc3ccccc3cc2C(O)=O,0.9088995557748598,False,False,False,251,1,True
imazethapyr,81335-77-5,5-ethyl-2-[(4RS)-4-isopropyl-4-methyl-5-oxo-2-imidazolin-2-yl]pyridine-3-carboxylic acid1979 Rules:5-ethyl-2-[(RS)-4-isopropyl-4-methyl-5-oxo-2-imidazolin-2-yl]nicotinic acid,XVOKUMIPKHGGTN-UHFFFAOYSA-N,herbicides (imidazolinone),CCc1cnc(C2=NC(C)(C(C)C)C(=O)N2)c(c1)C(O)=O,0.8809371073535405,False,False,False,38,6,True
imazosulfuron,122548-33-8,"2-chloro-N-[(4,6-dimethoxypyrimidin-2-yl)carbamoyl]imidazo[1,2-a]pyridine-3-sulfonamide1979 Rules:1-[(2-chloroimidazo[1,2-a]pyridin-3-yl)sulfonyl]-3-(4,6-dimethoxypyrimidin-2-yl)urea",NAGRVUXEKKZNHT-UHFFFAOYSA-N,herbicides (pyrimidinylsulfonylurea),COc1cc(OC)nc(NC(=O)N[S](=O)(=O)c2n3ccccc3nc2Cl)n1,0.6393731598938146,False,False,False,50,5,True
imidaclothiz,105843-36-5,(EZ)-1-[(2-chlorothiazol-5-yl)methyl]-N-nitroimidazolidin-2-imine,OWRSHPAYDYCHSJ-UHFFFAOYSA-N,insecticides (nitroguanidine),[O-][N+](=O)NC1=NCCN1Cc2sc(Cl)nc2,0.6411613297858492,False,False,False,587,1,True
inabenfide,82211-24-3,4â²-chloro-2â²-[(Î±RS)-Î±-hydroxybenzyl]pyridine-4-carboxanilide1979 Rules:(RS)-4â²-chloro-2â²-(Î±-hydroxybenzyl)isonicotinanilide,PFDCOZXELJAUTR-UHFFFAOYSA-N,plant growth regulators (unclassified),OC(c1ccccc1)c2cc(Cl)ccc2NC(=O)c3ccncc3,0.7534406638554693,False,False,False,586,1,True
indanofan,133220-30-1,"2-{[(2RS)-2-(3-chlorophenyl)oxiran-2-yl]methyl}-2-ethylindane-1,3-dione1979 Rules:(RS)-2-[2-(3-chlorophenyl)-2,3-epoxypropyl]-2-ethylindan-1,3-dione",PMAAYIYCDXGUAP-UHFFFAOYSA-N,herbicides (oxirane),CCC1(C(=O)C2=CC=CC=C2C1=O)CC3(CO3)C4=CC(=CC=C4)Cl,0.6106359607430514,False,False,False,585,1,True
indazapyroxamet,1689545-27-4,N-(1-methylcyclopropyl)-2-(3-pyridyl)-2H-indazole-4-carboxamide,WNLDKUJBVKSZOA-UHFFFAOYSA-N,insecticides (unclassified),CC1(CC1)NC(=O)C2=CC=CC3=NN(C=C32)C4=CN=CC=C4,0.8071288179272265,False,False,False,584,1,True
indaziflam,950782-86-2,"N2-[(1R,2S)-2,3-dihydro-2,6-dimethyl-1H-inden-1-yl]-6-[(1RS)-1-fluoroethyl]-1,3,5-triazine-2,4-diamine",YFONKFDEZLYQDH-BOURZNODSA-N,herbicides (alkylazine),C[C@H]1CC2=C([C@@H]1NC3=NC(=NC(=N3)N)C(C)F)C=C(C=C2)C,0.9104505963108532,False,False,False,583,1,True
indolauxipyr,1628702-28-2,4-amino-3-chloro-5-fluoro-6-(7-fluoro-1H-indol-6-yl)pyridine-2-carboxylic acidpre-1969 name:4-amino-3-chloro-5-fluoro-6-(7-fluoro-1H-indol-6-yl)picolinic acid,CIPJEXPBJDLNIP-UHFFFAOYSA-N,herbicides (pyridinecarboxylic acid),C1=CC(=C(C2=C1C=CN2)F)C3=NC(=C(C(=C3F)N)Cl)C(=O)O,0.6732728955437218,False,False,False,582,1,True
indoxacarb,173584-44-6,"methyl (S)-N-{[7-chloro-2,3,4a,5-tetrahydro-4a-(methoxycarbonyl)indeno[1,2-e][1,3,4]oxadiazin-2-yl]carbonyl}-4â²-(trifluoromethoxy)carbanilateormethyl (S)-7-chloro-2,3,4a,5-tetrahydro-2-{(methoxycarbonyl)[4-(trifluoromethoxy)phenyl]carbamoyl}indeno[1,2-e][1,3,4]oxadiazine-4a-carboxylate",VBCVPMMZEGZULK-NRFANRHFSA-N,insecticides (oxadiazine),COC(=O)N(C(=O)N1CO[C@]2(Cc3cc(Cl)ccc3C2=N1)C(=O)OC)c4ccc(OC(F)(F)F)cc4,0.5532521207507042,False,False,False,581,1,True
inezin,21722-85-0,(RS)-(S-benzyl O-ethyl phenylphosphonothioate),PBOOGLULPGUHFZ-UHFFFAOYSA-N,fungicides (phosphonate),CCO[P](=O)(SCc1ccccc1)c2ccccc2,0.7345113285940955,False,False,False,72,4,True
inpyrfluxam,1352994-67-2,"3-(difluoromethyl)-N-[(R)-2,3-dihydro-1,1,3-trimethyl-1H-inden-4-yl]-1-methyl-1H-pyrazole-4-carboxamide",YTCIYOXHHQLDEI-SNVBAGLBSA-N,fungicides (pyrazolecarboxamide),C[C@@H]1CC(C2=C1C(=CC=C2)NC(=O)C3=CN(N=C3C(F)F)C)(C)C,0.9050696698521054,False,False,False,250,2,True
ipazine,1912-25-0,"6-chloro-N2,N2-diethyl-N4-isopropyl-1,3,5-triazine-2,4-diamine",OWYWGLHRNBIFJP-UHFFFAOYSA-N,herbicides (chlorotriazine),CCN(CC)c1nc(Cl)nc(NC(C)C)n1,0.8593336999534185,False,False,False,46,4,True
propham,122-42-9,isopropyl phenylcarbamate1979 Rules:isopropyl carbanilate,VXPLXMJHHKHSOA-UHFFFAOYSA-N,herbicides (carbamate)plant growth regulators (growth inhibitor),CC(C)OC(=O)Nc1ccccc1,0.7574489056424827,False,False,False,18,8,True
ipconazole,125225-28-7,"(1RS,2SR,5RS;1RS,2SR,5SR)-2-(4-chlorobenzyl)-5-isopropyl-1-(1H-1,2,4-triazol-1-ylmethyl)cyclopentanol",QTYCMDBMOLSEAM-UHFFFAOYSA-N,fungicides (triazole),CC(C)C1CCC(Cc2ccc(Cl)cc2)C1(O)Cn3cncn3,0.9093470602793498,False,False,False,233,2,True
ipfencarbazone,212201-70-2,"1-(2,4-dichlorophenyl)-2â²,4â²-difluoro-1,5-dihydro-N-isopropyl-5-oxo-4H-1,2,4-triazole-4-carboxanilide",DHYXNIKICPUXJI-UHFFFAOYSA-N,herbicides (azolylcarboxamide),CC(C)N(C1=C(C=C(C=C1)F)F)C(=O)N2C=NN(C2=O)C3=C(C=C(C=C3)Cl)Cl,0.618621010949818,False,False,False,580,1,True
ipfentrifluconazole,1417782-08-1,"(2RS)-2-[4-(4-chlorophenoxy)-2-(trifluoromethyl)phenyl]-3-methyl-1-(1H-1,2,4-triazol-1-yl)butan-2-ol1979 Rules:(2RS)-2-[4-(4-chlorophenoxy)-Î±,Î±,Î±-trifluoro-o-tolyl]-3-methyl-1-(1H-1,2,4-triazol-1-yl)butan-2-ol",SIIJJFOXEOHODQ-UHFFFAOYSA-N,fungicides (triazole),CC(C)C(CN1C=NC=N1)(C2=C(C=C(C=C2)OC3=CC=C(C=C3)Cl)C(F)(F)F)O,0.58286835702985,False,False,False,237,2,True
ipflufenoquin,1314008-27-9,"2-{2-[(7,8-difluoro-2-methyl-3-quinolyl)oxy]-6-fluorophenyl}propan-2-ol",DSXOWZNZGWXWMX-UHFFFAOYSA-N,fungicides (phenylpropanol),CC1=C(C=C2C=CC(=C(C2=N1)F)F)OC3=C(C(=CC=C3)F)C(C)(C)O,0.7264773351758474,False,False,False,579,1,True
iprobenfos,26087-47-8,"S-benzyl O,O-diisopropyl phosphorothioate",FCOAHACKGGIURQ-UHFFFAOYSA-N,fungicides (phosphorothiolate)synergists,CC(C)O[P](=O)(OC(C)C)SCc1ccccc1,0.6699409820283218,False,False,False,72,4,True
iprodione,36734-19-7,"3-(3,5-dichlorophenyl)-N-isopropyl-2,4-dioxoimidazolidine-1-carboxamide",ONUFESLQCSAYKA-UHFFFAOYSA-N,fungicides (dicarboximide),CC(C)NC(=O)N1CC(=O)N(C1=O)c2cc(Cl)cc(Cl)c2,0.8479034576014874,False,False,False,245,2,True
iprovalicarb,140923-17-7,isopropyl [(1S)-2-methyl-1-{[(1RS)-1-p-tolylethyl]carbamoyl}propyl]carbamate,NWUWYYSKZYIQAE-WMCAAGNKSA-N,fungicides (valinamidecarbamate),CC1=CC=C(C=C1)C(C)NC(=O)[C@H](C(C)C)NC(=O)OC(C)C,0.8445811223765269,False,False,False,578,1,True
iprymidam,30182-24-2,"6-chloro-N4-isopropylpyrimidine-2,4-diamine",UCOIYRGMDBGBOU-UHFFFAOYSA-N,herbicides (pyrimidinediamine),CC(C)NC1=CC(=NC(=N1)N)Cl,0.6880914838590441,False,False,False,577,1,True
ipsenol,35628-05-8,(S)-2-methyl-6-methyleneoct-7-en-4-ol,RHAXCOKCIAVHPB-JTQLQIEISA-N,insect attractants (Coleopteran),CC(C)C[C@H](O)CC(=C)C=C,0.60320671226255,False,False,False,576,1,True
ipsp,5827-05-4,"S-[(ethylsulfinyl)methyl] O,O-diisopropyl phosphorodithioate",KOTOUBGHZHWCCJ-UHFFFAOYSA-N,insecticides (aliphatic organothiophosphate),CC[S](=O)CS[P](=S)(OC(C)C)OC(C)C,0.6411647476958221,False,False,False,575,1,True
iptriazopyrid,1994348-72-9,"3-[(isopropylsulfonyl)methyl]-N-(5-methyl-1,3,4-oxadiazol-2-yl)-5-(trifluoromethyl)-[1,2,4]triazolo[4,3-a]pyridine-8-carboxamide",ODXFUPRPCAYZLK-UHFFFAOYSA-N,herbicides (unclassified),CC1=NN=C(O1)NC(=O)C2=CC=C(N3C2=NN=C3CS(=O)(=O)C(C)C)C(F)(F)F,0.6475333134609247,False,False,False,574,1,True
IR3535,52304-36-6,ethyl N-acetyl-N-butyl-Î²-alaninateorethyl 3-[acetyl(butyl)amino]propanoate,VZRKEAFHFMSHCD-UHFFFAOYSA-N,insect repellents,CCCCN(CCC(=O)OCC)C(C)=O,0.6057739354290559,False,False,False,249,2,True
isamidofos,66602-87-7,(RS)-[O-ethyl S-[(N-methylcarbaniloyl)methyl] N-isopropylphosphoramidothioate],ULNWEXDKQHEUSK-UHFFFAOYSA-N,nematicides (aliphatic organothiophosphate),CCOP(=O)(NC(C)C)SCC(=O)N(C)C1=CC=CC=C1,0.7390859576686384,False,False,False,573,1,True
isazofos,42509-80-8,"O-(5-chloro-1-isopropyl-1H-1,2,4-triazol-3-yl) O,O-diethyl phosphorothioate",XRHGWAGWAHHFLF-UHFFFAOYSA-N,insecticides (aryl organothiophosphate)nematicides (aryl organothiophosphate),CCO[P](=S)(OCC)Oc1nn(C(C)C)c(Cl)n1,0.7205332551239114,False,False,False,572,1,True
isocarbamid,30979-48-7,N-(2-methylpropyl)-2-oxoimidazolidine-1-carboxamide1979 Rules:N-isobutyl-2-oxoimidazolidine-1-carboxamide,SBYAVOHNDJTVPA-UHFFFAOYSA-N,herbicides (urea),CC(C)CNC(=O)N1CCNC1=O,0.6528649191388857,False,False,False,248,2,True
isocarbamid,30979-48-7,N-(2-methylpropyl)-2-oxoimidazolidine-1-carboxamide1979 Rules:N-isobutyl-2-oxoimidazolidine-1-carboxamide,SBYAVOHNDJTVPA-UHFFFAOYSA-N,herbicides (urea),CC(C)CNC(=O)N1CCNC1=O,0.6528649191388857,False,False,False,248,2,True
isocarbophos,24353-61-5,(RS)-{O-[2-(isopropoxycarbonyl)phenyl] O-methyl phosphoramidothioate}orisopropyl (RS)-O-[amino(methoxy)thiophosphoryl]salicylate,YFVOXLJXJBQDEF-UHFFFAOYSA-N,acaricides (phosphoramidate)insecticides (phosphoramidate),CO[P](N)(=S)Oc1ccccc1C(=O)OC(C)C,0.6629526048388258,False,False,False,68,4,True
isocil,314-42-1,"5-bromo-3-isopropyl-6-methylpyrimidine-2,4(1H,3H)-dionepre-1969 name:5-bromo-3-isopropyl-6-methyluracil",PSYBGEADHLUXCS-UHFFFAOYSA-N,herbicides (uracil),CC(C)N1C(=O)NC(=C(Br)C1=O)C,0.809824839764554,False,False,False,124,3,True
isofenphos,25311-71-1,isopropyl (RS)-O-[ethoxy(isopropylamino)phosphinothioyl]salicylateor(RS)-{O-ethyl O-[2-(isopropoxycarbonyl)phenyl] isopropylphosphoramidothioate},HOQADATXFBOEGG-UHFFFAOYSA-N,insecticides (phosphoramidate),CCO[P](=S)(NC(C)C)Oc1ccccc1C(=O)OC(C)C,0.5697527703476013,False,False,False,68,4,True
isofenphos-methyl,99675-03-3,(RS)-{O-[2-(isopropoxycarbonyl)phenyl] O-methyl isopropylphosphoramidothioate}orisopropyl (RS)-O-[(isopropylamino)methoxyphosphinothioyl]salicylate,IXTOWLKEARFCCP-UHFFFAOYSA-N,insecticides (phosphoramidate),CO[P](=S)(NC(C)C)Oc1ccccc1C(=O)OC(C)C,0.609509478481626,False,False,False,68,4,True
isofetamid,875915-78-9,"N-[1,1-dimethyl-2-(4-isopropoxy-2-methylphenyl)-2-oxoethyl]-3-methylthiophene-2-carboxamide1979 Rules:N-[1,1-dimethyl-2-(4-isopropoxy-o-tolyl)-2-oxoethyl]-3-methylthiophene-2-carboxamide",WMKZDPFZIZQROT-UHFFFAOYSA-N,fungicides (phenyloxoethyl thiopheneamide),CC1=C(SC=C1)C(=O)NC(C)(C)C(=O)C2=C(C=C(C=C2)OC(C)C)C,0.7703036247262839,False,False,False,571,1,True
isoflucypram,1255734-28-1,N-(5-chloro-2-isopropylbenzyl)-N-cyclopropyl-3-(difluoromethyl)-5-fluoro-1-methyl-1H-pyrazole-4-carboxamide,JEFUQUGZXLEHLD-UHFFFAOYSA-N,fungicides (pyrazolecarboxamide),CC(C)C1=C(C=C(C=C1)Cl)CN(C2CC2)C(=O)C3=C(N(N=C3C(F)F)C)F,0.6790813314061461,False,False,False,247,2,True
isolan,119-38-0,1-isopropyl-3-methyl-1H-pyrazol-5-yl dimethylcarbamate,RNNBHZYEKNHLKT-UHFFFAOYSA-N,insecticides (dimethylcarbamate),CC(C)n1nc(C)cc1OC(=O)N(C)C,0.7494260283741895,False,False,False,570,1,True
isomethiozin,57052-04-7,"6-tert-butyl-4-[(1EZ)-2-methylpropylidene]-3-(methylthio)-1,2,4-triazin-5(4H)-one1979 Rules:6-tert-butyl-4-[(EZ)-isobutylideneamino]-3-(methylthio)-1,2,4-triazin-5(4H)-one",MZTLOILRKLUURT-UHFFFAOYSA-N,herbicides (triazinone),CSC1=NN=C(C(=O)N1\N=C\C(C)C)C(C)(C)C,0.6222830477258564,False,False,False,569,1,True
isonoruron,28805-78-9,"reaction mixture of 1,1-dimethyl-3-(octahydro-4,7-methanoinden-1-yl)urea and 1,1-dimethyl-3-(octahydro-4,7-methanoinden-2-yl)urea1979 Rules:reaction mixture of 1,1-dimethyl-3-(perhydro-4,7-methanoinden-1-yl)urea and 1,1-dimethyl-3-(perhydro-4,7-methanoinden-2-yl)urea",inden-1-yl isomer:QOBMKVRRANLSMZ-UHFFFAOYSA-Ninden-2-yl isomer:NGLIDQPGZSUZTI-UHFFFAOYSA-N,herbicides (urea),CN(C)C(=O)NC1CCC2C3CCC(C3)C12,0.7235796596661411,False,False,False,568,1,True
isopolinate,3134-70-1,S-isopropyl azepane-1-carbothioate1979 Rules:S-isopropyl perhydroazepine-1-carbothioate,LMHHRCOWPQNFTF-UHFFFAOYSA-N,herbicides (thiocarbamate),CC(C)SC(=O)N1CCCCCC1,0.6493838255313872,False,False,False,567,1,True
isoprocarb,2631-40-5,2-isopropylphenyl methylcarbamate1979 Rules:o-cumenyl methylcarbamate,QBSJMKIUCUGGNG-UHFFFAOYSA-N,insecticides (phenyl carbamate),CNC(=O)Oc1ccccc1C(C)C,0.783353648710398,False,False,False,25,7,True
isocil,314-42-1,"5-bromo-3-isopropyl-6-methylpyrimidine-2,4(1H,3H)-dionepre-1969 name:5-bromo-3-isopropyl-6-methyluracil",PSYBGEADHLUXCS-UHFFFAOYSA-N,herbicides (uracil),CC(C)N1C(=O)NC(=C(Br)C1=O)C,0.809824839764554,False,False,False,124,3,True
isopropalin,33820-53-0,"4-isopropyl-2,6-dinitro-N,N-dipropylaniline",NEKOXWSIMFDGMA-UHFFFAOYSA-N,herbicides (dinitroaniline),CCCN(CCC)c1c(cc(cc1[N+]([O-])=O)C(C)C)[N+]([O-])=O,0.5285682767991541,False,False,False,19,7,True
isoproturon,34123-59-6,"3-(4-isopropylphenyl)-1,1-dimethylurea1979 Rules:3-p-cumenyl-1,1-dimethylurea",PUIYMUZLKQOUOZ-UHFFFAOYSA-N,algicidesherbicides (phenylurea),CC(C)c1ccc(NC(=O)N(C)C)cc1,0.792432787473538,False,False,False,37,3,True
isopyrazam,881685-58-1,"reaction mixture of 70â100% 2 syn-isomers 3-(difluoromethyl)-1-methyl-N-[(1RS,4SR,9RS)-1,2,3,4-tetrahydro-9-isopropyl-1,4-methanonaphthalen-5-yl]-1H-pyrazole-4-carboxamide and 30â0% 2 anti-isomers 3-(difluoromethyl)-1-methyl-N-[(1RS,4SR,9SR)-1,2,3,4-tetrahydro-9-isopropyl-1,4-methanonaphthalen-5-yl]-1H-pyrazole-4-carboxamide",XTDZGXBTXBEZDN-UHFFFAOYSA-N,fungicides (pyrazolecarboxamide),CC(C)C1C2CCC1C3=C2C=CC=C3NC(=O)C4=CN(N=C4C(F)F)C,0.8475852147455875,False,False,False,97,3,True
isopyrimol,55283-69-7,(RS)-1-(4-chlorophenyl)-2-methyl-1-pyrimidin-5-ylpropan-1-ol,RKLCNSACPVMCDV-UHFFFAOYSA-N,plant growth regulators (growth inhibitor),CC(C)C(O)(c1ccc(Cl)cc1)c2cncnc2,0.924888137589016,False,False,False,246,2,True
isothioate,36614-38-7,"S-[2-(isopropylthio)ethyl] O,O-dimethyl phosphorodithioate",SPCNPOWOBZQWJK-UHFFFAOYSA-N,insecticides (aliphatic organothiophosphate),CO[P](=S)(OC)SCCSC(C)C,0.5142673962366155,False,False,False,566,1,True
isotianil,224049-04-1,"3,4-dichloro-2â²-cyanoisothiazole-5-carboxanilide",WLPCAERCXQSYLQ-UHFFFAOYSA-N,fungicides (thiadiazolecarboxamide)plant activators,C1=CC=C(C(=C1)C#N)NC(=O)C2=C(C(=NS2)Cl)Cl,0.9212468765138984,False,False,False,565,1,True
isouron,55861-78-4,"3-(5-tert-butylisoxazol-3-yl)-1,1-dimethylurea",JLLJHQLUZAKJFH-UHFFFAOYSA-N,herbicides (urea),CN(C)C(=O)Nc1cc(on1)C(C)(C)C,0.7731344018395481,False,False,False,49,5,True
isovaledione,70017-93-5,"3-(3,5-dichlorophenyl)-1-(3-methylbutanoyl)imidazolidine-2,4-dione1979 Rules:3-(3,5-dichlorophenyl)-1-isovalerylimidazolidine-2,4-dione",GPUHJQHXIFJPGN-UHFFFAOYSA-N,fungicides (dicarboximide),CC(C)CC(=O)N1CC(=O)N(C1=O)c2cc(Cl)cc(Cl)c2,0.7993871592625504,False,False,False,245,2,True
isoxaben,82558-50-7,"N-[3-(1-ethyl-1-methylpropyl)isoxazol-5-yl]-2,6-dimethoxybenzamide",PMHURSZHKKJGBM-UHFFFAOYSA-N,herbicides (benzamide),CCC(C)(CC)c1cc(NC(=O)c2c(OC)cccc2OC)on1,0.8286640604006456,False,False,False,243,2,True
isoxacarbole,142993-75-7,ethyl 5-cyclopropyl-4-[2-(methylsulfonyl)-4-(trifluoromethyl)benzoyl]isoxazole-3-carboxylate,QYZXWMYCMLQDKT-UHFFFAOYSA-N,herbicides (isoxazole),CCOC(=O)C1=NOC(=C1C(=O)C2=C(C=C(C=C2)C(F)(F)F)S(=O)(=O)C)C3CC3,0.5101515207950443,False,False,False,123,3,True
isoxachlortole,141112-06-3,4-chloro-2-(methylsulfonyl)phenyl 5-cyclopropylisoxazol-4-yl ketone1979 Rules:4-chloro-2-mesylphenyl 5-cyclopropylisoxazol-4-yl ketone,LNGRZPZKVUBWQV-UHFFFAOYSA-N,herbicides (isoxazole),CS(=O)(=O)C1=C(C=CC(=C1)Cl)C(=O)C2=C(ON=C2)C3CC3,0.8076932229313664,False,False,False,123,3,True
isoxadifen,209866-92-2,"4,5-dihydro-5,5-diphenylisoxazole-3-carboxylic acid",ITGSCCPVERXFGN-UHFFFAOYSA-N,herbicide safeners,OC(=O)C1=NOC(C1)(c2ccccc2)c3ccccc3,0.9298212792050168,False,False,False,564,1,True
isoxaflutole,141112-29-0,"5-cyclopropylisoxazol-4-yl 2-(methylsulfonyl)-4-(trifluoromethyl)phenyl ketone1979 Rules:5-cyclopropylisoxazol-4-yl Î±,Î±,Î±-trifluoro-2-mesyl-p-tolyl ketone",OYIKARCXOQLFHF-UHFFFAOYSA-N,herbicides (isoxazole),C[S](=O)(=O)c1cc(ccc1C(=O)c2cnoc2C3CC3)C(F)(F)F,0.7836641612925007,False,False,False,123,3,True
isoxapyrifop,87757-18-4,"(2RS)-2-{4-[(3,5-dichloro-2-pyridyl)oxy]phenoxy}-1-(isoxazolidin-2-yl)propan-1-one1979 Rules:(RS)-2-(2-{4-[(3,5-dichloro-2-pyridyl)oxy]phenoxy}propionyl)isoxazolidine",ANFHKXSOSRDDRQ-UHFFFAOYSA-N,herbicides (aryloxyphenoxypropionic),CC(Oc1ccc(Oc2ncc(Cl)cc2Cl)cc1)C(=O)N3CCCO3,0.7777859488998048,False,False,False,244,1,True
isoxathion,18854-01-8,"O,O-diethyl O-(5-phenylisoxazol-3-yl) phosphorothioate",SDMSCIWHRZJSRN-UHFFFAOYSA-N,insecticides (aryl organothiophosphate),CCO[P](=S)(OCC)Oc1cc(on1)c2ccccc2,0.7196991482817544,False,False,False,563,1,True
isouron,55861-78-4,"3-(5-tert-butylisoxazol-3-yl)-1,1-dimethylurea",JLLJHQLUZAKJFH-UHFFFAOYSA-N,herbicides (urea),CN(C)C(=O)Nc1cc(on1)C(C)(C)C,0.7731344018395481,False,False,False,49,5,True
isoxaben,82558-50-7,"N-[3-(1-ethyl-1-methylpropyl)isoxazol-5-yl]-2,6-dimethoxybenzamide",PMHURSZHKKJGBM-UHFFFAOYSA-N,herbicides (benzamide),CCC(C)(CC)c1cc(NC(=O)c2c(OC)cccc2OC)on1,0.8286640604006456,False,False,False,243,2,True
japothrins,10597-73-6,"(5-allyl-2-furyl)methyl (1RS,3RS;1RS,3SR)-2,2-dimethyl-3-(2-methylprop-1-en-1-yl)cyclopropanecarboxylate1979 Rules:5-allylfurfuryl (1RS,3RS;1RS,3SR)-2,2-dimethyl-3-(2-methylprop-1-enyl)cyclopropanecarboxylate",QVDCSEPAJNGCBF-UHFFFAOYSA-N,insecticides (pyrethroid),CC(C)=CC1C(C(=O)OCc2oc(CC=C)cc2)C1(C)C,0.5787986708203858,False,False,False,242,1,True
jasmolin%20i,4466-14-2,"(Z)-(S)-2-methyl-4-oxo-3-(pent-2-enyl)cyclopent-2-enyl (1R,3R)-2,2-dimethyl-3-(2-methylprop-1-enyl)cyclopropanecarboxylateRothamsted-style stereodescriptors:(Z)-(S)-2-methyl-4-oxo-3-(pent-2-enyl)cyclopent-2-enyl (1R)-trans-2,2-dimethyl-3-(2-methylprop-1-enyl)cyclopropanecarboxylatepre-1969 name:(+)-cis-2-methyl-4-oxo-3-(pent-2-enyl)cyclopent-2-enyl (+)-trans-chrysanthemate",NZKIRHFOLVYKFT-VUMXUWRFSA-N,insecticides (pyrethrin),CC/C=C/CC1=C(C)C(CC1=O)OC(=O)C2C(C=C(C)C)C2(C)C,0.5196798081855268,False,False,False,0,17,True
jasmonic%20acid,6894-38-8,"(1R,2R)-3-oxo-2-(Z)-pent-2-enylcyclopentylacetic acid",ZNJFBWYDHIGLCU-HWKXXFMVSA-N,plant growth regulators (growth inhibitor),CC\C=C/C[C@@H]1[C@H](CCC1=O)CC(O)=O,0.7088152381108564,False,False,False,562,1,True
jiajizengxiaolin,33576-92-0,"O,O-dimethyl O-phenyl phosphorothioate",PZZAINQLAOZPRL-UHFFFAOYSA-N,synergists,CO[P](=S)(OC)Oc1ccccc1,0.7258263771151053,False,False,False,80,3,True
jiecaowan,22052-63-7,"2-(dichloromethyl)-2-methyl-1,3-dioxolane",OHXLAOJLJWLEIP-UHFFFAOYSA-N,herbicide safeners,CC1(OCCO1)C(Cl)Cl,0.5569457540751713,False,False,False,561,1,True
jiecaoxi,97454-00-7,"N-allyl-N-[(allylcarbamoyl)methyl]-2,2-dichloroacetamide",ZAWPDPLWGKAAHU-UHFFFAOYSA-N,herbicide safeners,ClC(Cl)C(=O)N(CC=C)CC(=O)NCC=C,0.5533848985539133,False,False,False,560,1,True
kadethrin,58769-20-3,"(5-benzyl-3-furyl)methyl (1R,3S)-3-[(E)-(2-oxo-dihydro-3(2H)-thienylidene)methyl]-2,2-dimethylcyclopropanecarboxylateRothamsted-style stereodescriptors:(5-benzyl-3-furyl)methyl (1R)-cis-3-[(E)-(2-oxo-dihydro-3(2H)-thienylidene)methyl]-2,2-dimethylcyclopropanecarboxylate",UGWALRUNBSBTGI-ZKMZRDRYSA-N,insecticides (pyrethroid),CC1(C)[C@H](\C=C2/CCSC2=O)C1C(=O)OCc3coc(Cc4ccccc4)c3,0.5196849361573922,False,False,False,11,9,True
kappa-bifenthrin,439680-76-9,"(2-methylbiphenyl-3-yl)methyl (1R,3R)-3-[(Z)-2-chloro-3,3,3-trifluoroprop-1-enyl]-2,2-dimethylcyclopropanecarboxylateRothamsted-style stereodescriptors:(2-methylbiphenyl-3-yl)methyl (1R)-cis-3-[(Z)-2-chloro-3,3,3-trifluoroprop-1-enyl]-2,2-dimethylcyclopropanecarboxylate",OMFRMAHOUUJSGP-IRHGGOMRSA-N,insecticides (pyrethroid),CC1=C(C=CC=C1C2=CC=CC=C2)COC(=O)[C@@H]3[C@@H](C3(C)C)/C=C(/C(F)(F)F)\Cl,0.5032490235011318,False,False,False,122,3,True
karbutilate,4849-32-5,"3-[(dimethylcarbamoyl)amino]phenyl tert-butylcarbamate1979 Rules:3-(3,3-dimethylureido)phenyl tert-butylcarbamate",OWNAXTAAAQTBSP-UHFFFAOYSA-N,herbicides (phenylurea),CN(C)C(=O)Nc1cccc(OC(=O)NC(C)(C)C)c1,0.873976219787011,False,False,False,559,1,True
karetazan,81051-65-2,"2-(4-chlorophenyl)-1-ethyl-6-methyl-4-oxo-1,4-dihydropyridine-3-carboxylic acid1979 Rules:2-(4-chlorophenyl)-1-ethyl-1,4-dihydro-6-methyl-4-oxonicotinic acid",GQFJDWYHPRLNHR-UHFFFAOYSA-N,plant growth regulators (gametocide),CCN1C(=CC(=O)C(=C1C2=CC=C(C=C2)Cl)C(=O)O)C,0.9445249346147032,False,False,False,241,2,True
ketospiradox,209790-31-8,"1-[(2â²,3â²-dihydro-5â²,8â²-dimethyl-1â²,1â²-dioxidospiro[1,3-dioxolane-2,4â²-thiochromen]-6â²-yl)carbonyl]-2,6-dioxocyclohexane",UNPABTKSZYKCBK-UHFFFAOYSA-N,herbicides (triketone),CC1=CC(=C(C2=C1S(=O)(=O)CCC23OCCO3)C)C(=O)C4C(=O)CCCC4=O,0.5447941812113969,False,False,False,558,1,True
kinetin,525-79-1,N-(2-furylmethyl)-7H-purin-6-amine1979 Rules:N-furfuryladenine,QANMHLXAZMSUEX-UHFFFAOYSA-N,plant growth regulators (cytokinin),C(Nc1ncnc2nc[nH]c12)c3occc3,0.6925924860226649,False,False,False,240,2,True
benalaxyl-m,98243-83-5,"methyl N-(2,6-dimethylphenyl)-N-(phenylacetyl)-D-alaninate1979 Rules:methyl N-(phenylacetyl)-N-(2,6-xylyl)-D-alaninate",CJPQIRJHIZUAQP-MRXNPFEDSA-N,fungicides (acylalanine),CC1=C(C(=CC=C1)C)N([C@H](C)C(=O)OC)C(=O)CC2=CC=CC=C2,0.7912239689842984,False,False,False,12,9,True
latilure,25312-34-9,"(2RS,3E)-4-[(1RS)-2,6,6-trimethylcyclohex-2-en-1-yl]but-3-en-2-ol",PWDOJWCZWKWKSE-BQYQJAHWSA-N,insect attractants (Dipteran),CC(O)/C=C/C1C(=CCCC1(C)C)C,0.6686290767214558,False,False,False,557,1,True
lenacil,2164-08-1,"3-cyclohexyl-6,7-dihydro-1H-cyclopenta[d]pyrimidine-2,4(3H,5H)-dione1979 Rules:3-cyclohexyl-1,5,6,7-tetrahydrocyclopentapyrimidine-2,4(3H)-dione",ZTMKADLOSYKWCA-UHFFFAOYSA-N,herbicides (uracil),O=C1NC2=C(CCC2)C(=O)N1C3CCCCC3,0.8008110582480528,False,False,False,556,1,True
bifenazate,149877-41-8,isopropyl 3-(4-methoxybiphenyl-3-yl)carbazateorisopropyl [2-(4-methoxybiphenyl-3-yl)hydrazino]formate,VHLKTXFWDRXILV-UHFFFAOYSA-N,acaricides (hydrazide),COc1ccc(cc1NNC(=O)OC(C)C)c2ccccc2,0.8240465869144333,False,False,False,239,2,True
gamma-hch,58-89-9,"1Î±,2Î±,3Î²,4Î±,5Î±,6Î²-hexachlorocyclohexane",JLYXXMFPNIAWKQ-GNIYUCBRSA-N,acaricides (organochlorine)insecticides (organochlorine),ClC1C(Cl)C(Cl)C(Cl)C(Cl)C1Cl,0.5976039421761683,False,False,False,10,10,True
lineatin,65035-34-9,"(1R,2S,5R,7R)-1,3,3-trimethyl-4,6-dioxatricyclo[3.3.1.02,7]nonane(1R,4S,5R,7R)-3,3,7-trimethyl-2,9-dioxatricyclo[3.3.1.04,7]nonane",SHTFZHTWSLHVEB-BDNRQGISSA-N,insect attractants (Coleopteran),C[C@]12C[C@@H]3[C@H]1C(O[C@H](C2)O3)(C)C,0.5500046577278491,False,False,False,555,1,True
linuron,330-55-2,"3-(3,4-dichlorophenyl)-1-methoxy-1-methylurea",XKJMBINCVNINCA-UHFFFAOYSA-N,herbicides (phenylurea),CON(C)C(=O)Nc1ccc(Cl)c(Cl)c1,0.8182421638748345,False,False,False,1,16,True
lirimfos,38260-63-8,"O-(6-ethoxy-2-isopropylpyrimidin-4-yl) O,O-dimethyl phosphorothioate",IIJPGEXICYPSKQ-UHFFFAOYSA-N,insecticides (aryl organothiophosphate),CCOC1=CC(=NC(=N1)C(C)C)OP(=S)(OC)OC,0.7176216772818002,False,False,False,238,2,True
clacyfos,215655-76-8,"(1RS)-1-(dimethoxyphosphinoyl)ethyl (2,4-dichlorophenoxy)acetate",UUHXXNQVWVFJLW-UHFFFAOYSA-N,herbicides (phenoxyacetic),CC(OC(=O)COC1=C(C=C(C=C1)Cl)Cl)P(=O)(OC)OC,0.5468518368837835,False,False,False,121,3,True
triclopyricarb,902760-40-1,"methyl N-methoxy-2-{[(3,5,6-trichloro-2-pyridyl)oxy]methyl}carbanilate",QFNFRZHOXWNWAQ-UHFFFAOYSA-N,fungicides (methoxycarbamate),COC(=O)N(C1=CC=CC=C1COC2=NC(=C(C=C2Cl)Cl)Cl)OC,0.5432844096323933,False,False,False,161,2,True
clacyfos,215655-76-8,"(1RS)-1-(dimethoxyphosphinoyl)ethyl (2,4-dichlorophenoxy)acetate",UUHXXNQVWVFJLW-UHFFFAOYSA-N,herbicides (phenoxyacetic),CC(OC(=O)COC1=C(C=C(C=C1)Cl)Cl)P(=O)(OC)OC,0.5468518368837835,False,False,False,121,3,True
lythidathion,2669-32-1,"S-[(5-ethoxy-2-oxo-1,3,4-thiadiazol-3(2H)-yl)methyl] O,O-dimethyl phosphorodithioate1979 Rules:S-[(5-ethoxy-2,3-dihydro-2-oxo-1,3,4-thiadiazol-3-yl)methyl] O,O-dimethyl phosphorodithioate",FPMIAGPUNXEUCZ-UHFFFAOYSA-N,insecticides (arylalkyl organothiophosphate),CCOC1=NN(CS[P](=S)(OC)OC)C(=O)S1,0.7120255028205709,False,False,False,69,4,True
thiometon,640-15-3,"S-[2-(ethylthio)ethyl] O,O-dimethyl phosphorodithioate",OPASCBHCTNRLRM-UHFFFAOYSA-N,acaricides (aliphatic organothiophosphate)insecticides (aliphatic organothiophosphate),CCSCCS[P](=S)(OC)OC,0.5060697166799628,False,False,False,90,3,True
malonoben,10537-47-0,"2-(3,5-di-tert-butyl-4-hydroxybenzylidene)malononitrile",MZOPWQKISXCCTP-UHFFFAOYSA-N,insecticides (unclassified),CC(C)(C)c1cc(C=C(C#N)C#N)cc(c1O)C(C)(C)C,0.7752256569126753,False,False,False,554,1,True
mandestrobin,173662-97-0,"(2RS)-2-{2-[(2,5-dimethylphenoxy)methyl]phenyl}-2-methoxy-N-methylacetamide1979 Rules:(RS)-2-methoxy-N-methyl-2-[Î±-(2,5-xylyloxy)-o-tolyl]acetamide",PDPWCKVFIFAQIQ-UHFFFAOYSA-N,fungicides (methoxyacetamide),CC1=CC(=C(C=C1)C)OCC2=CC=CC=C2C(C(=O)NC)OC,0.8897603756984678,False,False,False,553,1,True
mandipropamid,374726-62-2,(2RS)-2-(4-chlorophenyl)-N-{2-[3-methoxy-4-(prop-2-ynyloxy)phenyl]ethyl}-2-(prop-2-ynyloxy)acetamide1979 Rules:(RS)-2-(4-chlorophenyl)-N-[3-methoxy-4-(prop-2-ynyloxy)phenethyl]-2-(prop-2-ynyloxy)acetamide,KWLVWJPJKJMCSH-UHFFFAOYSA-N,fungicides (mandelamide),COC1=C(C=CC(=C1)CCNC(=O)C(C2=CC=C(C=C2)Cl)OCC#C)OCC#C,0.6085972515163424,False,False,False,552,1,True
matrine,519-02-8,"(7aS,13aR,13bR,13cS)-dodecahydro-1H,5H,10H-dipyrido[2,1-f:3â²,2â²,1â²-ij][1,6]naphthyridin-10-one",ZSBXGIUJOOQZMP-JLNYLFASSA-N,insecticides (alkaloid),O=C1CCC[C@@H]2[C@H]3CCCN4CCC[C@@H](CN12)[C@@H]34,0.653212201411745,False,False,False,551,1,True
swep,1918-18-9,"methyl (3,4-dichlorophenyl)carbamate1979 Rules:methyl 3,4-dichlorocarbanilate",WOZQBERUBLYCEG-UHFFFAOYSA-N,herbicides (carbamate),COC(=O)Nc1ccc(Cl)c(Cl)c1,0.7886474274784452,False,False,False,1,16,True
mcpa,94-74-6,(4-chloro-2-methylphenoxy)acetic acid1979 Rules:[(4-chloro-o-tolyl)oxy]acetic acid,WHKUVVPPKQRRBV-UHFFFAOYSA-N,herbicides (phenoxyacetic),Cc1cc(Cl)ccc1OCC(O)=O,0.8131158175997406,False,False,False,3,14,True
mcpa,94-74-6,(4-chloro-2-methylphenoxy)acetic acid1979 Rules:[(4-chloro-o-tolyl)oxy]acetic acid,WHKUVVPPKQRRBV-UHFFFAOYSA-N,herbicides (phenoxyacetic),Cc1cc(Cl)ccc1OCC(O)=O,0.8131158175997406,False,False,False,3,14,True
mcpa-thioethyl,25319-90-8,S-ethyl (4-chloro-2-methylphenoxy)thioacetate1979 Rules:S-ethyl [(4-chloro-o-tolyl)oxy]thioacetate,AZFKQCNGMSSWDS-UHFFFAOYSA-N,herbicides (phenoxyacetic),CCSC(=O)COc1ccc(Cl)cc1C,0.8130210119985557,False,False,False,3,14,True
mcpb,94-81-5,4-(4-chloro-2-methylphenoxy)butanoic acid1979 Rules:4-[(4-chloro-o-tolyl)oxy]butyric acid,LLWADFLAOKUBDR-UHFFFAOYSA-N,herbicides (phenoxybutyric),Cc1cc(Cl)ccc1OCCCC(O)=O,0.7886629905263892,False,False,False,3,14,True
mcpb,94-81-5,4-(4-chloro-2-methylphenoxy)butanoic acid1979 Rules:4-[(4-chloro-o-tolyl)oxy]butyric acid,LLWADFLAOKUBDR-UHFFFAOYSA-N,herbicides (phenoxybutyric),Cc1cc(Cl)ccc1OCCCC(O)=O,0.7886629905263892,False,False,False,3,14,True
mecoprop,93-65-2,(2RS)-2-(4-chloro-2-methylphenoxy)propanoic acid1979 Rules:(RS)-2-[(4-chloro-o-tolyl)oxy]propionic acid,WNTGYJSOUMFZEP-UHFFFAOYSA-N,herbicides (phenoxypropionic),CC(Oc1ccc(Cl)cc1C)C(O)=O,0.8411298229292858,False,False,False,5,12,True
mebenil,7055-03-0,2-methylbenzanilide1979 Rules:o-toluanilide,MZNCVTCEYXDDIS-UHFFFAOYSA-N,fungicides (phenylbenzamide),Cc1ccccc1C(=O)Nc2ccccc2,0.8112788228538133,False,False,False,117,3,True
mecarbam,2595-54-2,"ethyl {[(diethoxyphosphinothioyl)thio]acetyl}methylcarbamate1979 Rules:S-{[(ethoxycarbonyl)methylcarbamoyl]methyl} O,O-diethyl phosphorodithioate",KLGMSAOQDHLCOS-UHFFFAOYSA-N,acaricides (aliphatic amide organothiophosphate)insecticides (aliphatic amide organothiophosphate),CCOC(=O)N(C)C(=O)CS[P](=S)(OCC)OCC,0.6342244676965567,False,False,False,550,1,True
mecarbinzid,27386-64-7,methyl (1-{[2-(methylthio)ethyl]carbamoyl}-1H-benzimidazol-2-yl)carbamate,ZCAHBOURBFRXOT-UHFFFAOYSA-N,fungicides (benzimidazole),COC(=O)NC1=NC2=CC=CC=C2N1C(=O)NCCSC,0.8452344257848973,False,False,False,120,3,True
mecarphon,29173-31-7,methyl (RS)-({[methoxy(methyl)phosphinothioyl]thio}acetyl)methylcarbamate1979 Rules:(RS)-(S-{[(methoxycarbonyl)methylcarbamoyl]methyl} O-methyl methylphosphonodithioate),PUTUPQVEMBRCAG-UHFFFAOYSA-N,insecticides (phosphonothioate)nematicides (phosphonothioate),COC(=O)N(C)C(=O)CS[P](C)(=S)OC,0.7227504198403621,False,False,False,549,1,True
mecoprop,93-65-2,(2RS)-2-(4-chloro-2-methylphenoxy)propanoic acid1979 Rules:(RS)-2-[(4-chloro-o-tolyl)oxy]propionic acid,WNTGYJSOUMFZEP-UHFFFAOYSA-N,herbicides (phenoxypropionic),CC(Oc1ccc(Cl)cc1C)C(O)=O,0.8411298229292858,False,False,False,5,12,True
mecoprop-p,16484-77-8,(2R)-2-(4-chloro-2-methylphenoxy)propanoic acid1979 Rules:(R)-2-[(4-chloro-o-tolyl)oxy]propionic acid,WNTGYJSOUMFZEP-SSDOTTSWSA-N,herbicides (phenoxypropionic),C[C@@H](Oc1ccc(Cl)cc1C)C(O)=O,0.8411298229292858,False,False,False,5,12,True
medimeform,69618-84-4,"(EZ)-Nâ²-(2,4-dimethylphenyl)-N,N-dimethylformimidamide hydrochloride1979 Rules:(EZ)-N1,N1-dimethyl-N2-(2,4-xylyl)formamidine hydrochloride",QGIQXBSZVXYNQA-UHFFFAOYSA-N,acaricides (formamidine)insecticides (formamidine),CC1=CC(=C(C=C1)N=CN(C)C)C.Cl,0.5438420455215967,False,False,False,119,3,True
medinoterb,3996-59-6,"6-tert-butyl-3-methyl-2,4-dinitrophenol1979 Rules:6-tert-butyl-2,4-dinitro-m-cresol",LJGZUMNXGLDTFF-UHFFFAOYSA-N,herbicides (dinitrophenol),Cc1c(cc(c(O)c1[N+]([O-])=O)C(C)(C)C)[N+]([O-])=O,0.6445673460038589,False,False,False,548,1,True
mefenacet,73250-68-7,"2-(1,3-benzothiazol-2-yloxy)-N-methylacetanilide",XIGAUIHYSDTJHW-UHFFFAOYSA-N,herbicides (oxyacetamide),CN(C(=O)COc1sc2ccccc2n1)c3ccccc3,0.7416506042768993,False,False,False,547,1,True
metalaxyl-m,70630-17-0,"methyl N-(2,6-dimethylphenyl)-N-(methoxyacetyl)-D-alaninate1979 Rules:methyl N-(methoxyacetyl)-N-2,6-xylyl-D-alaninate",ZQEIXNIJLIKNTD-GFCCVEGCSA-N,fungicides (acylalanine),CC1=C(C(=CC=C1)C)N([C@H](C)C(=O)OC)C(=O)COC,0.7717915307026936,False,False,False,12,9,True
mefenpyr,135591-00-3,"(RS)-1-(2,4-dichlorophenyl)-5-methyl-2-pyrazoline-3,5-dicarboxylic acid",XEJNEDVTJPXRSM-UHFFFAOYSA-N,herbicide safeners,CC1(CC(=NN1C2=C(C=C(C=C2)Cl)Cl)C(=O)O)C(=O)O,0.8936557829834775,False,False,False,546,1,True
mefentrifluconazole,1417782-03-6,"(2RS)-2-[4-(4-chlorophenoxy)-2-(trifluoromethyl)phenyl]-1-(1H-1,2,4-triazol-1-yl)propan-2-ol1979 Rules:(2RS)-2-[4-(4-chlorophenoxy)-Î±,Î±,Î±-trifluoro-o-tolyl]-1-(1H-1,2,4-triazol-1-yl)propan-2-ol",JERZEQUMJNCPRJ-UHFFFAOYSA-N,fungicides (triazole),CC(CN1C=NC=N1)(C2=C(C=C(C=C2)OC3=CC=C(C=C3)Cl)C(F)(F)F)O,0.6804203044647431,False,False,False,237,2,True
mefluidide,53780-34-0,"2â²,4â²-dimethyl-5â²-{[(trifluoromethyl)sulfonyl]amino}acetanilide1979 Rules:2â²,4â²-dimethyl-5â²-(1,1,1-trifluoromethanesulfonamido)acetanilide",OKIBNKKYNPBDRS-UHFFFAOYSA-N,herbicides (trifluoromethanesulfonanilide)plant growth regulators (growth retardant),CC(=O)Nc1cc(N[S](=O)(=O)C(F)(F)F)c(C)cc1C,0.9005339397180173,False,False,False,236,2,True
dicoumarol,66-76-2,"3,3â²-methylenebis(4-hydroxy-2H-chromen-2-one)1979 Rules:3,3â²-methylenebis(4-hydroxycoumarin)",DOBMPNYZJYQDGZ-UHFFFAOYSA-N,rodenticides (coumarin),C1=CC=C2C(=C1)C(=C(C(=O)O2)CC3=C(C4=CC=CC=C4OC3=O)O)O,0.5459100356936089,False,False,False,118,3,True
menazon,78-57-9,"S-[(4,6-diamino-1,3,5-triazin-2-yl)methyl] O,O-dimethyl phosphorodithioate",SUYHYHLFUHHVJQ-UHFFFAOYSA-N,insecticides (arylalkyl organothiophosphate),CO[P](=S)(OC)SCc1nc(N)nc(N)n1,0.7565093469767278,False,False,False,235,2,True
"p-menthane-3,8-diol",42822-86-6,"p-menthane-3,8-diolor2-(2-hydroxypropan-2-yl)-5-methylcyclohexan-1-ol",LMXFTMYMHGYJEI-UHFFFAOYSA-N,insect repellents,CC1CCC(C(O)C1)C(C)(C)O,0.6297947834614553,False,False,False,109,3,True
"p-menthane-3,8-diol",42822-86-6,"p-menthane-3,8-diolor2-(2-hydroxypropan-2-yl)-5-methylcyclohexan-1-ol",LMXFTMYMHGYJEI-UHFFFAOYSA-N,insect repellents,CC1CCC(C(O)C1)C(C)(C)O,0.6297947834614553,False,False,False,109,3,True
mepanipyrim,110235-47-7,N-[4-methyl-6-(prop-1-ynyl)pyrimidin-2-yl]aniline,CIFWZNRJIBNXRE-UHFFFAOYSA-N,fungicides (anilinopyrimidine),CC#Cc1cc(C)nc(Nc2ccccc2)n1,0.795366040911133,False,False,False,102,3,True
mephenate,2620-53-3,4-chlorophenyl methylcarbamate,WMMQJAQJAPXWDO-UHFFFAOYSA-N,herbicide safeners,CNC(=O)Oc1ccc(Cl)cc1,0.7275124381872445,False,False,False,545,1,True
mephosfolan,950-10-7,"diethyl [(2EZ,4RS)-4-methyl-1,3-dithiolan-2-ylidene]phosphoramidate",LTQSAUHRSCMPLD-UHFFFAOYSA-N,insecticides (phosphoramidate),CCO[P](=O)(OCC)N=C1SCC(C)S1,0.7158670765100776,False,False,False,65,4,True
mepitriflufenpyr,214706-53-3,"5-chloro-7-(4-methylpiperidino)-6-(2,4,6-trifluorophenyl)[1,2,4]triazolo[1,5-a]pyrimidine",ASMNSUBMNZQTTG-UHFFFAOYSA-N,fungicides (triazolopyrimidine),CC1CCN(CC1)C2=C(C(=NC3=NC=NN23)Cl)C4=C(C=C(C=C4F)F)F,0.6269608945961769,False,False,False,544,1,True
mepronil,55814-41-0,3â²-isopropoxy-2-methylbenzanilide1979 Rules:3â²-isopropoxy-o-toluanilide,BCTQJXQXJVLSIG-UHFFFAOYSA-N,fungicides (phenylbenzamide),CC(C)Oc1cccc(NC(=O)c2ccccc2C)c1,0.9094878634062542,False,False,False,117,3,True
methiocarb,2032-65-7,"3,5-dimethyl-4-(methylthio)phenyl methylcarbamate1979 Rules:4-(methylthio)-3,5-xylyl methylcarbamate",YFBPRJGDJKVWAH-UHFFFAOYSA-N,acaricides (phenyl carbamate)bird repellentsinsecticides (phenyl carbamate)molluscicides,CNC(=O)Oc1cc(C)c(SC)c(C)c1,0.7864412991344591,False,False,False,14,9,True
mesoprazine,1824-09-5,"6-chloro-N2-isopropyl-N4-(3-methoxypropyl)-1,3,5-triazine-2,4-diamine",PMYBBBROJPQQQV-UHFFFAOYSA-N,herbicides (chlorotriazine),COCCCNc1nc(Cl)nc(NC(C)C)n1,0.7277626559772367,False,False,False,116,1,True
mesulfen,135-58-0,"2,7-dimethylthianthrene",AHXDSVSZEZHDLV-UHFFFAOYSA-N,acaricides (aromatic hydrocarbon),Cc1ccc2Sc3ccc(C)cc3Sc2c1,0.5502992875298575,False,False,False,234,2,True
mesulfenfos,3761-41-9,"O,O-dimethyl O-[3-methyl-4-(methylsulfinyl)phenyl] phosphorothioate1979 Rules:O,O-dimethyl O-[4-(methylsulfinyl)-m-tolyl] phosphorothioate",DLAPIMGBBDILHJ-UHFFFAOYSA-N,insecticides (phenyl organothiophosphate),CO[P](=S)(OC)Oc1ccc(c(C)c1)[S](C)=O,0.7811565727001336,False,False,False,543,1,True
mesulfen,135-58-0,"2,7-dimethylthianthrene",AHXDSVSZEZHDLV-UHFFFAOYSA-N,acaricides (aromatic hydrocarbon),Cc1ccc2Sc3ccc(C)cc3Sc2c1,0.5502992875298575,False,False,False,234,2,True
cresol,1319-77-3,cresol,o-cresol:QWVGKYWNOKOFNN-UHFFFAOYSA-Nm-cresol:RLSSMJSEOOYNOY-UHFFFAOYSA-Np-cresol:IWDCLRJOBJJRNH-UHFFFAOYSA-N,bactericidesfungicides (phenol)herbicides (phenol),Cc1ccc(O)cc1,0.5359354364287862,False,False,False,56,4,True
metalaxyl,57837-19-1,"methyl N-(2,6-dimethylphenyl)-N-(methoxyacetyl)-DL-alaninate1979 Rules:methyl N-(methoxyacetyl)-N-2,6-xylyl-DL-alaninate",ZQEIXNIJLIKNTD-UHFFFAOYSA-N,fungicides (acylalanine),COCC(=O)N(C(C)C(=O)OC)c1c(C)cccc1C,0.7717915307026936,False,False,False,12,9,True
metalaxyl-m,70630-17-0,"methyl N-(2,6-dimethylphenyl)-N-(methoxyacetyl)-D-alaninate1979 Rules:methyl N-(methoxyacetyl)-N-2,6-xylyl-D-alaninate",ZQEIXNIJLIKNTD-GFCCVEGCSA-N,fungicides (acylalanine),CC1=C(C(=CC=C1)C)N([C@H](C)C(=O)OC)C(=O)COC,0.7717915307026936,False,False,False,12,9,True
metalaxyl-m,70630-17-0,"methyl N-(2,6-dimethylphenyl)-N-(methoxyacetyl)-D-alaninate1979 Rules:methyl N-(methoxyacetyl)-N-2,6-xylyl-D-alaninate",ZQEIXNIJLIKNTD-GFCCVEGCSA-N,fungicides (acylalanine),CC1=C(C(=CC=C1)C)N([C@H](C)C(=O)OC)C(=O)COC,0.7717915307026936,False,False,False,12,9,True
metaldehyde,108-62-3,"2,4,6,8-tetramethyl-1,3,5,7-tetraoxocaneor2,4,6,8-tetramethyl-1,3,5,7-tetraoxacyclooctane",GKKDCARASOJPNG-UHFFFAOYSA-N,molluscicides,CC1OC(C)OC(C)OC(C)O1,0.5594673592465454,False,False,False,542,1,True
metamitron,41394-05-2,"4-amino-4,5-dihydro-3-methyl-6-phenyl-1,2,4-triazin-5-oneor4-amino-3-methyl-6-phenyl-1,2,4-triazin-5(4H)-one",VHCNQEUWZYOAEV-UHFFFAOYSA-N,herbicides (triazinone),CC1=NN=C(c2ccccc2)C(=O)N1N,0.6760054758480663,False,False,False,541,1,True
metarylpicoxamid,2376210-14-7,"(2S,3S)-3-(o-tolyl)butan-2-yl N-{[4-methoxy-3-(propanoyloxy)-2-pyridyl]carbonyl}-L-alaninate1979 Rules:(1S,2S)-1-methyl-2-(o-tolyl)propyl N-{[4-methoxy-3-(propionyloxy)-2-pyridyl]carbonyl}-L-alaninate",CAUHWGTUUBORAX-IKGGRYGDSA-N,fungicides (picolinamide),CCC(=O)OC1=C(C=CN=C1C(=O)N[C@@H](C)C(=O)O[C@@H](C)[C@@H](C)C2=CC=CC=C2C)OC,0.5921911966410234,False,False,False,540,1,True
mcpa,94-74-6,(4-chloro-2-methylphenoxy)acetic acid1979 Rules:[(4-chloro-o-tolyl)oxy]acetic acid,WHKUVVPPKQRRBV-UHFFFAOYSA-N,herbicides (phenoxyacetic),Cc1cc(Cl)ccc1OCC(O)=O,0.8131158175997406,False,False,False,3,14,True
metazachlor,67129-08-2,"2-chloro-2â²,6â²-dimethyl-N-(1H-pyrazol-1-ylmethyl)acetanilide",STEPQTYSZVCJPV-UHFFFAOYSA-N,herbicides (chloroacetamide),Cc1cccc(C)c1N(Cn2cccn2)C(=O)CCl,0.8061720118928043,False,False,False,539,1,True
metazosulfuron,868680-84-6,"3-chloro-4-[(5RS)-5,6-dihydro-5-methyl-1,4,2-dioxazin-3-yl]-N-[(4,6-dimethoxypyrimidin-2-yl)carbamoyl]-1-methyl-1H-pyrazole-5-sulfonamide1979 Rules:1-({3-chloro-4-[(5RS)-5,6-dihydro-5-methyl-1,4,2-dioxazin-3-yl]-1-methyl-1H-pyrazol-5-yl}sulfonyl)-3-(4,6-dimethoxypyrimidin-2-yl)urea",IXWKBUKANTXHJH-UHFFFAOYSA-N,herbicides (pyrimidinylsulfonylurea),CC1CON=C(O1)C2=C(N(N=C2Cl)C)S(=O)(=O)NC(=O)NC3=NC(=CC(=N3)OC)OC,0.599012924652682,False,False,False,50,5,True
metazoxolon,5707-73-3,(EZ)-4-[(3-chlorophenyl)hydrazono]-3-methylisoxazol-5(4H)-one,PANCLGUYZXWRPW-UHFFFAOYSA-N,fungicides (oxazole)anthelmintic,CC\1=NOC(=O)C1=N\Nc2cccc(Cl)c2,0.6324592100091715,False,False,False,538,1,True
metcamifen,129531-12-0,2-methoxy-N-({4-[(methylcarbamoyl)amino]phenyl}sulfonyl)benzamide1979 Rules:N-{[4-(3-methylureido)phenyl]sulfonyl}-o-anisamide,JCHMGYRXQDASJE-UHFFFAOYSA-N,herbicide safeners,CNC(=O)NC1=CC=C(C=C1)S(=O)(=O)NC(=O)C2=CC=CC=C2OC,0.7460335113101946,False,False,False,537,1,True
metconazole,125116-23-6,"(1RS,5RS;1RS,5SR)-5-(4-chlorobenzyl)-2,2-dimethyl-1-(1H-1,2,4-triazol-1-ylmethyl)cyclopentanol",XWPZUHJBOLQNMN-UHFFFAOYSA-N,fungicides (triazole),CC1(C)CCC(Cc2ccc(Cl)cc2)C1(O)Cn3cncn3,0.9399670137011116,False,False,False,233,2,True
metepa,57-39-6,"(2RS,2â²RS,2â³RS)-tris(2-methylaziridin-1-yl)phosphine oxide",AVUYXHYHTTVPRX-UHFFFAOYSA-N,chemosterilants,CC1CN1[P](=O)(N2CC2C)N3CC3C,0.5218206299063738,False,False,False,536,1,True
metflurazon,23576-23-0,"4-chloro-5-(dimethylamino)-2-[3-(trifluoromethyl)phenyl]pyridazin-3(2H)-one1979 Rules:4-chloro-5-(dimethylamino)-2-(Î±,Î±,Î±-trifluoro-m-tolyl)pyridazin-3(2H)-one",CYQMVKQKBFFDOO-UHFFFAOYSA-N,herbicides (pyridazinone),CN(C)C1=C(Cl)C(=O)N(N=C1)c2cccc(c2)C(F)(F)F,0.8544399477526714,False,False,False,220,2,True
methabenzthiazuron,18691-97-9,"1-(1,3-benzothiazol-2-yl)-1,3-dimethylurea",RRVIAQKBTUQODI-UHFFFAOYSA-N,algicidesherbicides (urea),CNC(=O)N(C)c1sc2ccccc2n1,0.8008689197274829,False,False,False,232,2,True
methasulfocarb,66952-49-6,4-[(methylcarbamoyl)thio]phenyl methanesulfonate1979 Rules:S-[4-(mesyloxy)phenyl] methyl(thiocarbamate),IXJOSTZEBSTPAG-UHFFFAOYSA-N,fungicides (thiocarbamate),CNC(=O)Sc1ccc(O[S](C)(=O)=O)cc1,0.6584063576927807,False,False,False,535,1,True
methazole,20354-26-1,"2-(3,4-dichlorophenyl)-4-methyl-1,2,4-oxadiazolidine-3,5-dione",LRUUNMYPIBZBQH-UHFFFAOYSA-N,herbicides (unclassified),CN1C(=O)ON(C1=O)c2ccc(Cl)c(Cl)c2,0.7798703182372356,False,False,False,534,1,True
methfuroxam,28730-17-8,"2,4,5-trimethyl-3-furananilide1979 Rules:2,4,5-trimethyl-3-furanilide",ZWJNEYVWPYIKMB-UHFFFAOYSA-N,fungicides (furancarboxamide),Cc1oc(C)c(C(=O)Nc2ccccc2)c1C,0.8564474367889292,False,False,False,533,1,True
methabenzthiazuron,18691-97-9,"1-(1,3-benzothiazol-2-yl)-1,3-dimethylurea",RRVIAQKBTUQODI-UHFFFAOYSA-N,algicidesherbicides (urea),CNC(=O)N(C)c1sc2ccccc2n1,0.8008689197274829,False,False,False,232,2,True
methidathion,950-37-8,"S-[(5-methoxy-2-oxo-1,3,4-thiadiazol-3(2H)-yl)methyl] O,O-dimethyl phosphorodithioate1979 Rules:S-[(2,3-dihydro-5-methoxy-2-oxo-1,3,4-thiadiazol-3-yl)methyl] O,O-dimethyl phosphorodithioate",MEBQXILRKZHVCX-UHFFFAOYSA-N,insecticides (arylalkyl organothiophosphate),COC1=NN(CS[P](=S)(OC)OC)C(=O)S1,0.7382295257339834,False,False,False,69,4,True
methiobencarb,18357-78-3,S-(4-methoxybenzyl) diethylcarbamothioate1979 Rules:S-(4-methoxybenzyl) diethyl(thiocarbamate),BUHNESFUCHPWED-UHFFFAOYSA-N,herbicides (thiocarbamate),CCN(CC)C(=O)SCc1ccc(OC)cc1,0.8052642999772383,False,False,False,91,3,True
methiocarb,2032-65-7,"3,5-dimethyl-4-(methylthio)phenyl methylcarbamate1979 Rules:4-(methylthio)-3,5-xylyl methylcarbamate",YFBPRJGDJKVWAH-UHFFFAOYSA-N,acaricides (phenyl carbamate)bird repellentsinsecticides (phenyl carbamate)molluscicides,CNC(=O)Oc1cc(C)c(SC)c(C)c1,0.7864412991344591,False,False,False,14,9,True
methiotepa,76-96-0,"(2RS,2â²RS,2â³RS)-tris(2-methylaziridin-1-yl)phosphine sulfide",MLFGIRNMAOXTHS-UHFFFAOYSA-N,chemosterilants,CC1CN1[P](=S)(N2CC2C)N3CC3C,0.5346225892023282,False,False,False,532,1,True
methiozolin,403640-27-7,"2,6-difluorobenzyl (RS)-[4,5-dihydro-5-methyl-3-(3-methyl-2-thienyl)isoxazol-5-yl]methyl etheror(5RS)-5-{[(2,6-difluorobenzyl)oxy]methyl}]-4,5-dihydro-5-methyl-3-(3-methyl-2-thienyl)isoxazole",OPEJGICLTMWFNQ-UHFFFAOYSA-N,herbicides (benzyl ether),CC1=C(SC=C1)C2=NOC(C2)(C)COCC3=C(C=CC=C3F)F,0.807731266867616,False,False,False,231,2,True
methiuron,21540-35-2,"1,1-dimethyl-3-(3-methylphenyl)thiourea1979 Rules:1,1-dimethyl-3-m-tolylthiourea",MMCJEAKINANSOL-UHFFFAOYSA-N,herbicides (phenylthiourea),CN(C)C(=S)Nc1cccc(C)c1,0.6902942018248147,False,False,False,531,1,True
metolcarb,1129-41-5,m-tolyl methylcarbamate,VOEYXMAFNDNNED-UHFFFAOYSA-N,acaricides (phenyl carbamate)insecticides (phenyl carbamate),CNC(=O)Oc1cccc(C)c1,0.6875550279831613,False,False,False,24,3,True
methometon,1771-07-9,"6-methoxy-N2,N4-bis(3-methoxypropyl)-1,3,5-triazine-2,4-diamine",FWJLFUVWQAXWLE-UHFFFAOYSA-N,herbicides (methoxytriazine),COCCCNc1nc(NCCCOC)nc(OC)n1,0.5763611398205905,False,False,False,530,1,True
methoprotryne,841-06-5,"N2-isopropyl-N4-(3-methoxypropyl)-6-(methylthio)-1,3,5-triazine-2,4-diamine",DDUIUBPJPOKOMV-UHFFFAOYSA-N,herbicides (alkylthiotriazine),COCCCNc1nc(NC(C)C)nc(SC)n1,0.5520554592449197,False,False,False,2,15,True
methoprotryne,841-06-5,"N2-isopropyl-N4-(3-methoxypropyl)-6-(methylthio)-1,3,5-triazine-2,4-diamine",DDUIUBPJPOKOMV-UHFFFAOYSA-N,herbicides (alkylthiotriazine),COCCCNc1nc(NC(C)C)nc(SC)n1,0.5520554592449197,False,False,False,2,15,True
methoquin-butyl,19764-43-3,butyl 3-methylquinoline-4-carboxylateorbutyl 3-methylcinchoninate,HBVUDJVVVFGZMB-UHFFFAOYSA-N,insect repellents,CCCCOC(=O)c1c(C)cnc2ccccc12,0.6091016510407956,False,False,False,529,1,True
methothrin,34388-29-9,"4-(methoxymethyl)benzyl (1RS,3RS;1RS,3SR)-2,2-dimethyl-3-(2-methylprop-1-enyl)cyclopropanecarboxylate",GQNBIMLHUAWKHJ-UHFFFAOYSA-N,insecticides (pyrethroid),COCc1ccc(COC(=O)C2C(C=C(C)C)C2(C)C)cc1,0.5856617594079516,False,False,False,528,1,True
methoxychlor,72-43-5,"2,2â²-[(2,2,2-trichloroethane-1,1-diyl)di(4,1-phenylene)] dimethyl ether1979 Rules:1,1,1-trichloro-2,2-bis(4-methoxyphenyl)ethane",IAKOZHOLGAGEJT-UHFFFAOYSA-N,insecticides (organochlorine),COc1ccc(cc1)C(c2ccc(OC)cc2)C(Cl)(Cl)Cl,0.7085299188898864,False,False,False,527,1,True
methoxyfenozide,161050-58-4,"Nâ²-tert-butyl-Nâ²-(3,5-dimethylbenzoyl)-3-methoxy-2-methylbenzohydrazide",QCAWEPFNJXQPAN-UHFFFAOYSA-N,insecticides (diacylhydrazine),COc1cccc(C(=O)NN(C(=O)c2cc(C)cc(C)c2)C(C)(C)C)c1C,0.8259732388403982,False,False,False,526,1,True
methoxyphenone,41295-28-7,"4-methoxy-3,3â²-dimethylbenzophenone",BWPYBAJTDILQPY-UHFFFAOYSA-N,herbicides (benzophenone),COc1ccc(cc1C)C(=O)c2cccc(C)c2,0.7668997571398437,False,False,False,525,1,True
methyl%20eugenol,93-15-2,"4-allyl-1,2-phenylene dimethyl ether1979 Rules:4-allylveratrole",ZYEMGPIYFIJGTP-UHFFFAOYSA-N,insect attractants (Dipteran),COc1ccc(CC=C)cc1OC,0.6591252605281698,False,False,False,524,1,True
isofenphos-methyl,99675-03-3,(RS)-{O-[2-(isopropoxycarbonyl)phenyl] O-methyl isopropylphosphoramidothioate}orisopropyl (RS)-O-[(isopropylamino)methoxyphosphinothioyl]salicylate,IXTOWLKEARFCCP-UHFFFAOYSA-N,insecticides (phosphoramidate),CO[P](=S)(NC(C)C)Oc1ccccc1C(=O)OC(C)C,0.609509478481626,False,False,False,68,4,True
methylacetophos,2088-72-4,"S-[(ethoxycarbonyl)methyl] O,O-dimethyl phosphorothioateorethyl [(dimethoxyphosphinoyl)thio]acetate",LIXQYRZDAFGLSQ-UHFFFAOYSA-N,insecticides (aliphatic organothiophosphate),CCOC(=O)CS[P](=O)(OC)OC,0.508843077897207,False,False,False,523,1,True
methyldymron,42609-73-4,1-methyl-3-(1-methyl-1-phenylethyl)-1-phenylurea,FMINYZXVCTYSNY-UHFFFAOYSA-N,herbicides (phenylurea),CN(C(=O)NC(C)(C)c1ccccc1)c2ccccc2,0.9026419639965344,False,False,False,522,1,True
oxydemeton-methyl,301-12-2,"S-[2-(ethylsulfinyl)ethyl] O,O-dimethyl phosphorothioate",PMCVMORKVPSKHZ-UHFFFAOYSA-N,insecticides (aliphatic organothiophosphate),CC[S](=O)CCS[P](=O)(OC)OC,0.6419752286288123,False,False,False,212,2,True
methylneodecanamide,105726-67-8,"2,2,2-trialkyl-N-methylacetamide",Failed,insect repellents,CCCC(CC)(CCC)C(=O)NC,0.6770270921306852,False,False,False,229,2,True
azinphos-methyl,86-50-0,"O,O-dimethyl S-[(4-oxo-1,2,3-benzotriazin-3(4H)-yl)methyl] phosphorodithioate1979 Rules:S-[(3,4-dihydro-4-oxo-1,2,3-benzotriazin-3-yl)methyl] O,O-dimethyl phosphorodithioate",CJJOSEISRRTUQB-UHFFFAOYSA-N,acaricides (arylalkyl organothiophosphate)insecticides (arylalkyl organothiophosphate),CO[P](=S)(OC)SCN1N=Nc2ccccc2C1=O,0.7813603331085346,False,False,False,31,6,True
methiozolin,403640-27-7,"2,6-difluorobenzyl (RS)-[4,5-dihydro-5-methyl-3-(3-methyl-2-thienyl)isoxazol-5-yl]methyl etheror(5RS)-5-{[(2,6-difluorobenzyl)oxy]methyl}]-4,5-dihydro-5-methyl-3-(3-methyl-2-thienyl)isoxazole",OPEJGICLTMWFNQ-UHFFFAOYSA-N,herbicides (benzyl ether),CC1=C(SC=C1)C2=NOC(C2)(C)COCC3=C(C=CC=C3F)F,0.807731266867616,False,False,False,231,2,True
metobenzuron,111578-32-6,"(RS)-1-methoxy-3-{4-[(2-methoxy-2,4,4-trimethylchroman-7-yl)oxy]phenyl}-1-methylurea",BXKKQFGRMSOANI-UHFFFAOYSA-N,herbicides (phenylurea),CC1(CC(OC2=C1C=CC(=C2)OC3=CC=C(C=C3)NC(=O)N(C)OC)(C)OC)C,0.7211525239770522,False,False,False,521,1,True
metobromuron,3060-89-7,3-(4-bromophenyl)-1-methoxy-1-methylurea,WLFDQEVORAMCIM-UHFFFAOYSA-N,herbicides (phenylurea),CON(C)C(=O)Nc1ccc(Br)cc1,0.8287384573846017,False,False,False,13,5,True
metolachlor,51218-45-2,2-chloro-2â²-ethyl-N-[(1RS)-2-methoxy-1-methylethyl]-6â²-methylacetanilide,WVQBLGZPHOPPFO-UHFFFAOYSA-N,herbicides (chloroacetamide),CCc1cccc(C)c1N(C(C)COC)C(=O)CCl,0.7507170326024228,False,False,False,520,1,True
metolcarb,1129-41-5,m-tolyl methylcarbamate,VOEYXMAFNDNNED-UHFFFAOYSA-N,acaricides (phenyl carbamate)insecticides (phenyl carbamate),CNC(=O)Oc1cccc(C)c1,0.6875550279831613,False,False,False,24,3,True
metomeclan,81949-88-4,"(3RS)-1-(3,5-dichlorophenyl)-3-(methoxymethyl)pyrrolidine-2,5-dione1979 Rules:(3RS)-N-(3,5-dichlorophenyl)-2-(methoxymethyl)succinimide",GKRWQTZYSYFMOV-UHFFFAOYSA-N,fungicides (dicarboximide),COCC1CC(=O)N(C1=O)c2cc(Cl)cc(Cl)c2,0.8028430737291151,False,False,False,519,1,True
tribenuron,106040-48-6,"2-{[(4-methoxy-6-methyl-1,3,5-triazin-2-yl)methylcarbamoyl]sulfamoyl}benzoic acid",BQZXUHDXIARLEO-UHFFFAOYSA-N,herbicides (triazinylsulfonylurea),COc1nc(C)nc(n1)N(C)C(=O)N[S](=O)(=O)c2ccccc2C(O)=O,0.7502112675966904,False,False,False,6,11,True
metominostrobin,133408-50-1,(2E)-2-(methoxyimino)-N-methyl-2-(2-phenoxyphenyl)acetamide,HIIRDDUVRXCDBN-OBGWFSINSA-N,fungicides (oximinoacetamide),CNC(=O)C(=N/OC)\c1ccccc1Oc2ccccc2,0.6778265524958644,False,False,False,518,1,True
metosulam,139528-85-1,"2â²,6â²-dichloro-5,7-dimethoxy-3â²-methyl[1,2,4]triazolo[1,5-a]pyrimidine-2-sulfonanilide",VGHPMIFEKOFHHQ-UHFFFAOYSA-N,herbicides (triazolopyrimidine),COc1cc(OC)n2nc(nc2n1)[S](=O)(=O)Nc3c(Cl)ccc(C)c3Cl,0.678588119113988,False,False,False,517,1,True
metoxadiazone,60589-06-2,"5-methoxy-3-(2-methoxyphenyl)-1,3,4-oxadiazol-2(3H)-one",LTMQQEMGRMBUSL-UHFFFAOYSA-N,insecticides (oxadiazolone),COC1=NN(C(=O)O1)c2ccccc2OC,0.7694668545013422,False,False,False,516,1,True
metoxuron,19937-59-8,"3-(3-chloro-4-methoxyphenyl)-1,1-dimethylurea",DSRNRYQBBJQVCW-UHFFFAOYSA-N,herbicides (phenylurea)plant growth regulators (defoliant),COc1ccc(NC(=O)N(C)C)cc1Cl,0.8449387331326265,False,False,False,1,16,True
metproxybicyclone,1848207-89-5,"(1RS,5SR)-3-[2-methoxy-4-(prop-1-yn-1-yl)phenyl]-4-oxobicyclo[3.2.1]oct-2-en-2-yl methyl carbonate",BLGCYYLLSINBMU-UHFFFAOYSA-N,herbicides (carbocyclic aryl-dione),CC#CC1=CC(=C(C=C1)C2=C(C3CCC(C3)C2=O)OC(=O)OC)OC,0.6218088963180096,False,False,False,515,1,True
metrafenone,220899-03-6,"3â²-bromo-2,3,4,6â²-tetramethoxy-2â²,6-dimethylbenzophenone",AMSPWOYQQAWRRM-UHFFFAOYSA-N,fungicides (arylphenyl ketone),COc1ccc(Br)c(C)c1C(=O)c2c(C)cc(OC)c(OC)c2OC,0.6651830485844222,False,False,False,514,1,True
metribuzin,21087-64-9,"4-amino-6-tert-butyl-3-(methylthio)-1,2,4-triazin-5(4H)-one1979 Rules:4-amino-6-tert-butyl-4,5-dihydro-3-(methylthio)-1,2,4-triazin-5-one",FOXFZRUHNHCZPX-UHFFFAOYSA-N,herbicides (triazinone),CSC1=NN=C(C(=O)N1N)C(C)(C)C,0.5398609311816175,False,False,False,230,2,True
metsulfovax,21452-18-6,"2,4-dimethylthiazole-5-carboxanilide",UDSJPFPDKCMYBD-UHFFFAOYSA-N,fungicides (anilide),Cc1sc(C(=O)Nc2ccccc2)c(C)n1,0.8644002263262006,False,False,False,513,1,True
metsulfuron,79510-48-8,"2-{[(4-methoxy-6-methyl-1,3,5-triazin-2-yl)carbamoyl]sulfamoyl}benzoic acid",UWHURBUBIHUHSU-UHFFFAOYSA-N,herbicides (triazinylsulfonylurea),COc1nc(C)nc(NC(=O)N[S](=O)(=O)c2ccccc2C(O)=O)n1,0.6788734654692816,False,False,False,6,11,True
metyltetraprole,1472649-01-6,"1-[2-({[1-(4-chlorophenyl)-1H-pyrazol-3-yl]oxy}methyl)-3-methylphenyl]-1,4-dihydro-4-methyl-5H-tetrazol-5-one",XUQQRGKFXLAPNV-UHFFFAOYSA-N,fungicides (tetrazolinone),CC1=C(C(=CC=C1)N2C(=O)N(N=N2)C)COC3=NN(C=C3)C4=CC=C(C=C4)Cl,0.5178504653507111,False,False,False,512,1,True
mexacarbate,315-18-4,"4-(dimethylamino)-3,5-dimethylphenyl methylcarbamate1979 Rules:4-(dimethylamino)-3,5-xylyl methylcarbamate",YNEVBPNZHBAYOA-UHFFFAOYSA-N,insecticides (phenyl carbamate),CNC(=O)Oc1cc(C)c(N(C)C)c(C)c1,0.8326808767157128,False,False,False,14,9,True
MGK-264,113-48-4,"N-(2-ethylhexyl)bicyclo[2.2.1]hept-5-ene-2,3-dicarboximide1979 Rules:N-(2-ethylhexyl)-8,9,10-trinorborn-5-ene-2,3-dicarboximide",WLLGXSLBOPFWQV-UHFFFAOYSA-N,synergists,CCCCC(CC)CN1C(=O)C2C3CC(C=C3)C2C1=O,0.5517734735747961,False,False,False,155,2,True
xmc,2655-14-3,"3,5-dimethylphenyl methylcarbamate1979 Rules:3,5-xylyl methylcarbamate",CVQODEWAPZVVBU-UHFFFAOYSA-N,insecticides (phenyl carbamate),CNC(=O)Oc1cc(C)cc(C)c1,0.7158371024295939,False,False,False,14,9,True
mieshuan,51594-83-3,3-pyridylmethyl (4-nitrophenyl)carbamate1979 Rules:3-pyridylmethyl 4-nitrocarbanilate,NEJBEZATSQIMQM-UHFFFAOYSA-N,rodenticides (unclassified),[O-][N+](=O)c1ccc(NC(=O)OCc2cccnc2)cc1,0.682283540951935,False,False,False,101,3,True
pentmethrin,79302-84-4,"(1RS,2EZ)-1-cyano-2-methylpent-2-enyl (1RS,3RS;1RS,3SR)-3-(2,2-dichlorovinyl)-2,2-dimethylcyclopropanecarboxylate",WKWOGKNOZXPLBT-UHFFFAOYSA-N,insecticides (pyrethroid),CC\C=C(/C)C(OC(=O)C1C(C=C(Cl)Cl)C1(C)C)C#N,0.5588298283597474,False,False,False,203,2,True
milneb,3773-49-7,"4,4â²,6,6â²-tetramethyl-3,3â²-ethylenedi-1,3,5-thiadiazinane-2-thione",JZFICWYCTCCINF-UHFFFAOYSA-N,fungicides (alkylenebis(dithiocarbamate)),CC1NC(C)N(CCN2C(C)NC(C)SC2=S)C(=S)S1,0.7494807951089579,False,False,False,168,2,True
mipafox,371-86-8,"N,Nâ²-diisopropylphosphorodiamidic fluoride",UOSHUBFBCPGQAY-UHFFFAOYSA-N,acaricides (phosphorodiamide)insecticides (phosphorodiamide),CC(C)N[P](F)(=O)NC(C)C,0.6536460214242569,False,False,False,511,1,True
isoprocarb,2631-40-5,2-isopropylphenyl methylcarbamate1979 Rules:o-cumenyl methylcarbamate,QBSJMKIUCUGGNG-UHFFFAOYSA-N,insecticides (phenyl carbamate),CNC(=O)Oc1ccccc1C(C)C,0.783353648710398,False,False,False,25,7,True
mnaf,5903-13-9,2-fluoro-N-methyl-N-1-naphthylacetamide,ADRPZEYTIFWCBC-UHFFFAOYSA-N,acaricides (halogenated alkanoic acid),CN(C(=O)CF)c1cccc2ccccc12,0.7570323125176142,False,False,False,510,1,True
methylneodecanamide,105726-67-8,"2,2,2-trialkyl-N-methylacetamide",Failed,insect repellents,CCCC(CC)(CCC)C(=O)NC,0.6770270921306852,False,False,False,229,2,True
molinate,2212-67-1,S-ethyl azepane-1-carbothioate1979 Rules:S-ethyl perhydroazepine-1-carbothioate,DEDOPGXGGQYYMW-UHFFFAOYSA-N,herbicides (thiocarbamate),CCSC(=O)N1CCCCCC1,0.6288315334758273,False,False,False,509,1,True
monalide,7287-36-7,"4â²-chloro-2,2-dimethylpentananilide1979 Rules:4â²-chloro-2,2-dimethylvaleranilide",KXGYBSNVFXBPNO-UHFFFAOYSA-N,herbicides (anilide),CCCC(C)(C)C(=O)Nc1ccc(Cl)cc1,0.8420661161153804,False,False,False,508,1,True
monisouron,55807-46-0,1-(5-tert-butylisoxazol-3-yl)-3-methylurea,GUGLRTKPJBGNAF-UHFFFAOYSA-N,herbicides (urea),CNC(=O)Nc1cc(on1)C(C)(C)C,0.7199415850798259,False,False,False,49,5,True
monisouron,55807-46-0,1-(5-tert-butylisoxazol-3-yl)-3-methylurea,GUGLRTKPJBGNAF-UHFFFAOYSA-N,herbicides (urea),CNC(=O)Nc1cc(on1)C(C)(C)C,0.7199415850798259,False,False,False,49,5,True
semiamitraz,33089-74-6,"(EZ)-N-(2,4-dimethylphenyl)-Nâ²-methylformimidamide1979 Rules:(EZ)-N1-methyl-N2-(2,4-xylyl)formamidine",JIIOLEGNERQDIP-UHFFFAOYSA-N,acaricides (formamidine)insecticides (formamidine),[H+].[Cl-].CN=CNc1ccc(C)cc1C,0.5026948534766565,False,False,False,179,2,True
monolinuron,1746-81-2,3-(4-chlorophenyl)-1-methoxy-1-methylurea,LKJPSUCKSLORMF-UHFFFAOYSA-N,herbicides (phenylurea),CON(C)C(=O)Nc1ccc(Cl)cc1,0.7683684755629444,False,False,False,13,5,True
sulfiram,95-05-6,tetraethylthiuram monosulfide,CTPKSRZFJSJGML-UHFFFAOYSA-N,acaricides (dithiocarbamate),CCN(CC)C(=S)SC(=S)N(CC)CC,0.718116509373947,False,False,False,93,3,True
monosulfuron,155860-63-2,N-[(4-methylpyrimidin-2-yl)carbamoyl]-2-nitrobenzenesulfonamide,DPIRXVCCFDCYGI-UHFFFAOYSA-N,herbicides (pyrimidinylsulfonylurea),CC1=NC(=NC=C1)NC(=O)NS(=O)(=O)C2=CC=CC=C2[N+](=O)[O-],0.6296299744861545,False,False,False,228,2,True
monosulfuron-ester,175076-90-1,methyl 2-{[(4-methylpyrimidin-2-yl)carbamoyl]sulfamoyl}benzoate,VGBNSONMEGTIDX-UHFFFAOYSA-N,herbicides (pyrimidinylsulfonylurea),CC1=NC(=NC=C1)NC(=O)NS(=O)(=O)C2=CC=CC=C2C(=O)OC,0.78978809136627,False,False,False,228,2,True
monuron,150-68-5,"3-(4-chlorophenyl)-1,1-dimethylurea",BMLIZLVNXIYGCK-UHFFFAOYSA-N,herbicides (phenylurea),CN(C)C(=O)Nc1ccc(Cl)cc1,0.7388016668237096,False,False,False,1,16,True
derivatives/monuron%20tca,140-41-0,"3-(4-chlorophenyl)-1,1-dimethylurea - trichloroacetic acid (1:1)or3-(4-chlorophenyl)-1,1-dimethyluronium trichloroacetate",DUQGREMIROGTTD-UHFFFAOYSA-N,herbicides (phenylurea),CN(C)C(=O)Nc1ccc(Cl)cc1.OC(=O)C(Cl)(Cl)Cl,0.7455438637541558,False,False,False,36,1,True
morfamquat,7411-47-4,"1,1â²-bis{[(3,5-dimethylmorpholino)carbonyl]methyl}-4,4â²-bipyridiniumor1,1â²-bis{[(3,5-dimethylmorpholino)carbonyl]methyl}-4,4â²-bipyridyldiylium",UBAQQOLXBOKEHR-UHFFFAOYSA-N,herbicides (quaternary ammonium),CC1COCC(N1C(=O)C[N+]2=CC=C(C=C2)C3=CC=[N+](C=C3)CC(=O)N4C(COCC4C)C)C,0.6189015953666119,False,False,False,507,1,True
morphothion,144-41-2,"O,O-dimethyl S-[(morpholinocarbonyl)methyl] phosphorodithioate",NTHGWXIWFHGPLK-UHFFFAOYSA-N,insecticides (aliphatic amide organothiophosphate),CO[P](=S)(OC)SCC(=O)N1CCOCC1,0.7049448342939498,False,False,False,506,1,True
morzid,2168-68-5,4-[bis(aziridin-1-yl)phosphinothioyl]morpholine,RQOLZRKNRJWASP-UHFFFAOYSA-N,chemosterilants,S=[P](N1CCOCC1)(N2CC2)N3CC3,0.5094362671716384,False,False,False,505,1,True
xylylcarb,2425-10-7,"3,4-dimethylphenyl methylcarbamate1979 Rules:3,4-xylyl methylcarbamate",WCJYTPVNMWIZCG-UHFFFAOYSA-N,insecticides (phenyl carbamate),CNC(=O)Oc1ccc(C)c(C)c1,0.7158371024295938,False,False,False,14,9,True
metolcarb,1129-41-5,m-tolyl methylcarbamate,VOEYXMAFNDNNED-UHFFFAOYSA-N,acaricides (phenyl carbamate)insecticides (phenyl carbamate),CNC(=O)Oc1cccc(C)c1,0.6875550279831613,False,False,False,24,3,True
a-multistriatin,59014-03-8,"(1S,2R,4S,5R)-5-ethyl-2,4-dimethyl-6,8-dioxabicyclo[3.2.1]octane",YMBRJMLOGNZRFY-UTINFBMNSA-N,insect attractants (Coleopteran),CC[C@]12[C@H](C[C@H]([C@H](O1)CO2)C)C,0.6002333519215051,False,False,False,504,1,True
myclobutanil,88671-89-0,"(RS)-2-(4-chlorophenyl)-2-(1H-1,2,4-triazol-1-ylmethyl)hexanenitrile",HZJKXKUJVSEEFU-UHFFFAOYSA-N,fungicides (triazole),CCCCC(Cn1cncn1)(C#N)c2ccc(Cl)cc2,0.816126583631671,False,False,False,227,2,True
myclozolin,54864-61-8,"(RS)-3-(3,5-dichlorophenyl)-5-(methoxymethyl)-5-methyloxazolidine-2,4-dione",FTCOKXNKPOUEFH-UHFFFAOYSA-N,fungicides (dicarboximide),COCC1(C)OC(=O)N(C1=O)c2cc(Cl)cc(Cl)c2,0.861348503416851,False,False,False,74,4,True
naphthaleneacetamide,86-86-2,2-(1-naphthyl)acetamide,XFNJVKMNNVCYEK-UHFFFAOYSA-N,plant growth regulators (auxin),NC(=O)Cc1cccc2ccccc12,0.7621016980168944,False,False,False,226,2,True
naftalofos,1491-41-4,"2-[(diethoxyphosphoryl)oxy]-1H-benzo[de]isoquinoline-1,3(2H)-dione1979 Rules:diethyl [(naphthalimido)oxy]phosphonate",QNSIFYWAPWSAIJ-UHFFFAOYSA-N,insecticides (organophosphate),CCO[P](=O)(OCC)ON1C(=O)c2cccc3cccc(C1=O)c23,0.5858679120189295,False,False,False,225,2,True
naphthalene,91-20-3,naphthalene,UFWIBTONFRDIAS-UHFFFAOYSA-N,insecticides (aromatic hydrocarbon),c1ccc2ccccc2c1,0.5114311994891171,False,False,False,503,1,True
naphthaleneacetamide,86-86-2,2-(1-naphthyl)acetamide,XFNJVKMNNVCYEK-UHFFFAOYSA-N,plant growth regulators (auxin),NC(=O)Cc1cccc2ccccc12,0.7621016980168944,False,False,False,226,2,True
naftalofos,1491-41-4,"2-[(diethoxyphosphoryl)oxy]-1H-benzo[de]isoquinoline-1,3(2H)-dione1979 Rules:diethyl [(naphthalimido)oxy]phosphonate",QNSIFYWAPWSAIJ-UHFFFAOYSA-N,insecticides (organophosphate),CCO[P](=O)(OCC)ON1C(=O)c2cccc3cccc(C1=O)c23,0.5858679120189295,False,False,False,225,2,True
1-naphthol,90-15-3,1-naphthol,KJCVRFUGPWSIIH-UHFFFAOYSA-N,plant growth regulators (auxin),Oc1cccc2ccccc12,0.6020160700037418,False,False,False,152,2,True
"naphthylindane-1,3-diones",1786-03-4,"2-(1-naphthyl)indane-1,3-dione1979 Rules:2-(1-naphthyl)indan-1,3-dione",CVLPPWGDNNZTRW-UHFFFAOYSA-N,rodenticides (indandione),O=C1C(C(=O)c2ccccc12)c3cccc4ccccc34,0.6273108946956543,False,False,False,502,1,True
naproanilide,52570-16-8,(2RS)-2-(2-naphthyloxy)propananilide1979 Rules:(RS)-2-(2-naphthyloxy)propionanilide,LVKTWOXHRYGDMM-UHFFFAOYSA-N,herbicides (acetamide),CC(Oc1ccc2ccccc2c1)C(=O)Nc3ccccc3,0.780236788222283,False,False,False,501,1,True
napropamide,15299-99-7,"(2RS)-N,N-diethyl-2-(1-naphthyloxy)propanamide1979 Rules:(RS)-N,N-diethyl-2-(1-naphthyloxy)propionamide",WXZVAROIGSFCFJ-UHFFFAOYSA-N,herbicides (acetamide),CCN(CC)C(=O)C(C)Oc1cccc2ccccc12,0.8329661267783456,False,False,False,224,2,True
napropamide-m,41643-35-0,"(2R)-N,N-diethyl-2-(1-naphthyloxy)propanamide1979 Rules:(R)-N,N-diethyl-2-(1-naphthyloxy)propionamide",WXZVAROIGSFCFJ-CYBMUJFWSA-N,herbicides (acetamide),CCN(CC)C(=O)[C@@H](C)OC1=CC=CC2=CC=CC=C21,0.8329661267783456,False,False,False,224,2,True
naptalam,132-66-1,N-1-naphthylphthalamic acid,JXTHEWSKYLZVJC-UHFFFAOYSA-N,herbicides (arylcarboxylic acid),OC(=O)c1ccccc1C(=O)Nc2cccc3ccccc23,0.7711817050736868,False,False,False,114,3,True
neburon,555-37-3,"1-butyl-3-(3,4-dichlorophenyl)-1-methylurea",CCGPUGMWYLICGL-UHFFFAOYSA-N,herbicides (phenylurea),CCCCN(C)C(=O)Nc1ccc(Cl)c(Cl)c1,0.8745091815553023,False,False,False,1,16,True
neburon,555-37-3,"1-butyl-3-(3,4-dichlorophenyl)-1-methylurea",CCGPUGMWYLICGL-UHFFFAOYSA-N,herbicides (phenylurea),CCCCN(C)C(=O)Nc1ccc(Cl)c(Cl)c1,0.8745091815553023,False,False,False,1,16,True
anabasine,494-52-0,3-[(2S)-2-piperidyl]pyridine,MTXSIJUGVMTTMU-JTQLQIEISA-N,insecticides (alkaloid),C1CC[C@H](NC1)c2cccnc2,0.6818149785973887,False,False,False,115,3,True
nitrofen,1836-75-5,"2,4-dichlorophenyl 4-nitrophenyl ether",XITQUSLLOSKDTB-UHFFFAOYSA-N,herbicides (diphenyl ether),[O-][N+](=O)c1ccc(Oc2ccc(Cl)cc2Cl)cc1,0.6062690853537354,False,False,False,23,7,True
niclosamide,50-65-7,"2â²,5-dichloro-2-hydroxy-4â²-nitrobenzanilide1979 Rules:2â²,5-dichloro-4â²-nitrosalicylanilide",RJMUSRYZPJIFPJ-UHFFFAOYSA-N,molluscicides,Oc1ccc(Cl)cc1C(=O)Nc2ccc(cc2Cl)[N+]([O-])=O,0.6611804498474478,False,False,False,223,2,True
boscalid,188425-85-6,2-chloro-N-(4â²-chlorobiphenyl-2-yl)pyridine-3-carboxamide1979 Rules:2-chloro-2â²-(4-chlorophenyl)nicotinanilide,WYEMLYFITZORAB-UHFFFAOYSA-N,fungicides (pyridinecarboxamide),Clc1ccc(cc1)c2ccccc2NC(=O)c3cccnc3Cl,0.6551915267194443,False,False,False,222,2,True
nicosulfuron,111991-09-4,"2-{[(4,6-dimethoxypyrimidin-2-yl)carbamoyl]sulfamoyl}-N,N-dimethylpyridine-3-carboxamide1979 Rules:2-{[(4,6-dimethoxypyrimidin-2-yl)carbamoyl]sulfamoyl}-N,N-dimethylnicotinamideor1-(4,6-dimethoxypyrimidin-2-yl)-3-{[3-(dimethylcarbamoyl)-2-pyridyl]sulfonyl}urea",RTCOGUMHFFWOJV-UHFFFAOYSA-N,herbicides (pyrimidinylsulfonylurea),COc1cc(OC)nc(NC(=O)N[S](=O)(=O)c2ncccc2C(=O)N(C)C)n1,0.674868187491399,False,False,False,35,6,True
nicotine,54-11-5,3-[(2S)-1-methylpyrrolidin-2-yl]pyridine,SNICXCGAKADSCV-JTQLQIEISA-N,insecticides (alkaloid),CN1CCC[C@H]1c2cccnc2,0.6261518225795569,False,False,False,500,1,True
nitrofen,1836-75-5,"2,4-dichlorophenyl 4-nitrophenyl ether",XITQUSLLOSKDTB-UHFFFAOYSA-N,herbicides (diphenyl ether),[O-][N+](=O)c1ccc(Oc2ccc(Cl)cc2Cl)cc1,0.6062690853537354,False,False,False,23,7,True
nipyraclofen,99662-11-0,"1-[2,6-dichloro-4-(trifluoromethyl)phenyl]-4-nitro-1H-pyrazol-5-ylamine1979 Rules:1-(2,6-dichloro-Î±,Î±,Î±-trifluoro-p-tolyl)-4-nitro-1H-pyrazol-5-ylamine",OVQJTYOXWVHPTA-UHFFFAOYSA-N,herbicides (phenylpyrazole),Nc1n(ncc1[N+]([O-])=O)c2c(Cl)cc(cc2Cl)C(F)(F)F,0.6666367921180941,False,False,False,221,2,True
nipyraclofen,99662-11-0,"1-[2,6-dichloro-4-(trifluoromethyl)phenyl]-4-nitro-1H-pyrazol-5-ylamine1979 Rules:1-(2,6-dichloro-Î±,Î±,Î±-trifluoro-p-tolyl)-4-nitro-1H-pyrazol-5-ylamine",OVQJTYOXWVHPTA-UHFFFAOYSA-N,herbicides (phenylpyrazole),Nc1n(ncc1[N+]([O-])=O)c2c(Cl)cc(cc2Cl)C(F)(F)F,0.6666367921180941,False,False,False,221,2,True
nitralin,4726-14-1,"4-(methylsulfonyl)-2,6-dinitro-N,N-dipropylaniline1979 Rules:4-mesyl-2,6-dinitro-N,N-dipropylaniline",UMKANAFDOQQUKE-UHFFFAOYSA-N,herbicides (dinitroaniline),CCCN(CCC)c1c(cc(cc1[N+]([O-])=O)[S](C)(=O)=O)[N+]([O-])=O,0.5234502153456557,False,False,False,19,7,True
nitrofen,1836-75-5,"2,4-dichlorophenyl 4-nitrophenyl ether",XITQUSLLOSKDTB-UHFFFAOYSA-N,herbicides (diphenyl ether),[O-][N+](=O)c1ccc(Oc2ccc(Cl)cc2Cl)cc1,0.6062690853537354,False,False,False,23,7,True
nitrofluorfen,42874-01-1,"2-chloro-4-(trifluoromethyl)phenyl 4-nitrophenyl ether1979 Rules:2-chloro-Î±,Î±,Î±-trifluoro-p-tolyl 4-nitrophenyl ether",ZGGSVBWJVIXBHV-UHFFFAOYSA-N,herbicides (diphenyl ether),[O-][N+](=O)c1ccc(Oc2ccc(cc2Cl)C(F)(F)F)cc1,0.5870403176995606,False,False,False,23,7,True
nootkatone,4674-50-4,"(4R,4aS,6R)-4,4a-dimethyl-6-(prop-1-en-2-yl)-4,4a,5,6,7,8-hexahydronaphthalen-2(3H)-one",WTOYNNBCKUYIKC-JMSVASOKSA-N,insect repellents,CC1CC(=O)C=C2CCC(CC12C)C(C)=C,0.6099016323727142,False,False,False,499,1,True
noruron,18530-56-8,"1,1-dimethyl-3-[(3aRS,4SR,5RS,7SR,7aRS)-octahydro-4,7-methanoinden-5-yl]urea1979 Rules:1,1-dimethyl-3-[(3aRS,4SR,5RS,7SR,7aRS)-perhydro-4,7-methanoinden-5-yl]urea",BAAIIMGFNWRSOU-BQJBRYQSSA-Nidentifier for no stereochemistry:YGLMVCVJLXREAK-UHFFFAOYSA-N,herbicides (urea),CN(C)C(=O)NC1CC2CC1C3CCCC23,0.723579659666141,False,False,False,219,2,True
norflurazon,27314-13-2,"4-chloro-5-(methylamino)-2-[3-(trifluoromethyl)phenyl]pyridazin-3(2H)-one1979 Rules:4-chloro-5-(methylamino)-2-(Î±,Î±,Î±-trifluoro-m-tolyl)pyridazin-3(2H)-one",NVGOPFQZYCNLDU-UHFFFAOYSA-N,herbicides (N-phenyl heterocycle),CNC1=C(Cl)C(=O)N(N=C1)c2cccc(c2)C(F)(F)F,0.9276396785621284,False,False,False,220,2,True
nornicotine,494-97-3,3-[(2S)-pyrrolidin-2-yl]pyridine,MYKUKUCHPMASKF-VIFPVBQESA-N,insecticides (alkaloid),C1CNC(C1)c2cccnc2,0.6525664706122954,False,False,False,115,3,True
noruron,18530-56-8,"1,1-dimethyl-3-[(3aRS,4SR,5RS,7SR,7aRS)-octahydro-4,7-methanoinden-5-yl]urea1979 Rules:1,1-dimethyl-3-[(3aRS,4SR,5RS,7SR,7aRS)-perhydro-4,7-methanoinden-5-yl]urea",BAAIIMGFNWRSOU-BQJBRYQSSA-Nidentifier for no stereochemistry:YGLMVCVJLXREAK-UHFFFAOYSA-N,herbicides (urea),CN(C)C(=O)NC1CC2CC1C3CCCC23,0.723579659666141,False,False,False,219,2,True
novaluron,116714-46-6,"N-({3-chloro-4-[(2RS)-1,1,2-trifluoro-2-(trifluoromethoxy)ethoxy]phenyl}carbamoyl)-2,6-difluorobenzamide1979 Rules:(RS)-1-{3-chloro-4-[1,1,2-trifluoro-2-(trifluoromethoxy)ethoxy]phenyl}-3-(2,6-difluorobenzoyl)urea",NJPPVKZQTLUDBO-UHFFFAOYSA-N,insecticides (benzoylurea),FC(OC(F)(F)F)C(F)(F)Oc1ccc(NC(=O)NC(=O)c2c(F)cccc2F)cc1Cl,0.5307024608711545,False,False,False,218,2,True
naptalam,132-66-1,N-1-naphthylphthalamic acid,JXTHEWSKYLZVJC-UHFFFAOYSA-N,herbicides (arylcarboxylic acid),OC(=O)c1ccccc1C(=O)Nc2cccc3ccccc23,0.7711817050736868,False,False,False,114,3,True
nuarimol,63284-71-9,(RS)-(2-chlorophenyl)(4-fluorophenyl)(pyrimidin-5-yl)methanol1979 Rules:(Î±RS)-2-chloro-4â²-fluoro-Î±-(pyrimidin-5-yl)benzhydryl alcohol,SAPGTCDSBGMXCD-UHFFFAOYSA-N,fungicides (pyrimidine carbinol),OC(c1ccc(F)cc1)(c2cncnc2)c3ccccc3Cl,0.8038502601600807,False,False,False,131,3,True
och,4024-81-1,perchlorocyclohex-2-en-1-one,CZLVPINBLDRZCJ-UHFFFAOYSA-N,fungicides (unclassified)herbicides (unclassified),ClC1=C(Cl)C(Cl)(Cl)C(Cl)(Cl)C(Cl)(Cl)C1=O,0.5600584696093173,False,False,False,498,1,True
octachlorodipropyl%20ether,127-90-2,"bis[(2RS)-2,3,3,3-tetrachloropropyl] ether",LNJXZKBHJZAIKQ-UHFFFAOYSA-N,synergists,ClC(CC(Cl)(Cl)Cl)OC(Cl)CC(Cl)(Cl)Cl,0.5748835950725951,False,False,False,497,1,True
octhilinone,26530-20-1,2-octylisothiazol-3(2H)-one,JPMIIZHYYWMHDT-UHFFFAOYSA-N,bactericidesfungicides (isothiazolone),CCCCCCCCN1SC=CC1=O,0.6371108730054077,False,False,False,496,1,True
2-(octylthio)ethanol,3547-33-9,2-(octylthio)ethanol,KXPXKNBDCUOENF-UHFFFAOYSA-N,insect repellents,CCCCCCCCSCCO,0.5638516363843518,False,False,False,151,2,True
o-dichlorobenzene,95-50-1,o-dichlorobenzene,RFFLAFLAYFXFSW-UHFFFAOYSA-N,herbicides (organochlorine),Clc1ccccc1Cl,0.528586338832196,False,False,False,48,5,True
ofurace,58810-48-3,"2-chloro-2â²,6â²-dimethyl-N-[(3RS)-2-oxotetrahydro-3-furyl]acetanilide1979 Rules:(RS)-Î±-(2-chloro-N-2,6-xylylacetamido)-Î³-butyrolactone",OWDLFBLNMPCXSD-UHFFFAOYSA-N,fungicides (butyrolactone),Cc1cccc(C)c1N(C2CCOC2=O)C(=O)CCl,0.6301956462252489,False,False,False,495,1,True
omethoate,1113-02-6,"O,O-dimethyl S-[2-(methylamino)-2-oxoethyl] phosphorothioate1979 Rules:O,O-dimethyl S-[(methylcarbamoyl)methyl] phosphorothioate",PZXOQEXFMJCDPG-UHFFFAOYSA-N,acaricides (aliphatic amide organothiophosphate)insecticides (aliphatic amide organothiophosphate),CNC(=O)CS[P](=O)(OC)OC,0.6861794924550499,False,False,False,34,6,True
2-phenylphenol,90-43-7,biphenyl-2-ol,LLEMOWNGBBNAJR-UHFFFAOYSA-N,fungicides (phenol),Oc1ccccc1c2ccccc2,0.6969384886852025,False,False,False,79,3,True
orbencarb,34622-58-7,S-(2-chlorobenzyl) diethylcarbamothioate1979 Rules:S-(2-chlorobenzyl) diethyl(thiocarbamate),LLLFASISUZUJEQ-UHFFFAOYSA-N,herbicides (thiocarbamate),CCN(CC)C(=O)SCc1ccccc1Cl,0.8115948113549161,False,False,False,217,2,True
orbencarb,34622-58-7,S-(2-chlorobenzyl) diethylcarbamothioate1979 Rules:S-(2-chlorobenzyl) diethyl(thiocarbamate),LLLFASISUZUJEQ-UHFFFAOYSA-N,herbicides (thiocarbamate),CCN(CC)C(=O)SCc1ccccc1Cl,0.8115948113549161,False,False,False,217,2,True
o-dichlorobenzene,95-50-1,o-dichlorobenzene,RFFLAFLAYFXFSW-UHFFFAOYSA-N,herbicides (organochlorine),Clc1ccccc1Cl,0.528586338832196,False,False,False,48,5,True
orthonil,21342-85-8,(2RS)-2-chloro-3-(3-chloro-2-methylphenyl)propanenitrile1979 Rules:(2RS)-2-chloro-3-(3-chloro-o-tolyl)propiononitrile,YYJUXSGXHHPBTK-UHFFFAOYSA-N,plant growth regulators (auxin),Cc1c(Cl)cccc1CC(Cl)C#N,0.6924065119801638,False,False,False,494,1,True
orthosulfamuron,213464-77-8,"2-({[(4,6-dimethoxypyrimidin-2-yl)carbamoyl]sulfamoyl}amino)-N,N-dimethylbenzamide1979 Rules:1-(4,6-dimethoxypyrimidin-2-yl)-3-{[2-(dimethylcarbamoyl)phenyl]sulfamoyl}urea",UCDPMNSCCRBWIC-UHFFFAOYSA-N,herbicides (pyrimidinylsulfonylurea),CN(C)C(=O)C1=CC=CC=C1NS(=O)(=O)NC(=O)NC2=NC(=CC(=N2)OC)OC,0.5865338785368046,False,False,False,35,6,True
oryctalure,56196-53-3,ethyl (RS)-4-methyloctanoate,GXARNRCIGKRBAP-UHFFFAOYSA-N,insect attractants (Coleopteran),CCCCC(C)CCC(=O)OCC,0.570806354562207,False,False,False,493,1,True
oryzalin,19044-88-3,"3,5-dinitro-N4,N4-dipropylsulfanilamide",UNAHYJYOSSSJHH-UHFFFAOYSA-N,herbicides (dinitroaniline),CCCN(CCC)c1c(cc(cc1[N+]([O-])=O)[S](N)(=O)=O)[N+]([O-])=O,0.5562701608192966,False,False,False,67,1,True
osthol,484-12-8,7-methoxy-8-(3-methylbut-2-enyl)-2H-chromen-2-one1979 Rules:7-methoxy-8-(3-methylbut-2-enyl)coumarin,MBRLOUHOWLUMFF-UHFFFAOYSA-N,fungicides (botanical),COc1ccc2C=CC(=O)Oc2c1CC=C(C)C,0.6139122246240993,False,False,False,216,2,True
osthol,484-12-8,7-methoxy-8-(3-methylbut-2-enyl)-2H-chromen-2-one1979 Rules:7-methoxy-8-(3-methylbut-2-enyl)coumarin,MBRLOUHOWLUMFF-UHFFFAOYSA-N,fungicides (botanical),COc1ccc2C=CC(=O)Oc2c1CC=C(C)C,0.6139122246240993,False,False,False,216,2,True
chlorfenson,80-33-1,4-chlorophenyl 4-chlorobenzenesulfonate,RZXLPPRPEOUENN-UHFFFAOYSA-N,acaricides (benzenesulfonate),Clc1ccc(O[S](=O)(=O)c2ccc(Cl)cc2)cc1,0.810849529507424,False,False,False,22,7,True
chlorfenson,80-33-1,4-chlorophenyl 4-chlorobenzenesulfonate,RZXLPPRPEOUENN-UHFFFAOYSA-N,acaricides (benzenesulfonate),Clc1ccc(O[S](=O)(=O)c2ccc(Cl)cc2)cc1,0.810849529507424,False,False,False,22,7,True
oxabetrinil,1099049-62-3,"(Z)-[(1,3-dioxolan-2-ylmethoxy)imino](phenyl)acetonitrile",WFVUIONFJOAYPK-SDNWHVSQSA-N,herbicide safeners,C1COC(O1)CO/N=C(\C#N)/C2=CC=CC=C2,0.5795272091994613,False,False,False,492,1,True
oxadiargyl,39807-15-3,"5-tert-butyl-3-[2,4-dichloro-5-(prop-2-ynyloxy)phenyl]-1,3,4-oxadiazol-2(3H)-one",DVOODWOZJVJKQR-UHFFFAOYSA-N,herbicides (N-phenyloxadiazolone),CC(C)(C)C1=NN(C(=O)O1)c2cc(OCC#C)c(Cl)cc2Cl,0.8027586504157032,False,False,False,215,2,True
oxadiazon,19666-30-9,"5-tert-butyl-3-(2,4-dichloro-5-isopropoxyphenyl)-1,3,4-oxadiazol-2(3H)-one",CHNUNORXWHYHNE-UHFFFAOYSA-N,herbicides (N-phenyloxadiazolone),CC(C)Oc1cc(N2N=C(OC2=O)C(C)(C)C)c(Cl)cc1Cl,0.8358648826521239,False,False,False,215,2,True
oxadixyl,77732-09-3,"2-methoxy-2â²,6â²-dimethyl-N-(2-oxooxazolidin-3-yl)acetanilide",UWVQIROCRJWDKL-UHFFFAOYSA-N,fungicides (oxazolidinone),COCC(=O)N(N1CCOC1=O)c2c(C)cccc2C,0.8399607849874073,False,False,False,491,1,True
oxapyrazon,4489-31-0,"(5-bromo-1,6-dihydro-6-oxo-1-phenylpyridazin-4-yl)oxamic acid",XRGQIRXQFSJBKJ-UHFFFAOYSA-N,herbicides (pyridazinone),OC(=O)C(=O)NC1=C(Br)C(=O)N(N=C1)c2ccccc2,0.7963680038096761,False,False,False,214,2,True
oxapyrazon,4489-31-0,"(5-bromo-1,6-dihydro-6-oxo-1-phenylpyridazin-4-yl)oxamic acid",XRGQIRXQFSJBKJ-UHFFFAOYSA-N,herbicides (pyridazinone),OC(=O)C(=O)NC1=C(Br)C(=O)N(N=C1)c2ccccc2,0.7963680038096761,False,False,False,214,2,True
oxasulfuron,144651-06-9,"oxetan-3-yl 2-{[(4,6-dimethylpyrimidin-2-yl)carbamoyl]sulfamoyl}benzoate",IOXAXYHXMLCCJJ-UHFFFAOYSA-N,herbicides (pyrimidinylsulfonylurea),Cc1cc(C)nc(NC(=O)N[S](=O)(=O)c2ccccc2C(=O)OC3COC3)n1,0.705990715592481,False,False,False,213,1,True
oxaziclomefone,153197-14-9,"3-[1-(3,5-dichlorophenyl)-1-methylethyl]-3,4-dihydro-6-methyl-5-phenyl-2H-1,3-oxazin-4-one",FCOHEOSCARXMMS-UHFFFAOYSA-N,herbicides (diphenyl heterocycle),CC1=C(C(=O)N(CO1)C(C)(C)C2=CC(=CC(=C2)Cl)Cl)C3=CC=CC=C3,0.710403910438384,False,False,False,490,1,True
oxazosulfyl,1616678-32-0,"ethyl 2-{5-[(trifluoromethyl)sulfonyl]-1,3-benzoxazol-2-yl}-3-pyridyl sulfone",PTQBEFQWTBZMED-UHFFFAOYSA-N,insecticides (unclassified),CCS(=O)(=O)C1=C(N=CC=C1)C2=NC3=C(O2)C=CC(=C3)S(=O)(=O)C(F)(F)F,0.6385311271384281,False,False,False,489,1,True
oxolinic%20acid,14698-29-4,"5-ethyl-5,8-dihydro-8-oxo[1,3]dioxolo[4,5-g]quinoline-7-carboxylic acid",KYGZCKSPAKDVKC-UHFFFAOYSA-N,bactericides,CCN1C=C(C(O)=O)C(=O)c2cc3OCOc3cc12,0.8847688106737668,False,False,False,488,1,True
oxpoconazole,134074-64-9,"(2RS)-2-[3-(4-chlorophenyl)propyl]-3-(1H-imidazole-1-carbonyl)-2,4,4-trimethyloxazolidine1979 Rules:(RS)-2-[3-(4-chlorophenyl)propyl]-3-(imidazol-1-ylcarbonyl)-2,4,4-trimethyloxazolidine",FJBGIXKIXPUXBY-UHFFFAOYSA-N,fungicides (imidazole),CC1(COC(N1C(=O)N2C=CN=C2)(C)CCCC3=CC=C(C=C3)Cl)C,0.8126610835012463,False,False,False,487,1,True
oxycarboxin,5259-88-1,"5,6-dihydro-2-methyl-1,4-oxathiin-3-carboxanilide 4,4-dioxide",AMEKQAFGQBKLKX-UHFFFAOYSA-N,fungicides (oxathiincarboxamide),CC1=C(C(=O)Nc2ccccc2)[S](=O)(=O)CCO1,0.876312408696768,False,False,False,486,1,True
oxydemeton-methyl,301-12-2,"S-[2-(ethylsulfinyl)ethyl] O,O-dimethyl phosphorothioate",PMCVMORKVPSKHZ-UHFFFAOYSA-N,insecticides (aliphatic organothiophosphate),CC[S](=O)CCS[P](=O)(OC)OC,0.6419752286288123,False,False,False,212,2,True
oxydeprofos,2674-91-1,"S-[(1RS)-2-(ethylsulfinyl)-1-methylethyl] O,O-dimethyl phosphorothioate",JAYZFNIOOYPIAH-UHFFFAOYSA-N,acaricides (aliphatic organothiophosphate)insecticides (aliphatic organothiophosphate),CC[S](=O)CC(C)S[P](=O)(OC)OC,0.6572297405909878,False,False,False,211,2,True
oxydisulfoton,2497-07-6,"O,O-diethyl S-[2-(ethylsulfinyl)ethyl] phosphorodithioate",UPUGLJYNCXXUQV-UHFFFAOYSA-N,acaricides (aliphatic organothiophosphate)insecticides (aliphatic organothiophosphate),CCO[P](=S)(OCC)SCC[S](=O)CC,0.6101978641456729,False,False,False,485,1,True
zeatin,1637-39-4,(E)-2-methyl-4-(7H-purin-6-ylamino)but-2-en-1-ol,UZKQTCBAMSWPJD-FARCUNLSSA-N,plant growth regulators (cytokinin),CC(\CO)=C/CNc1ncnc2nc[nH]c12,0.6589185505431489,False,False,False,26,6,True
oxyfenthiin,34407-87-9,"2,3-dihydro-5-phenyl-1,4-dithiine 1,1,4,4-tetraoxide",GABNAHQQEVWYNS-UHFFFAOYSA-N,fungicides (unclassified),C1CS(=O)(=O)C(=CS1(=O)=O)C2=CC=CC=C2,0.7478532187581286,False,False,False,210,2,True
oxyfenthiin,34407-87-9,"2,3-dihydro-5-phenyl-1,4-dithiine 1,1,4,4-tetraoxide",GABNAHQQEVWYNS-UHFFFAOYSA-N,fungicides (unclassified),C1CS(=O)(=O)C(=CS1(=O)=O)C2=CC=CC=C2,0.7478532187581286,False,False,False,210,2,True
oxyfluorfen,42874-03-3,"2-chloro-4-(trifluoromethyl)phenyl 3-ethoxy-4-nitrophenyl ether1979 Rules:2-chloro-Î±,Î±,Î±-trifluoro-p-tolyl 3-ethoxy-4-nitrophenyl ether",OQMBBFQZGJFLBU-UHFFFAOYSA-N,algicidesherbicides (diphenyl ether),CCOc1cc(Oc2ccc(cc2Cl)C(F)(F)F)ccc1[N+]([O-])=O,0.523882483430846,False,False,False,23,7,True
chinomethionat,2439-01-2,"6-methyl-1,3-dithiolo[4,5-b]quinoxalin-2-oneorS,S-(6-methylquinoxaline-2,3-diyl) dithiocarbonate",FBQQHUGEACOBDN-UHFFFAOYSA-N,acaricides (quinoxaline)fungicides (quinoxaline),Cc1ccc2nc3SC(=O)Sc3nc2c1,0.6001151397628296,False,False,False,61,4,True
chloridazon,1698-60-8,5-amino-4-chloro-2-phenylpyridazin-3(2H)-one,WYKYKTKDBLFHCY-UHFFFAOYSA-N,herbicides (pyridazinone),NC1=C(Cl)C(=O)N(N=C1)c2ccccc2,0.7933823099108369,False,False,False,44,5,True
allethrin,584-79-2,"(1RS)-3-allyl-2-methyl-4-oxocyclopent-2-enyl (1RS,3RS;1RS,3SR)-2,2-dimethyl-3-(2-methylprop-1-enyl)cyclopropanecarboxylatepre-1969 name:(Â±)-3-allyl-2-methyl-4-oxocyclopent-2-enyl (Â±)-cis-trans-chrysanthemate",ZCVAOQKBXKSDMS-UHFFFAOYSA-N,insecticides (pyrethroid),CC(C)=CC1C(C(=O)OC2CC(=O)C(=C2C)CC=C)C1(C)C,0.5692267993614909,False,False,False,0,17,True
phenthoate,2597-03-7,ethyl (2RS)-[(dimethoxyphosphinothioyl)thio]phenylacetate,XAMUDJHXFNRLCY-UHFFFAOYSA-N,insecticides (arylalkyl organothiophosphate),CCOC(=O)C(S[P](=S)(OC)OC)c1ccccc1,0.5654522124931403,False,False,False,200,2,True
p-dichlorobenzene,106-46-7,p-dichlorobenzene,OCJBOOLMMGQPQU-UHFFFAOYSA-N,insecticides (organochlorine),Clc1ccc(Cl)cc1,0.5285863388321962,False,False,False,66,4,True
parafluron,7159-99-1,"1,1-dimethyl-3-[4-(trifluoromethyl)phenyl]urea1979 Rules:1,1-dimethyl-3-(Î±,Î±,Î±-trifluoro-p-tolyl)urea",CDHBAZHPEVDWMO-UHFFFAOYSA-N,herbicides (phenylurea),CN(C)C(=O)Nc1ccc(cc1)C(F)(F)F,0.7928812498481534,False,False,False,209,2,True
paraquat,4685-14-7,"1,1â²-dimethyl-4,4â²-bipyridinium",INFDPOAKFNIJBF-UHFFFAOYSA-N,herbicides (quaternary ammonium),C[n+]1ccc(cc1)c2cc[n+](C)cc2,0.5870402709999505,False,False,False,208,2,True
parinol,17781-31-6,bis(4-chlorophenyl)-3-pyridylmethanol,NBNTWDUNCHRWMT-UHFFFAOYSA-N,fungicides (pyridine carbinol),OC(c1ccc(Cl)cc1)(c2ccc(Cl)cc2)c3cccnc3,0.7567756731854866,False,False,False,484,1,True
pentachlorophenol,87-86-5,pentachlorophenol,IZUPBVBPLAPZRR-UHFFFAOYSA-N,fungicides (phenol)herbicides (phenol)insecticides (phenol)molluscicidesplant growth regulators (defoliant),Oc1c(Cl)c(Cl)c(Cl)c(Cl)c1Cl,0.5346401235008617,False,False,False,204,2,True
p-dichlorobenzene,106-46-7,p-dichlorobenzene,OCJBOOLMMGQPQU-UHFFFAOYSA-N,insecticides (organochlorine),Clc1ccc(Cl)cc1,0.5285863388321962,False,False,False,66,4,True
pebulate,1114-71-2,S-propyl butyl(ethyl)carbamothioate1979 Rules:S-propyl butyl(ethyl)thiocarbamate,SGEJQUSYQTVSIU-UHFFFAOYSA-N,herbicides (thiocarbamate),CCCCN(CC)C(=O)SCCC,0.6593925489959446,False,False,False,82,3,True
dinex,131-89-5,"2-cyclohexyl-4,6-dinitrophenol",QJYHUJAGJUHXJN-UHFFFAOYSA-N,acaricides (dinitrophenol)insecticides (dinitrophenol),Oc1c(cc(cc1[N+]([O-])=O)[N+]([O-])=O)C2CCCCC2,0.6669930006328431,False,False,False,207,2,True
pelargonic%20acid,112-05-0,nonanoic acid,FBUKVWPVBMHYJY-UHFFFAOYSA-N,herbicides (aliphatic acid),CCCCCCCCC(O)=O,0.5783198770575686,False,False,False,206,2,True
penconazole,66246-88-6,"(RS)-1-[2-(2,4-dichlorophenyl)pentyl]-1H-1,2,4-triazole",WKBPZYKAUNRMKP-UHFFFAOYSA-N,fungicides (triazole),CCCC(Cn1cncn1)c2ccc(Cl)cc2Cl,0.8246419887351353,False,False,False,170,2,True
pencycuron,66063-05-6,1-(4-chlorobenzyl)-1-cyclopentyl-3-phenylurea,OGYFATSSENRIKG-UHFFFAOYSA-N,fungicides (phenylurea),Clc1ccc(CN(C2CCCC2)C(=O)Nc3ccccc3)cc1,0.8093067957340678,False,False,False,483,1,True
pendimethalin,40487-42-1,"N-(1-ethylpropyl)-3,4-dimethyl-2,6-dinitroaniline1979 Rules:N-(1-ethylpropyl)-2,6-dinitro-3,4-xylidine",CHIFOSRWCNZCFN-UHFFFAOYSA-N,herbicides (dinitroaniline),CCC(CC)Nc1c(cc(C)c(C)c1[N+]([O-])=O)[N+]([O-])=O,0.6324787439003923,False,False,False,205,2,True
plifenate,21757-82-4,"(1RS)-2,2,2-trichloro-1-(3,4-dichlorophenyl)ethyl acetate",FSGNOVKGEXRRHD-UHFFFAOYSA-N,insecticides (unclassified),CC(=O)OC(c1ccc(Cl)c(Cl)c1)C(Cl)(Cl)Cl,0.5630039856224435,False,False,False,110,3,True
penflufen,494793-67-8,"2â²-[(RS)-1,3-dimethylbutyl]-5-fluoro-1,3-dimethyl-1H-pyrazole-4-carboxanilide",GOFJDXZZHFNFLV-UHFFFAOYSA-N,fungicides (pyrazolecarboxamide),CC1=NN(C(=C1C(=O)NC2=CC=CC=C2C(C)CC(C)C)F)C,0.8949259163204049,False,False,False,482,1,True
penfluron,35367-31-8,"2,6-difluoro-N-{[4-(trifluoromethyl)phenyl]carbamoyl}benzamide1979 Rules:1-(2,6-difluorobenzoyl)-3-(Î±,Î±,Î±-trifluoro-p-tolyl)urea",JTHMHWAHAKLCKT-UHFFFAOYSA-N,chemosterilantsinsecticides (benzoylurea),Fc1cccc(F)c1C(=O)NC(=O)Nc2ccc(cc2)C(F)(F)F,0.8108595059932355,False,False,False,135,3,True
pendimethalin,40487-42-1,"N-(1-ethylpropyl)-3,4-dimethyl-2,6-dinitroaniline1979 Rules:N-(1-ethylpropyl)-2,6-dinitro-3,4-xylidine",CHIFOSRWCNZCFN-UHFFFAOYSA-N,herbicides (dinitroaniline),CCC(CC)Nc1c(cc(C)c(C)c1[N+]([O-])=O)[N+]([O-])=O,0.6324787439003923,False,False,False,205,2,True
pentachlorophenol,87-86-5,pentachlorophenol,IZUPBVBPLAPZRR-UHFFFAOYSA-N,fungicides (phenol)herbicides (phenol)insecticides (phenol)molluscicidesplant growth regulators (defoliant),Oc1c(Cl)c(Cl)c(Cl)c(Cl)c1Cl,0.5346401235008617,False,False,False,204,2,True
pentanochlor,2307-68-8,"(2RS)-3â²-chloro-2,4â²-dimethylpentananilide1979 Rules:(RS)-3â²-chloro-2,4â²-dimethylvaleranilide",WGVWLKXZBUVUAM-UHFFFAOYSA-N,herbicides (anilide),CCCC(C)C(=O)Nc1ccc(C)c(Cl)c1,0.8448449525949179,False,False,False,94,3,True
penthiopyrad,183675-82-3,"(RS)-N-[2-(1,3-dimethylbutyl)-3-thienyl]-1-methyl-3-(trifluoromethyl)-1H-pyrazole-4-carboxamide",PFFIDZXUXFLSSR-UHFFFAOYSA-N,fungicides (pyrazolecarboxamide),CC(C)CC(C)C1=C(C=CS1)NC(=O)C2=CN(N=C2C(F)(F)F)C,0.8250733899438293,False,False,False,481,1,True
pentmethrin,79302-84-4,"(1RS,2EZ)-1-cyano-2-methylpent-2-enyl (1RS,3RS;1RS,3SR)-3-(2,2-dichlorovinyl)-2,2-dimethylcyclopropanecarboxylate",WKWOGKNOZXPLBT-UHFFFAOYSA-N,insecticides (pyrethroid),CC\C=C(/C)C(OC(=O)C1C(C=C(Cl)Cl)C1(C)C)C#N,0.5588298283597474,False,False,False,203,2,True
pentoxazone,110956-75-7,"3-[4-chloro-5-(cyclopentyloxy)-2-fluorophenyl]-5-isopropylideneoxazolidine-2,4-dione",JZPKLLLUDLHCEL-UHFFFAOYSA-N,herbicides (N-phenylimide),CC(=C1C(=O)N(C(=O)O1)C2=CC(=C(C=C2F)Cl)OC3CCCC3)C,0.7463493329036461,False,False,False,480,1,True
perbutin,,"1,3-benzodioxol-5-ylmethyl but-2-ynyl ether1979 Rules:but-2-ynyl piperonyl ether",JGRBQLMBYFIVEZ-UHFFFAOYSA-N,synergists,CC#CCOCC1=CC2=C(C=C1)OCO2,0.5560803162124879,False,False,False,479,1,True
perfluidone,37924-13-3,"1,1,1-trifluoro-2â²-methyl-4â²-(phenylsulfonyl)methanesulfonanilide",WHTBVLXUSXVMEV-UHFFFAOYSA-N,herbicides (trifluoromethanesulfonanilide),Cc1cc(ccc1N[S](=O)(=O)C(F)(F)F)[S](=O)(=O)c2ccccc2,0.8853009520822291,False,False,False,478,1,True
permethrin,52645-53-1,"3-phenoxybenzyl (1RS,3RS;1RS,3SR)-3-(2,2-dichlorovinyl)-2,2-dimethylcyclopropanecarboxylate",RLLPVAHGXHCWKJ-UHFFFAOYSA-N,acaricides (pyrethroid)insecticides (pyrethroid)insect repellents,CC1(C)[C@@H](C=C(Cl)Cl)[C@H]1C(=O)OCc2cccc(Oc3ccccc3)c2,0.5573177512168599,False,False,False,86,3,True
ethyl-ddd,72-56-0,"1,1-dichloro-2,2-bis(4-ethylphenyl)ethane",QFMDFTQOJHFVNR-UHFFFAOYSA-N,insecticides (organochlorine),CCc1ccc(cc1)C(C(Cl)Cl)c2ccc(CC)cc2,0.6172082954661593,False,False,False,113,3,True
pethoxamid,106700-29-2,2-chloro-N-(2-ethoxyethyl)-N-(2-methyl-1-phenylprop-1-enyl)acetamide,CSWIKHNSBZVWNQ-UHFFFAOYSA-N,herbicides (chloroacetamide),CCOCCN(C(=O)CCl)C(=C(C)C)c1ccccc1,0.5686548030262345,False,False,False,477,1,True
propoxur,114-26-1,2-isopropoxyphenyl methylcarbamate,ISRUGXGCCGIOQO-UHFFFAOYSA-N,acaricides (phenyl carbamate)insecticides (phenyl carbamate),CNC(=O)Oc1ccccc1OC(C)C,0.8296418352028073,False,False,False,25,7,True
fenethacarb,30087-47-9,"3,5-diethylphenyl methylcarbamate",HUNDISMVCBSIKO-UHFFFAOYSA-N,insecticides (phenyl carbamate),CCc1cc(CC)cc(OC(=O)NC)c1,0.8267008390088193,False,False,False,202,2,True
phenisopham,57375-63-0,3-[(isopropoxyformyl)amino]phenyl ethyl(phenyl)carbamate1979 Rules:3-[(isopropoxycarbonyl)amino]phenyl N-ethylcarbanilate,PWEOEHNGYFXZLI-UHFFFAOYSA-N,herbicides (phenyl carbamate),CCN(C(=O)Oc1cccc(NC(=O)OC(C)C)c1)c2ccccc2,0.8572577364953113,False,False,False,476,1,True
phenmedipham,13684-63-4,3-[(methoxyformyl)amino]phenyl (3-methylphenyl)carbamate1979 Rules:3-[(methoxycarbonyl)amino]phenyl 3-methylcarbanilate,IDOWTHOLJBTAFI-UHFFFAOYSA-N,herbicides (phenyl carbamate),COC(=O)Nc1cccc(OC(=O)Nc2cccc(C)c2)c1,0.9039154808102652,False,False,False,112,3,True
phenmedipham-ethyl,13684-44-1,3-[(ethoxyformyl)amino]phenyl (3-methylphenyl)carbamate1979 Rules:3-[(ethoxycarbonyl)amino]phenyl 3-methylcarbanilate,MVEFZZKZBYQFPP-UHFFFAOYSA-N,herbicides (phenyl carbamate),CCOC(=O)NC1=CC(=CC=C1)OC(=O)NC2=CC=CC(=C2)C,0.8874785133887478,False,False,False,112,3,True
phenobenzuron,3134-12-1,"N-(3,4-dichlorophenyl)-N-(dimethylcarbamoyl)benzamide1979 Rules:1-benzoyl-1-(3,4-dichlorophenyl)-3,3-dimethylurea",QQXXYTVEGCOZRF-UHFFFAOYSA-N,herbicides (phenylurea),CN(C)C(=O)N(c1ccc(Cl)c(Cl)c1)C(=O)c2ccccc2,0.8187246862448719,False,False,False,201,2,True
mcpa-thioethyl,25319-90-8,S-ethyl (4-chloro-2-methylphenoxy)thioacetate1979 Rules:S-ethyl [(4-chloro-o-tolyl)oxy]thioacetate,AZFKQCNGMSSWDS-UHFFFAOYSA-N,herbicides (phenoxyacetic),CCSC(=O)COc1ccc(Cl)cc1C,0.8130210119985557,False,False,False,3,14,True
phenproxide,49828-75-3,4-chloro-3-(propylsulfinyl)phenyl 4-nitrophenyl ether,SVZDUAFLNFAGIA-UHFFFAOYSA-N,acaricides (diphenyl ether),CCC[S](=O)c1cc(Oc2ccc(cc2)[N+]([O-])=O)ccc1Cl,0.5711512326818037,False,False,False,475,1,True
phenthoate,2597-03-7,ethyl (2RS)-[(dimethoxyphosphinothioyl)thio]phenylacetate,XAMUDJHXFNRLCY-UHFFFAOYSA-N,insecticides (arylalkyl organothiophosphate),CCOC(=O)C(S[P](=S)(OC)OC)c1ccccc1,0.5654522124931403,False,False,False,200,2,True
2-phenylphenol,90-43-7,biphenyl-2-ol,LLEMOWNGBBNAJR-UHFFFAOYSA-N,fungicides (phenol),Oc1ccccc1c2ccccc2,0.6969384886852025,False,False,False,79,3,True
phosalone,2310-17-0,"S-[(6-chloro-2,3-dihydro-2-oxo-1,3-benzoxazol-3-yl)methyl] O,O-diethyl phosphorodithioate",IOUNQDKNJZEDEP-UHFFFAOYSA-N,acaricides (arylalkyl organothiophosphate)insecticides (arylalkyl organothiophosphate),CCO[P](=S)(OCC)SCN1C(=O)Oc2cc(Cl)ccc12,0.6822621139060051,False,False,False,199,2,True
phosfolan,947-02-4,"diethyl 1,3-dithiolan-2-ylidenephosphoramidate",ILBONRFSLATCRE-UHFFFAOYSA-N,insecticides (phosphoramidate),CCO[P](=O)(OCC)N=C1SCCS1,0.7066419596046538,False,False,False,65,4,True
phosfolan-methyl,5120-23-0,"dimethyl 1,3-dithiolan-2-ylidenephosphoramidate",CWXVDJFKMQCYFG-UHFFFAOYSA-N,insecticides (phosphoramidate),CO[P](=O)(OC)N=C1SCCS1,0.6917326199928495,False,False,False,65,4,True
phosglycin,105084-66-0,"O,O-diethyl [(dipropylcarbamoyl)methyl]ethylphosphoramidothioate",CGNIOVDMKMGGSL-UHFFFAOYSA-N,insecticides (phosphoramidate),CCCN(CCC)C(=O)CN(CC)[P](=S)(OCC)OCC,0.5110484872352142,False,False,False,474,1,True
phosmet,732-11-6,"O,O-dimethyl S-(phthalimidomethyl) phosphorodithioate",LMNZTLDVJIUSHT-UHFFFAOYSA-N,acaricides (arylalkyl organothiophosphate)insecticides (arylalkyl organothiophosphate),CO[P](=S)(OC)SCN1C(=O)c2ccccc2C1=O,0.6141947029028372,False,False,False,108,3,True
dimethoate,60-51-5,"O,O-dimethyl S-[2-(methylamino)-2-oxoethyl] phosphorodithioate1979 Rules:O,O-dimethyl S-[(methylcarbamoyl)methyl] phosphorodithioate",MCWXGJITAZMZEV-UHFFFAOYSA-N,acaricides (aliphatic amide organothiophosphate)insecticides (aliphatic amide organothiophosphate)nematicides (aliphatic organothiophosphate),CNC(=O)CS[P](=S)(OC)OC,0.7121170418023706,False,False,False,34,6,True
phosphocarb,126069-54-3,(RS)-2-{[ethoxy(propylthio)phosphinoyl]oxy}phenyl methylcarbamate,CFGPESLNPCIKIX-UHFFFAOYSA-N,nematicides (phenyl organothiophosphate),CCCSP(=O)(OCC)OC1=CC=CC=C1OC(=O)NC,0.7229178975575172,False,False,False,473,1,True
tebupirimfos,96182-53-5,(RS)-[O-(2-tert-butylpyrimidin-5-yl) O-ethyl O-isopropyl phosphorothioate],AWYOMXWDGWUJHS-UHFFFAOYSA-N,insecticides (aryl organothiophosphate),CCO[P](=S)(OC(C)C)Oc1cnc(nc1)C(C)(C)C,0.7428818643200163,False,False,False,60,4,True
phosmet,732-11-6,"O,O-dimethyl S-(phthalimidomethyl) phosphorodithioate",LMNZTLDVJIUSHT-UHFFFAOYSA-N,acaricides (arylalkyl organothiophosphate)insecticides (arylalkyl organothiophosphate),CO[P](=S)(OC)SCN1C(=O)c2ccccc2C1=O,0.6141947029028372,False,False,False,108,3,True
icaridin,119515-38-7,(1RS)-1-methylpropyl (RS)-2-(2-hydroxyethyl)piperidine-1-carboxylate1979 Rules:(RS)-sec-butyl (RS)-2-(2-hydroxyethyl)piperidine-1-carboxylate,QLHULAHOXSSASE-UHFFFAOYSA-N,insect repellents,CCC(C)OC(=O)N1CCCCC1CCO,0.8033141304876098,False,False,False,104,3,True
picloram,1918-02-1,"4-amino-3,5,6-trichloropyridine-2-carboxylic acidpre-1969 name:4-amino-3,5,6-trichloropicolinic acid",NQQVFXUMIDALNH-UHFFFAOYSA-N,herbicides (pyridinecarboxylic acid),Nc1c(Cl)c(Cl)nc(C(O)=O)c1Cl,0.7398768931583034,False,False,False,472,1,True
picolinafen,137641-05-5,"4â²-fluoro-6-[3-(trifluoromethyl)phenoxy]pyridine-2-carboxanilide1979 Rules:4â²-fluoro-6-[(Î±,Î±,Î±-trifluoro-m-tolyl)oxy]pyridine-2-carboxanilide",CWKFPEBMTGKLKX-UHFFFAOYSA-N,herbicides (phenyl ether),C1=CC(=CC(=C1)OC2=CC=CC(=N2)C(=O)NC3=CC=C(C=C3)F)C(F)(F)F,0.630200013807071,False,False,False,471,1,True
pindone,83-26-1,"2-(2,2-dimethylpropanoyl)indane-1,3-dione1979 Rules:2-pivaloylindan-1,3-dione",RZKYEQDPDZUERB-UHFFFAOYSA-N,rodenticides (indandione),CC(C)(C)C(=O)C1C(=O)c2ccccc2C1=O,0.6954072783130925,False,False,False,111,3,True
pinoxaden,243973-20-8,"8-(2,6-diethyl-4-methylphenyl)-7-oxo-1,2,4,5-tetrahydro-7H-pyrazolo[1,2-d][1,4,5]oxadiazepin-9-yl 2,2-dimethylpropanoate1979 Rules:8-(2,6-diethyl-p-tolyl)-1,2,4,5-tetrahydro-7-oxo-7H-pyrazolo[1,2-d][1,4,5]oxadiazepin-9-yl 2,2-dimethylpropionate",MGOHCFMYLBAPRN-UHFFFAOYSA-N,herbicides (phenylpyrazoline),CCc1cc(C)cc(CC)c1C2=C(OC(=O)C(C)(C)C)N3CCOCCN3C2=O,0.7338771443710767,False,False,False,470,1,True
piperalin,3478-94-2,"3-[(2RS)-2-methylpiperidino]propyl 3,4-dichlorobenzoate",BZGLBXYQOMFXAU-UHFFFAOYSA-N,fungicides (piperidine),CC1CCCCN1CCCOC(=O)c2ccc(Cl)c(Cl)c2,0.5913568718313719,False,False,False,469,1,True
piperonyl%20butoxide,51-03-6,"5-[2-(2-butoxyethoxy)ethoxymethyl]-6-propyl-1,3-benzodioxole1979 Rules:2-(2-butoxyethoxy)ethyl 6-propylpiperonyl ether",FIPWRIJSWJWJAI-UHFFFAOYSA-N,synergists,CCCCOCCOCCOCc1cc2OCOc2cc1CCC,0.5130604440913922,False,False,False,468,1,True
piperonyl%20cyclonene,119-89-1,"(5RS)-5-(1,3-benzodioxol-5-yl)-3-hexylcyclohex-2-en-1-one",JBVNWTXRFKZNBQ-UHFFFAOYSA-N,synergists,CCCCCCC1=CC(=O)CC(C1)c2ccc3OCOc3c2,0.7105897047171355,False,False,False,467,1,True
piperophos,24151-93-7,"S-{[(2-methylpiperidino)carbonyl]methyl} O,O-dipropyl phosphorodithioate",UNLYSVIDNRIVFJ-UHFFFAOYSA-N,herbicides (alpha-thioacetamide),CCCO[P](=S)(OCCC)SCC(=O)N1CCCCC1C,0.5810206379914955,False,False,False,466,1,True
pirimetaphos,31377-69-2,(RS)-[2-(diethylamino)-6-methylpyrimidin-4-yl methyl methylphosphoramidate],HEUHRGXVQSOSHP-UHFFFAOYSA-N,insecticides (phosphoramidate),CCN(CC)C1=NC(=CC(=N1)OP(=O)(NC)OC)C,0.7686230608896156,False,False,False,63,2,True
pirimicarb,23103-98-2,"2-(dimethylamino)-5,6-dimethylpyrimidin-4-yl dimethylcarbamate",YFGYUFNIOHWBOB-UHFFFAOYSA-N,insecticides (dimethylcarbamate),CN(C)C(=O)Oc1nc(nc(C)c1C)N(C)C,0.7749930695325801,False,False,False,190,2,True
pyrinuron,53558-25-1,1-(4-nitrophenyl)-3-(3-pyridylmethyl)urea,CLKZWXHKFXZIMA-UHFFFAOYSA-N,rodenticides (unclassified),[O-][N+](=O)c1ccc(NC(=O)NCc2cccnc2)cc1,0.6588151540610357,False,False,False,101,3,True
pirimioxyphos,55996-32-2,"O,O-diethyl O-(2-methoxy-6-methylpyrimidin-4-yl) phosphorothioate",JPAJTPFDIZFTJN-UHFFFAOYSA-N,insecticides (aryl organothiophosphate),CCOP(=S)(OCC)OC1=NC(=NC(=C1)C)OC,0.7152118160572956,False,False,False,9,10,True
pirimiphos-ethyl,23505-41-1,"O-[2-(diethylamino)-6-methylpyrimidin-4-yl] O,O-diethyl phosphorothioate",TZBPRYIIJAJUOY-UHFFFAOYSA-N,insecticides (aryl organothiophosphate),CCO[P](=S)(OCC)Oc1cc(C)nc(n1)N(CC)CC,0.6425950907846439,False,False,False,9,10,True
pirimiphos-methyl,29232-93-7,"O-[2-(diethylamino)-6-methylpyrimidin-4-yl] O,O-dimethyl phosphorothioate",QHOQHJPRIBSPCY-UHFFFAOYSA-N,acaricides (aryl organothiophosphate)insecticides (aryl organothiophosphate),CCN(CC)c1nc(C)cc(O[P](=S)(OC)OC)n1,0.7173721949576046,False,False,False,9,10,True
pindone,83-26-1,"2-(2,2-dimethylpropanoyl)indane-1,3-dione1979 Rules:2-pivaloylindan-1,3-dione",RZKYEQDPDZUERB-UHFFFAOYSA-N,rodenticides (indandione),CC(C)(C)C(=O)C1C(=O)c2ccccc2C1=O,0.6954072783130925,False,False,False,111,3,True
pindone,83-26-1,"2-(2,2-dimethylpropanoyl)indane-1,3-dione1979 Rules:2-pivaloylindan-1,3-dione",RZKYEQDPDZUERB-UHFFFAOYSA-N,rodenticides (indandione),CC(C)(C)C(=O)C1C(=O)c2ccccc2C1=O,0.6954072783130925,False,False,False,111,3,True
plifenate,21757-82-4,"(1RS)-2,2,2-trichloro-1-(3,4-dichlorophenyl)ethyl acetate",FSGNOVKGEXRRHD-UHFFFAOYSA-N,insecticides (unclassified),CC(=O)OC(c1ccc(Cl)c(Cl)c1)C(Cl)(Cl)Cl,0.5630039856224435,False,False,False,110,3,True
"p-menthane-3,8-diol",42822-86-6,"p-menthane-3,8-diolor2-(2-hydroxypropan-2-yl)-5-methylcyclohexan-1-ol",LMXFTMYMHGYJEI-UHFFFAOYSA-N,insect repellents,CC1CCC(C(O)C1)C(C)(C)O,0.6297947834614553,False,False,False,109,3,True
phosmet,732-11-6,"O,O-dimethyl S-(phthalimidomethyl) phosphorodithioate",LMNZTLDVJIUSHT-UHFFFAOYSA-N,acaricides (arylalkyl organothiophosphate)insecticides (arylalkyl organothiophosphate),CO[P](=S)(OC)SCN1C(=O)c2ccccc2C1=O,0.6141947029028372,False,False,False,108,3,True
ethoxyquin,91-53-2,"ethyl 2,2,4-trimethyl-1,2-dihydro-6-quinolyl ether1979 Rules:1,2-dihydro-2,2,4-trimethyl-6-quinolyl ethyl ether",DECIPOUIJURFOJ-UHFFFAOYSA-N,fungicides (quinoline),CCOc1ccc2NC(C)(C)C=C(C)c2c1,0.8153192987016582,False,False,False,198,2,True
polythialan,114067-78-6,"N,N-dimethyl-1,2,3,4,5-pentathiocan-7-amine",KKJUPNGICOCCDW-UHFFFAOYSA-N,insecticides (nereistoxin analogue),CN(C)C1CSSSSSC1,0.6477357240705993,False,False,False,84,3,True
pp-ddt,50-29-3,"1,1,1-trichloro-2,2-bis(4-chlorophenyl)ethane",YVGGHNCTFXOJCH-UHFFFAOYSA-N,insecticides (organochlorine),Clc1ccc(cc1)C(c2ccc(Cl)cc2)C(Cl)(Cl)Cl,0.5403341220433435,False,False,False,16,8,True
precocene%20i,17598-02-6,"7-methoxy-2,2-dimethyl-2H-chromene",CPTJXGLQLVPIGP-UHFFFAOYSA-N,insecticides (precocene),COc1ccc2C=CC(C)(C)Oc2c1,0.6775352597633645,False,False,False,107,3,True
precocene%20ii,644-06-4,"6,7-dimethoxy-2,2-dimethyl-2H-chromene",PTIDGSWTMLSGAH-UHFFFAOYSA-N,insecticides (precocene),COc1cc2OC(C)(C)C=Cc2cc1OC,0.7666187437660307,False,False,False,107,3,True
precocene%20iii,65383-73-5,"7-ethoxy-6-methoxy-2,2-dimethyl-2H-chromene",RFJPSAYWKBGVAW-UHFFFAOYSA-N,insecticides (precocene),CCOc1cc2OC(C)(C)C=Cc2cc1OC,0.8029081264856149,False,False,False,107,3,True
pretilachlor,51218-49-6,"2-chloro-2â²,6â²-diethyl-N-(2-propoxyethyl)acetanilide",YLPGTOIOYRQOHV-UHFFFAOYSA-N,herbicides (chloroacetamide),CCCOCCN(C(=O)CCl)c1c(CC)cccc1CC,0.5124855810602478,False,False,False,42,6,True
primidophos,39247-96-6,"O-{2-[acetyl(ethyl)amino]-6-methylpyrimidin-4-yl} O,O-diethyl phosphorothioate1979 Rules:O,O-diethyl O-[2-(N-ethylacetamido)-6-methylpyrimidin-4-yl] phosphorothioate",FBFCWTCMDMUSDI-UHFFFAOYSA-N,insecticides (aryl organothiophosphate),CCN(C1=NC(=CC(=N1)OP(=S)(OCC)OCC)C)C(=O)C,0.6694773088329449,False,False,False,9,10,True
primisulfuron,113036-87-6,"2-({[4,6-bis(difluoromethoxy)pyrimidin-2-yl]carbamoyl}sulfamoyl)benzoic acid1979 Rules:1-[4,6-bis(difluoromethoxy)pyrimidin-2-yl]-3-[2-(carboxyphenyl)sulfonyl]urea",GPGLBXMQFQQXDV-UHFFFAOYSA-N,herbicides (pyrimidinylsulfonylurea),OC(=O)c1ccccc1[S](=O)(=O)NC(=O)Nc2nc(OC(F)F)cc(OC(F)F)n2,0.5068103299186677,False,False,False,106,1,True
probenazole,27605-76-1,"3-(allyloxy)-1Î»6,2-benzisothiazole-1,1-dione1979 Rules:3-(allyloxy)-1,2-benzisothiazole 1,1-dioxide",WHHIPMZEDGBUCC-UHFFFAOYSA-N,bactericidesfungicides (benzoisothiazole)plant activators,C=CCOC1=N[S](=O)(=O)c2ccccc12,0.7107531980901601,False,False,False,465,1,True
prochloraz,67747-09-5,"N-propyl-N-[2-(2,4,6-trichlorophenoxy)ethyl]imidazole-1-carboxamide",TVLSRXXIMLFWEO-UHFFFAOYSA-N,fungicides (imidazole),CCCN(CCOc1c(Cl)cc(Cl)cc1Cl)C(=O)n2ccnc2,0.7398280148412186,False,False,False,464,1,True
proclonol,14088-71-2,"bis(4-chlorophenyl)cyclopropylmethanolpre-1969 name:4,4â²-dichloro-Î±-cyclopropylbenzhydrol",BKAYSPSVVJBHHK-UHFFFAOYSA-N,acaricides (diphenylcarbinol),OC(C1CC1)(c2ccc(Cl)cc2)c3ccc(Cl)cc3,0.8737462179435117,False,False,False,463,1,True
procyazine,32889-48-8,"2-{[4-chloro-6-(cyclopropylamino)-1,3,5-triazin-2-yl]amino}-2-methylpropanenitrile1979 Rules:2-{[4-chloro-6-(cyclopropylamino)-1,3,5-triazin-2-yl]amino}-2-methylpropiononitrile",WUZNHSBFPPFULJ-UHFFFAOYSA-N,herbicides (chlorotriazine),CC(C)(Nc1nc(Cl)nc(NC2CC2)n1)C#N,0.8499884325178949,False,False,False,197,1,True
procymidone,32809-16-8,"3-(3,5-dichlorophenyl)-1,5-dimethyl-3-azabicyclo[3.1.0]hexane-2,4-dione1979 Rules:N-(3,5-dichlorophenyl)-1,2-dimethylcyclopropane-1,2-dicarboximide",QXJKBPAVAHBARF-UHFFFAOYSA-N,fungicides (dicarboximide),CC12CC1(C)C(=O)N(C2=O)c3cc(Cl)cc(Cl)c3,0.74203098004674,False,False,False,462,1,True
profenofos,41198-08-7,(RS)-[O-(4-bromo-2-chlorophenyl) O-ethyl S-propyl phosphorothioate],QYMMJNLHFKGANY-UHFFFAOYSA-N,insecticides (phenyl organothiophosphate),CCCS[P](=O)(OCC)Oc1ccc(Br)cc1Cl,0.5684371145046917,False,False,False,71,4,True
profluazol,190314-43-3,"1,2â²-dichloro-4â²-fluoro-5â²-[(6S,7aR)-6-fluoro-2,3,5,6,7,7a-hexahydro-1,3-dioxo-1H-pyrrolo[1,2-c]imidazol-2-yl]methanesulfonanilide",CHEDHKBPPDKBQF-UPONEAKYSA-N,herbicides (N-phenylimide),C1[C@@H](CN2[C@H]1C(=O)N(C2=O)C3=C(C=C(C(=C3)NS(=O)(=O)CCl)Cl)F)F,0.6053413461465086,False,False,False,461,1,True
profluralin,26399-36-0,"N-(cyclopropylmethyl)-2,6-dinitro-N-propyl-4-(trifluoromethyl)aniline1979 Rules:N-(cyclopropylmethyl)-Î±,Î±,Î±-trifluoro-2,6-dinitro-N-propyl-p-toluidine",ITVQAKZNYJEWKS-UHFFFAOYSA-N,herbicides (dinitroaniline),CCCN(CC1CC1)c2c(cc(cc2[N+]([O-])=O)C(F)(F)F)[N+]([O-])=O,0.5458807181354776,False,False,False,19,7,True
proglinazine,68228-20-6,"N-[4-chloro-6-(isopropylamino)-1,3,5-triazin-2-yl]glycine",XCXCBWSRDOSZRU-UHFFFAOYSA-N,herbicides (chlorotriazine),CC(C)NC1=NC(=NC(=N1)NCC(=O)O)Cl,0.7067699227046832,False,False,False,46,4,True
prohexadione,88805-35-0,"3,5-dioxo-4-propanoylcyclohexanecarboxylic acid1979 Rules:3,5-dioxo-4-propionylcyclohexanecarboxylic acid",BUCOQPHDYUOJSI-UHFFFAOYSA-N,plant growth regulators (growth inhibitor),CCC(=O)C1C(=O)CC(CC1=O)C(O)=O,0.6755290754720141,False,False,False,460,1,True
promacyl,34264-24-9,5-methyl-m-cumenyl butyryl(methyl)carbamateor3-isopropyl-5-methylphenyl butyryl(methyl)carbamate,DXEMHWAAAJAXBG-UHFFFAOYSA-N,acaricides (phenyl carbamate)insecticides (phenyl carbamate),CCCC(=O)CNC(=O)Oc1cc(C)cc(c1)C(C)C,0.8643574941609209,False,False,False,64,2,True
promecarb,2631-37-0,5-methyl-m-cumenyl methylcarbamateor3-isopropyl-5-methylphenyl methylcarbamate,DTAPQAJKAFRNJB-UHFFFAOYSA-N,insecticides (phenyl carbamate),CNC(=O)Oc1cc(C)cc(c1)C(C)C,0.8093935127605447,False,False,False,64,2,True
prometon,1610-18-0,"N2,N4-diisopropyl-6-methoxy-1,3,5-triazine-2,4-diamine",ISEUFVQQFVOBCY-UHFFFAOYSA-N,herbicides (methoxytriazine),COc1nc(NC(C)C)nc(NC(C)C)n1,0.79128428705194,False,False,False,196,1,True
prometryn,7287-19-6,"N2,N4-diisopropyl-6-(methylthio)-1,3,5-triazine-2,4-diamine",AAEVYOVXGOFMJO-UHFFFAOYSA-N,herbicides (alkylthiotriazine),CSc1nc(NC(C)C)nc(NC(C)C)n1,0.7708358657547913,False,False,False,2,15,True
prometryn,7287-19-6,"N2,N4-diisopropyl-6-(methylthio)-1,3,5-triazine-2,4-diamine",AAEVYOVXGOFMJO-UHFFFAOYSA-N,herbicides (alkylthiotriazine),CSc1nc(NC(C)C)nc(NC(C)C)n1,0.7708358657547913,False,False,False,2,15,True
propyzamide,23950-58-5,"3,5-dichloro-N-(1,1-dimethylprop-2-ynyl)benzamide",PHNUZKMIPFFYSO-UHFFFAOYSA-N,herbicides (benzamide),CC(C)(NC(=O)c1cc(Cl)cc(Cl)c1)C#C,0.809001628426526,False,False,False,194,2,True
propachlor,1918-16-7,2-chloro-N-isopropylacetanilide,MFOUDYKPLGXPGO-UHFFFAOYSA-N,herbicides (chloroacetamide),CC(C)N(C(=O)CCl)c1ccccc1,0.7044080077586444,False,False,False,105,3,True
propanil,709-98-8,"3â²,4â²-dichloropropananilide1979 Rules:3â²,4â²-dichloropropionanilide",LFULEKSKNZEWOE-UHFFFAOYSA-N,herbicides (anilide),CCC(=O)Nc1ccc(Cl)c(Cl)c1,0.8096716543147999,False,False,False,47,3,True
propargite,2312-35-8,"(1RS,2RS;1RS,2SR)-2-(4-tert-butylphenoxy)cyclohexyl prop-2-ynyl sulfitepre-1969 name:(Â±)-2-(4-tert-butylphenoxy)cyclohexyl propargyl sulfite",ZYHMJXZULPZUED-UHFFFAOYSA-N,acaricides (sulfite ester),CC(C)(C)c1ccc(OC2CCCCC2O[S](=O)OCC#C)cc1,0.7296174676485264,False,False,False,195,2,True
propazine,139-40-2,"6-chloro-N2,N4-diisopropyl-1,3,5-triazine-2,4-diamine",WJNRPILHGGKWCK-UHFFFAOYSA-N,herbicides (chlorotriazine),CC(C)Nc1nc(Cl)nc(NC(C)C)n1,0.8286985185089378,False,False,False,46,4,True
propham,122-42-9,isopropyl phenylcarbamate1979 Rules:isopropyl carbanilate,VXPLXMJHHKHSOA-UHFFFAOYSA-N,herbicides (carbamate)plant growth regulators (growth inhibitor),CC(C)OC(=O)Nc1ccccc1,0.7574489056424827,False,False,False,18,8,True
propiconazole,60207-90-1,"(2RS,4RS;2RS,4SR)-1-{[2-(2,4-dichlorophenyl)-4-propyl-1,3-dioxolan-2-yl]methyl}-1H-1,2,4-triazole",STJLVHWMYQXCPB-UHFFFAOYSA-N,fungicides (triazole),CCCC1COC(Cn2cncn2)(O1)c3ccc(Cl)cc3Cl,0.8322004475531347,False,False,False,45,5,True
icaridin,119515-38-7,(1RS)-1-methylpropyl (RS)-2-(2-hydroxyethyl)piperidine-1-carboxylate1979 Rules:(RS)-sec-butyl (RS)-2-(2-hydroxyethyl)piperidine-1-carboxylate,QLHULAHOXSSASE-UHFFFAOYSA-N,insect repellents,CCC(C)OC(=O)N1CCCCC1CCO,0.8033141304876098,False,False,False,104,3,True
propisochlor,86763-47-5,2-chloro-2â²-ethyl-N-(isopropoxymethyl)-6â²-methylacetanilide,KZNDFYDURHAESM-UHFFFAOYSA-N,herbicides (chloroacetamide),CCc1cccc(C)c1N(COC(C)C)C(=O)CCl,0.5905348080193417,False,False,False,42,6,True
propoxur,114-26-1,2-isopropoxyphenyl methylcarbamate,ISRUGXGCCGIOQO-UHFFFAOYSA-N,acaricides (phenyl carbamate)insecticides (phenyl carbamate),CNC(=O)Oc1ccccc1OC(C)C,0.8296418352028073,False,False,False,25,7,True
propoxycarbazone,145026-81-9,"methyl 2-{[4-methyl-5-oxo-3-propoxy-4,5-dihydro-(1H-1,2,4-triazole-1-carbonyl)]sulfamoyl}benzoate1979 Rules:methyl 2-[(4,5-dihydro-4-methyl-5-oxo-3-propoxy-1H-1,2,4-triazole-1-carboxamido)sulfonyl]benzoate",JTHMVYBOQLDDIY-UHFFFAOYSA-N,herbicides (sulfonylaminocarbonyltriazolinone),CCCOC1=NN(C(=O)N1C)C(=O)NS(=O)(=O)C2=CC=CC=C2C(=O)OC,0.6763373228218741,False,False,False,459,1,True
propyl%20isome,83-59-0,"dipropyl (5RS,6RS,7RS)-5,6,7,8-tetrahydro-7-methylnaphtho[2,3-d]-1,3-dioxole-5,6-dicarboxylateordipropyl (1RS,2RS,3RS)-1,2,3,4-tetrahydro-3-methyl-6,7-methylenedioxynaphthalene-1,2-dicarboxylate",UEKQGZQLUMSLNW-UHFFFAOYSA-N,synergists,CCCOC(=O)C1C(C)Cc2cc3OCOc3cc2C1C(=O)OCCC,0.723847788516535,False,False,False,458,1,True
propyrisulfuron,570415-88-2,"2-chloro-N-[(4,6-dimethoxypyrimidin-2-yl)carbamoyl]-6-propylimidazo[1,2-b]pyridazine-3-sulfonamide1979 Rules:1-[(2-chloro-6-propylimidazo[1,2-b]pyridazin-3-yl)sulfonyl]-3-(4,6-dimethoxypyrimidin-2-yl)urea",PYCINWWWERDNKE-UHFFFAOYSA-N,herbicides (pyrimidinylsulfonylurea),CCCC1=NN2C(=NC(=C2S(=O)(=O)NC(=O)NC3=NC(=CC(=N3)OC)OC)Cl)C=C1,0.5414755406372859,False,False,False,50,5,True
propyzamide,23950-58-5,"3,5-dichloro-N-(1,1-dimethylprop-2-ynyl)benzamide",PHNUZKMIPFFYSO-UHFFFAOYSA-N,herbicides (benzamide),CC(C)(NC(=O)c1cc(Cl)cc(Cl)c1)C#C,0.809001628426526,False,False,False,194,2,True
psoralen,66-97-7,"7H-furo[3,2-g]chromen-7-one",ZCCUUQDIBDJBTK-UHFFFAOYSA-N,plant growth regulators (growth stimulator),O=C1Oc2cc3occc3cc2C=C1,0.5064832269036607,False,False,False,103,3,True
prosulfocarb,52888-80-9,S-benzyl dipropylcarbamothioate1979 Rules:S-benzyl dipropyl(thiocarbamate),NQLVQOSNDJXLKG-UHFFFAOYSA-N,herbicides (thiocarbamate),CCCN(CCC)C(=O)SCc1ccccc1,0.7562813319407582,False,False,False,457,1,True
prosulfuron,94125-34-5,"N-[(4-methoxy-6-methyl-1,3,5-triazin-2-yl)carbamoyl]-2-(3,3,3-trifluoropropyl)benzenesulfonamide1979 Rules:1-(4-methoxy-6-methyl-1,3,5-triazin-2-yl)-3-{[2-(3,3,3-trifluoropropyl)phenyl]sulfonyl}urea",LTUNNEGNEKBSEH-UHFFFAOYSA-N,herbicides (triazinylsulfonylurea),COc1nc(C)nc(NC(=O)N[S](=O)(=O)c2ccccc2CCC(F)(F)F)n1,0.7356669254503345,False,False,False,6,11,True
prothidathion,20276-83-9,"O,O-diethyl S-[(5-isopropoxy-2-oxo-1,3,4-thiadiazol-3(2H)-yl)methyl] phosphorodithioate1979 Rules:S-[(2,3-dihydro-5-isopropoxy-2-oxo-1,3,4-thiadiazol-3-yl)methyl] O,O-diethyl phosphorodithioate",LQHMZSQJOYPNND-UHFFFAOYSA-N,acaricides (arylalkyl organothiophosphate)insecticides (arylalkyl organothiophosphate),CCOP(=S)(OCC)SCN1C(=O)SC(=N1)OC(C)C,0.62866115403741,False,False,False,69,4,True
prothioconazole,178928-70-6,"(RS)-2-[2-(1-chlorocyclopropyl)-3-(2-chlorophenyl)-2-hydroxypropyl]-2,4-dihydro-1,2,4-triazole-3-thione",MNHVNIJQQRJYDH-UHFFFAOYSA-N,fungicides (triazolinthione),OC(CN1NC=NC1=S)(Cc2ccccc2Cl)C3(Cl)CC3,0.6461462364709707,False,False,False,456,1,True
prothiofos,34643-46-4,"(RS)-[O-(2,4-dichlorophenyl) O-ethyl S-propyl phosphorodithioate]",FITIWKDOCAUBQD-UHFFFAOYSA-N,insecticides (phenyl organothiophosphate),CCCS[P](=S)(OCC)Oc1ccc(Cl)cc1Cl,0.5832841124185533,False,False,False,71,4,True
prothoate,2275-18-5,"O,O-diethyl S-[2-(isopropylamino)-2-oxoethyl] phosphorodithioate1979 Rules:O,O-diethyl S-[(isopropylcarbamoyl)methyl] phosphorodithioate",QTXHFDHVLBDJIO-UHFFFAOYSA-N,acaricides (aliphatic amide organothiophosphate)insecticides (aliphatic amide organothiophosphate),CCO[P](=S)(OCC)SCC(=O)NC(C)C,0.6944816085894885,False,False,False,455,1,True
primidophos,39247-96-6,"O-{2-[acetyl(ethyl)amino]-6-methylpyrimidin-4-yl} O,O-diethyl phosphorothioate1979 Rules:O,O-diethyl O-[2-(N-ethylacetamido)-6-methylpyrimidin-4-yl] phosphorothioate",FBFCWTCMDMUSDI-UHFFFAOYSA-N,insecticides (aryl organothiophosphate),CCN(C1=NC(=CC(=N1)OP(=S)(OCC)OCC)C)C(=O)C,0.6694773088329449,False,False,False,9,10,True
prynachlor,21267-72-1,(RS)-2-chloro-N-(1-methylprop-2-ynyl)acetanilide,DGPBHERUGBOSFZ-UHFFFAOYSA-N,herbicides (chloroacetamide),CC(C#C)N(C(=O)CCl)c1ccccc1,0.5666163922491928,False,False,False,105,3,True
psoralen,66-97-7,"7H-furo[3,2-g]chromen-7-one",ZCCUUQDIBDJBTK-UHFFFAOYSA-N,plant growth regulators (growth stimulator),O=C1Oc2cc3occc3cc2C=C1,0.5064832269036607,False,False,False,103,3,True
psoralen,66-97-7,"7H-furo[3,2-g]chromen-7-one",ZCCUUQDIBDJBTK-UHFFFAOYSA-N,plant growth regulators (growth stimulator),O=C1Oc2cc3occc3cc2C=C1,0.5064832269036607,False,False,False,103,3,True
pydiflumetofen,1228284-64-7,"3-(difluoromethyl)-N-methoxy-1-methyl-N-[(RS)-1-methyl-2-(2,4,6-trichlorophenyl)ethyl]-1H-pyrazole-4-carboxamide",DGOAXBPOVUPPEB-UHFFFAOYSA-N,fungicides (pyrazolecarboxamide),CC(CC1=C(C=C(C=C1Cl)Cl)Cl)N(C(=O)C2=CN(N=C2C(F)F)C)OC,0.6139211573265673,False,False,False,454,1,True
pymetrozine,123312-89-0,"(E)-4,5-dihydro-6-methyl-4-[(3-pyridylmethylene)amino]-1,2,4-triazin-3(2H)-one",QHMTXANCGGJZRX-WUXMJOGZSA-N,insecticides (pyridine azomethine),CC1=NNC(=O)N(C1)\N=C\c2cccnc2,0.744752144848857,False,False,False,453,1,True
pyracarbolid,24691-76-7,"3,4-dihydro-6-methyl-2H-pyran-5-carboxanilide",YPCALTGLHFLNGA-UHFFFAOYSA-N,fungicides (anilide),CC1=C(CCCO1)C(=O)Nc2ccccc2,0.8267230371644481,False,False,False,452,1,True
pyraclofos,89784-60-1 (formerly 77458-01-6),(RS)-{O-[1-(4-chlorophenyl)-1H-pyrazol-4-yl] O-ethyl S-propyl phosphorothioate},QHGVXILFMXYDRS-UHFFFAOYSA-N,insecticides (aryl organothiophosphate),CCCSP(=O)(OCC)OC1=CN(N=C1)C2=CC=C(C=C2)Cl,0.6060032656540046,False,False,False,451,1,True
pyraclonil,158353-15-2,"1-(3-chloro-4,5,6,7-tetrahydropyrazolo[1,5-a]pyridin-2-yl)-5-[methyl(prop-2-ynyl)amino]-1H-pyrazole-4-carbonitrile",IHHMUBRVTJMLQO-UHFFFAOYSA-N,herbicides (pyrazolopyrazole),CN(CC#C)C1=C(C=NN1C2=NN3CCCCC3=C2Cl)C#N,0.8129426914373767,False,False,False,450,1,True
pyraclostrobin,175013-18-0,methyl 2-({[1-(4-chlorophenyl)-1H-pyrazol-3-yl]oxy}methyl)-N-methoxycarbanilate,HZRSNVGNWUDEFX-UHFFFAOYSA-N,fungicides (methoxycarbamate),CON(C(=O)OC)c1ccccc1COc2ccn(n2)c3ccc(Cl)cc3,0.5917332661992689,False,False,False,449,1,True
pyraflufen,129630-17-7,{2-chloro-5-[4-chloro-5-(difluoromethoxy)-1-methyl-1H-pyrazol-3-yl]-4-fluorophenoxy}acetic acid,YXIIPOGUBVYZIW-UHFFFAOYSA-N,herbicides (phenylpyrazole),CN1C(=C(C(=N1)C2=CC(=C(C=C2F)Cl)OCC(=O)O)Cl)OC(F)F,0.8229169485913209,False,False,False,448,1,True
pyramat,2532-49-2,6-methyl-2-propylpyrimidin-4-yl dimethylcarbamate,HRLNKILMCKNVPD-UHFFFAOYSA-N,insecticides (dimethylcarbamate),CCCc1nc(C)cc(OC(=O)N(C)C)n1,0.7836343323145006,False,False,False,447,1,True
pyrametostrobin,915410-70-7,"methyl 2-{[(1,4-dimethyl-3-phenyl-1H-pyrazol-5-yl)oxy]methyl}-N-methoxycarbanilate",DWTVBEZBWMDXIY-UHFFFAOYSA-N,fungicides (methoxycarbamate),CC1=C(N(N=C1C2=CC=CC=C2)C)OCC3=CC=CC=C3N(C(=O)OC)OC,0.6013889619933297,False,False,False,154,2,True
pyraziflumid,942515-63-1,"N-(3â²,4â²-difluorobiphenyl-2-yl)-3-(trifluoromethyl)pyrazine-2-carboxamide1979 Rules:2â²-(3,4-difluorophenyl)-3-(trifluoromethyl)pyrazine-2-carboxanilide",KKEJMLAPZVXPOF-UHFFFAOYSA-N,fungicides (pyrazinecarboxamide),C1=CC=C(C(=C1)C2=CC(=C(C=C2)F)F)NC(=O)C3=NC=CN=C3C(F)(F)F,0.6718748679049792,False,False,False,446,1,True
chloridazon,1698-60-8,5-amino-4-chloro-2-phenylpyridazin-3(2H)-one,WYKYKTKDBLFHCY-UHFFFAOYSA-N,herbicides (pyridazinone),NC1=C(Cl)C(=O)N(N=C1)c2ccccc2,0.7933823099108369,False,False,False,44,5,True
pyrazophos,13457-18-6,"ethyl 2-[(diethoxyphosphinothioyl)oxy]-5-methylpyrazolo[1,5-a]pyrimidine-6-carboxylate",JOOMJVFZQRQWKR-UHFFFAOYSA-N,fungicides (phosphorothiolate)insecticides (aryl organothiophosphate),CCOC(=O)c1cn2nc(O[P](=S)(OCC)OCC)cc2nc1C,0.5158698966681168,False,False,False,445,1,True
pyrazosulfuron,98389-04-9,"5-{[(4,6-dimethoxypyrimidin-2-yl)carbamoyl]sulfamoyl}-1-methyl-1H-pyrazole-4-carboxylic acid",VXMNDQDDWDDKOQ-UHFFFAOYSA-N,herbicides (pyrimidinylsulfonylurea),COc1cc(OC)nc(NC(=O)N[S](=O)(=O)c2n(C)ncc2C(O)=O)n1,0.5830424230518674,False,False,False,50,5,True
pyrazothion,108-35-0,"O,O-diethyl O-(3-methyl-1H-pyrazol-5-yl) phosphorothioate",NKADQNIAHIXOIZ-UHFFFAOYSA-N,insecticides (aryl organothiophosphate),CCO[P](=S)(OCC)Oc1cc(C)[nH]n1,0.785502209054618,False,False,False,444,1,True
pyrazoxyfen,71561-11-0,"2-{[4-(2,4-dichlorobenzoyl)-1,3-dimethyl-1H-pyrazol-5-yl]oxy}acetophenone",FKERUJTUOYLBKB-UHFFFAOYSA-N,herbicides (benzoylpyrazole),Cn1nc(C)c(C(=O)c2ccc(Cl)cc2Cl)c1OCC(=O)c3ccccc3,0.5678267069723897,False,False,False,193,2,True
pyresmethrin,24624-58-6,"(5-benzyl-3-furyl)methyl (1R,3R)-3-[(E)-2-(methoxycarbonyl)prop-1-enyl]-2,2-dimethylcyclopropanecarboxylateRothamsted-style stereodescriptors:(5-benzyl-3-furyl)methyl (1R)-trans-3-[(E)-2-(methoxycarbonyl)prop-1-enyl]-2,2-dimethylcyclopropanecarboxylatepre-1969 name:(5-benzyl-3-furyl)methyl pyrethrate",YSEUOPNOQRVVDY-OGEJUEGTSA-N,insecticides (pyrethroid),C/C(=C\[C@@H]1[C@H](C1(C)C)C(=O)OCC2=COC(=C2)CC3=CC=CC=C3)/C(=O)OC,0.5274384139393888,False,False,False,11,9,True
pyribambenz-isopropyl,420138-41-6,"isopropyl 4-({2-[(4,6-dimethoxypyrimidin-2-yl)oxy]benzyl}amino)benzoate",REJMLNWDJIPPSE-UHFFFAOYSA-N,herbicides (pyrimidinyloxybenzylamine),CC(C)OC(=O)C1=CC=C(C=C1)NCC2=CC=CC=C2OC3=NC(=CC(=N3)OC)OC,0.5044180276781692,False,False,False,443,1,True
pyribencarb,799247-52-2,methyl {2-chloro-5-[(1E)-{[1-(6-methyl-2-pyridyl)methoxy]imino}ethyl]benzyl}carbamate,CRFYLQMIDWBKRT-LPYMAVHISA-N,fungicides (benzylcarbamate),CC1=NC(=CC=C1)CO/N=C(\C)/C2=CC(=C(C=C2)Cl)CNC(=O)OC,0.6263323759058593,False,False,False,442,1,True
pyributicarb,88678-67-5,O-(3-tert-butylphenyl) (6-methoxy-2-pyridyl)methylcarbamothioate1979 Rules:O-(3-tert-butylphenyl) (6-methoxy-2-pyridyl)methyl(thiocarbamate),VTRWMTJQBQJKQH-UHFFFAOYSA-N,fungicides (thiocarbamate)herbicides (thiocarbamate),COc1cccc(n1)N(C)C(=S)Oc2cccc(c2)C(C)(C)C,0.7885559200533265,False,False,False,441,1,True
pyriclor,1970-40-7,"2,3,5-trichloropyridin-4-ol",XTVIFVALDYTCLL-UHFFFAOYSA-N,herbicides (pyridinol),ClC1=C(Cl)C(=O)C(=CN1)Cl,0.6378059258247488,False,False,False,440,1,True
pyridaben,96489-71-3,2-tert-butyl-5-[(4-tert-butylbenzyl)thio]-4-chloropyridazin-3(2H)-one,DWFZBUWUXWZWKD-UHFFFAOYSA-N,acaricides (unclassified)insecticides (unclassified),CC(C)(C)N1N=CC(=C(Cl)C1=O)SCc2ccc(cc2)C(C)(C)C,0.6981584555492191,False,False,False,439,1,True
pyridachlometyl,1358061-55-8,"3-chloro-4-(2,6-difluorophenyl)-6-methyl-5-phenylpyridazine",ZNBJSAAROMDHOX-UHFFFAOYSA-N,fungicides (pyridazine),CC1=C(C(=C(N=N1)Cl)C2=C(C=CC=C2F)F)C3=CC=CC=C3,0.6608224165925767,False,False,False,438,1,True
pyridafol,40020-01-7,6-chloro-3-phenylpyridazin-4-ol,ZUSHSDOEVHPTCU-UHFFFAOYSA-N,herbicides (phenylpyridazine),ClC1=CC(=O)C(=NN1)c2ccccc2,0.7767742403136603,False,False,False,437,1,True
pyridaphenthion,119-12-0,"O-(1,6-dihydro-6-oxo-1-phenylpyridazin-3-yl) O,O-diethyl phosphorothioate",CXJSOEPQXUCJSA-UHFFFAOYSA-N,insecticides (aryl organothiophosphate),CCO[P](=S)(OCC)OC1=NN(C(=O)C=C1)c2ccccc2,0.7223915650826244,False,False,False,192,2,True
pyridaphenthion,119-12-0,"O-(1,6-dihydro-6-oxo-1-phenylpyridazin-3-yl) O,O-diethyl phosphorothioate",CXJSOEPQXUCJSA-UHFFFAOYSA-N,insecticides (aryl organothiophosphate),CCO[P](=S)(OCC)OC1=NN(C(=O)C=C1)c2ccccc2,0.7223915650826244,False,False,False,192,2,True
pyridinitril,1086-02-8,"2,6-dichloro-4-phenylpyridine-3,5-dicarbonitrile",OVZITGHGWBXFEA-UHFFFAOYSA-N,fungicides (pyridine),Clc1nc(Cl)c(C#N)c(c2ccccc2)c1C#N,0.7428591607864833,False,False,False,191,2,True
pyrifenox,88283-41-4,"2â²,4â²-dichloro-2-(3-pyridyl)acetophenone (EZ)-O-methyloxime",CKPCAYZTYMHQEX-UHFFFAOYSA-N,fungicides (pyridine),CO\N=C(\Cc1cccnc1)c2ccc(Cl)cc2Cl,0.6312992069911745,False,False,False,436,1,True
pyrifluquinazon,337458-27-2,"1-acetyl-1,2,3,4-tetrahydro-3-[(3-pyridylmethyl)amino]-6-[1,2,2,2-tetrafluoro-1-(trifluoromethyl)ethyl]quinazolin-2-one",MIOBBYRMXGNORL-UHFFFAOYSA-N,insecticides (pyridine azomethine),CC(=O)N1C2=C(CN(C1=O)NCC3=CN=CC=C3)C=C(C=C2)C(C(F)(F)F)(C(F)(F)F)F,0.6833368852512536,False,False,False,435,1,True
pyriftalid,135186-78-6,"(RS)-7-[(4,6-dimethoxypyrimidin-2-yl)thio]-3-methyl-2-benzofuran-1(3H)-one",RRKHIAYNPVQKEF-UHFFFAOYSA-N,herbicides (pyrimidinyl benzoate),CC1C2=C(C(=CC=C2)SC3=NC(=CC(=N3)OC)OC)C(=O)O1,0.6337994253608771,False,False,False,434,1,True
pirimetaphos,31377-69-2,(RS)-[2-(diethylamino)-6-methylpyrimidin-4-yl methyl methylphosphoramidate],HEUHRGXVQSOSHP-UHFFFAOYSA-N,insecticides (phosphoramidate),CCN(CC)C1=NC(=CC(=N1)OP(=O)(NC)OC)C,0.7686230608896156,False,False,False,63,2,True
pyrimethanil,53112-28-0,"N-(4,6-dimethylpyrimidin-2-yl)aniline",ZLIBICFPKPWGIZ-UHFFFAOYSA-N,fungicides (anilinopyrimidine),Cc1cc(C)nc(Nc2ccccc2)n1,0.807726439086823,False,False,False,102,3,True
pirimicarb,23103-98-2,"2-(dimethylamino)-5,6-dimethylpyrimidin-4-yl dimethylcarbamate",YFGYUFNIOHWBOB-UHFFFAOYSA-N,insecticides (dimethylcarbamate),CN(C)C(=O)Oc1nc(nc(C)c1C)N(C)C,0.7749930695325801,False,False,False,190,2,True
pyrimidifen,105779-78-0,"5-chloro-N-{2-[4-(2-ethoxyethyl)-2,3-dimethylphenoxy]ethyl}-6-ethylpyrimidin-4-amine1979 Rules:5-chloro-N-(2-{[4-(2-ethoxyethyl)-2,3-xylyl]oxy}ethyl)-6-ethylpyrimidin-4-amine",ITKAIUGKVKDENI-UHFFFAOYSA-N,acaricides (pyrimidinamine)insecticides (pyrimidinamine),CCOCCc1ccc(OCCNc2ncnc(CC)c2Cl)c(C)c1C,0.6224988697341596,False,False,False,433,1,True
pyriminobac,136191-56-5,"(EZ)-2-[(4,6-dimethoxypyrimidin-2-yl)oxy]-6-[1-(methoxyimino)ethyl]benzoic acid",DEIKMOQTJBGGAX-UHFFFAOYSA-N,herbicides (pyrimidinyl benzoate),CC(=NOC)C1=C(C(=CC=C1)OC2=NC(=CC(=N2)OC)OC)C(=O)O,0.5997946046902171,False,False,False,189,2,True
pirimiphos-ethyl,23505-41-1,"O-[2-(diethylamino)-6-methylpyrimidin-4-yl] O,O-diethyl phosphorothioate",TZBPRYIIJAJUOY-UHFFFAOYSA-N,insecticides (aryl organothiophosphate),CCO[P](=S)(OCC)Oc1cc(C)nc(n1)N(CC)CC,0.6425950907846439,False,False,False,9,10,True
pirimiphos-methyl,29232-93-7,"O-[2-(diethylamino)-6-methylpyrimidin-4-yl] O,O-dimethyl phosphorothioate",QHOQHJPRIBSPCY-UHFFFAOYSA-N,acaricides (aryl organothiophosphate)insecticides (aryl organothiophosphate),CCN(CC)c1nc(C)cc(O[P](=S)(OC)OC)n1,0.7173721949576046,False,False,False,9,10,True
pyrimisulfan,221205-90-9,"2â²-[(RS)-(4,6-dimethoxypyrimidin-2-yl)(hydroxy)methyl]-1,1-difluoro-6â²-(methoxymethyl)methanesulfonanilide",NTBVTCXMRYKRTB-UHFFFAOYSA-N,herbicides (sulfonanilide),COCC1=C(C(=CC=C1)C(C2=NC(=CC(=N2)OC)OC)O)NS(=O)(=O)C(F)F,0.6301139106614284,False,False,False,432,1,True
pyrimitate,5221-49-8,"O-[2-(dimethylamino)-6-methylpyrimidin-4-yl] O,O-diethyl phosphorothioate",MLDVVJZNWASRQL-UHFFFAOYSA-N,acaricides (aryl organothiophosphate)insecticides (aryl organothiophosphate),CCO[P](=S)(OCC)Oc1cc(C)nc(n1)N(C)C,0.7173721949576046,False,False,False,9,10,True
pyrinuron,53558-25-1,1-(4-nitrophenyl)-3-(3-pyridylmethyl)urea,CLKZWXHKFXZIMA-UHFFFAOYSA-N,rodenticides (unclassified),[O-][N+](=O)c1ccc(NC(=O)NCc2cccnc2)cc1,0.6588151540610357,False,False,False,101,3,True
pyriofenone,688046-61-9,"5-chloro-2-methoxy-4-methyl-3-pyridyl 2,3,4-trimethoxy-6-methylphenyl ketone1979 Rules:5-chloro-2-methoxy-4-methyl-3-pyridyl 4,5,6-trimethoxy-o-tolyl ketone",NMVCBWZLCXANER-UHFFFAOYSA-N,fungicides (arylphenyl ketone),CC1=CC(=C(C(=C1C(=O)C2=C(C(=CN=C2OC)Cl)C)OC)OC)OC,0.7282717010811097,False,False,False,431,1,True
pyripropanol,2859-68-9,3-(2-pyridyl)propan-1-ol,FVZXYJDGVYLMDB-UHFFFAOYSA-N,plant growth regulators (growth stimulator),OCCCc1ccccn1,0.6739696218821858,False,False,False,430,1,True
pyriproxyfen,95737-68-1,4-phenoxyphenyl (RS)-2-(2-pyridyloxy)propyl ether,NHDHVHZZCFYRSB-UHFFFAOYSA-N,insecticides (juvenile hormone mimic),CC(COc1ccc(Oc2ccccc2)cc1)Oc3ccccn3,0.631127541787948,False,False,False,429,1,True
pyrisoxazole,847749-37-5,"3-[(3R,5RS)-5-(4-chlorophenyl)-2,3-dimethylisoxazolidin-3-yl]pyridine",DHTJFQWHCVTNRY-OEMAIJDKSA-N,fungicides (pyridine),C[C@@]1(CC(ON1C)C2=CC=C(C=C2)Cl)C3=CN=CC=C3,0.8362790680976939,False,False,False,188,2,True
pyrithiobac,123342-93-8,"2-chloro-6-[(4,6-dimethoxypyrimidin-2-yl)thio]benzoic acid",QEGVVEOAVNHRAA-UHFFFAOYSA-N,herbicides (pyrimidinyl benzoate),COC1=CC(=NC(=N1)SC2=C(C(=CC=C2)Cl)C(=O)O)OC,0.845604336651045,False,False,False,428,1,True
pyrolan,87-47-8,3-methyl-1-phenyl-1H-pyrazol-5-yl dimethylcarbamate,GEDIWDLJKRKBFT-UHFFFAOYSA-N,insecticides (dimethylcarbamate),CN(C)C(=O)Oc1cc(C)nn1c2ccccc2,0.8148193006883605,False,False,False,427,1,True
pyroquilon,57369-32-1,"1,2,5,6-tetrahydropyrrolo[3,2,1-ij]quinolin-4-one",XRJLAOUDSILTFT-UHFFFAOYSA-N,fungicides (pyrroloquinolinone),O=C1CCc2cccc3CCN1c23,0.5821857462085781,False,False,False,426,1,True
pyroxasulfone,447399-55-5,"[5-(difluoromethoxy)-1-methyl-3-(trifluoromethyl)-1H-pyrazol-4-yl]methyl 4,5-dihydro-5,5-dimethylisoxazol-3-yl sulfoneor3-({[5-(difluoromethoxy)-1-methyl-3-(trifluoromethyl)-1H-pyrazol-4-yl]methyl}sulfonyl)-4,5-dihydro-5,5-dimethylisoxazole",CASLETQIYIQFTQ-UHFFFAOYSA-N,herbicides (isoxazoline),CC1(CC(=NO1)S(=O)(=O)CC2=C(N(N=C2C(F)(F)F)C)OC(F)F)C,0.7367599178993339,False,False,False,425,1,True
pyroxsulam,422556-08-9,"N-(5,7-dimethoxy[1,2,4]triazolo[1,5-a]pyrimidin-2-yl)-2-methoxy-4-(trifluoromethyl)pyridine-3-sulfonamide",GLBLPMUBLHYFCW-UHFFFAOYSA-N,herbicides (triazolopyrimidine),COC1=CC(=NC2=NC(=NN12)NS(=O)(=O)C3=C(C=CN=C3OC)C(F)(F)F)OC,0.6111444512076857,False,False,False,424,1,True
pyroxychlor,7159-34-4,6-chloro-4-(trichloromethyl)-2-pyridyl methyl etheror2-chloro-6-methoxy-4-(trichloromethyl)pyridine,RPCKKUFLSMORHB-UHFFFAOYSA-N,fungicides (pyridine),COc1cc(cc(Cl)n1)C(Cl)(Cl)Cl,0.5690193371700174,False,False,False,423,1,True
pyroxyfur,70166-48-2,6-chloro-4-(trichloromethyl)-2-pyridyl furan-2-ylmethyl ether1979 Rules:6-chloro-4-(trichloromethyl)-2-pyridyl furfuryl ether,OGBSAJWRIPNIER-UHFFFAOYSA-N,fungicides (pyridine),Clc1cc(cc(OCc2occc2)n1)C(Cl)(Cl)Cl,0.6036386155393324,False,False,False,422,1,True
fluthiacet,149253-65-6,"[(2-chloro-4-fluoro-5-{[(EZ)-5,6,7,8-tetrahydro-3-oxo-1H,3H-[1,3,4]thiadiazolo[3,4-a]pyridazin-1-ylidene]amino}phenyl)thio]acetic acid",XWROTTLWMHCFEC-UHFFFAOYSA-N,herbicides (N-phenylimide),C1CCN2C(=O)SC(=NC3=CC(=C(C=C3F)Cl)SCC(=O)O)N2C1,0.8154998668275885,False,False,False,187,2,True
saijunmao,62303-19-9,"Nâ²-(1,3-dithiolan-2-ylidene)benzohydrazideor2-benzoylhydrazono-1,3-dithiolane",SMPSKHUQMNCDEB-UHFFFAOYSA-N,bactericidesfungicides (hydrazide),O=C(NN=C1SCCS1)c2ccccc2,0.8028158280429608,False,False,False,181,2,True
quinacetol,2598-31-4,5-acetylquinolin-8-ol,HZTCLDNADGMACV-UHFFFAOYSA-N,fungicides (quinoline),CC(=O)c1ccc(O)c2ncccc12,0.6956385896677671,False,False,False,421,1,True
quinalphos,13593-03-8,"O,O-diethyl O-quinoxalin-2-yl phosphorothioate",JYQUHIFYBATCCY-UHFFFAOYSA-N,acaricides (aryl organothiophosphate)insecticides (aryl organothiophosphate),CCO[P](=S)(OCC)Oc1cnc2ccccc2n1,0.7626518845640481,False,False,False,62,4,True
quinalphos-methyl,13593-08-3,"O,O-dimethyl O-quinoxalin-2-yl phosphorothioate",RNGDKAQQWUYBAS-UHFFFAOYSA-N,insecticides (aryl organothiophosphate),CO[P](=S)(OC)Oc1cnc2ccccc2n1,0.7956549455299289,False,False,False,62,4,True
quinaminoprole,2049581-78-2,N-(2-{[1-(4-chlorophenyl)-1H-pyrazol-3-yl]oxy}ethyl)quinazolin-4-amine,XZMCIUKVFDRUPM-UHFFFAOYSA-N,fungicides (unclassified),C1=CC=C2C(=C1)C(=NC=N2)NCCOC3=NN(C=C3)C4=CC=C(C=C4)Cl,0.5238101767441266,False,False,False,420,1,True
quinclorac,84087-01-4,"3,7-dichloroquinoline-8-carboxylic acid",FFSSWMQPCJRCRV-UHFFFAOYSA-N,herbicides (quinolinecarboxylic acid),OC(=O)c1c(Cl)ccc2cc(Cl)cnc12,0.8344371474037771,False,False,False,100,3,True
quinconazole,103970-75-8,"3-(2,4-dichlorophenyl)-2-(1H-1,2,4-triazol-1-yl)quinazolin-4(3H)-one",OVFHHJZHXHZIHT-UHFFFAOYSA-N,fungicides (triazole),Clc1ccc(N2C(=O)c3ccccc3N=C2n4cncn4)c(Cl)c1,0.551700822824064,False,False,False,186,2,True
quinmerac,90717-03-6,7-chloro-3-methylquinoline-8-carboxylic acid,ALZOLUNSQWINIR-UHFFFAOYSA-N,herbicides (quinolinecarboxylic acid),Cc1cnc2c(ccc(Cl)c2C(O)=O)c1,0.8056783373109214,False,False,False,100,3,True
quinoclamine,2797-51-5,"2-amino-3-chloro-1,4-naphthoquinone",OBLNWSCLAYSJJR-UHFFFAOYSA-N,algicidesherbicides (quinone),NC1=C(Cl)C(=O)c2ccccc2C1=O,0.7010399727782283,False,False,False,75,4,True
quinofumelin,861647-84-9,"3-(4,4-difluoro-3,4-dihydro-3,3-dimethyl-1-isoquinolyl)quinoline",SWTPIYGGSMJRTB-UHFFFAOYSA-N,fungicides (quinoline),CC1(C(C2=CC=CC=C2C(=N1)C3=CC4=CC=CC=C4N=C3)(F)F)C,0.6216800011759986,False,False,False,419,1,True
chinomethionat,2439-01-2,"6-methyl-1,3-dithiolo[4,5-b]quinoxalin-2-oneorS,S-(6-methylquinoxaline-2,3-diyl) dithiocarbonate",FBQQHUGEACOBDN-UHFFFAOYSA-N,acaricides (quinoxaline)fungicides (quinoxaline),Cc1ccc2nc3SC(=O)Sc3nc2c1,0.6001151397628296,False,False,False,61,4,True
quinonamid,27541-88-4,"2,2-dichloro-N-(3-chloro-1,4-naphthoquinon-2-yl)acetamide",ZIEWAMOXCOLNSJ-UHFFFAOYSA-N,algicidesherbicides (dichloroacetamide),ClC(Cl)C(=O)NC1=C(Cl)C(=O)c2ccccc2C1=O,0.8519226837244681,False,False,False,418,1,True
quinothion,22439-40-3,"O,O-diethyl O-(2-methyl-4-quinolyl) phosphorothioate",RVQMZGWUSHPUCC-UHFFFAOYSA-N,insecticides (aryl organothiophosphate),CCO[P](=S)(OCC)Oc1cc(C)nc2ccccc12,0.747072664201711,False,False,False,417,1,True
quinoxyfen,124495-18-7,"5,7-dichloro-4-quinolyl 4-fluorophenyl ether",WRPIRSINYZBGPK-UHFFFAOYSA-N,fungicides (quinoline),Fc1ccc(Oc2ccnc3cc(Cl)cc(Cl)c23)cc1,0.6257420278237986,False,False,False,416,1,True
quintiofos,1776-83-6,(RS)-(O-ethyl O-8-quinolyl phenylphosphonothioate),OYFLKNAULOKYRI-UHFFFAOYSA-N,acaricides (phosphonate),CCO[P](=S)(Oc1cccc2cccnc12)c3ccccc3,0.6537552836020754,False,False,False,415,1,True
quintrione,130901-36-8,"2-[(3,7-dichloro-8-quinolyl)carbonyl]cyclohexane-1,3-dione",SZPMWKUJLQEAEL-UHFFFAOYSA-N,herbicides (triketone),C1CC(=O)C(C(=O)C1)C(=O)C2=C(C=CC3=CC(=CN=C32)Cl)Cl,0.6200824926121813,False,False,False,100,3,True
quizalofop,76578-12-6,(2RS)-2-{4-[(6-chloroquinoxalin-2-yl)oxy]phenoxy}propanoic acid1979 Rules:(RS)-2-{4-[(6-chloroquinoxalin-2-yl)oxy]phenoxy}propionic acid,ABOOPXYCKNFDNJ-UHFFFAOYSA-N,herbicides (aryloxyphenoxypropionic),CC(Oc1ccc(Oc2cnc3cc(Cl)ccc3n2)cc1)C(O)=O,0.7548793099071189,False,False,False,185,2,True
quizalofop-p,94051-08-8,(2R)-2-{4-[(6-chloroquinoxalin-2-yl)oxy]phenoxy}propanoic acid1979 Rules:(R)-2-{4-[(6-chloroquinoxalin-2-yl)oxy]phenoxy}propionic acid,ABOOPXYCKNFDNJ-SNVBAGLBSA-N,herbicides (aryloxyphenoxypropionic),C[C@@H](Oc1ccc(Oc2cnc3cc(Cl)ccc3n2)cc1)C(O)=O,0.7548793099071189,False,False,False,185,2,True
quyingding,136-45-8,"dipropyl pyridine-2,5-dicarboxylateordi-n-propyl isocinchomeronate",IITCWRFYJWUUPC-UHFFFAOYSA-N,insect repellents,CCCOC(=O)c1ccc(nc1)C(=O)OCCC,0.7251117110415858,False,False,False,414,1,True
rabenzazole,40341-04-6,"2-(3,5-dimethyl-1H-pyrazol-1-yl)-1H-benzimidazole",RUGYNGIMTAFTLP-UHFFFAOYSA-N,fungicides (benzimidazole),Cc1cc(C)n(n1)c2[nH]c3ccccc3n2,0.672717775407736,False,False,False,413,1,True
diniconazole-m,83657-18-5,"(E)-(R)-1-(2,4-dichlorophenyl)-4,4-dimethyl-2-(1H-1,2,4-triazol-1-yl)pent-1-en-3-ol",FBOUIAKEJMZPQG-BLXFFLACSA-N,fungicides (triazole),CC(C)(C)[C@@H](O)\C(=C/c1ccc(Cl)cc1Cl)n2cncn2,0.9277249828492864,False,False,False,29,6,True
rebemide,1696-17-9,"N,N-diethylbenzamide",JLNGEXDJAQASHD-UHFFFAOYSA-N,insect repellents,CCN(CC)C(=O)c1ccccc1,0.6925324098255917,False,False,False,99,3,True
diquat,2764-72-9,"9,10-dihydro-8a,10a-diazoniaphenanthreneor6,7-dihydrodipyrido[1,2-a:2â²,1â²-c]pyrazine-5,8-diiumor1,1â²-ethylene-2,2â²-bipyridyldiylium",SYJFEGQWDCRVNX-UHFFFAOYSA-N,herbicides (quaternary ammonium),C1C[n+]2ccccc2c3cccc[n+]13,0.5383486697644574,False,False,False,98,3,True
rimsulfuron,122931-48-0,"N-[(4,6-dimethoxypyrimidin-2-yl)carbamoyl]-3-(ethylsulfonyl)pyridine-2-sulfonamide1979 Rules:1-(4,6-dimethoxypyrimidin-2-yl)-3-{[3-(ethylsulfonyl)-2-pyridyl]sulfonyl}urea",MEFOUWRMVYJCQC-UHFFFAOYSA-N,herbicides (pyrimidinylsulfonylurea),CC[S](=O)(=O)c1cccnc1[S](=O)(=O)NC(=O)Nc2nc(OC)cc(OC)n2,0.617510727662743,False,False,False,35,6,True
resmethrin,10453-86-8,"(5-benzyl-3-furyl)methyl (1RS,3RS;1RS,3SR)-2,2-dimethyl-3-(2-methylprop-1-enyl)cyclopropanecarboxylatepre-1969 name:(5-benzyl-3-furyl)methyl (Â±)-cis-trans-chrysanthemate",VEMKTZHHVJILDY-UHFFFAOYSA-N,insecticides (pyrethroid),CC(C)=CC1C(C(=O)OCc2coc(Cc3ccccc3)c2)C1(C)C,0.5398350143033008,False,False,False,11,9,True
bioresmethrin,28434-01-7,"(5-benzyl-3-furyl)methyl (1R,3R)-2,2-dimethyl-3-(2-methylprop-1-enyl)cyclopropanecarboxylateRothamsted-style stereodescriptors:(5-benzyl-3-furyl)methyl (1R)-trans-2,2-dimethyl-3-(2-methylprop-1-enyl)cyclopropanecarboxylatepre-1969 name:(5-benzyl-3-furyl)methyl (+)-trans-chrysanthemate",VEMKTZHHVJILDY-UXHICEINSA-N,insecticides (pyrethroid),CC(C)=CC1C(C(=O)OCc2coc(Cc3ccccc3)c2)C1(C)C,0.5398350143033008,False,False,False,11,9,True
rhodethanil,3703-46-6,3-chloro-4-(ethylamino)phenyl thiocyanate,CKQWRBAKADMREL-UHFFFAOYSA-N,herbicides (unclassified),CCNC1=C(C=C(C=C1)SC#N)Cl,0.616764038523351,False,False,False,184,2,True
rimisoxafen,1801862-02-1,3-chloro-2-[3-(difluoromethyl)isoxazol-5-yl]phenyl 5-chloropyrimidin-2-yl ether,SOZRVJLJEGLPGH-UHFFFAOYSA-N,herbicides (unclassified),C1=CC(=C(C(=C1)Cl)C2=CC(=NO2)C(F)F)OC3=NC=C(C=N3)Cl,0.6440755779858814,False,False,False,412,1,True
rimsulfuron,122931-48-0,"N-[(4,6-dimethoxypyrimidin-2-yl)carbamoyl]-3-(ethylsulfonyl)pyridine-2-sulfonamide1979 Rules:1-(4,6-dimethoxypyrimidin-2-yl)-3-{[3-(ethylsulfonyl)-2-pyridyl]sulfonyl}urea",MEFOUWRMVYJCQC-UHFFFAOYSA-N,herbicides (pyrimidinylsulfonylurea),CC[S](=O)(=O)c1cccnc1[S](=O)(=O)NC(=O)Nc2nc(OC)cc(OC)n2,0.617510727662743,False,False,False,35,6,True
metalaxyl-m,70630-17-0,"methyl N-(2,6-dimethylphenyl)-N-(methoxyacetyl)-D-alaninate1979 Rules:methyl N-(methoxyacetyl)-N-2,6-xylyl-D-alaninate",ZQEIXNIJLIKNTD-GFCCVEGCSA-N,fungicides (acylalanine),CC1=C(C(=CC=C1)C)N([C@H](C)C(=O)OC)C(=O)COC,0.7717915307026936,False,False,False,12,9,True
rhodethanil,3703-46-6,3-chloro-4-(ethylamino)phenyl thiocyanate,CKQWRBAKADMREL-UHFFFAOYSA-N,herbicides (unclassified),CCNC1=C(C=C(C=C1)SC#N)Cl,0.616764038523351,False,False,False,184,2,True
fenchlorphos,299-84-3,"O,O-dimethyl O-(2,4,5-trichlorophenyl) phosphorothioate",JHJOOSLFWRRSGU-UHFFFAOYSA-N,insecticides (phenyl organothiophosphate),CO[P](=S)(OC)Oc1cc(Cl)c(Cl)cc1Cl,0.6007801925845794,False,False,False,30,6,True
rotenone,83-79-4,"(2R,6aS,12aS)-1,2,6,6a,12,12a-hexahydro-2-isopropenyl-8,9-dimethoxychromeno[3,4-b]furo[2,3-h]chromen-6-one",JUVIOZPCNVVQFO-HBGVWJBISA-N,insecticides (botanical),COc1cc2OC[C@H]3Oc4c5C[C@@H](Oc5ccc4C(=O)[C@H]3c2cc1OC)C(C)=C,0.7399961156347875,False,False,False,183,2,True
saflufenacil,372137-35-4,"2-chloro-4-fluoro-N-[isopropyl(methyl)sulfamoyl]-5-[3-methyl-2,6-dioxo-4-(trifluoromethyl)-3,6-dihydropyrimidin-1(2H)-yl]benzamide1979 Rules:Nâ²-{2-chloro-5-[3,6-dihydro-3-methyl-2,6-dioxo-4-(trifluoromethyl)pyrimidin-1(2H)-yl]-4-fluorobenzoyl}-N-isopropyl-N-methylsulfamide",GNHDVXLWBQYPJE-UHFFFAOYSA-N,herbicides (N-phenylimide),CC(C)N(C)S(=O)(=O)NC(=O)C1=CC(=C(C=C1Cl)F)N2C(=O)C=C(N(C2=O)C)C(F)(F)F,0.6278512744739176,False,False,False,182,2,True
saijunmao,62303-19-9,"Nâ²-(1,3-dithiolan-2-ylidene)benzohydrazideor2-benzoylhydrazono-1,3-dithiolane",SMPSKHUQMNCDEB-UHFFFAOYSA-N,bactericidesfungicides (hydrazide),O=C(NN=C1SCCS1)c2ccccc2,0.8028158280429608,False,False,False,181,2,True
salicylanilide,87-17-2,2-hydroxybenzanilide1979 Rules:salicylanilide,WKEDVNSFRWHDNR-UHFFFAOYSA-N,fungicides (phenylbenzamide),Oc1ccccc1C(=O)Nc2ccccc2,0.8052241874500292,False,False,False,180,1,True
santonin,481-06-1,"(3S,3aS,5aS,9bS)-3a,5,5a,9b-tetrahydro-3,5a,9-trimethylnaphtho[1,2-b]furan-2,8(3H,4H)-dione",XJHDMGJURBVLLE-BOCCBSBMSA-N,fungicides (botanical),C[C@H]1[C@@H]2CC[C@@]3(C)C=CC(=O)C(=C3[C@H]2OC1=O)C,0.6164348063543748,False,False,False,411,1,True
esdepallethrine,28434-00-6,"(S)-3-allyl-2-methyl-4-oxocyclopent-2-enyl (1R,3R)-2,2-dimethyl-3-(2-methylprop-1-enyl)cyclopropanecarboxylateRothamsted-style stereodescriptors:(S)-3-allyl-2-methyl-4-oxocyclopent-2-enyl (1R)-trans-2,2-dimethyl-3-(2-methylprop-1-enyl)cyclopropanecarboxylate",ZCVAOQKBXKSDMS-PVAVHDDUSA-N,insecticides (pyrethroid),CC(C)=CC1C(C(=O)OC2CC(=O)C(=C2C)CC=C)C1(C)C,0.5692267993614909,False,False,False,0,17,True
schradan,152-16-9,octamethylpyrophosphoric tetraamide,SZKKRCSOSQAJDE-UHFFFAOYSA-N,acaricides (phosphorodiamide)insecticides (phosphorodiamide),CN(C)[P](=O)(O[P](=O)(N(C)C)N(C)C)N(C)C,0.6851202218360247,False,False,False,410,1,True
sebuthylazine,7286-69-3,"6-chloro-N2-ethyl-N4-[(1RS)-1-methylpropyl]-1,3,5-triazine-2,4-diamine1979 Rules:(RS)-N2-sec-butyl-6-chloro-N4-ethyl-1,3,5-triazine-2,4-diamine",BZRUVKZGXNSXMB-UHFFFAOYSA-N,herbicides (chlorotriazine),CCNc1nc(Cl)nc(NC(C)CC)n1,0.8104201653628637,False,False,False,21,5,True
secbumeton,26259-45-0,"N2-ethyl-6-methoxy-N4-[(1RS)-1-methylpropyl]-1,3,5-triazine-2,4-diamine1979 Rules:(RS)-N2-sec-butyl-N4-ethyl-6-methoxy-1,3,5-triazine-2,4-diamine",ZJMZZNVGNSWOOM-UHFFFAOYSA-N,herbicides (methoxytriazine),CCNc1nc(NC(C)CC)nc(OC)n1,0.7645055100124322,False,False,False,20,4,True
sedaxane,874967-67-6,"mixture comprised of 80â100% 2â²-[(1RS,2SR)-1,1â²-bicycloprop-2-yl]-3-(difluoromethyl)-1-methyl-1H-pyrazole-4-carboxanilide and 20â0% of the (1RS,2RS)-isomers",XQJQCBDIXRIYRP-UHFFFAOYSA-N,fungicides (pyrazolecarboxamide),CN1C=C(C(=N1)C(F)F)C(=O)NC2=CC=CC=C2C3CC3C4CC4,0.8955527310282726,False,False,False,97,3,True
semiamitraz,33089-74-6,"(EZ)-N-(2,4-dimethylphenyl)-Nâ²-methylformimidamide1979 Rules:(EZ)-N1-methyl-N2-(2,4-xylyl)formamidine",JIIOLEGNERQDIP-UHFFFAOYSA-N,acaricides (formamidine)insecticides (formamidine),[H+].[Cl-].CN=CNc1ccc(C)cc1C,0.5026948534766565,False,False,False,179,2,True
sesamolin,526-07-8,"1,3-benzodioxol-5-yl (1R,3aR,4S,6aR)-4-(1,3-benzodioxol-5-yl)perhydrofuro[3,4-c]furan-1-yl ether",ZZMNWJVJUKMZJY-AFHBHXEDSA-N,synergists,C1Oc2ccc(O[C@H]3OC[C@H]4[C@@H]3CO[C@@H]4c5ccc6OCOc6c5)cc2O1,0.8230895278805683,False,False,False,409,1,True
disul,149-26-8,"2-(2,4-dichlorophenoxy)ethyl hydrogen sulfate",HJEINPVZRDJRBY-UHFFFAOYSA-N,herbicides (phenoxyacetic),O[S](=O)(=O)OCCOc1ccc(Cl)cc1Cl,0.663511429992478,False,False,False,54,4,True
sethoxydim,74051-80-2,(5RS)-2-[(EZ)-1-(ethoxyimino)butyl]-5-[(2RS)-2-(ethylthio)propyl]-3-hydroxycyclohex-2-en-1-one,CSPPKDPQLUUTND-UHFFFAOYSA-N,herbicides (cyclohexanedione oxime),CCCC(=NOCC)C1=C(CC(CC1=O)CC(C)SCC)O,0.5001133750938248,False,False,False,408,1,True
carbaryl,63-25-2,1-naphthyl methylcarbamate,CVXBEEMKQHEXEN-UHFFFAOYSA-N,acaricides (carbamate)insecticides (carbamate)plant growth regulators (growth inhibitor),CNC(=O)Oc1cccc2ccccc12,0.7695670306859667,False,False,False,96,3,True
siduron,1982-49-6,1-(2-methylcyclohexyl)-3-phenylurea,JXVIIQLNUPXOII-UHFFFAOYSA-N,herbicides (phenylurea),CC1CCCCC1NC(=O)Nc2ccccc2,0.8059405879765427,False,False,False,407,1,True
siglure,2425-20-9,"(RS)-sec-butyl (1RS,6RS;1RS,6SR)-6-methylcyclohex-3-ene-1-carboxylate",AJKDXAOKNSFWAA-UHFFFAOYSA-N,insect attractants (Dipteran),CCC(C)OC(=O)C1CC=CCC1C,0.5121802896435671,False,False,False,406,1,True
silatrane,29025-67-0,"1-(4-chlorophenyl)-2,8,9-trioxa-5-aza-1-silabicyclo[3.3.3]undecane",IKFVTMCLFHXPQF-UHFFFAOYSA-N,rodenticides (unclassified),Clc1ccc(cc1)[Si]23OCCN(CCO2)CCO3,0.7165727309309279,False,False,False,405,1,True
silthiofam,175217-20-6,"N-allyl-4,5-dimethyl-2-(trimethylsilyl)thiophene-3-carboxamide",MXMXHPPIGKYTAR-UHFFFAOYSA-N,fungicides (thiophenecarboxamide),CC1=C(SC(=C1C(=O)NCC=C)[Si](C)(C)C)C,0.6594746382911955,False,False,False,95,3,True
silthiofam,175217-20-6,"N-allyl-4,5-dimethyl-2-(trimethylsilyl)thiophene-3-carboxamide",MXMXHPPIGKYTAR-UHFFFAOYSA-N,fungicides (thiophenecarboxamide),CC1=C(SC(=C1C(=O)NCC=C)[Si](C)(C)C)C,0.6594746382911955,False,False,False,95,3,True
silthiofam,175217-20-6,"N-allyl-4,5-dimethyl-2-(trimethylsilyl)thiophene-3-carboxamide",MXMXHPPIGKYTAR-UHFFFAOYSA-N,fungicides (thiophenecarboxamide),CC1=C(SC(=C1C(=O)NCC=C)[Si](C)(C)C)C,0.6594746382911955,False,False,False,95,3,True
fenoprop,93-72-1,"(2RS)-2-(2,4,5-trichlorophenoxy)propanoic acid1979 Rules:(RS)-2-(2,4,5-trichlorophenoxy)propionic acid",ZLSWBLPERHFHIS-UHFFFAOYSA-N,herbicides (phenoxypropionic)plant growth regulators (auxin),CC(Oc1cc(Cl)c(Cl)cc1Cl)C(O)=O,0.8543653385157547,False,False,False,5,12,True
simazine,122-34-9,"6-chloro-N2,N4-diethyl-1,3,5-triazine-2,4-diamine",ODCWYMIRDDJXKW-UHFFFAOYSA-N,algicidesherbicides (chlorotriazine),CCNc1nc(Cl)nc(NCC)n1,0.7710639211017837,False,False,False,21,5,True
simeconazole,149508-90-7,"(RS)-2-(4-fluorophenyl)-1-(1H-1,2,4-triazol-1-yl)-3-(trimethylsilyl)propan-2-ol",YABFPHSQTSFWQB-UHFFFAOYSA-N,fungicides (triazole),C[Si](C)(C)CC(CN1C=NC=N1)(C2=CC=C(C=C2)F)O,0.8622670519872001,False,False,False,404,1,True
simeton,673-04-1,"N2,N4-diethyl-6-methoxy-1,3,5-triazine-2,4-diamine",HKAMKLBXTLTVCN-UHFFFAOYSA-N,herbicides (methoxytriazine),CCNc1nc(NCC)nc(OC)n1,0.7251656120874338,False,False,False,20,4,True
simetryn,1014-70-6,"N2,N4-diethyl-6-(methylthio)-1,3,5-triazine-2,4-diamine",MGLWZSOBALDPEK-UHFFFAOYSA-N,herbicides (alkylthiotriazine),CCNc1nc(NCC)nc(SC)n1,0.721941568354198,False,False,False,2,15,True
simetryn,1014-70-6,"N2,N4-diethyl-6-(methylthio)-1,3,5-triazine-2,4-diamine",MGLWZSOBALDPEK-UHFFFAOYSA-N,herbicides (alkylthiotriazine),CCNc1nc(NCC)nc(SC)n1,0.721941568354198,False,False,False,2,15,True
sintofen,130561-48-7,"1-(4-chlorophenyl)-1,4-dihydro-5-(2-methoxyethoxy)-4-oxocinnoline-3-carboxylic acid",QLMNCUHSDAGQGT-UHFFFAOYSA-N,plant growth regulators (gametocide),COCCOC1=CC=CC2=C1C(=O)C(=NN2C3=CC=C(C=C3)Cl)C(=O)O,0.6670329398300164,False,False,False,178,2,True
pentanochlor,2307-68-8,"(2RS)-3â²-chloro-2,4â²-dimethylpentananilide1979 Rules:(RS)-3â²-chloro-2,4â²-dimethylvaleranilide",WGVWLKXZBUVUAM-UHFFFAOYSA-N,herbicides (anilide),CCCC(C)C(=O)Nc1ccc(C)c(Cl)c1,0.8448449525949179,False,False,False,94,3,True
sophamide,37032-15-8,"S-{2-[(methoxymethyl)amino]-2-oxoethyl} O,O-dimethyl phosphorodithioate1979 Rules:S-{[(methoxymethyl)carbamoyl]methyl} O,O-dimethyl phosphorodithioate",FCUBTKFQDYNIIC-UHFFFAOYSA-N,acaricides (aliphatic amide organothiophosphate)insecticides (aliphatic amide organothiophosphate),COCNC(=O)CS[P](=S)(OC)OC,0.5426084655740664,False,False,False,34,6,True
spidoxamat,907187-07-9,"11-(4-chloro-2,6-dimethylphenyl)-12-hydroxy-1,4-dioxa-9-azadispiro[4.2.48.25]tetradec-11-en-10-one1979 Rules:11-(4-chloro-2,6-xylyl)-12-hydroxy-1,4-dioxa-9-azadispiro[4.2.4.2]tetradec-11-en-10-one",CMURKFSRGAWINZ-UHFFFAOYSA-N,insecticides (tetramic acid),CC1=CC(=CC(=C1C2=C(C3(CCC4(CC3)OCCO4)NC2=O)O)C)Cl,0.8019273314862804,False,False,False,403,1,True
spirodiclofen,148477-71-8,"3-(2,4-dichlorophenyl)-2-oxo-1-oxaspiro[4.5]dec-3-en-4-yl 2,2-dimethylbutanoate1979 Rules:3-(2,4-dichlorophenyl)-2-oxo-1-oxaspiro[4.5]dec-3-en-4-yl 2,2-dimethylbutyrate",DTDSAWVUFPGDMX-UHFFFAOYSA-N,acaricides (tetronic acid)insecticides (tetronic acid),CCC(C)(C)C(=O)OC1=C(C(=O)OC12CCCCC2)c3ccc(Cl)cc3Cl,0.5753753162000949,False,False,False,402,1,True
spiromesifen,283594-90-1,"2-oxo-3-(2,4,6-trimethylphenyl)-1-oxaspiro[4.4]non-3-en-4-yl 3,3-dimethylbutanoate1979 Rules:3-mesityl-2-oxo-1-oxaspiro[4.4]non-3-en-4-yl 3,3-dimethylbutyrate",GOLXNESZZPUPJE-UHFFFAOYSA-N,acaricides (tetronic acid)insecticides (tetronic acid),Cc1cc(C)c(c(C)c1)C2=C(OC(=O)CC(C)(C)C)C3(CCCC3)OC2=O,0.6887170412943667,False,False,False,401,1,True
spiropidion,1229023-00-0,"3-(4-chloro-2,6-dimethylphenyl)-8-methoxy-1-methyl-2-oxo-1,8-diazaspiro[4.5]dec-3-en-4-yl ethyl carbonate1979 Rules:3-(4-chloro-2,6-xylyl)-8-methoxy-1-methyl-2-oxo-1,8-diazaspiro[4.5]dec-3-en-4-yl ethyl carbonate",WOPFPAIGRGHWAQ-UHFFFAOYSA-N,insecticides (tetramic acid),CCOC(=O)OC1=C(C(=O)N(C12CCN(CC2)OC)C)C3=C(C=C(C=C3C)Cl)C,0.6888468177522744,False,False,False,400,1,True
spiroxamine,118134-30-8,"(RS)-N-[(8-tert-butyl-1,4-dioxaspiro[4.5]dec-2-yl)methyl]-N-ethylpropylamine",PUYXTUJWRLOUCW-UHFFFAOYSA-N,fungicides (spiroketalamine),CCCN(CC)CC1COC2(CCC(CC2)C(C)(C)C)O1,0.7634055528754983,False,False,False,399,1,True
3-chloro-4-methylaniline,95-74-9,3-chloro-4-methylaniline3-chloro-p-methylaniline,RQKFYFNZSHWXAW-UHFFFAOYSA-N,avicides,Cc1ccc(N)cc1Cl,0.551296349469733,False,False,False,77,3,True
strychnine,57-24-9,strychnidin-10-one,QMGVPVSNSZLJIA-FVWCLLPLSA-N,avicidesrodenticides (alkaloid),O=C1C[C@@H]2OCC=C3CN4CC[C@@]56[C@@H]4C[C@@H]3[C@@H]2[C@@H]5N1c7ccccc67,0.6813170466380937,False,False,False,398,1,True
sulcatol,4630-06-2,(RS)-6-methylhept-5-en-2-ol,OHEFFKYYKJVVOX-UHFFFAOYSA-N,insect attractants (Coleopteran),CC(O)CCC=C(C)C,0.5770592239641659,False,False,False,397,1,True
sulcotrione,99105-77-8,"2-[2-chloro-4-(methylsulfonyl)benzoyl]cyclohexane-1,3-dione1979 Rules:2-(2-chloro-4-mesylbenzoyl)cyclohexane-1,3-dione",PQTBTIFWAXVEPB-UHFFFAOYSA-N,herbicides (triketone),C[S](=O)(=O)c1ccc(c(Cl)c1)C(=O)C2C(=O)CCCC2=O,0.6242362173088588,False,False,False,177,2,True
sulfallate,95-06-7,2-chloroallyl diethylcarbamodithioate1979 Rules:2-chloroallyl diethyl(dithiocarbamate),XJCLWVXTCRQIDI-UHFFFAOYSA-N,herbicides (thiocarbamate),CCN(CC)C(=S)SCC(Cl)=C,0.6748250408157072,False,False,False,176,2,True
sulfathiadiazuron,33022-42-3,"N,N-dimethyl-5-[methyl(methylcarbamoyl)amino]-1,3,4-thiadiazole-2-sulfonamide1979 Rules:N,N-dimethyl-5-(1,3-dimethylureido)-1,3,4-thiadiazole-2-sulfonamideor1-[5-(dimethylsulfamoyl)-1,3,4-thiadiazol-2-yl]-1,3-dimethylurea",GNBUJYFDFVOVBM-UHFFFAOYSA-N,herbicides (thiadiazolylurea),CNC(=O)N(C)C1=NN=C(S1)S(=O)(=O)N(C)C,0.7570403623528893,False,False,False,33,6,True
sulfathiadiazuron,33022-42-3,"N,N-dimethyl-5-[methyl(methylcarbamoyl)amino]-1,3,4-thiadiazole-2-sulfonamide1979 Rules:N,N-dimethyl-5-(1,3-dimethylureido)-1,3,4-thiadiazole-2-sulfonamideor1-[5-(dimethylsulfamoyl)-1,3,4-thiadiazol-2-yl]-1,3-dimethylurea",GNBUJYFDFVOVBM-UHFFFAOYSA-N,herbicides (thiadiazolylurea),CNC(=O)N(C)C1=NN=C(S1)S(=O)(=O)N(C)C,0.7570403623528893,False,False,False,33,6,True
sulfentrazone,122836-35-5,"2â²,4â²-dichloro-5â²-[4-(difluoromethyl)-4,5-dihydro-3-methyl-5-oxo-1H-1,2,4-triazol-1-yl]methanesulfonanilide",OORLZFUTLGXMEF-UHFFFAOYSA-N,herbicides (N-phenyltriazolinone),CC1=NN(C(=O)N1C(F)F)c2cc(N[S](C)(=O)=O)c(Cl)cc2Cl,0.8733225019437517,False,False,False,396,1,True
sulfindoflufen,2410561-41-8,"2-{2-fluoro-4-methyl-5-[(RS)-(2,2,2-trifluoroethyl)sulfinyl]phenyl}isoindolin-1-one",VJKDCCIZYYWIOI-UHFFFAOYSA-N,acaricides (aryltrifluoroethylsulfide)insecticides (aryltrifluoroethylsulfide),CC1=CC(=C(C=C1S(=O)CC(F)(F)F)N2CC3=CC=CC=C3C2=O)F,0.7661173855277648,False,False,False,395,1,True
sulfiram,95-05-6,tetraethylthiuram monosulfide,CTPKSRZFJSJGML-UHFFFAOYSA-N,acaricides (dithiocarbamate),CCN(CC)C(=S)SC(=S)N(CC)CC,0.718116509373947,False,False,False,93,3,True
ethidimuron,30043-49-3,"1-[5-(ethylsulfonyl)-1,3,4-thiadiazol-2-yl]-1,3-dimethylurea",KCOCSOWTADCKOL-UHFFFAOYSA-N,herbicides (thiadiazolylurea),CC[S](=O)(=O)c1sc(nn1)N(C)C(=O)NC,0.7820287875033594,False,False,False,33,6,True
sulfometuron,74223-56-6,"2-{[(4,6-dimethylpyrimidin-2-yl)carbamoyl]sulfamoyl}benzoic acid",FZMKKCQHDROFNI-UHFFFAOYSA-N,herbicides (pyrimidinylsulfonylurea),Cc1cc(C)nc(NC(=O)N[S](=O)(=O)c2ccccc2C(O)=O)n1,0.7551020208536616,False,False,False,6,11,True
sulfotep,3689-24-5,"O,O,O',O'-tetraethyl dithiodipyrophosphate",XIUROWKZWPIAIB-UHFFFAOYSA-N,acaricides (organothiophosphate)insecticides (organothiophosphate),CCO[P](=S)(OCC)O[P](=S)(OCC)OCC,0.5694547378804272,False,False,False,175,2,True
sulfotep,3689-24-5,"O,O,O',O'-tetraethyl dithiodipyrophosphate",XIUROWKZWPIAIB-UHFFFAOYSA-N,acaricides (organothiophosphate)insecticides (organothiophosphate),CCO[P](=S)(OCC)O[P](=S)(OCC)OCC,0.5694547378804272,False,False,False,175,2,True
sulfoxaflor,946578-00-3,[methyl(oxo){1-[6-(trifluoromethyl)-3-pyridyl]ethyl}-Î»6-sulfanylidene]cyanamide,ZVQOOHYFBIDMTQ-UHFFFAOYSA-N,insecticides (sulfoximine),CC(C1=CN=C(C=C1)C(F)(F)F)S(=NC#N)(=O)C,0.7805274992613439,False,False,False,394,1,True
sulfoxide,120-62-7,"(1RS)-2-(1,3-benzodioxol-5-yl)-1-methylethyl octyl sulfoxideor(1RS)-1-methyl-2-(3,4-methylenedioxyphenyl)ethyl octyl sulfoxide",ATTZFSUZZUNHBP-UHFFFAOYSA-N,synergists,CCCCCCCC[S](=O)C(C)Cc1ccc2OCOc2c1,0.5962773501059656,False,False,False,393,1,True
sulglycapin,51068-60-1,2-(azepan-1-yl)-2-oxoethyl methylsulfamate1979 Rules:[(perhydroazepin-1-yl)carbonyl]methyl methylsulfamate,OTSYOPHQYHLKTK-UHFFFAOYSA-N,herbicides (unclassified),CN[S](=O)(=O)OCC(=O)N1CCCCCC1,0.7538434296272556,False,False,False,392,1,True
sulfathiadiazuron,33022-42-3,"N,N-dimethyl-5-[methyl(methylcarbamoyl)amino]-1,3,4-thiadiazole-2-sulfonamide1979 Rules:N,N-dimethyl-5-(1,3-dimethylureido)-1,3,4-thiadiazole-2-sulfonamideor1-[5-(dimethylsulfamoyl)-1,3,4-thiadiazol-2-yl]-1,3-dimethylurea",GNBUJYFDFVOVBM-UHFFFAOYSA-N,herbicides (thiadiazolylurea),CNC(=O)N(C)C1=NN=C(S1)S(=O)(=O)N(C)C,0.7570403623528893,False,False,False,33,6,True
swep,1918-18-9,"methyl (3,4-dichlorophenyl)carbamate1979 Rules:methyl 3,4-dichlorocarbanilate",WOZQBERUBLYCEG-UHFFFAOYSA-N,herbicides (carbamate),COC(=O)Nc1ccc(Cl)c(Cl)c1,0.7886474274784452,False,False,False,1,16,True
"2,4,5-t",93-76-5,"(2,4,5-trichlorophenoxy)acetic acid",SMYMJHWAQXWPDB-UHFFFAOYSA-N,herbicides (phenoxyacetic),OC(=O)COc1cc(Cl)c(Cl)cc1Cl,0.8442550207983773,False,False,False,28,2,True
tavron,20057-31-2,"(3,3,3-trichloro-1-methylenepropyl)benzene",JNHUFDXYWPRKLK-UHFFFAOYSA-N,herbicides (unclassified),ClC(Cl)(Cl)CC(=C)c1ccccc1,0.6640601508235318,False,False,False,391,1,True
tazimcarb,40085-57-2,"N-methyl-1-{[(EZ)-(3,5,5-trimethyl-4-oxothiazolidin-2-ylidene)amino]oxy}formamide1979 Rules:(EZ)-3,5,5-trimethylthiazolidine-2,4-dione 2-[O-(methylcarbamoyl)oxime]",NPYQHCFKDKPILU-UHFFFAOYSA-N,insecticides (oxime carbamate)molluscicides,CC1(C(=O)N(C(=NOC(=O)NC)S1)C)C,0.5295667276086465,False,False,False,390,1,True
"2,4,5-tb",93-80-1,"4-(2,4,5-trichlorophenoxy)butanoic acid1979 Rules:4-(2,4,5-trichlorophenoxy)butyric acid",RTWCZQFXFMXXKP-UHFFFAOYSA-N,herbicides (phenoxybutyric),OC(=O)CCCOc1cc(Cl)c(Cl)cc1Cl,0.6584952413207199,False,False,False,4,8,True
"2,3,6-tba",50-31-7,"2,3,6-trichlorobenzoic acid",XZIDTOHMJBOSOX-UHFFFAOYSA-N,herbicides (benzoic acid),OC(=O)c1c(Cl)ccc(Cl)c1Cl,0.7443444171405048,False,False,False,78,3,True
thiabendazole,148-79-8,2-(thiazol-4-yl)-1H-benzimidazole,WJCNZQLZVWNLKY-UHFFFAOYSA-N,fungicides (benzimidazole),[nH]1c2ccccc2nc1c3cscn3,0.6572828314318542,False,False,False,88,3,True
"2,3,6-tba",50-31-7,"2,3,6-trichlorobenzoic acid",XZIDTOHMJBOSOX-UHFFFAOYSA-N,herbicides (benzoic acid),OC(=O)c1c(Cl)ccc(Cl)c1Cl,0.7443444171405048,False,False,False,78,3,True
tde,72-54-8,"1,1-dichloro-2,2-bis(4-chlorophenyl)ethane",AHJKRLASYNVKDZ-UHFFFAOYSA-N,insecticides (organochlorine),ClC(Cl)C(c1ccc(Cl)cc1)c2ccc(Cl)cc2,0.6150214671313036,False,False,False,174,2,True
tebuconazole,107534-96-3,"(RS)-1-(4-chlorophenyl)-4,4-dimethyl-3-(1H-1,2,4-triazol-1-ylmethyl)pentan-3-ol",PXMNMQRDXWABCY-UHFFFAOYSA-N,fungicides (triazole),CC(C)(C)C(O)(CCc1ccc(Cl)cc1)Cn2cncn2,0.92141338710529,False,False,False,32,6,True
tebufenozide,112410-23-8,"N-tert-butyl-Nâ²-(4-ethylbenzoyl)-3,5-dimethylbenzohydrazide",QYPNKSZPJQQLRK-UHFFFAOYSA-N,insecticides (diacylhydrazine),CCc1ccc(cc1)C(=O)NN(C(=O)c2cc(C)cc(C)c2)C(C)(C)C,0.8297150521472977,False,False,False,389,1,True
tebufenpyrad,119168-77-3,N-(4-tert-butylbenzyl)-4-chloro-3-ethyl-1-methyl-1H-pyrazole-5-carboxamide,ZZYSLNWGKKDOML-UHFFFAOYSA-N,acaricides (pyrazolecarboxamide),CCc1nn(C)c(C(=O)NCc2ccc(cc2)C(C)(C)C)c1Cl,0.923000467795044,False,False,False,165,2,True
tebufloquin,376645-78-2,"6-tert-butyl-8-fluoro-2,3-dimethyl-4-quinolyl acetate",LWLJEQHTPVPKSJ-UHFFFAOYSA-N,fungicides (quinolyl acetate),CC1=C(N=C2C(=CC(=CC2=C1OC(=O)C)C(C)(C)C)F)C,0.7380340834004926,False,False,False,388,1,True
tebupirimfos,96182-53-5,(RS)-[O-(2-tert-butylpyrimidin-5-yl) O-ethyl O-isopropyl phosphorothioate],AWYOMXWDGWUJHS-UHFFFAOYSA-N,insecticides (aryl organothiophosphate),CCO[P](=S)(OC(C)C)Oc1cnc(nc1)C(C)(C)C,0.7428818643200163,False,False,False,60,4,True
tebupirimfos,96182-53-5,(RS)-[O-(2-tert-butylpyrimidin-5-yl) O-ethyl O-isopropyl phosphorothioate],AWYOMXWDGWUJHS-UHFFFAOYSA-N,insecticides (aryl organothiophosphate),CCO[P](=S)(OC(C)C)Oc1cnc(nc1)C(C)(C)C,0.7428818643200163,False,False,False,60,4,True
tebutam,35256-85-0,"N-benzyl-N-isopropyl-2,2-dimethylpropanamide1979 Rules:N-benzyl-N-isopropyl-2,2-dimethylpropionamidepre-1969 name:N-benzyl-N-isopropylpivalamide",RJKCKKDSSSRYCB-UHFFFAOYSA-N,herbicides (benzamide),CC(C)N(Cc1ccccc1)C(=O)C(C)(C)C,0.7825094423729642,False,False,False,173,2,True
tebuthiuron,34014-18-1,"1-(5-tert-butyl-1,3,4-thiadiazol-2-yl)-1,3-dimethylurea",HBPDKDSFLXWOAE-UHFFFAOYSA-N,herbicides (thiadiazolylurea),CNC(=O)N(C)c1sc(nn1)C(C)(C)C,0.7941334900553736,False,False,False,59,4,True
tetradifon,116-29-0,"4-chlorophenyl 2,4,5-trichlorophenyl sulfone",MLGCXEBRWGEOQX-UHFFFAOYSA-N,acaricides (diphenylsulfone),Clc1ccc(cc1)[S](=O)(=O)c2cc(Cl)c(Cl)cc2Cl,0.6992256382906591,False,False,False,169,2,True
tepp,107-49-3,tetraethyl diphosphate1970 Rules:tetraethyl pyrophosphate,IDCBOTIENDVCBQ-UHFFFAOYSA-N,acaricides (organophosphate)insecticides (organophosphate),CCO[P](=O)(OCC)O[P](=O)(OCC)OCC,0.5704004443653584,False,False,False,172,2,True
terallethrin,15589-31-8,"(1RS)-3-allyl-2-methyl-4-oxocyclopent-2-enyl 2,2,3,3-tetramethylcyclopropanecarboxylate",MIZYPRIEDMSCAC-UHFFFAOYSA-N,insecticides (pyrethroid),CC1=C(CC=C)C(=O)CC1OC(=O)C2C(C)(C)C2(C)C,0.5832578767257668,False,False,False,0,17,True
terbacil,5902-51-2,"3-tert-butyl-5-chloro-6-methylpyrimidine-2,4(1H,3H)-dionepre-1969 name:3-tert-butyl-5-chloro-6-methyluracil",NBQCNZYJJMBDKY-UHFFFAOYSA-N,herbicides (uracil),CC1=C(Cl)C(=O)N(C(=O)N1)C(C)(C)C,0.7098996279374192,False,False,False,387,1,True
terbucarb,1918-11-2,"2,6-di-tert-butyl-4-methylphenyl methylcarbamate1979 Rules:2,6-di-tert-butyl-p-tolyl methylcarbamate",PNRAZZZISDRWMV-UHFFFAOYSA-N,herbicides (carbamate),CNC(=O)Oc1c(cc(C)cc1C(C)(C)C)C(C)(C)C,0.8304128514634963,False,False,False,171,2,True
tebuconazole,107534-96-3,"(RS)-1-(4-chlorophenyl)-4,4-dimethyl-3-(1H-1,2,4-triazol-1-ylmethyl)pentan-3-ol",PXMNMQRDXWABCY-UHFFFAOYSA-N,fungicides (triazole),CC(C)(C)C(O)(CCc1ccc(Cl)cc1)Cn2cncn2,0.92141338710529,False,False,False,32,6,True
terbufos,13071-79-9,"S-[(tert-butylthio)methyl] O,O-diethyl phosphorodithioate",XLNZEKHULJKQBA-UHFFFAOYSA-N,insecticides (aliphatic organothiophosphate)nematicides (aliphatic organothiophosphate),CCO[P](=S)(OCC)SCSC(C)(C)C,0.5052290262688,False,False,False,386,1,True
terbumeton,33693-04-8,"N2-tert-butyl-N4-ethyl-6-methoxy-1,3,5-triazine-2,4-diamine",BCQMBFHBDZVHKU-UHFFFAOYSA-N,herbicides (methoxytriazine),CCNc1nc(NC(C)(C)C)nc(OC)n1,0.8091749534681848,False,False,False,20,4,True
terbuthylazine,5915-41-3,"N2-tert-butyl-6-chloro-N4-ethyl-1,3,5-triazine-2,4-diamine",FZXISNSWEXTPMF-UHFFFAOYSA-N,herbicides (chlorotriazine),CCNc1nc(Cl)nc(NC(C)(C)C)n1,0.831939032542656,False,False,False,20,4,True
terbucarb,1918-11-2,"2,6-di-tert-butyl-4-methylphenyl methylcarbamate1979 Rules:2,6-di-tert-butyl-p-tolyl methylcarbamate",PNRAZZZISDRWMV-UHFFFAOYSA-N,herbicides (carbamate),CNC(=O)Oc1c(cc(C)cc1C(C)(C)C)C(C)(C)C,0.8304128514634963,False,False,False,171,2,True
tebuconazole,107534-96-3,"(RS)-1-(4-chlorophenyl)-4,4-dimethyl-3-(1H-1,2,4-triazol-1-ylmethyl)pentan-3-ol",PXMNMQRDXWABCY-UHFFFAOYSA-N,fungicides (triazole),CC(C)(C)C(O)(CCc1ccc(Cl)cc1)Cn2cncn2,0.92141338710529,False,False,False,32,6,True
terbutryn,886-50-0,"N2-tert-butyl-N4-ethyl-6-(methylthio)-1,3,5-triazine-2,4-diamine",IROINLKCQGIITA-UHFFFAOYSA-N,algicidesherbicides (alkylthiotriazine),CCNc1nc(NC(C)(C)C)nc(SC)n1,0.788246002039414,False,False,False,2,15,True
terbutryn,886-50-0,"N2-tert-butyl-N4-ethyl-6-(methylthio)-1,3,5-triazine-2,4-diamine",IROINLKCQGIITA-UHFFFAOYSA-N,algicidesherbicides (alkylthiotriazine),CCNc1nc(NC(C)(C)C)nc(SC)n1,0.788246002039414,False,False,False,2,15,True
tetcyclacis,77788-21-7,"rel-(3aR,4R,4aS,6aR,7R,7aS)-1-(4-chlorophenyl)-3a,4,4a,6a,7,7a-hexahydro-1H-4,7-methano[1,2]diazeto[3,4-f]benzotriazole",YRSNCSFJKLHBQW-LDDPXKTHSA-N,plant growth regulators (growth retardant),Clc1ccc(cc1)N2N=N[C@@H]3[C@@H]4C[C@@H]([C@H]5N=N[C@@H]45)[C@H]23,0.7754942632439074,False,False,False,385,1,True
tetflupyrolimet,2053901-33-8,"(3S,4S)-2â²-fluoro-1-methyl-2-oxo-4-[3-(trifluoromethyl)phenyl]pyrrolidine-3-carboxanilide1979 Rules:(3S,4S)-2â²-fluoro-1-methyl-2-oxo-4-(Î±,Î±,Î±-trifluoro-m-tolyl)pyrrolidine-3-carboxanilide",QQDYOLJZDUADHV-CJNGLKHVSA-N,herbicides (arylpyrrolidinone anilide),CN1C[C@@H]([C@H](C1=O)C(=O)NC2=CC=CC=C2F)C3=CC(=CC=C3)C(F)(F)F,0.6527941665329945,False,False,False,384,1,True
tetraconazole,112281-77-3,"(RS)-2-(2,4-dichlorophenyl)-3-(1H-1,2,4-triazol-1-yl)propyl 1,1,2,2-tetrafluoroethyl ether",LQDARGUHUSPFNL-UHFFFAOYSA-N,fungicides (triazole),FC(F)C(F)(F)OCC(Cn1cncn1)c2ccc(Cl)cc2Cl,0.6828955097865589,False,False,False,170,2,True
tetradifon,116-29-0,"4-chlorophenyl 2,4,5-trichlorophenyl sulfone",MLGCXEBRWGEOQX-UHFFFAOYSA-N,acaricides (diphenylsulfone),Clc1ccc(cc1)[S](=O)(=O)c2cc(Cl)c(Cl)cc2Cl,0.6992256382906591,False,False,False,169,2,True
tetrasul,2227-13-6,"4-chlorophenyl 2,4,5-trichlorophenyl sulfide",QUWSDLYBOVGOCW-UHFFFAOYSA-N,acaricides (diphenylsulfide),Clc1ccc(Sc2cc(Cl)c(Cl)cc2Cl)cc1,0.5719646142574057,False,False,False,92,3,True
tetrafluron,27954-37-6,"1,1-dimethyl-3-[3-(1,1,2,2-tetrafluoroethoxy)phenyl]urea",FCAKZZMVXCLLHM-UHFFFAOYSA-N,herbicides (phenylurea),CN(C)C(=O)Nc1cccc(OC(F)(F)C(F)F)c1,0.8612940937204099,False,False,False,383,1,True
tetrasul,2227-13-6,"4-chlorophenyl 2,4,5-trichlorophenyl sulfide",QUWSDLYBOVGOCW-UHFFFAOYSA-N,acaricides (diphenylsulfide),Clc1ccc(Sc2cc(Cl)c(Cl)cc2Cl)cc1,0.5719646142574057,False,False,False,92,3,True
thenylchlor,96491-05-3,"2-chloro-N-[(3-methoxy-2-thienyl)methyl]-2â²,6â²-dimethylacetanilide1979 Rules:2-chloro-N-(3-methoxy-2-thenyl)-2â²,6â²-dimethylacetanilide",KDWQYMVPYJGPHS-UHFFFAOYSA-N,herbicides (chloroacetamide),COc1ccsc1CN(C(=O)CCl)c2c(C)cccc2C,0.7736973777259138,False,False,False,382,1,True
theta-cypermethrin,71697-59-1,"1:1 reaction mixture of the two enantiomers (R)-Î±-cyano-3-phenoxybenzyl (1S,3R)-3-(2,2-dichlorovinyl)-2,2-dimethylcyclopropanecarboxylate and (S)-Î±-cyano-3-phenoxybenzyl (1R,3S)-3-(2,2-dichlorovinyl)-2,2-dimethylcyclopropanecarboxylateRothamsted-style stereodescriptors:1:1 reaction mixture of the two enantiomers (R)-Î±-cyano-3-phenoxybenzyl (1S)-trans-3-(2,2-dichlorovinyl)-2,2-dimethylcyclopropanecarboxylate and (S)-Î±-cyano-3-phenoxybenzyl (1R)-trans-3-(2,2-dichlorovinyl)-2,2-dimethylcyclopropanecarboxylate",GUQZCTLEJXHSIH-TXXTYBRISA-Nidentifier for no stereochemistry:KAATUXNTWXVJKI-UHFFFAOYSA-N,insecticides (pyrethroid),CC1(C)C(C=C(Cl)Cl)C1C(=O)OC(C#N)c2cccc(Oc3ccccc3)c2,0.5280467981025629,False,False,False,8,10,True
thiabendazole,148-79-8,2-(thiazol-4-yl)-1H-benzimidazole,WJCNZQLZVWNLKY-UHFFFAOYSA-N,fungicides (benzimidazole),[nH]1c2ccccc2nc1c3cscn3,0.6572828314318542,False,False,False,88,3,True
thiacloprid,111988-49-9,{(Z)-3-[(6-chloro-3-pyridyl)methyl]thiazolidin-2-ylidene}cyanamide,HOKKPVIRMVDYPB-UVTDQMKNSA-N,insecticides (cyano imidamide)molluscicides,Clc1ccc(CN2CCSC2=NC#N)cn1,0.5976869969604002,False,False,False,381,1,True
milneb,3773-49-7,"4,4â²,6,6â²-tetramethyl-3,3â²-ethylenedi-1,3,5-thiadiazinane-2-thione",JZFICWYCTCCINF-UHFFFAOYSA-N,fungicides (alkylenebis(dithiocarbamate)),CC1NC(C)N(CCN2C(C)NC(C)SC2=S)C(=S)S1,0.7494807951089579,False,False,False,168,2,True
thiadifluor,80228-93-9,"3-(4-chlorophenyl)-N2-methyl-N4,N5-bis(trifluoromethyl)thiazolidine-2,4,5-triimine",HBLSGPQATABNRY-UHFFFAOYSA-N,fungicides (thiazolidine),CN=C1N(C(=NC(F)(F)F)C(=NC(F)(F)F)S1)C2=CC=C(C=C2)Cl,0.5158803616469815,False,False,False,380,1,True
thiamethoxam,153719-23-4,"(EZ)-3-[(2-chlorothiazol-5-yl)methyl]-5-methyl-N-nitro-1,3,5-oxadiazinan-4-imine",NWWZPOKUUAIXIW-UHFFFAOYSA-N,insecticides (nitroguanidine),CN1COCN(Cc2sc(Cl)nc2)/C1=N/[N+]([O-])=O,0.6105877503161888,False,False,False,379,1,True
thifensulfuron,79277-67-1,"3-{[(4-methoxy-6-methyl-1,3,5-triazin-2-yl)carbamoyl]sulfamoyl}thiophene-2-carboxylic acid",LOQQVLXUKHKNIA-UHFFFAOYSA-N,herbicides (triazinylsulfonylurea),COc1nc(C)nc(NC(=O)N[S](=O)(=O)c2ccsc2C(O)=O)n1,0.6757972902709819,False,False,False,6,11,True
thiapronil,77768-58-2,(2E)-3-(2-chlorophenyl)-3-oxo-2-(4-phenylthiazol-2(3H)-ylidene)propanenitrile1979 Rules:(2E)-3-(2-chlorophenyl)-3-oxo-2-(4-phenylthiazol-2(3H)-ylidene)propiononitrile,VBXLZVRONLPCMO-NBVRZTHBSA-N,insecticides (beta-ketonitrile),Clc1ccccc1C(=O)\C(C#N)=C2\NC(=CS2)c3ccccc3,0.5048448791744785,False,False,False,378,1,True
thiazafluron,25366-23-8,"1,3-dimethyl-1-[5-(trifluoromethyl)-1,3,4-thiadiazol-2-yl]urea",BBJPZPLAZVZTGR-UHFFFAOYSA-N,herbicides (thiadiazolylurea),CNC(=O)N(C)c1sc(nn1)C(F)(F)F,0.8052458730603813,False,False,False,59,4,True
thiazafluron,25366-23-8,"1,3-dimethyl-1-[5-(trifluoromethyl)-1,3,4-thiadiazol-2-yl]urea",BBJPZPLAZVZTGR-UHFFFAOYSA-N,herbicides (thiadiazolylurea),CNC(=O)N(C)c1sc(nn1)C(F)(F)F,0.8052458730603813,False,False,False,59,4,True
thiazopyr,117718-60-2,"methyl 2-(difluoromethyl)-5-(4,5-dihydrothiazol-2-yl)-4-(2-methylpropyl)-6-(trifluoromethyl)pyridine-3-carboxylate1979 Rules:methyl 2-(difluoromethyl)-5-(4,5-dihydrothiazol-2-yl)-4-isobutyl-6-(trifluoromethyl)nicotinate",YIJZJEYQBAAWRJ-UHFFFAOYSA-N,herbicides (pyridine),COC(=O)c1c(CC(C)C)c(C2=NCCS2)c(nc1C(F)F)C(F)(F)F,0.5426373593867292,False,False,False,377,1,True
thicrofos,41219-32-3,"S-[(RS)-6-chloro-3,4-dihydro-2H-1-benzothiin-4-yl] O,O-diethyl phosphorothioate",VIRFVCLSHYKKRP-UHFFFAOYSA-N,insecticides (arylalkyl organothiophosphate),CCOP(=O)(OCC)SC1CCSC2=C1C=C(C=C2)Cl,0.6051844810139855,False,False,False,167,2,True
thicyofen,116170-30-0,"(RS)-3-chloro-5-(ethylsulfinyl)thiophene-2,4-dicarbonitrile",GNOOAFGERMHQJE-UHFFFAOYSA-N,fungicides (thiophene),CCS(=O)C1=C(C(=C(S1)C#N)Cl)C#N,0.8017151673616393,False,False,False,376,1,True
thidiazuron,51707-55-2,"1-phenyl-3-(1,2,3-thiadiazol-5-yl)urea",HFCYZXMHUIHAQI-UHFFFAOYSA-N,herbicides (phenylurea)plant growth regulators (defoliant),O=C(Nc1snnc1)Nc2ccccc2,0.8147072804698394,False,False,False,375,1,True
thiencarbazone,936331-72-5,"4-{[(4,5-dihydro-3-methoxy-4-methyl-5-oxo-1H-1,2,4-triazol-1-yl)carbonyl]sulfamoyl}-5-methylthiophene-3-carboxylic acid",GLDAZAQRGCSFNP-UHFFFAOYSA-N,herbicides (sulfonylaminocarbonyltriazolinone),CC1=C(C(=CS1)C(=O)O)S(=O)(=O)NC(=O)N2C(=O)N(C(=N2)OC)C,0.7320249240588518,False,False,False,374,1,True
thifensulfuron,79277-67-1,"3-{[(4-methoxy-6-methyl-1,3,5-triazin-2-yl)carbamoyl]sulfamoyl}thiophene-2-carboxylic acid",LOQQVLXUKHKNIA-UHFFFAOYSA-N,herbicides (triazinylsulfonylurea),COc1nc(C)nc(NC(=O)N[S](=O)(=O)c2ccsc2C(O)=O)n1,0.6757972902709819,False,False,False,6,11,True
thiobencarb,28249-77-6,S-(4-chlorobenzyl) diethylcarbamothioate1979 Rules:S-(4-chlorobenzyl) diethyl(thiocarbamate),QHTQREMOGMZHJV-UHFFFAOYSA-N,herbicides (thiocarbamate),CCN(CC)C(=O)SCc1ccc(Cl)cc1,0.8115948113549161,False,False,False,91,3,True
thiochlorfenphim,19378-58-6,N-{[(4-chlorophenyl)thio]methyl}phthalimide,VYNUNOZCGNACCI-UHFFFAOYSA-N,fungicides (phthalimide),C1=CC=C2C(=C1)C(=O)N(C2=O)CSC3=CC=C(C=C3)Cl,0.6409129017057368,False,False,False,373,1,True
thiocyclam,31895-21-3,"dimethyl(1,2,3-trithian-5-yl)amine1979 Rules:N,N-dimethyl-1,2,3-trithian-5-ylamine",DNVLJEWNNDHELH-UHFFFAOYSA-N,insecticides (nereistoxin analogue),CN(C)C1CSSSC1,0.568616753499594,False,False,False,84,3,True
endosulfan,115-29-7,"1,4,5,6,7,7-hexachloro-8,9,10-trinorborn-5-en-2,3-ylenebismethylene sulfiteor6,7,8,9,10,10-hexachloro-1,5,5a,6,9,9a-hexahydro-6,9-methano-2,4,3-benzodioxathiepin 3-oxide",RDYMFSUJUZBWLH-UHFFFAOYSA-N,acaricides (chlorinated cyclodiene)insecticides (chlorinated cyclodiene),ClC1=C(Cl)C2(Cl)C3CO[S](=O)OCC3C1(Cl)C2(Cl)Cl,0.5754087086057358,False,False,False,43,5,True
thiohempa,3732-82-9,hexamethylphosphorothioic triamide,NPKXLCMBIGGTTQ-UHFFFAOYSA-N,chemosterilants,CN(C)[P](=S)(N(C)C)N(C)C,0.6185408131715724,False,False,False,372,1,True
thiometon,640-15-3,"S-[2-(ethylthio)ethyl] O,O-dimethyl phosphorodithioate",OPASCBHCTNRLRM-UHFFFAOYSA-N,acaricides (aliphatic organothiophosphate)insecticides (aliphatic organothiophosphate),CCSCCS[P](=S)(OC)OC,0.5060697166799628,False,False,False,90,3,True
thionazin,297-97-2,"O,O-diethyl O-pyrazin-2-yl phosphorothioate",IRVDMKJLOCGUBJ-UHFFFAOYSA-N,nematicides (aryl organothiophosphate),CCO[P](=S)(OCC)Oc1cnccn1,0.7188904387384489,False,False,False,371,1,True
thiophanate,23564-06-9,"diethyl (1,2-phenylenedicarbamothioyl)dicarbamate1979 Rules:diethyl 4,4â²-(o-phenylene)bis(3-thioallophanate)",YFNCATAIYKQPOO-UHFFFAOYSA-N,fungicides (thiophanate),CCOC(=O)NC(=S)Nc1ccccc1NC(=S)NC(=O)OCC,0.6001983298877084,False,False,False,89,3,True
thiophanate,23564-06-9,"diethyl (1,2-phenylenedicarbamothioyl)dicarbamate1979 Rules:diethyl 4,4â²-(o-phenylene)bis(3-thioallophanate)",YFNCATAIYKQPOO-UHFFFAOYSA-N,fungicides (thiophanate),CCOC(=O)NC(=S)Nc1ccccc1NC(=S)NC(=O)OCC,0.6001983298877084,False,False,False,89,3,True
thiophanate-methyl,23564-05-8,"dimethyl (1,2-phenylenedicarbamothioyl)dicarbamate1979 Rules:dimethyl 4,4â²-(o-phenylene)bis(3-thioallophanate)",QGHREAKMXXNCOA-UHFFFAOYSA-N,fungicides (thiophanate),COC(=O)NC(=S)Nc1ccccc1NC(=S)NC(=O)OC,0.6037316575875215,False,False,False,89,3,True
thioquinox,93-75-4,"1,3-dithiolo[4,5-b]quinoxaline-2-thione",ILERPRJWJPJZDN-UHFFFAOYSA-N,acaricides (quinoxaline)fungicides (quinoxaline),S=C1Sc2nc3ccccc3nc2S1,0.5573070517115977,False,False,False,370,1,True
thiabendazole,148-79-8,2-(thiazol-4-yl)-1H-benzimidazole,WJCNZQLZVWNLKY-UHFFFAOYSA-N,fungicides (benzimidazole),[nH]1c2ccccc2nc1c3cscn3,0.6572828314318542,False,False,False,88,3,True
tiadinil,223580-51-6,"3â²-chloro-4,4â²-dimethyl-1,2,3-thiadiazole-5-carboxanilide",VJQYLJSMBWXGDV-UHFFFAOYSA-N,fungicides (thiadiazolecarboxamide)plant activators,CC1=C(C=C(C=C1)NC(=O)C2=C(N=NS2)C)Cl,0.9097978169015524,False,False,False,369,1,True
tiapyrachlor,1255091-74-7,N-[4-chloro-2-(3-pyridyl)thiazol-5-yl]-N-ethyl-3-(methylsulfonyl)propanamide,RPBFZGZNFDSXBT-UHFFFAOYSA-N,insecticides (unclassified),CCN(C1=C(N=C(S1)C2=CN=CC=C2)Cl)C(=O)CCS(=O)(=O)C,0.7771044237233605,False,False,False,368,1,True
cymiazole,61676-87-7,"(2EZ)-N-(2,4-dimethylphenyl)-3-methylthiazol-2(3H)-imine1979 Rules:N-[(2EZ)-3-methylthiazol-2(3H)-ylidene]-2,4-xylidine",YUAUPYJCVKNAEC-UHFFFAOYSA-N,acaricides (formamidine),CN1C=CSC1=Nc2ccc(C)cc2C,0.7000078373699136,False,False,False,81,3,True
tiocarbazil,36756-79-3,S-benzyl bis[(1RS)-1-methylpropyl]carbamothioate1979 Rules:S-benzyl di-sec-butyl(thiocarbamate),PHSUVQBHRAWOQD-UHFFFAOYSA-N,herbicides (thiocarbamate),CCC(C)N(C(C)CC)C(=O)SCc1ccccc1,0.7348886846677926,False,False,False,166,2,True
tioclorim,68925-41-7,"6-chloro-5-(methylthio)pyrimidine-2,4-diamine",QQRJUWIHLNBDQF-UHFFFAOYSA-N,herbicides (pyrimidinediamine),CSc1c(N)nc(N)nc1Cl,0.5107784133789659,False,False,False,367,1,True
tioxazafen,330459-31-9,"3-phenyl-5-(2-thienyl)-1,2,4-oxadiazole",IHNSIFFSNUQGQN-UHFFFAOYSA-N,nematicides (unclassified),C1=CC=C(C=C1)C2=NOC(=N2)C3=CC=CS3,0.6738044829906327,False,False,False,366,1,True
tioxymid,70751-94-9,"5-isothiocyanato-2-methoxy-N,N,3-trimethylbenzamide1979 Rules:5-isothiocyanato-N,N,3-trimethyl-o-anisamide",SJDGOKGRYGWNTC-UHFFFAOYSA-N,fungicides (benzamide),CC1=CC(=CC(=C1OC)C(=O)N(C)C)N=C=S,0.6109376719970173,False,False,False,365,1,True
tolclofos-methyl,57018-04-9,"O-(2,6-dichloro-4-methylphenyl) O,O-dimethyl phosphorothioate1979 Rules:O-(2,6-dichloro-p-tolyl) O,O-dimethyl phosphorothioate",OBZIQQJJIKNWNO-UHFFFAOYSA-N,fungicides (organothiophosphate),CO[P](=S)(OC)Oc1c(Cl)cc(C)cc1Cl,0.7790988269960377,False,False,False,364,1,True
tolfenpyrad,129558-76-5,4-chloro-3-ethyl-1-methyl-N-[4-(4-methylphenoxy)benzyl]-1H-pyrazole-5-carboxamide1979 Rules:4-chloro-3-ethyl-1-methyl-N-[4-(p-tolyloxy)benzyl]-1H-pyrazole-5-carboxamide,WPALTCMYPARVNV-UHFFFAOYSA-N,acaricides (pyrazolecarboxamide)fungicides (pyrazolecarboxamide)insecticides (pyrazolecarboxamide),CCc1nn(C)c(C(=O)NCc2ccc(Oc3ccc(C)cc3)cc2)c1Cl,0.6726867138285133,False,False,False,165,2,True
tolnifanide,304911-98-6,4â²-chloro-N-ethyl-4-methyl-2â²-nitrobenzenesulfonanilide1979 Rules:4â²-chloro-N-ethyl-2â²-nitro-p-toluenesulfonanilide,APDZUEJJUCDJTL-UHFFFAOYSA-N,fungicides (benzenesulfonamide),CCN(C1=C(C=C(C=C1)Cl)[N+](=O)[O-])S(=O)(=O)C2=CC=C(C=C2)C,0.6042096357210588,False,False,False,363,1,True
tolprocarb,911499-62-2,"2,2,2-trifluoroethyl [(1S)-2-methyl-1-{[(4-methylbenzoyl)amino]methyl}propyl]carbamate1979 Rules:2,2,2-trifluoroethyl [(S)-2-methyl-1-(p-toluamidomethyl)propyl]carbamate",RSOBJVBYZCMJOS-CYBMUJFWSA-N,fungicides (trifluoroethylcarbamate),CC1=CC=C(C=C1)C(=O)NC[C@H](C(C)C)NC(=O)OCC(F)(F)F,0.8319323016613253,False,False,False,362,1,True
tolylfluanid,731-27-1,"N-[(dichlorofluoromethyl)thio]-Nâ²,Nâ²-dimethyl-N-(4-methylphenyl)sulfamide1979 Rules:N-[(dichlorofluoromethyl)thio]-Nâ²,Nâ²-dimethyl-N-p-tolylsulfamide",HYVWIQDYBVKITD-UHFFFAOYSA-N,fungicides (sulfamide),CN(C)[S](=O)(=O)N(SC(F)(Cl)Cl)c1ccc(C)cc1,0.6060963935087729,False,False,False,87,3,True
tolylfluanid,731-27-1,"N-[(dichlorofluoromethyl)thio]-Nâ²,Nâ²-dimethyl-N-(4-methylphenyl)sulfamide1979 Rules:N-[(dichlorofluoromethyl)thio]-Nâ²,Nâ²-dimethyl-N-p-tolylsulfamide",HYVWIQDYBVKITD-UHFFFAOYSA-N,fungicides (sulfamide),CN(C)[S](=O)(=O)N(SC(F)(Cl)Cl)c1ccc(C)cc1,0.6060963935087729,False,False,False,87,3,True
fenoprop,93-72-1,"(2RS)-2-(2,4,5-trichlorophenoxy)propanoic acid1979 Rules:(RS)-2-(2,4,5-trichlorophenoxy)propionic acid",ZLSWBLPERHFHIS-UHFFFAOYSA-N,herbicides (phenoxypropionic)plant growth regulators (auxin),CC(Oc1cc(Cl)c(Cl)cc1Cl)C(O)=O,0.8543653385157547,False,False,False,5,12,True
chlorothalonil,1897-45-6,tetrachloroisophthalonitrile,CRQQGFGUEAVUIL-UHFFFAOYSA-N,fungicides (chloronitrile),Clc1c(Cl)c(C#N)c(Cl)c(C#N)c1Cl,0.5249703621195863,False,False,False,164,2,True
tralkoxydim,87820-88-0,(RS)-2-[(EZ)-1-(ethoxyimino)propyl]-3-hydroxy-5-mesitylcyclohex-2-en-1-one,DQFPEYARZIQXRM-UHFFFAOYSA-N,herbicides (cyclohexanedione oxime),CCC(=NOCC)C1=C(CC(CC1=O)C2=C(C=C(C=C2C)C)C)O,0.6304428575065797,False,False,False,361,1,True
tralopyril,122454-29-9,4-bromo-2-(4-chlorophenyl)-5-(trifluoromethyl)-1H-pyrrole-3-carbonitrile,XNFIRYXKTXAHAC-UHFFFAOYSA-N,molluscicides,FC(F)(F)c1[nH]c(c2ccc(Cl)cc2)c(C#N)c1Br,0.7739795523470974,False,False,False,360,1,True
bioallethrin,260359-57-7,"(1RS)-3-allyl-2-methyl-4-oxocyclopent-2-enyl (1R,3R)-2,2-dimethyl-3-(2-methylprop-1-enyl)cyclopropanecarboxylateRothamsted-style stereodescriptors:(1RS)-3-allyl-2-methyl-4-oxocyclopent-2-enyl (1R)-trans-2,2-dimethyl-3-(2-methylprop-1-enyl)cyclopropanecarboxylatepre-1969 name:(Â±)-3-allyl-2-methyl-4-oxocyclopent-2-enyl (+)-trans-chrysanthemate",ZCVAOQKBXKSDMS-AQYZNVCMSA-N,insecticides (pyrethroid),CC1=C(C(=O)CC1OC(=O)[C@@H]2[C@H](C2(C)C)C=C(C)C)CC=C,0.5692267993614908,False,False,False,0,17,True
bioresmethrin,28434-01-7,"(5-benzyl-3-furyl)methyl (1R,3R)-2,2-dimethyl-3-(2-methylprop-1-enyl)cyclopropanecarboxylateRothamsted-style stereodescriptors:(5-benzyl-3-furyl)methyl (1R)-trans-2,2-dimethyl-3-(2-methylprop-1-enyl)cyclopropanecarboxylatepre-1969 name:(5-benzyl-3-furyl)methyl (+)-trans-chrysanthemate",VEMKTZHHVJILDY-UXHICEINSA-N,insecticides (pyrethroid),CC(C)=CC1C(C(=O)OCc2coc(Cc3ccccc3)c2)C1(C)C,0.5398350143033008,False,False,False,11,9,True
transpermethrin,52341-32-9,"3-phenoxybenzyl (1RS,3SR)-3-(2,2-dichlorovinyl)-2,2-dimethylcyclopropanecarboxylateRothamsted-style stereodescriptors:3-phenoxybenzyl (1RS)-trans-3-(2,2-dichlorovinyl)-2,2-dimethylcyclopropanecarboxylate",SULTWYFHTOOZFD-UYEAFXNLSA-Nidentifier for no stereochemistry:RLLPVAHGXHCWKJ-UHFFFAOYSA-N,insecticides (pyrethroid),CC1(C)C(C=C(Cl)Cl)C1C(=O)OCc2cccc(Oc3ccccc3)c2,0.5573177512168599,False,False,False,86,3,True
tretamine,51-18-3,"2,4,6-tri(aziridin-1-yl)-1,3,5-triazine",IUCJMVBFZDHPDX-UHFFFAOYSA-N,chemosterilants,C1CN1c2nc(nc(n2)N3CC3)N4CC4,0.6086466667292781,False,False,False,359,1,True
tri-allate,2303-17-5,"S-(2,3,3-trichloroallyl) diisopropylcarbamothioate1979 Rules:S-(2,3,3-trichloroallyl) diisopropyl(thiocarbamate)",MWBPRDONLNQCFV-UHFFFAOYSA-N,herbicides (thiocarbamate),CC(C)N(C(C)C)C(=O)SCC(Cl)=C(Cl)Cl,0.7401533625188046,False,False,False,58,4,True
triadimefon,43121-43-3,"(RS)-1-(4-chlorophenoxy)-3,3-dimethyl-1-(1H-1,2,4-triazol-1-yl)butan-2-one",WURBVZBTWMNKQT-UHFFFAOYSA-N,fungicides (triazole),CC(C)(C)C(=O)C(Oc1ccc(Cl)cc1)n2cncn2,0.8688480832044114,False,False,False,85,3,True
triadimenol,55219-65-3,"(1RS,2RS;1RS,2SR)-1-(4-chlorophenoxy)-3,3-dimethyl-1-(1H-1,2,4-triazol-1-yl)butan-2-ol",BAZVSMNPJJMILC-UHFFFAOYSA-N,fungicides (triazole),CC(C)(C)C(O)C(Oc1ccc(Cl)cc1)n2cncn2,0.9419547528114278,False,False,False,85,3,True
triafamone,874195-61-6,"2â²-[(4,6-dimethoxy-1,3,5-triazin-2-yl)carbonyl]-1,1,6â²-trifluoro-N-methylmethanesulfonanilide",GBHVIWKSEHWFDD-UHFFFAOYSA-N,herbicides (sulfonanilide),CN(C1=C(C=CC=C1F)C(=O)C2=NC(=NC(=N2)OC)OC)S(=O)(=O)C(F)F,0.6318384049102885,False,False,False,358,1,True
tri-allate,2303-17-5,"S-(2,3,3-trichloroallyl) diisopropylcarbamothioate1979 Rules:S-(2,3,3-trichloroallyl) diisopropyl(thiocarbamate)",MWBPRDONLNQCFV-UHFFFAOYSA-N,herbicides (thiocarbamate),CC(C)N(C(C)C)C(=O)SCC(Cl)=C(Cl)Cl,0.7401533625188046,False,False,False,58,4,True
triamiphos,1031-47-6,"P-(5-amino-3-phenyl-1H-1,2,4-triazol-1-yl)-N,N,Nâ²,Nâ²-tetramethylphosphonic diamide",BABJTMNVJXLAEX-UHFFFAOYSA-N,acaricides (phosphorotriamide)fungicides (phosphorotriamide)insecticides (phosphorotriamide),CN(C)[P](=O)(N(C)C)n1nc(nc1N)c2ccccc2,0.862845745385517,False,False,False,357,1,True
triapenthenol,76608-88-3,"(E)-(RS)-1-cyclohexyl-4,4-dimethyl-2-(1H-1,2,4-triazol-1-yl)pent-1-en-3-ol",CNFMJLVJDNGPHR-UKTHLTGXSA-N,plant growth regulators (unclassified),CC(C)(C)C(O)\C(=C/C1CCCCC1)n2cncn2,0.9112934890707772,False,False,False,356,1,True
triarimol,26766-27-8,"(RS)-(2,4-dichlorophenyl)(phenyl)(pyrimidin-5-yl)methanol1979 Rules:(Î±RS)-2,4-dichloro-Î±-(pyrimidin-5-yl)benzhydryl alcohol",MYUPFXPCYUISAG-UHFFFAOYSA-N,fungicides (pyrimidine carbinol),OC(c1ccccc1)(c2cncnc2)c3ccc(Cl)cc3Cl,0.7869378281518706,False,False,False,131,3,True
triasulfuron,82097-50-5,"2-(2-chloroethoxy)-N-[(4-methoxy-6-methyl-1,3,5-triazin-2-yl)carbamoyl]benzenesulfonamide1979 Rules:1-{[2-(2-chloroethoxy)phenyl]sulfonyl}-3-(4-methoxy-6-methyl-1,3,5-triazin-2-yl)urea",XOPFESVZMSQIKC-UHFFFAOYSA-N,herbicides (triazinylsulfonylurea),COc1nc(C)nc(NC(=O)N[S](=O)(=O)c2ccccc2OCCCl)n1,0.6634319326719763,False,False,False,6,11,True
triazamate,112143-82-5,"ethyl {[3-tert-butyl-1-(dimethylcarbamoyl)-1H-1,2,4-triazol-5-yl]thio}acetate",NKNFWVNSBIXGLL-UHFFFAOYSA-N,insecticides (unclassified),CCOC(=O)CSc1nc(nn1C(=O)N(C)C)C(C)(C)C,0.6223548895197174,False,False,False,355,1,True
triazbutil,16227-10-4,"4-butyl-4H-1,2,4-triazole",ZOMKCDYJHAQMCU-UHFFFAOYSA-N,fungicides (alkyltriazole),CCCCn1cnnc1,0.6047826272419599,False,False,False,163,2,True
triaziflam,131475-57-5,"N2-[(2RS)-2-(3,5-dimethylphenoxy)-1-methylethyl]-6-(1-fluoro-1-methylethyl)-1,3,5-triazine-2,4-diamine1979 Rules:6-(1-fluoro-1-methylethyl)-N2-[(RS)-2-(3,5-xylyloxy)-1-methylethyl]-1,3,5-triazine-2,4-diamine",IUFUITYPUYMIHI-UHFFFAOYSA-N,herbicides (alkylazine),CC1=CC(=CC(=C1)OCC(C)NC2=NC(=NC(=N2)N)C(C)(C)F)C,0.8443752062720605,False,False,False,354,1,True
triazofenamide,85830-77-9,"5-phenyl-1-(m-tolyl)-1H-1,2,4-triazole-3-carboxamide",GVROBYMTUJVBJZ-UHFFFAOYSA-N,herbicides (triazolecarboxamide),CC1=CC(=CC=C1)N2C(=NC(=N2)C(=O)N)C3=CC=CC=C3,0.7987470605780378,False,False,False,353,1,True
triazophos,24017-47-8,"O,O-diethyl O-(1-phenyl-1H-1,2,4-triazol-3-yl) phosphorothioate",AMFGTOFWMRQMEM-UHFFFAOYSA-N,acaricides (aryl organothiophosphate)insecticides (aryl organothiophosphate)nematicides (aryl organothiophosphate),CCO[P](=S)(OCC)Oc1ncn(n1)c2ccccc2,0.732560642609712,False,False,False,352,1,True
azinphos-ethyl,2642-71-9,"O,O-diethyl S-[(4-oxo-1,2,3-benzotriazin-3(4H)-yl)methyl] phosphorodithioate1979 Rules:S-[(3,4-dihydro-4-oxo-1,2,3-benzotriazin-3-yl)methyl] O,O-diethyl phosphorodithioate",RQVGAIADHNPSME-UHFFFAOYSA-N,acaricides (arylalkyl organothiophosphate)insecticides (arylalkyl organothiophosphate),CCO[P](=S)(OCC)SCN1N=Nc2ccccc2C1=O,0.7149051868740919,False,False,False,31,6,True
tribenuron,106040-48-6,"2-{[(4-methoxy-6-methyl-1,3,5-triazin-2-yl)methylcarbamoyl]sulfamoyl}benzoic acid",BQZXUHDXIARLEO-UHFFFAOYSA-N,herbicides (triazinylsulfonylurea),COc1nc(C)nc(n1)N(C)C(=O)N[S](=O)(=O)c2ccccc2C(O)=O,0.7502112675966904,False,False,False,6,11,True
tricamba,2307-49-5,"2,3,5-trichloro-6-methoxybenzoic acid1979 Rules:3,5,6-trichloro-o-anisic acid",WCLDITPGPXSPGV-UHFFFAOYSA-N,herbicides (benzoic acid),COc1c(Cl)cc(Cl)c(Cl)c1C(O)=O,0.8243940331863381,False,False,False,57,4,True
trichlophenidine,53720-80-2,"1,3-bis(3-chlorophenyl)-2-(trichloromethyl)imidazolidine",NFQIYHPAGNZAOO-UHFFFAOYSA-N,insecticides (unclassified),Clc1cccc(c1)N2CCN(C2C(Cl)(Cl)Cl)c3cccc(Cl)c3,0.5590225766538441,False,False,False,351,1,True
triclopyr,55335-06-3,"[(3,5,6-trichloro-2-pyridyl)oxy]acetic acid",REEQLXCGVXDJSQ-UHFFFAOYSA-N,herbicides (pyridyloxycarboxylic acid),OC(=O)COc1nc(Cl)c(Cl)cc1Cl,0.8442463984308842,False,False,False,162,2,True
trichlormetaphos-3,2633-54-7,"(RS)-[O-ethyl O-methyl O-(2,4,5-trichlorophenyl) phosphorothioate]",HBKPGGUHRZPDIE-UHFFFAOYSA-N,insecticides (phenyl organothiophosphate),CCO[P](=S)(OC)Oc1cc(Cl)c(Cl)cc1Cl,0.5629246807435585,False,False,False,30,6,True
trichloronat,327-98-0,"(RS)-[O-ethyl O-(2,4,5-trichlorophenyl) ethylphosphonothioate]",ANIAQSUBRGXWLS-UHFFFAOYSA-N,insecticides (phosphonothioate),CCO[P](=S)(CC)Oc1cc(Cl)c(Cl)cc1Cl,0.5313527974205619,False,False,False,30,6,True
trichloronat,327-98-0,"(RS)-[O-ethyl O-(2,4,5-trichlorophenyl) ethylphosphonothioate]",ANIAQSUBRGXWLS-UHFFFAOYSA-N,insecticides (phosphonothioate),CCO[P](=S)(CC)Oc1cc(Cl)c(Cl)cc1Cl,0.5313527974205619,False,False,False,30,6,True
trichlorotrinitrobenzenes,2631-68-7 (28260-63-1 for unspecified isomer),"1,3,5-trichloro-2,4,6-trinitrobenzene",LZMONXBJUOXABQ-UHFFFAOYSA-N,fungicides (nitrobenzene),C1(=C(C(=C(C(=C1Cl)[N+](=O)[O-])Cl)[N+](=O)[O-])Cl)[N+](=O)[O-],0.6203393601159057,False,False,False,350,1,True
triclopyr,55335-06-3,"[(3,5,6-trichloro-2-pyridyl)oxy]acetic acid",REEQLXCGVXDJSQ-UHFFFAOYSA-N,herbicides (pyridyloxycarboxylic acid),OC(=O)COc1nc(Cl)c(Cl)cc1Cl,0.8442463984308842,False,False,False,162,2,True
triclopyricarb,902760-40-1,"methyl N-methoxy-2-{[(3,5,6-trichloro-2-pyridyl)oxy]methyl}carbanilate",QFNFRZHOXWNWAQ-UHFFFAOYSA-N,fungicides (methoxycarbamate),COC(=O)N(C1=CC=CC=C1COC2=NC(=C(C=C2Cl)Cl)Cl)OC,0.5432844096323933,False,False,False,161,2,True
cresol,1319-77-3,cresol,o-cresol:QWVGKYWNOKOFNN-UHFFFAOYSA-Nm-cresol:RLSSMJSEOOYNOY-UHFFFAOYSA-Np-cresol:IWDCLRJOBJJRNH-UHFFFAOYSA-N,bactericidesfungicides (phenol)herbicides (phenol),Cc1ccc(O)cc1,0.5359354364287862,False,False,False,56,4,True
tricyclazole,41814-78-2,"5-methyl-1,2,4-triazolo[3,4-b]benzothiazole",DQJCHOQLCLEDLL-UHFFFAOYSA-N,fungicides (triazolobenzothiazole),Cc1cccc2sc3nncn3c12,0.5426422325694252,False,False,False,349,1,True
tridiphane,58138-08-2,"(RS)-2-(3,5-dichlorophenyl)-2-(2,2,2-trichloroethyl)oxirane",IBZHOAONZVJLOB-UHFFFAOYSA-N,herbicides (oxirane),Clc1cc(Cl)cc(c1)C2(CO2)CC(Cl)(Cl)Cl,0.5529247088897079,False,False,False,348,1,True
trietazine,1912-26-1,"6-chloro-N2,N2,N4-triethyl-1,3,5-triazine-2,4-diamine",HFBWPRKWDIRYNX-UHFFFAOYSA-N,herbicides (chlorotriazine),CCNc1nc(Cl)nc(n1)N(CC)CC,0.8346861420389335,False,False,False,21,5,True
trifenmorph,1420-06-0,4-tritylmorpholine,ZJMLMBICUVVJDX-UHFFFAOYSA-N,molluscicides,C1CN(CCO1)C(c2ccccc2)(c3ccccc3)c4ccccc4,0.6614075648911523,False,False,False,347,1,True
trifenofos,38524-82-2,"(RS)-[O-ethyl S-propyl O-(2,4,6-trichlorophenyl) phosphorothioate]",JJSBMWMYKICVIZ-UHFFFAOYSA-N,acaricides (phenyl organothiophosphate)insecticides (phenyl organothiophosphate),CCCS[P](=O)(OCC)Oc1c(Cl)cc(Cl)cc1Cl,0.5314464083830317,False,False,False,71,4,True
trifloxysulfuron,145099-21-4,"N-[(4,6-dimethoxypyrimidin-2-yl)carbamoyl]-3-(2,2,2-trifluoroethoxy)pyridine-2-sulfonamide1979 Rules:1-(4,6-dimethoxypyrimidin-2-yl)-3-{[3-(2,2,2-trifluoroethoxy)-2-pyridyl]sulfonyl}urea",AIMMSOZBPYFASU-UHFFFAOYSA-N,herbicides (pyrimidinylsulfonylurea),COC1=CC(=NC(=N1)NC(=O)NS(=O)(=O)C2=C(C=CC=N2)OCC(F)(F)F)OC,0.6561154712337601,False,False,False,35,6,True
trifludimoxazin,1258836-72-4,"1,5-dimethyl-6-thioxo-3-[2,2,7-trifluoro-3,4-dihydro-3-oxo-4-(prop-2-ynyl)-2H-1,4-benzoxazin-6-yl]-1,3,5-triazinane-2,4-dione",AZHZOGYUMMIAOF-UHFFFAOYSA-N,herbicides (N-phenylimide),CN1C(=O)N(C(=O)N(C1=S)C)C2=CC3=C(C=C2F)OC(C(=O)N3CC#C)(F)F,0.5360638667042481,False,False,False,346,1,True
trifluenfuronate,2074661-82-6,"mixture of 60â80% trans-isomers 3,4,4-trifluorobut-3-enyl (2RS,3RS)-2-(2-methoxyphenyl)-5-oxotetrahydrofuran-3-carboxylate and 40â20% of the cis-isomers 3,4,4-trifluorobut-3-enyl (2RS,3SR)-2-(2-methoxyphenyl)-5-oxotetrahydrofuran-3-carboxylate1979 Rules:mixture of 60â80% trans-isomers 3,4,4-trifluorobut-3-enyl (2RS,3RS)-tetrahydro-2-(2-methoxyphenyl)-5-oxofuran-3-carboxylate and 40â20% of the cis-isomers 3,4,4-trifluorobut-3-enyl (2RS,3SR)-tetrahydro-2-(2-methoxyphenyl)-5-oxofuran-3-carboxylate",VDQRIZJOECVEPJ-UHFFFAOYSA-N,acaricides (fluoroalkene)nematicides (fluoroalkene),COC1=CC=CC=C1C2C(CC(=O)O2)C(=O)OCCC(=C(F)F)F,0.7411259462825468,False,False,False,345,1,True
triflumuron,64628-44-0,2-chloro-N-{[4-(trifluoromethoxy)phenyl]carbamoyl}benzamide1979 Rules:1-(2-chlorobenzoyl)-3-[4-(trifluoromethoxy)phenyl]urea,XAIPTRIXGHTTNT-UHFFFAOYSA-N,insecticides (benzoylurea),FC(F)(F)Oc1ccc(NC(=O)NC(=O)c2ccccc2Cl)cc1,0.8636949977383397,False,False,False,143,2,True
triflupyroxazin,134554-02-2,"3-[7-fluoro-3-oxo-4-(prop-2-yn-1-yl)-3,4-dihydro-2H-benzo[b][1,4]oxazin-6-yl]-1-methyl-6-(trifluoromethyl)pyrimidine-2,4(1H,3H)-dione",WIKSGGYEYHZQQL-UHFFFAOYSA-N,herbicides (N-phenylimide),CN1C(=CC(=O)N(C1=O)C2=CC3=C(C=C2F)OCC(=O)N3CC#C)C(F)(F)F,0.5611732858228187,False,False,False,344,1,True
trifluralin,1582-09-8,"2,6-dinitro-N,N-dipropyl-4-(trifluoromethyl)aniline1979 Rules:Î±,Î±,Î±-trifluoro-2,6-dinitro-N,N-dipropyl-p-toluidine",ZSDSQXJSNMTJDA-UHFFFAOYSA-N,herbicides (dinitroaniline),CCCN(CCC)c1c(cc(cc1[N+]([O-])=O)C(F)(F)F)[N+]([O-])=O,0.5514127435955851,False,False,False,19,7,True
triflusulfuron,135990-29-3,"2-({[4-(dimethylamino)-6-(2,2,2-trifluoroethoxy)-1,3,5-triazin-2-yl]carbamoyl}sulfamoyl)-3-methylbenzoic acid1979 Rules:2-({[4-(dimethylamino)-6-(2,2,2-trifluoroethoxy)-1,3,5-triazin-2-yl]carbamoyl}sulfamoyl)-m-toluic acid",AKTQJCBOGPBERP-UHFFFAOYSA-N,herbicides (triazinylsulfonylurea),CN(C)c1nc(NC(=O)N[S](=O)(=O)c2c(C)cccc2C(O)=O)nc(OCC(F)(F)F)n1,0.5297576084181667,False,False,False,343,1,True
trifop,58594-74-4,"(2RS)-2-{4-[4-(trifluoromethyl)phenoxy]phenoxy}propanoic acid1979 Rules:(RS)-2-{4-[(Î±,Î±,Î±-trifluoro-p-tolyl)oxy]phenoxy}propionic acid",VAZKTDRSMMSAQB-UHFFFAOYSA-N,herbicides (aryloxyphenoxypropionic),CC(Oc1ccc(Oc2ccc(cc2)C(F)(F)F)cc1)C(O)=O,0.8873454734808557,False,False,False,17,8,True
trimedlure,12002-53-8,tert-butyl (Â±)-4(or 5)-chloro-2-methylcyclohexanecarboxylate,4-chloro isomer:APMORJJNVZMVQK-UHFFFAOYSA-N5-chloro isomer:UQDSRQPGOSENJX-UHFFFAOYSA-Nidentifier for mixture (not valid):WXTJNIRCHYDKBK-UHFFFAOYSA-N,insect attractants (Dipteran),CC1CC(Cl)CCC1C(=O)OC(C)(C)C,0.5119384225689173,False,False,False,342,1,True
trimefluor,,"3-[3-chloro-4-(trifluoromethoxy)phenyl]-1,1-dimethylurea",PQVLZMKXMXBEBP-UHFFFAOYSA-N,herbicides (phenylurea),CN(C)C(=O)NC1=CC(=C(C=C1)OC(F)(F)F)Cl,0.903806955620972,False,False,False,1,16,True
trimethacarb,12407-86-2,"reaction product comprising from 3.5 to 5 parts by mass of 3,4,5-trimethylphenyl methylcarbamate to 1 part by mass of 2,3,5-trimethylphenyl methylcarbamate","2,3,5-trimethylphenyl methylcarbamate:NYOKZHDTNBDPOB-UHFFFAOYSA-N3,4,5-trimethylphenyl methylcarbamate:AUQAUAIUNJIIEP-UHFFFAOYSA-Nidentifier for mixture (not valid):CNBWXTCSMFEZDM-UHFFFAOYSA-N",bird repellentsinsecticides (phenyl carbamate)mammal repellentsmolluscicides,CNC(=O)Oc1cc(C)cc(C)c1C,0.7429596054123587,False,False,False,341,1,True
trimeturon,3050-27-9,"(EZ)-3-(4-chlorophenyl)-1,1,2-trimethylisourea",MYURAHUSYDVWQA-UHFFFAOYSA-N,herbicides (urea),COC(=Nc1ccc(Cl)cc1)N(C)C,0.5280540005266537,False,False,False,340,1,True
trimorphamide,60029-23-4,"N-[(RS)-2,2,2-trichloro-1-(morpholin-4-yl)ethyl]formamide",IWWKIOTVAJOMJT-UHFFFAOYSA-N,fungicides (formamide),ClC(Cl)(Cl)C(NC=O)N1CCOCC1,0.6024039255954959,False,False,False,160,2,True
trimorphamide,60029-23-4,"N-[(RS)-2,2,2-trichloro-1-(morpholin-4-yl)ethyl]formamide",IWWKIOTVAJOMJT-UHFFFAOYSA-N,fungicides (formamide),ClC(Cl)(Cl)C(NC=O)N1CCOCC1,0.6024039255954959,False,False,False,160,2,True
tripropindan,6682-77-5,"1-(6-isopropyl-1,1,4-trimethylindan-5-yl)propan-1-one",IHSBKMBNDURWAT-UHFFFAOYSA-N,herbicides (unclassified),CCC(=O)C1=C(C2=C(C=C1C(C)C)C(CC2)(C)C)C,0.7021274372198573,False,False,False,339,1,True
triptolide,38748-32-2,"(3bS,4aS,5aS,6R,6aR,7aS,7bS,8aS,8bS)-3b,4,4a,6,6a,7a,7b,8b,9,10-decahydro-6-hydroxy-6a-isopropyl-8b-methyltrisoxireno[6,7:8a,9:4b,5]phenanthro[1,2-c]furan-1(3H)-one",DFBIRQPKNDILPW-CIVMWXNOSA-N,insecticides (botanical),CC(C)[C@]12O[C@H]1[C@@H]3O[C@@]34[C@@]5(C)CCC6=C(COC6=O)[C@@H]5C[C@@H]7O[C@]47[C@@H]2O,0.5569255118392922,False,False,False,338,1,True
tritac,1861-44-5,"(RS)-1-[(2,3,6-trichlorobenzyl)oxy]propan-2-ol",LJWIIRATRWPHBA-UHFFFAOYSA-N,herbicides (unclassified),CC(O)COCc1c(Cl)ccc(Cl)c1Cl,0.8472558039837887,False,False,False,337,1,True
derivatives/thiocyclam%20hydrochloride,75655-75-3,"N,N-dimethyl-1,2,3-trithian-5-ylamine hydrochloride",DYLDNPYVDMQCFR-UHFFFAOYSA-N,insecticides (nereistoxin analogue),CN(C)C1CSSSC1.Cl,0.6206411438513639,False,False,False,84,3,True
triticonazole,138182-18-0,"(RS)-(E)-5-(4-chlorobenzylidene)-2,2-dimethyl-1-(1H-1,2,4-triazol-1-ylmethyl)cyclopentanol",PPDBOQMNKNNODG-NTEUORMPSA-N,fungicides (triazole),CC1(CC/C(=C\C2=CC=C(C=C2)Cl)/C1(CN3C=NC=N3)O)C,0.9412505692947136,False,False,False,336,1,True
tritosulfuron,142469-14-5,"N-{[4-methoxy-6-(trifluoromethyl)-1,3,5-triazin-2-yl]carbamoyl}-2-(trifluoromethyl)benzenesulfonamide1979 Rules:1-[4-methoxy-6-(trifluoromethyl)-1,3,5-triazin-2-yl]-3-[(Î±,Î±,Î±-trifluoro-o-tolyl)sulfonyl]urea",KVEQCVKVIFQSGC-UHFFFAOYSA-N,herbicides (triazinylsulfonylurea),COC1=NC(=NC(=N1)NC(=O)NS(=O)(=O)C2=CC=CC=C2C(F)(F)F)C(F)(F)F,0.693242229996866,False,False,False,335,1,True
tyclopyrazoflor,1477919-27-9,"N-[3-chloro-1-(3-pyridyl)-1H-pyrazol-4-yl]-N-ethyl-3-[(3,3,3-trifluoropropyl)thio]propanamide1979 Rules:N-[3-chloro-1-(3-pyridyl)-1H-pyrazol-4-yl]-N-ethyl-3-[(3,3,3-trifluoropropyl)thio]propionamide",DBHVHTPMRCXCIY-UHFFFAOYSA-N,insecticides (unclassified),CCN(C1=CN(N=C1Cl)C2=CN=CC=C2)C(=O)CCSCCC(F)(F)F,0.6114479857048966,False,False,False,334,1,True
uniconazole,83657-22-1,"(E)-(RS)-1-(4-chlorophenyl)-4,4-dimethyl-2-(1H-1,2,4-triazol-1-yl)pent-1-en-3-ol",YNWVFADWVLCOPU-MDWZMJQESA-N,fungicides (triazole)plant growth regulators (growth retardant),CC(C)(C)C(O)\C(=C/c1ccc(Cl)cc1)n2cncn2,0.943451125691676,False,False,False,29,6,True
uniconazole-p,83657-17-4,"(E)-(S)-1-(4-chlorophenyl)-4,4-dimethyl-2-(1H-1,2,4-triazol-1-yl)pent-1-en-3-ol",YNWVFADWVLCOPU-MAUPQMMJSA-N,fungicides (triazole),CC(C)(C)[C@H](O)\C(=C/c1ccc(Cl)cc1)n2cncn2,0.943451125691676,False,False,False,29,6,True
uredepa,302-49-8,ethyl [bis(aziridin-1-yl)phosphinoyl]carbamate,SPDZFJLQFWSJGA-UHFFFAOYSA-N,chemosterilants,CCOC(=O)N[P](=O)(N1CC1)N2CC2,0.5498238626522245,False,False,False,333,1,True
valifenalate,283159-90-0,methyl (3RS)-3-(4-chlorophenyl)-N-[N-(isopropoxycarbonyl)-L-valyl]-Î²-alaninate,DBXFMOWZRXXBRN-LWKPJOBUSA-N,fungicides (valinamidecarbamate),CC(C)[C@@H](C(=O)NC(CC(=O)OC)C1=CC=C(C=C1)Cl)NC(=O)OC(C)C,0.6555210038060579,False,False,False,332,1,True
valone,83-28-3,"2-(3-methylbutanoyl)indane-1,3-dione1979 Rules:2-isovalerylindan-1,3-dione",PVWMAOPFDINGAY-UHFFFAOYSA-N,rodenticides (indandione),CC(C)CC(=O)C1C(=O)c2ccccc2C1=O,0.7484749321567425,False,False,False,331,1,True
vamidothion,2275-23-2,"O,O-dimethyl S-(2-{[(2RS)-1-(methylamino)-1-oxopropan-2-yl]thio}ethyl) phosphorothioate1979 Rules:O,O-dimethyl S-(2-{[(RS)-1-(methylcarbamoyl)ethyl]thio}ethyl) phosphorothioate",LESVOLZBIFDZGS-UHFFFAOYSA-N,acaricides (aliphatic amide organothiophosphate)insecticides (aliphatic amide organothiophosphate),CNC(=O)CCSCCS[P](=O)(OC)OC,0.5166318692685362,False,False,False,330,1,True
vangard,67932-85-8,"3â²-chloro-2-methoxy-2â²,6â²-dimethyl-N-[(3RS)-tetrahydro-2-oxo-3-furyl]acetanilide",FHZMAAGOSXDIBJ-UHFFFAOYSA-N,fungicides (butyrolactone),COCC(=O)N(C1CCOC1=O)c2c(C)ccc(Cl)c2C,0.8003555460244901,False,False,False,83,3,True
verbutin,185676-84-0,"4-[(1RS)-1-(but-2-ynyloxy)ethyl]-1,2-dimethoxybenzene1979 Rules:4-[(RS)-1-(but-2-ynyloxy)ethyl]veratrole",LABQLTFAPITERI-UHFFFAOYSA-N,synergists,CC#CCOC(C)C1=CC(=C(C=C1)OC)OC,0.7331370112828697,False,False,False,329,1,True
vernolate,1929-77-7,S-propyl dipropylcarbamothioate1979 Rules:S-propyl dipropyl(thiocarbamate),OKUGPJPKMAEJOE-UHFFFAOYSA-N,herbicides (thiocarbamate),CCCSC(=O)N(CCC)CCC,0.6593925489959446,False,False,False,82,3,True
vinclozolin,50471-44-8,"(RS)-3-(3,5-dichlorophenyl)-5-methyl-5-vinyloxazolidine-2,4-dione",FSCWZHGZWWDELK-UHFFFAOYSA-N,fungicides (dicarboximide),CC1(OC(=O)N(C1=O)c2cc(Cl)cc(Cl)c2)C=C,0.7824567923213781,False,False,False,74,4,True
viniconazole,77175-51-0,3-chlorobenzyl 2-[1-(imidazol-1-yl)vinyl]phenyl ether,WHPAGCJNPTUGGD-UHFFFAOYSA-N,fungicides (imidazole),Clc1cccc(COc2ccccc2C(=C)n3ccnc3)c1,0.686476774597221,False,False,False,159,2,True
warfarin,81-81-2,4-hydroxy-3-[(1RS)-3-oxo-1-phenylbutyl]-2H-chromen-2-one1979 Rules:4-hydroxy-3-[(RS)-3-oxo-1-phenylbutyl]coumarin,PJVWKTKQMONHTI-UHFFFAOYSA-N,rodenticides (coumarin),CC(=O)CC(c1ccccc1)C2=C(O)Oc3ccccc3C2=O,0.799206301564618,False,False,False,55,4,True
xmc,2655-14-3,"3,5-dimethylphenyl methylcarbamate1979 Rules:3,5-xylyl methylcarbamate",CVQODEWAPZVVBU-UHFFFAOYSA-N,insecticides (phenyl carbamate),CNC(=O)Oc1cc(C)cc(C)c1,0.7158371024295939,False,False,False,14,9,True
xylachlor,63114-77-2,"2-chloro-N-isopropyl-2â²,3â²-dimethylacetanilide",UDRNNGBAXFCBLJ-UHFFFAOYSA-N,herbicides (chloroacetamide),CC(C)N(C(=O)CCl)c1cccc(C)c1C,0.7416855363832336,False,False,False,158,1,True
xylenols,1300-71-6,dimethylphenol1979 Rules:xylenol,Failed,nematicides (phenol),Cc1cccc(C)c1O,0.5577043959706656,False,False,False,328,1,True
xyloxadine,60263-88-9,"2-{[(RS)-1-(2,5-xylyl)ethyl]sulfonyl}pyridinium-1-olate",SMPPYMOPSFKMQX-UHFFFAOYSA-N,herbicides (pyridine),CC(c1cc(C)ccc1C)[S](=O)(=O)c2cccc[n+]2[O-],0.6444565007749788,False,False,False,157,2,True
xylylcarb,2425-10-7,"3,4-dimethylphenyl methylcarbamate1979 Rules:3,4-xylyl methylcarbamate",WCJYTPVNMWIZCG-UHFFFAOYSA-N,insecticides (phenyl carbamate),CNC(=O)Oc1ccc(C)c(C)c1,0.7158371024295938,False,False,False,14,9,True
cymiazole,61676-87-7,"(2EZ)-N-(2,4-dimethylphenyl)-3-methylthiazol-2(3H)-imine1979 Rules:N-[(2EZ)-3-methylthiazol-2(3H)-ylidene]-2,4-xylidine",YUAUPYJCVKNAEC-UHFFFAOYSA-N,acaricides (formamidine),CN1C=CSC1=Nc2ccc(C)cc2C,0.7000078373699136,False,False,False,81,3,True
yishijing,112225-87-3,Nâ²-benzoyl-N-tert-butylbenzohydrazide,NISLLQUWIJASOV-UHFFFAOYSA-N,insecticides (diacylhydrazine),CC(C)(C)N(NC(=O)c1ccccc1)C(=O)c2ccccc2,0.8646691890523193,False,False,False,156,2,True
zarilamid,84527-51-5,(RS)-4-chloro-N-[cyano(ethoxy)methyl]benzamide,NNPRCLUGHFXSOU-UHFFFAOYSA-N,fungicides (benzamide),Clc1ccc(cc1)C(=O)NCOCCC#N,0.630107026746355,False,False,False,327,1,True
zeatin,1637-39-4,(E)-2-methyl-4-(7H-purin-6-ylamino)but-2-en-1-ol,UZKQTCBAMSWPJD-FARCUNLSSA-N,plant growth regulators (cytokinin),CC(\CO)=C/CNc1ncnc2nc[nH]c12,0.6589185505431489,False,False,False,26,6,True
MGK-264,113-48-4,"N-(2-ethylhexyl)bicyclo[2.2.1]hept-5-ene-2,3-dicarboximide1979 Rules:N-(2-ethylhexyl)-8,9,10-trinorborn-5-ene-2,3-dicarboximide",WLLGXSLBOPFWQV-UHFFFAOYSA-N,synergists,CCCCC(CC)CN1C(=O)C2C3CC(C=C3)C2C1=O,0.5517734735747961,False,False,False,155,2,True
dietholate,32345-29-2,"O,O-diethyl O-phenyl phosphorothioate",XXWNKVBJDWSYBN-UHFFFAOYSA-N,herbicide safenerssynergists,CCO[P](=S)(OCC)Oc1ccccc1,0.7192296277094533,False,False,False,80,3,True
zeta-cypermethrin,1315501-18-8,"mixture of the stereoisomers (S)-Î±-cyano-3-phenoxybenzyl (1RS,3RS;1RS,3SR)-3-(2,2-dichlorovinyl)-2,2-dimethylcyclopropanecarboxylate where the ratio of the (S);(1RS,3RS) isomeric pair to the (S);(1RS,3SR) isomeric pair lies in the ratio range 45â55 to 55â45 respectively",KAATUXNTWXVJKI-QPIRBTGLSA-N,insecticides (pyrethroid),CC1(C(C1C(=O)O[C@H](C#N)C2=CC(=CC=C2)OC3=CC=CC=C3)C=C(Cl)Cl)C,0.528046798102563,False,False,False,8,10,True
zolaprofos,63771-69-7,(RS)-{O-ethyl S-[(3-methylisoxazol-5-yl)methyl] S-propyl phosphorodithioate},UIQAVIOOENLZRU-UHFFFAOYSA-N,insecticides (arylalkyl organothiophosphate),CCCSP(=O)(OCC)SCC1=CC(=NO1)C,0.6579073669799618,False,False,False,326,1,True
warfarin,81-81-2,4-hydroxy-3-[(1RS)-3-oxo-1-phenylbutyl]-2H-chromen-2-one1979 Rules:4-hydroxy-3-[(RS)-3-oxo-1-phenylbutyl]coumarin,PJVWKTKQMONHTI-UHFFFAOYSA-N,rodenticides (coumarin),CC(=O)CC(c1ccccc1)C2=C(O)Oc3ccccc3C2=O,0.799206301564618,False,False,False,55,4,True
zoxamide,156052-68-5,"3,5-dichloro-N-[(1RS)-3-chloro-1-ethyl-1-methyl-2-oxopropyl]-4-methylbenzamide1979 Rules:3,5-dichloro-N-[(RS)-3-chloro-1-ethyl-1-methyl-2-oxopropyl]-p-toluamide",SOUGWDPPRBKJEX-UHFFFAOYSA-N,fungicides (benzamide),CCC(C)(NC(=O)c1cc(Cl)c(C)c(Cl)c1)C(=O)CCl,0.8258466444026293,False,False,False,325,1,True
pyrametostrobin,915410-70-7,"methyl 2-{[(1,4-dimethyl-3-phenyl-1H-pyrazol-5-yl)oxy]methyl}-N-methoxycarbanilate",DWTVBEZBWMDXIY-UHFFFAOYSA-N,fungicides (methoxycarbamate),CC1=C(N(N=C1C2=CC=CC=C2)C)OCC3=CC=CC=C3N(C(=O)OC)OC,0.6013889619933297,False,False,False,154,2,True
cafenstrole,125306-83-4,"N,N-diethyl-3-(mesitylsulfonyl)-1H-1,2,4-triazole-1-carboxamide",HFEJHAAIJZXXRE-UHFFFAOYSA-N,herbicides (azolylcarboxamide),CCN(CC)C(=O)n1cnc(n1)[S](=O)(=O)c2c(C)cc(C)cc2C,0.8447732816951776,False,False,False,153,2,True
zuomihuanglong,104770-29-8,"methyl 5-{[(4,6-dimethylpyrimidin-2-yl)carbamoyl]sulfamoyl}-1-(2-pyridyl)-1H-pyrazole-4-carboxylate1979 Rules:1-(4,6-dimethylpyrimidin-2-yl)-3-{[4-(methoxycarbonyl)-1-(2-pyridyl)-1H-pyrazol-5-yl]sulfonyl}urea",KABSXJFKDZOTFH-UHFFFAOYSA-N,herbicides (pyrimidinylsulfonylurea),COC(=O)c1cnn(c2ccccn2)c1[S](=O)(=O)NC(=O)Nc3nc(C)cc(C)n3,0.5613919756390418,False,False,False,324,1,True
1-naphthol,90-15-3,1-naphthol,KJCVRFUGPWSIIH-UHFFFAOYSA-N,plant growth regulators (auxin),Oc1cccc2ccccc12,0.6020160700037418,False,False,False,152,2,True
2ip,2365-40-4,N-(3-methylbut-2-enyl)-7H-purin-6-amine1979 Rules:N-(3-methylbut-2-enyl)adenine,HYVABZIGRDEKCD-UHFFFAOYSA-N,plant growth regulators (cytokinin),CC(C)=CCNc1ncnc2nc[nH]c12,0.7454072830163815,False,False,False,26,6,True
mcpa,94-74-6,(4-chloro-2-methylphenoxy)acetic acid1979 Rules:[(4-chloro-o-tolyl)oxy]acetic acid,WHKUVVPPKQRRBV-UHFFFAOYSA-N,herbicides (phenoxyacetic),Cc1cc(Cl)ccc1OCC(O)=O,0.8131158175997406,False,False,False,3,14,True
mcpb,94-81-5,4-(4-chloro-2-methylphenoxy)butanoic acid1979 Rules:4-[(4-chloro-o-tolyl)oxy]butyric acid,LLWADFLAOKUBDR-UHFFFAOYSA-N,herbicides (phenoxybutyric),Cc1cc(Cl)ccc1OCCCC(O)=O,0.7886629905263892,False,False,False,3,14,True
2-(octylthio)ethanol,3547-33-9,2-(octylthio)ethanol,KXPXKNBDCUOENF-UHFFFAOYSA-N,insect repellents,CCCCCCCCSCCO,0.5638516363843518,False,False,False,151,2,True
2-phenylphenol,90-43-7,biphenyl-2-ol,LLEMOWNGBBNAJR-UHFFFAOYSA-N,fungicides (phenol),Oc1ccccc1c2ccccc2,0.6969384886852025,False,False,False,79,3,True
"2,3,6-tba",50-31-7,"2,3,6-trichlorobenzoic acid",XZIDTOHMJBOSOX-UHFFFAOYSA-N,herbicides (benzoic acid),OC(=O)c1c(Cl)ccc(Cl)c1Cl,0.7443444171405048,False,False,False,78,3,True
"2,4-d",94-75-7,"(2,4-dichlorophenoxy)acetic acid",OVSKIKFHRZPJSS-UHFFFAOYSA-N,herbicides (phenoxyacetic),OC(=O)COc1ccc(Cl)cc1Cl,0.8519927441732301,False,False,False,3,14,True
"2,4-db",94-82-6,"4-(2,4-dichlorophenoxy)butanoic acid1979 Rules:4-(2,4-dichlorophenoxy)butyric acid",YIVXMZJTEQBPQO-UHFFFAOYSA-N,herbicides (phenoxybutyric),OC(=O)CCCOc1ccc(Cl)cc1Cl,0.8145307694678334,False,False,False,4,8,True
"2,4-deb",94-83-7,"2-(2,4-dichlorophenoxy)ethyl benzoate",LGURYBCSJPXHTF-UHFFFAOYSA-N,herbicides (phenoxyacetic),Clc1ccc(OCCOC(=O)c2ccccc2)c(Cl)c1,0.6121638156844711,False,False,False,4,8,True
disul,149-26-8,"2-(2,4-dichlorophenoxy)ethyl hydrogen sulfate",HJEINPVZRDJRBY-UHFFFAOYSA-N,herbicides (phenoxyacetic),O[S](=O)(=O)OCCOc1ccc(Cl)cc1Cl,0.663511429992478,False,False,False,54,4,True
dichlorprop,120-36-5,"(2RS)-2-(2,4-dichlorophenoxy)propanoic acid1979 Rules:(RS)-2-(2,4-dichlorophenoxy)propionic acid",MZHCENGPTKEIGP-UHFFFAOYSA-N,herbicides (phenoxypropionic)plant growth regulators (auxin),CC(Oc1ccc(Cl)cc1Cl)C(O)=O,0.8755136638110982,False,False,False,5,12,True
mcpa,94-74-6,(4-chloro-2-methylphenoxy)acetic acid1979 Rules:[(4-chloro-o-tolyl)oxy]acetic acid,WHKUVVPPKQRRBV-UHFFFAOYSA-N,herbicides (phenoxyacetic),Cc1cc(Cl)ccc1OCC(O)=O,0.8131158175997406,False,False,False,3,14,True
mcpb,94-81-5,4-(4-chloro-2-methylphenoxy)butanoic acid1979 Rules:4-[(4-chloro-o-tolyl)oxy]butyric acid,LLWADFLAOKUBDR-UHFFFAOYSA-N,herbicides (phenoxybutyric),Cc1cc(Cl)ccc1OCCCC(O)=O,0.7886629905263892,False,False,False,3,14,True
"2,4,5-t",93-76-5,"(2,4,5-trichlorophenoxy)acetic acid",SMYMJHWAQXWPDB-UHFFFAOYSA-N,herbicides (phenoxyacetic),OC(=O)COc1cc(Cl)c(Cl)cc1Cl,0.8442550207983773,False,False,False,28,2,True
"2,4,5-tb",93-80-1,"4-(2,4,5-trichlorophenoxy)butanoic acid1979 Rules:4-(2,4,5-trichlorophenoxy)butyric acid",RTWCZQFXFMXXKP-UHFFFAOYSA-N,herbicides (phenoxybutyric),OC(=O)CCCOc1cc(Cl)c(Cl)cc1Cl,0.6584952413207199,False,False,False,4,8,True
fenoprop,93-72-1,"(2RS)-2-(2,4,5-trichlorophenoxy)propanoic acid1979 Rules:(RS)-2-(2,4,5-trichlorophenoxy)propionic acid",ZLSWBLPERHFHIS-UHFFFAOYSA-N,herbicides (phenoxypropionic)plant growth regulators (auxin),CC(Oc1cc(Cl)c(Cl)cc1Cl)C(O)=O,0.8543653385157547,False,False,False,5,12,True
"2,5-dichlorobenzoic%20acid",50-79-3,"2,5-dichlorobenzoic acid",QVTQYSFCFOGITD-UHFFFAOYSA-N,fungicides (unclassified)plant growth regulators (unclassified),OC(=O)c1cc(Cl)ccc1Cl,0.7401842714593465,False,False,False,150,2,True
3-chloro-4-methylaniline,95-74-9,3-chloro-4-methylaniline3-chloro-p-methylaniline,RQKFYFNZSHWXAW-UHFFFAOYSA-N,avicides,Cc1ccc(N)cc1Cl,0.551296349469733,False,False,False,77,3,True
"3,4-da",588-22-7,"(3,4-dichlorophenoxy)acetic acid",SNYRXHULAWEECU-UHFFFAOYSA-N,herbicides (phenoxyacetic),OC(=O)COc1ccc(Cl)c(Cl)c1,0.8519927441732301,False,False,False,15,4,True
"3,4-db",3307-37-7,"4-(3,4-dichlorophenoxy)butanoic acid1979 Rules:4-(3,4-dichlorophenoxy)butyric acid",AKDSUKZFDDKNNM-UHFFFAOYSA-N,herbicides (phenoxybutyric),OC(=O)CCCOc1ccc(Cl)c(Cl)c1,0.8145307694678334,False,False,False,15,4,True
"3,4-dp",3307-41-3,"(2RS)-2-(3,4-dichlorophenoxy)propanoic acid1979 Rules:(RS)-2-(3,4-dichlorophenoxy)propionic acid",BIPAGODSEBNAJR-UHFFFAOYSA-N,herbicides (phenoxypropionic),CC(Oc1ccc(Cl)c(Cl)c1)C(O)=O,0.8755136638110982,False,False,False,7,6,True
4-aminopyridine,504-24-5,pyridin-4-amine,NUKYPUAOHBNCPY-UHFFFAOYSA-N,avicidesbird repellents,Nc1ccncc1,0.5126510027980979,False,False,False,149,2,True
4-cpa,122-88-3,(4-chlorophenoxy)acetic acid,SODPIMGUZLOIPE-UHFFFAOYSA-N,herbicides (phenoxyacetic)plant growth regulators (auxin),OC(=O)COc1ccc(Cl)cc1,0.7832500608145994,False,False,False,27,2,True
4-cpb,3547-07-7,4-(4-chlorophenoxy)butanoic acid1979 Rules:4-(4-chlorophenoxy)butyric acid,SIYAHZSHQIPQLY-UHFFFAOYSA-N,herbicides (phenoxybutyric),OC(=O)CCCOc1ccc(Cl)cc1,0.7667673020626217,False,False,False,4,8,True
4-cpp,3307-39-9,(2RS)-2-(4-chlorophenoxy)propanoic acid1979 Rules:(RS)-2-(4-chlorophenoxy)propionic acid,DKHJWWRYTONYHB-UHFFFAOYSA-N,herbicides (phenoxypropionic),CC(Oc1ccc(Cl)cc1)C(O)=O,0.8138038537145824,False,False,False,7,6,True
4-hydroxyphenethyl%20alcohol,501-94-0,4-(2-hydroxyethyl)phenol1979 Rules:4-hydroxyphenethyl alcohol,YCCILVSKPBXVIP-UHFFFAOYSA-N,plant growth regulators (cytokinin),OCCc1ccc(O)cc1,0.6377737015055097,False,False,False,148,2,True
2ip,2365-40-4,N-(3-methylbut-2-enyl)-7H-purin-6-amine1979 Rules:N-(3-methylbut-2-enyl)adenine,HYVABZIGRDEKCD-UHFFFAOYSA-N,plant growth regulators (cytokinin),CC(C)=CCNc1ncnc2nc[nH]c12,0.7454072830163815,False,False,False,26,6,True
2ip,2365-40-4,N-(3-methylbut-2-enyl)-7H-purin-6-amine1979 Rules:N-(3-methylbut-2-enyl)adenine,HYVABZIGRDEKCD-UHFFFAOYSA-N,plant growth regulators (cytokinin),CC(C)=CCNc1ncnc2nc[nH]c12,0.7454072830163815,False,False,False,26,6,True
