name,cas,iupac_name,inchi_key,class,smiles
abamectin,71751-41-2,"extended von Baeyer nomenclature: mixture of 80â100% (10E,14E,16E)-(1R,4S,5â²S,6S,6â²R,8R,12S,13S,20R,21R,24S)-6â²-[(S)-sec-butyl]-21,24-dihydroxy-5â²,11,13,22-tetramethyl-2-oxo-(3,7,19-trioxatetracyclo[15.6.1.14,8.020,24]pentacosa-10,14,16,22-tetraene)-6-spiro-2â²-(5â²,6â²-dihydro-2â²H-pyran)-12-yl 2,6-dideoxy-4-O-(2,6-dideoxy-3-O-methyl-Î±-L-arabino-hexopyranosyl)-3-O-methyl-Î±-L-arabino-hexopyranoside and 20â0% (10E,14E,16E)-(1R,4S,5â²S,6S,6â²R,8R,12S,13S,20R,21R,24S)-21,24-dihydroxy-6â²-isopropyl-5â²,11,13,22-tetramethyl-2-oxo-(3,7,19-trioxatetracyclo[15.6.1.14,8.020,24]pentacosa-10,14,16,22-tetraene)-6-spiro-2â²-(5â²,6â²-dihydro-2â²H-pyran)-12-yl 2,6-dideoxy-4-O-(2,6-dideoxy-3-O-methyl-Î±-L-arabino-hexopyranosyl)-3-O-methyl-Î±-L-arabino-hexopyranosideorbridged fused ring systems nomenclature: mixture of 80â100% (2aE,4E,8E)-(5â²S,6S,6â²R,7S,11R,13S,15S,17aR,20R,20aR,20bS)-6â²-[(S)-sec-butyl]-5â²,6,6â²,7,10,11,14,15,17a,20,20a,20b-dodecahydro-20,20b-dihydroxy-5â²,6,8,19-tetramethyl-17-oxospiro[11,15-methano-2H,13H,17H-furo[4,3,2-pq][2,6]benzodioxacyclooctadecin-13,2â²-[2H]pyran]-7-yl 2,6-dideoxy-4-O-(2,6-dideoxy-3-O-methyl-Î±-L-arabino-hexopyranosyl)-3-O-methyl-Î±-L-arabino-hexopyranoside and 20â0% (2aE,4E,8E)-(5â²S,6S,6â²R,7S,11R,13S,15S,17aR,20R,20aR,20bS)-5â²,6,6â²,7,10,11,14,15,17a,20,20a,20b-dodecahydro-20,20b-dihydroxy-6â²-isopropyl-5â²,6,8,19-tetramethyl-17-oxospiro[11,15-methano-2H,13H,17H-furo[4,3,2-pq][2,6]benzodioxacyclooctadecin-13,2â²-[2H]pyran]-7-yl 2,6-dideoxy-4-O-(2,6-dideoxy-3-O-methyl-Î±-L-arabino-hexopyranosyl)-3-O-methyl-Î±-L-arabino-hexopyranoside",avermectin B1a (6â²-(S)-sec-butyl):RRZXIRBKKLTSOM-XPNPUAGNSA-Navermectin B1b (6â²-isopropyl):ZFUKERYTFURFGA-PVVXTEPVSA-Nidentifier for mixture (not valid):IBSREHMXUMOFBB-JFUDTMANSA-N,acaricides (avermectin)insecticides (avermectin)nematicides (avermectin),CCC(C)[C@H]1O[C@@]2(C[C@@H]3C[C@@H](C\C=C(C)\[C@@H](O[C@H]4C[C@H](OC)[C@@H](O[C@H]5C[C@H](OC)[C@@H](O)[C@H](C)O5)[C@H](C)O4)[C@@H](C)/C=C/C=C/6CO[C@@H]7[C@H](O)C(=C[C@@H](C(=O)O3)[C@]67O)C)O2)C=C[C@@H]1C.CO[C@H]8C[C@@H](O[C@@H](C)[C@@H]8O)O[C@H]9[C@H](C)O[C@H](C[C@@H]9OC)O[C@H]/%10[C@@H](C)/C=C/C=C/%11CO[C@@H]%12[C@H](O)C(=C[C@@H](C(=O)O[C@H]%13C[C@@H](C\C=C%10C)O[C@@]%14(C%13)O[C@H](C(C)C)[C@@H](C)C=C%14)[C@]%11%12O)C
emamectin,119791-41-2,"extended von Baeyer nomenclature:mixture of 90â100% (10E,14E,16E)-(1R,4S,5â²S,6S,6â²R,8R,12S,13S,20R,21R,24S)-6â²-[(S)-sec-butyl]-21,24-dihydroxy-5â²,11,13,22-tetramethyl-2-oxo-(3,7,19-trioxatetracyclo[15.6.1.14,8.020,24]pentacosa-10,14,16,22-tetraene)-6-spiro-2â²-(5â²,6â²-dihydro-2â²H-pyran)-12-yl 2,6-dideoxy-3-O-methyl-4-O-[2,4,6-trideoxy-3-O-methyl-4-(methylamino)-Î±-L-lyxo-hexapyranosyl]-Î±-L-arabino-hexapyranoside and 10â0% (10E,14E,16E)-(1R,4S,5â²S,6S,6â²R,8R,12S,13S,20R,21R,24S)-21,24-dihydroxy-6â²-isopropyl-5â²,11,13,22-tetramethyl-2-oxo-(3,7,19-trioxatetracyclo[15.6.1.14,8.020,24]pentacosa-10,14,16,22-tetraene)-6-spiro-2â²-(5â²,6â²-dihydro-2â²H-pyran)-12-yl 2,6-dideoxy-3-O-methyl-4-O-[2,4,6-trideoxy-3-O-methyl-4-(methylamino)-Î±-L-lyxo-hexapyranosyl]-Î±-L-arabino-hexapyranosideorbridged fused ring systems nomenclature:mixture of 90â100% (2aE,4E,8E)-(5â²S,6S,6â²R,7S,11R,13S,15S,17aR,20R,20aR,20bS)-6â²-[(S)-sec-butyl]-5â²,6,6â²,7,10,11,14,15,17a,20,20a,20b-dodecahydro-20,20b-dihydroxy-5â²,6,8,19-tetramethyl-17-oxospiro[11,15-methano-2H,13H,17H-furo[4,3,2-pq][2,6]benzodioxacyclooctadecin-13,2â²-[2H]pyran]-7-yl 2,6-dideoxy-3-O-methyl-4-O-[2,4,6-trideoxy-3-O-methyl-4-(methylamino)-Î±-L-lyxo-hexapyranosyl]-Î±-L-arabino-hexapyranoside and 10â0% (2aE,4E,8E)-(5â²S,6S,6â²R,7S,11R,13S,15S,17aR,20R,20aR,20bS)-5â²,6,6â²,7,10,11,14,15,17a,20,20a,20b-dodecahydro-20,20b-dihydroxy-6â²-isopropyl-5â²,6,8,19-tetramethyl-17-oxospiro[11,15-methano-2H,13H,17H-furo[4,3,2-pq][2,6]benzodioxacyclooctadecin-13,2â²-[2H]pyran]-7-yl 2,6-dideoxy-3-O-methyl-4-O-[2,4,6-trideoxy-3-O-methyl-4-(methylamino)-Î±-L-lyxo-hexapyranosyl]-Î±-L-arabino-hexapyranoside",emamectin B1a (6â²-(S)-sec-butyl):CXEGAUYXQAKHKJ-COFQVFHOSA-Nemamectin B1b (6â²-isopropyl):DXIOOXFZLKCVHK-VAUHGISYSA-Nidentifier for mixture (not valid):JYKUGBHHPJEEER-ZZMYSPDMSA-N,insecticides (avermectin),CC[C@H](C)[C@H]1O[C@@]2(C[C@@H]3C[C@@H](C\C=C(C)\[C@@H](O[C@H]4C[C@H](CC)[C@@H](O[C@H]5C[C@H](OC)[C@@H](O)[C@H](C)O5)[C@H](C)O4)[C@@H](C)/C=C/C=C/6CO[C@@H]7[C@H](O)C(=C[C@@H](C(=O)O3)[C@]67O)C)O2)C=C[C@@H]1C.CC[C@H]8C[C@@H](O[C@@H](C)[C@@H]8O[C@H]9C[C@H](OC)[C@@H](O)[C@H](C)O9)O[C@H]/%10[C@@H](C)/C=C/C=C/%11CO[C@@H]%12[C@H](O)C(=C[C@@H](C(=O)O[C@H]%13C[C@@H](C\C=C%10C)O[C@@]%14(C%13)O[C@H](C(C)C)[C@@H](C)C=C%14)[C@]%11%12O)C
abscisic%20acid,21293-29-8,"(2Z,4E)-5-[(1S)-1-hydroxy-2,6,6-trimethyl-4-oxocyclohex-2-en-1-yl]-3-methylpenta-2,4-dienoic acidor(7E,9Z)-(6S)-6-hydroxy-3-oxo-11-apo-Îµ-caroten-11-oic acid",JLIDBLDQVAYHNE-YKALOCIXSA-N,plant growth regulators (growth inhibitor),CC(/C=C/[C@@]1(O)C(=CC(=O)CC1(C)C)C)=C/C(O)=O
acc,22059-21-8,1-aminocyclopropanecarboxylic acid,PAJPWUMXBYXFCZ-UHFFFAOYSA-N,plant growth regulators (ethylene releaser),NC1(CC1)C(O)=O
acephate,30560-19-1,"(RS)-(O,S-dimethyl acetylphosphoramidothioate)",YASYVMFAVPKPKE-UHFFFAOYSA-N,insecticides (phosphoramidate),CO[P](=O)(NC(C)=O)SC
acequinocyl,57960-19-7,"3-dodecyl-1,4-dioxo-1,4-dihydro-2-naphthyl acetate1979 Rules:3-dodecyl-1,4-dihydro-1,4-dioxo-2-naphthyl acetate",QDRXWCAVUNHOGA-UHFFFAOYSA-N,acaricides (quinone),CCCCCCCCCCCCC1=C(OC(C)=O)C(=O)c2ccccc2C1=O
acetamiprid,135410-20-7,(1E)-N-[(6-chloro-3-pyridyl)methyl]-Nâ²-cyano-N-methylacetimidamide1979 Rules:(E)-N1-[(6-chloro-3-pyridyl)methyl]-N2-cyano-N1-methylacetamidine,WCXDHFDTOYPNIE-RIYZIHGNSA-N,insecticides (cyano imidamide),CN(Cc1ccc(Cl)nc1)C(C)=NC#N
acethion,919-54-0,"S-[(ethoxycarbonyl)methyl] O,O-diethyl phosphorodithioateorethyl [(diethoxyphosphinothioyl)thio]acetate",AISZOMRXKKCPIS-UHFFFAOYSA-N,insecticides (aliphatic organothiophosphate),CCOC(=O)CS[P](=S)(OCC)OCC
acetochlor,34256-82-1,2-chloro-N-(ethoxymethyl)-2â²-ethyl-6â²-methylacetanilide,VTNQPKFIQCLBDU-UHFFFAOYSA-N,herbicides (chloroacetamide),CCOCN(C(=O)CCl)c1c(C)cccc1CC
plifenate,21757-82-4,"(1RS)-2,2,2-trichloro-1-(3,4-dichlorophenyl)ethyl acetate",FSGNOVKGEXRRHD-UHFFFAOYSA-N,insecticides (unclassified),CC(=O)OC(c1ccc(Cl)c(Cl)c1)C(Cl)(Cl)Cl
acetophos,2425-25-4,"S-[(ethoxycarbonyl)methyl] O,O-diethyl phosphorothioateorethyl [(diethoxyphosphinoyl)thio]acetate",ZRCQYAQOWIQUBA-UHFFFAOYSA-N,insecticides (aliphatic organothiophosphate),CCOC(=O)CS[P](=O)(OCC)OCC
acetoprole,209861-58-5,"1-[5-amino-1-[2,6-dichloro-4-(trifluoromethyl)phenyl]-4-(methylsulfinyl)-1H-pyrazol-3-yl]ethanone1979 Rules:1-[5-amino-1-(2,6-dichloro-Î±,Î±,Î±-trifluoro-p-tolyl)-4-(methylsulfinyl)-1H-pyrazol-3-yl]ethanone",GDZNYEZGJAFIKA-UHFFFAOYSA-N,acaricides (phenylpyrazole)insecticides (phenylpyrazole)nematicides (phenylpyrazole),CC(=O)C1=NN(C(=C1S(=O)C)N)C2=C(C=C(C=C2Cl)C(F)(F)F)Cl
acibenzolar,126448-41-7,"1,2,3-benzothiadiazole-7-carbothioic S-acid1979 Rules:benzo[1,2,3]thiadiazole-7-carbothioic S-acid",CGIHPACLZJDCBQ-UHFFFAOYSA-N,fungicides (benzothiadiazole)plant activators,C1=CC(=C2C(=C1)N=NS2)C(=O)S
acifluorfen,50594-66-6,"5-[2-chloro-4-(trifluoromethyl)phenoxy]-2-nitrobenzoic acid1979 Rules:5-[(2-chloro-Î±,Î±,Î±-trifluoro-p-tolyl)oxy]-2-nitrobenzoic acid",NUFNQYOELLVIPL-UHFFFAOYSA-N,herbicides (diphenyl ether),OC(=O)c1cc(Oc2ccc(cc2Cl)C(F)(F)F)ccc1[N+]([O-])=O
aclonifen,74070-46-5,2-chloro-6-nitro-3-phenoxyaniline,DDBMQDADIHOWIC-UHFFFAOYSA-N,herbicides (diphenyl ether),Nc1c(Cl)c(Oc2ccccc2)ccc1[N+]([O-])=O
quinoclamine,2797-51-5,"2-amino-3-chloro-1,4-naphthoquinone",OBLNWSCLAYSJJR-UHFFFAOYSA-N,algicidesherbicides (quinone),NC1=C(Cl)C(=O)c2ccccc2C1=O
acrep,None,N-[(hexyloxy)methyl]hexano-6-lactam1979 rules:N-[(hexyloxy)methyl]-Îµ-caprolactam,IXCJFHRRPLTTSW-UHFFFAOYSA-N,insect repellents,CCCCCCOCN1CCCCCC1=O
acrinathrin,101007-06-1,"(S)-Î±-cyano-3-phenoxybenzyl (1R,3S)-2,2-dimethyl-3-[(Z)-2-{[2,2,2-trifluoro-1-(trifluoromethyl)ethoxy]carbonyl}vinyl]cyclopropanecarboxylateRothamsted-style stereodescriptors:(S)-Î±-cyano-3-phenoxybenzyl (1R)-cis-2,2-dimethyl-3-[(Z)-2-{[2,2,2-trifluoro-1-(trifluoromethyl)ethoxy]carbonyl}vinyl]cyclopropanecarboxylate",YLFSVIMMRPNPFK-WEQBUNFVSA-N,acaricides (pyrethroid)insecticides (pyrethroid),CC1(C)[C@@H](\C=C/C(=O)OC(C(F)(F)F)C(F)(F)F)[C@H]1C(=O)O[C@H](C#N)c2cccc(Oc3ccccc3)c2
acrolein,107-02-8,acrylaldehyde,HGINCPLSRVDWNT-UHFFFAOYSA-N,herbicides (unclassified),C=CC=O
acrylonitrile,107-13-1,acrylonitrile,NLHHRLWOUZZQLW-UHFFFAOYSA-N,insecticides (fumigant),C=CC#N
acynonapyr,1332838-17-1,"3-endo-[2-propoxy-4-(trifluoromethyl)phenoxy]-9-{[5-(trifluoromethyl)-2-pyridyl]oxy}-9-azabicyclo[3.3.1]nonane1979 Rules:9-{[5-(trifluoromethyl)-2-pyridyl]oxy}-3-endo-[(Î±,Î±,Î±-trifluoro-2-propoxy-p-tolyl)oxy]-9-azabicyclo[3.3.1]nonane",GIDAJLLAARKRMS-BWTSREIZSA-N,acaricides (unclassified),Failed
acypetacs,68937-75-7,"Reaction mixture of C8 to C10 linear and branched chain saturated aliphatic carboxylic acids, the branched chain acids being a mixture of approximately equal parts by mass of: (a) acids in which the main chain is dialkyl-substituted on the second carbon atom and (b) acids in which the second carbon atom is either unsubstituted or monoalkyl-substituted.  Both (a) and (b) acids may be further alkyl-substituted on the third or higher carbon atoms.",Failed,fungicides (unclassified),CCCCCCCCC(O)=O
afidopyropen,915972-17-7,"{(3S,4R,4aR,6S,6aS,12R,12aS,12bS)-3-[(cyclopropylcarbonyl)oxy]-6,12-dihydroxy-4,6a,12b-trimethyl-11-oxo-9-(3-pyridyl)-1,3,4,4a,5,6,6a,12,12a,12b-decahydro-2H,11H-benzo[f]pyrano[4,3-b]chromen-4-yl}methyl cyclopropanecarboxylate1979 Rules:{(3S,4R,4aR,6S,6aS,12R,12aS,12bS)-3-[(cyclopropylcarbonyl)oxy]-1,3,4,4a,5,6,6a,12,12a,12b-decahydro-6,12-dihydroxy-4,6a,12b-trimethyl-11-oxo-9-(3-pyridyl)-2H,11H-benzo[f]pyrano[4,3-b]chromen-4-yl}methyl cyclopropanecarboxylate",LRZWFURXIMFONG-HRSIRGMGSA-N,insecticides (pyropene),C[C@]12CC[C@@H]([C@@]([C@@H]1C[C@@H]([C@@]3([C@@H]2[C@H](C4=C(O3)C=C(OC4=O)C5=CN=CC=C5)O)C)O)(C)COC(=O)C6CC6)OC(=O)C7CC7
afoxolaner,1093861-60-9,"4-{(5RS)-5-[3-chloro-4,5-dihydro-5-(trifluoromethyl)phenyl]-5-(trifluoromethyl)isoxazol-3-yl}-N-{2-oxo-2-[(2,2,2-trifluoroethyl)amino]ethyl}naphthalene-1-carboxamide1979 Rules:4-[(5RS)-5-(5-chloro-Î±,Î±,Î±-trifluoro-m-tolyl)-4,5-dihydro-5-(trifluoromethyl)isoxazol-3-yl]-N-[2-oxo-2-(2,2,2-trifluoroethylamino)ethyl]naphthalene-1-carboxamide",OXDDDHGGRFRLEE-UHFFFAOYSA-N,acaricides (isoxazoline)insecticides (isoxazoline),C1C(=NOC1(C2=CC(=CC(=C2)Cl)C(F)(F)F)C(F)(F)F)C3=CC=C(C4=CC=CC=C43)C(=O)NCC(=O)NCC(F)(F)F
esafoxolaner,1096103-99-9,"4-{(5S)-5-[3-chloro-4,5-dihydro-5-(trifluoromethyl)phenyl]-5-(trifluoromethyl)isoxazol-3-yl}-N-{2-oxo-2-[(2,2,2-trifluoroethyl)amino]ethyl}naphthalene-1-carboxamide1979 Rules:4-[(5S)-5-(5-chloro-Î±,Î±,Î±-trifluoro-m-tolyl)-4,5-dihydro-5-(trifluoromethyl)isoxazol-3-yl]-N-[2-oxo-2-(2,2,2-trifluoroethylamino)ethyl]naphthalene-1-carboxamide",OXDDDHGGRFRLEE-QHCPKHFHSA-N,acaricides (isoxazoline)insecticides (isoxazoline),C1C(=NO[C@@]1(C2=CC(=CC(=C2)Cl)C(F)(F)F)C(F)(F)F)C3=CC=C(C4=CC=CC=C43)C(=O)NCC(=O)NCC(F)(F)F
allyl%20isothiocyanate,57-06-7,allyl isothiocyanate,ZOJBYZNEUISWFT-UHFFFAOYSA-N,fungicides (fumigant)herbicides (fumigant)insecticides (fumigant)nematicides (fumigant),C=CCN=C=S
alachlor,15972-60-8,"2-chloro-2â²,6â²-diethyl-N-(methoxymethyl)acetanilide",XCSGPAVHZFQHGE-UHFFFAOYSA-N,herbicides (chloroacetamide),CCc1cccc(CC)c1N(COC)C(=O)CCl
naptalam,132-66-1,N-1-naphthylphthalamic acid,JXTHEWSKYLZVJC-UHFFFAOYSA-N,herbicides (arylcarboxylic acid),OC(=O)c1ccccc1C(=O)Nc2cccc3ccccc23
alanycarb,83130-01-2,"ethyl (Z)-N-benzyl-N-({methyl
	[({[1-(methylthio)ethylidene]amino}oxy)carbonyl]amino}thio)-Î²-alaninate",GMAUQNJOSOMMHI-JXAWBTAJSA-N,insecticides (oxime carbamate)nematicides (oxime carbamate),CCOC(=O)CCN(Cc1ccccc1)SN(C)C(=O)O\N=C(\C)SC
albendazole,54965-21-8,methyl [5-(propylthio)-1H-benzimidazol-2-yl]carbamate,HXHWSAZORRCQMX-UHFFFAOYSA-N,fungicides (benzimidazole),CCCSc1ccc2nc(NC(=O)OC)[nH]c2c1
albucidin,126170-40-9,"[(2S,4R)-4-(6-amino-9H-purin-9-yl)-2-oxetanyl]methanol",QNROWADMDDKKHX-NTSWFWBYSA-N,herbicides (unclassified),Nc1ncnc2n(cnc12)[C@H]3C[C@@H](CO)O3
aldicarb,116-06-3,N-methyl-1-({(EZ)-[2-methyl-2-(methylthio)propylidene]amino}oxy)formamide1979 Rules:(EZ)-2-methyl-2-(methylthio)propionaldehyde O-(methylcarbamoyl)oxime,QGLZXHRNAYXIBU-UHFFFAOYSA-N,acaricides (oxime carbamate)insecticides (oxime carbamate)nematicides (oxime carbamate),CNC(=O)O\N=C\C(C)(C)SC
aldoxycarb,1646-88-4,N-methyl-1-({(EZ)-[2-methyl-2-(methylsulfonyl)propylidene]amino}oxy)formamide1979 Rules:(EZ)-2-mesyl-2-methylpropionaldehyde O-(methylcarbamoyl)oxime,YRRKLBAKDXSTNC-UHFFFAOYSA-N,insecticides (oxime carbamate)nematicides (oxime carbamate),CNC(=O)O\N=C\C(C)(C)[S](C)(=O)=O
aldimorph,91315-15-0,"4-alkyl-2,5(or 2,6)-dimethylmorpholines, containing 65â75% 2,6-dimethylmorpholines and 35â25% 2,5-dimethylmorpholines, where more than 85% of the total is 4-dodecyl-2,5(or 2,6)-dimethylmorpholine, and where âalkylâ may also be octyl, decyl, tetradecyl or hexadecyl, and where the cis/trans ratio is 1:1; the major component is (2RS,6SR)-4-dodecyl-2,6-dimethylmorpholine",SBUKOHLFHYSZNG-UHFFFAOYSA-N (major component),fungicides (morpholine),Failed
aldoxycarb,1646-88-4,N-methyl-1-({(EZ)-[2-methyl-2-(methylsulfonyl)propylidene]amino}oxy)formamide1979 Rules:(EZ)-2-mesyl-2-methylpropionaldehyde O-(methylcarbamoyl)oxime,YRRKLBAKDXSTNC-UHFFFAOYSA-N,insecticides (oxime carbamate)nematicides (oxime carbamate),CNC(=O)O\N=C\C(C)(C)[S](C)(=O)=O
aldrin,309-00-2,"(1R,4S,4aS,5S,8R,8aR)-1,2,3,4,10,10-hexachloro-1,4,4a,5,8,8a-hexahydro-1,4:5,8-dimethanonaphthalene",QBYJBZPUGVGKQQ-SJJAEHHWSA-N,insecticides (chlorinated cyclodiene),ClC1=C(Cl)C2(Cl)C3C4CC(C=C4)C3C1(Cl)C2(Cl)Cl
allethrin,584-79-2,"(1RS)-3-allyl-2-methyl-4-oxocyclopent-2-enyl (1RS,3RS;1RS,3SR)-2,2-dimethyl-3-(2-methylprop-1-enyl)cyclopropanecarboxylatepre-1969 name:(Â±)-3-allyl-2-methyl-4-oxocyclopent-2-enyl (Â±)-cis-trans-chrysanthemate",ZCVAOQKBXKSDMS-UHFFFAOYSA-N,insecticides (pyrethroid),CC(C)=CC1C(C(=O)OC2CC(=O)C(=C2C)CC=C)C1(C)C
bioallethrin,260359-57-7,"(1RS)-3-allyl-2-methyl-4-oxocyclopent-2-enyl (1R,3R)-2,2-dimethyl-3-(2-methylprop-1-enyl)cyclopropanecarboxylateRothamsted-style stereodescriptors:(1RS)-3-allyl-2-methyl-4-oxocyclopent-2-enyl (1R)-trans-2,2-dimethyl-3-(2-methylprop-1-enyl)cyclopropanecarboxylatepre-1969 name:(Â±)-3-allyl-2-methyl-4-oxocyclopent-2-enyl (+)-trans-chrysanthemate",ZCVAOQKBXKSDMS-AQYZNVCMSA-N,insecticides (pyrethroid),CC1=C(C(=O)CC1OC(=O)[C@@H]2[C@H](C2(C)C)C=C(C)C)CC=C
allicin,539-86-6,S-allyl prop-2-ene-1-sulfinothioate,JDLKFOPOAOFWQN-UHFFFAOYSA-N,fungicides (botanical)insecticides (botanical)molluscicides,C=CCS[S](=O)CC=C
allidochlor,93-71-0,"N,N-diallyl-2-chloroacetamide",MDBGGTQNNUOQRC-UHFFFAOYSA-N,herbicides (chloroacetamide),ClCC(=O)N(CC=C)CC=C
allosamidin,103782-08-7,"(3aR,4R,5R,6S,6aS)-2-(dimethylamino)-4,5,6,6a-tetrahydro-4-hydroxy-6-(hydroxymethyl)-3aH-cyclopenta[d][1,3]oxazol-5-yl 2-acetamido-4-O-(2-acetamido-2-deoxy-Î²-D-allopyranosyl)-2-deoxy-Î²-D-allopyranoside",MDWNFWDBQGOKNZ-XYUDZHFQSA-N,insecticides (antibiotic),CN(C)C1=N[C@@H]2[C@@H](O)[C@H](O[C@@H]3O[C@H](CO)[C@@H](O[C@@H]4O[C@H](CO)[C@@H](O)[C@@H](O)[C@H]4NC(C)=O)[C@@H](O)[C@H]3NC(C)=O)[C@@H](CO)[C@@H]2O1
alloxydim,55634-91-8,"methyl (1RS)-3-{(E)-1-[(allyloxy)imino]butyl}-4-hydroxy-6,6-dimethyl-2-oxocyclohex-3-enecarboxylate",ORFLOUYIJLPLPL-WOJGMQOQSA-NCAS-preferred tautomer:MSNWHIVXIUIVPC-WOJGMQOQSA-N,herbicides (cyclohexanedione oxime),CCC\C(NOCC=C)=C1/C(=O)CC(C)(C)C(C(=O)OC)C1=O
allyl%20alcohol,107-18-6,allyl alcohol,XXROGKLTLUQVRX-UHFFFAOYSA-N,fungicides (unclassified)herbicides (unclassified),OCC=C
allyl%20isothiocyanate,57-06-7,allyl isothiocyanate,ZOJBYZNEUISWFT-UHFFFAOYSA-N,fungicides (fumigant)herbicides (fumigant)insecticides (fumigant)nematicides (fumigant),C=CCN=C=S
allyxycarb,6392-46-7,"4-(diallylamino)-3,5-dimethylphenyl methylcarbamate1979 Rules:4-(diallylamino)-3,5-xylyl methylcarbamate",FBEHFRAORPEGFH-UHFFFAOYSA-N,insecticides (phenyl carbamate),CNC(=O)Oc1cc(C)c(N(CC=C)CC=C)c(C)c1
alorac,19360-02-2,"(2Z)-2,3,5,5,5-pentachloro-4-oxopent-2-enoic acid1979 Rules:(Z)-perchloro-4-oxopent-2-enoic acid",RRLHZVASKJLNFJ-UPHRSURJSA-N,herbicides (halogenated alkanoic acid),C(=C(\C(=O)O)/Cl)(\C(=O)C(Cl)(Cl)Cl)/Cl
alpha-bromadiolone,28772-56-7,"mixture comprised of 80â100% 3-[(1RS,3RS)-3-(4â²-bromobiphenyl-4-yl)-3-hydroxy-1-phenylpropyl]-4-hydroxy-2H-chromen-2-one and 20â0% of the (1RS,3SR)-isomers1979 Rules:mixture comprised of 80â100% 3-[(1RS,3RS)-3-(4â²-bromobiphenyl-4-yl)-3-hydroxy-1-phenylpropyl]-4-hydroxycoumarin and 20â0% of the (1RS,3SR)-isomers",LQAGAOMQXARIFO-CPBLEMPESA-N (major component),rodenticides (coumarin),OC(CC(c1ccccc1)C2=C(O)Oc3ccccc3C2=O)c4ccc(cc4)c5ccc(Br)cc5
alpha-cypermethrin,67375-30-8,"racemate comprising (R)-Î±-cyano-3-phenoxybenzyl (1S,3S)-3-(2,2-dichlorovinyl)-2,2-dimethylcyclopropanecarboxylate and (S)-Î±-cyano-3-phenoxybenzyl (1R,3R)-3-(2,2-dichlorovinyl)-2,2-dimethylcyclopropanecarboxylateRothamsted-style stereodescriptors:racemate comprising (R)-Î±-cyano-3-phenoxybenzyl (1S)-cis-3-(2,2-dichlorovinyl)-2,2-dimethylcyclopropanecarboxylate and (S)-Î±-cyano-3-phenoxybenzyl (1R)-cis-3-(2,2-dichlorovinyl)-2,2-dimethylcyclopropanecarboxylate",GUQZCTLEJXHSIH-RZAVTOELSA-Nidentifier for no stereochemistry:KAATUXNTWXVJKI-UHFFFAOYSA-N,acaricides (pyrethroid)insecticides (pyrethroid),CC1(C)[C@@H](C=C(Cl)Cl)[C@H]1C(=O)OC(C#N)c2cccc(Oc3ccccc3)c2
alpha-endosulfan,959-98-8,"equimolar mixture of 2 asymmetric, twisted-chair conformers of (5aR,6S,9R,9aS)-6,7,8,9,10,10-hexachloro-1,5,5a,6,9,9a-hexahydro-6,9-methano-2,4,3-benzodioxathiepin 3-oxide",RDYMFSUJUZBWLH-AZVNHNRSSA-N,insecticides (chlorinated cyclodiene),ClC1=C(Cl)C2(Cl)[C@H]3CO[S](=O)OC[C@H]3[C@]1(Cl)C2(Cl)Cl
alpha-cypermethrin,67375-30-8,"racemate comprising (R)-Î±-cyano-3-phenoxybenzyl (1S,3S)-3-(2,2-dichlorovinyl)-2,2-dimethylcyclopropanecarboxylate and (S)-Î±-cyano-3-phenoxybenzyl (1R,3R)-3-(2,2-dichlorovinyl)-2,2-dimethylcyclopropanecarboxylateRothamsted-style stereodescriptors:racemate comprising (R)-Î±-cyano-3-phenoxybenzyl (1S)-cis-3-(2,2-dichlorovinyl)-2,2-dimethylcyclopropanecarboxylate and (S)-Î±-cyano-3-phenoxybenzyl (1R)-cis-3-(2,2-dichlorovinyl)-2,2-dimethylcyclopropanecarboxylate",GUQZCTLEJXHSIH-RZAVTOELSA-Nidentifier for no stereochemistry:KAATUXNTWXVJKI-UHFFFAOYSA-N,acaricides (pyrethroid)insecticides (pyrethroid),CC1(C)[C@@H](C=C(Cl)Cl)[C@H]1C(=O)OC(C#N)c2cccc(Oc3ccccc3)c2
altretamine,645-05-6,"N2,N2,N4,N4,N6,N6-hexamethyl-1,3,5-triazine-2,4,6-triamine",UUVWYPNAQBNQJQ-UHFFFAOYSA-N,chemosterilants,CN(C)c1nc(nc(n1)N(C)C)N(C)C
aluminium%20phosphide,20859-73-8,aluminium phosphide,PPNXXZIBFHTHDM-UHFFFAOYSA-N,rodenticides (inorganic),[Al+3].[P-3]
aluminium%20phosphide,20859-73-8,aluminium phosphide,PPNXXZIBFHTHDM-UHFFFAOYSA-N,rodenticides (inorganic),[Al+3].[P-3]
ametoctradin,865318-97-4,"5-ethyl-6-octyl[1,2,4]triazolo[1,5-a]pyrimidin-7-amine",GGKQIOFASHYUJZ-UHFFFAOYSA-N,fungicides (triazolopyrimidine),CCCCCCCCC1=C(N2C(=NC=N2)N=C1CC)N
ametridione,78168-93-1,"1-amino-3-(2,2-dimethylpropyl)-6-(ethylthio)-1,3,5-triazine-2,4(1H,3H)-dione1979 Rules:1-amino-6-(ethylthio)-3-neopentyl-1,3,5-triazine-2,4(1H,3H)-dione",KOKBUARVIJVMMM-UHFFFAOYSA-N,herbicides (triazinone),CCSC1=NC(=O)N(CC(C)(C)C)C(=O)N1N
ametryn,834-12-8,"N2-ethyl-N4-isopropyl-6-(methylthio)-1,3,5-triazine-2,4-diaminepre-1969 name:2-(ethylamino)-4-(isopropylamino)-6-(methylthio)-1,3,5-triazine",RQVYBGPQFYCBGX-UHFFFAOYSA-N,herbicides (alkylthiotriazine),CCNc1nc(NC(C)C)nc(SC)n1
ametryn,834-12-8,"N2-ethyl-N4-isopropyl-6-(methylthio)-1,3,5-triazine-2,4-diaminepre-1969 name:2-(ethylamino)-4-(isopropylamino)-6-(methylthio)-1,3,5-triazine",RQVYBGPQFYCBGX-UHFFFAOYSA-N,herbicides (alkylthiotriazine),CCNc1nc(NC(C)C)nc(SC)n1
amfenamacril,3095661-21-2,ethyl (2Z)-3-amino-2-cyano-3-{4-[ethyl(methyl)amino]phenyl}prop-2-enoate,LNAZEQHZUUSJMX-YPKPFQOOSA-N,fungicides (aminocyanoacrylate),CCN(C)C1=CC=C(C=C1)/C(=C(\C#N)/C(=O)OCC)/N
amibuzin,76636-10-7,"6-tert-butyl-3-(dimethylamino)-4-methyl-1,2,4-triazin-5(4H)-one",HVHHQHTXTGUMSR-UHFFFAOYSA-N,herbicides (triazinone),CN(C)C1=NN=C(C(=O)N1C)C(C)(C)C
amicarbazone,129909-90-6,"4-amino-N-tert-butyl-3-isopropyl-5-oxo-4,5-dihydro-1H-1,2,4-triazole-1-carboxamide1979 Rules:4-amino-N-tert-butyl-4,5-dihydro-3-isopropyl-5-oxo-1H-1,2,4-triazole-1-carboxamide",ORFPWVRKFLOQHK-UHFFFAOYSA-N,herbicides (triazolone),CC(C)C1=NN(C(=O)NC(C)(C)C)C(=O)N1N
amicarthiazol,21452-14-2,2-amino-4-methylthiazole-5-carboxanilide,CACOMUHPQMDEJQ-UHFFFAOYSA-N,bactericides,Cc1cccc(NC(=O)c2sc(N)nc2)c1
amidithion,919-76-6,"S-{2-[(2-methoxyethyl)amino]-2-oxoethyl} O,O-dimethyl phosphorodithioate1979 Rules:S-{[(2-methoxyethyl)carbamoyl]methyl} O,O-dimethyl phosphorodithioate",GDTZUQIYUMGJRT-UHFFFAOYSA-N,acaricides (aliphatic amide organothiophosphate)insecticides (aliphatic amide organothiophosphate),COCCNC(=O)CS[P](=S)(OC)OC
amidochlor,40164-67-8,"N-[(acetylamino)methyl]-2-chloro-2â²,6â²-diethylacetanilide",QTGVGIVRLSGTJJ-UHFFFAOYSA-N,herbicides (chloroacetanmide),CCc1cccc(CC)c1N(CNC(C)=O)C(=O)CCl
amidoflumet,84466-05-7,"methyl 5-chloro-2-{[(trifluoromethyl)sulfonyl]amino}benzoate1979 Rules:methyl 5-chloro-2-(1,1,1-trifluoromethanesulfonamido)benzoate",KBHDSWIXRODKSZ-UHFFFAOYSA-N,acaricides (trifluoromethanesulfonanilide),COC(=O)c1cc(Cl)ccc1N[S](=O)(=O)C(F)(F)F
amidosulfuron,120923-37-7,"N-{[(4,6-dimethoxypyrimidin-2-yl)carbamoyl]sulfamoyl}-N-methylmethanesulfonamide1979 Rules:1-(4,6-dimethoxypyrimidin-2-yl)-3-[mesyl(methyl)sulfamoyl]urea",CTTHWASMBLQOFR-UHFFFAOYSA-N,herbicides (pyrimidinylsulfonylurea),COc1cc(OC)nc(NC(=O)N[S](=O)(=O)N(C)[S](C)(=O)=O)n1
aminocarb,2032-59-9,4-(dimethylamino)-3-methylphenyl methylcarbamate1979 Rules:4-(dimethylamino)-m-tolyl methylcarbamate,IMIDOCRTMDIQIJ-UHFFFAOYSA-N,insecticides (phenyl carbamate),CNC(=O)Oc1ccc(N(C)C)c(C)c1
aminocyclopyrachlor,858956-08-8,6-amino-5-chloro-2-cyclopropylpyrimidine-4-carboxylic acid,KWAIHLIXESXTJL-UHFFFAOYSA-N,herbicides (pyrimidinecarboxylic acid),C1CC1C2=NC(=C(C(=N2)N)Cl)C(=O)O
aminopyralid,150114-71-9,"4-amino-3,6-dichloropyridine-2-carboxylic acidpre-1969 name:4-amino-3,6-dichloropicolinic acid",NIXXQNOQHKNPEJ-UHFFFAOYSA-N,herbicides (pyridinecarboxylic acid),Nc1cc(Cl)nc(C(O)=O)c1Cl
4-aminopyridine,504-24-5,pyridin-4-amine,NUKYPUAOHBNCPY-UHFFFAOYSA-N,avicidesbird repellents,Nc1ccncc1
aminopyrifen,1531626-08-0,4-phenoxybenzyl 2-amino-6-methylpyridine-3-carboxylate1979 Rules:4-phenoxybenzyl 2-amino-6-methylnicotinate,PWWPULQZEAPTTB-UHFFFAOYSA-N,fungicides (pyridine),CC1=NC(=C(C=C1)C(=O)OCC2=CC=C(C=C2)OC3=CC=CC=C3)N
aminotipyr,3052252-63-5,4-[(5-methylthiazol-2-yl)oxy]benzyl 2-amino-6-methylpyridine-3-carboxylateor4-[(5-methylthiazol-2-yl)oxy]benzyl 2-amino-6-methylnicotinate,FAYVBMMWMRQVMB-UHFFFAOYSA-N,fungicides (unclassified),CC1=NC(=C(C=C1)C(=O)OCC2=CC=C(C=C2)OC3=NC=C(S3)C)N
amitrole,61-82-5,"1H-1,2,4-triazol-3-ylaminepre-1969 name:3-amino-1,2,4-triazole",KLSJWNVTNUYHDU-UHFFFAOYSA-N,herbicides (triazole),Nc1[nH]ncn1
amiprofos-methyl,36001-88-4,O-methyl O-(4-methyl-2-nitrophenyl) (RS)-isopropylphosphoramidothioate1979 Rules:O-methyl O-(2-nitro-p-tolyl) (RS)-isopropylphosphoramidothioate,VHEWQRWLIDWRMR-UHFFFAOYSA-N,herbicides (phosphoramidate),CO[P](=S)(NC(C)C)Oc1ccc(C)cc1[N+]([O-])=O
amiprophos,33857-23-7,O-ethyl O-(4-methyl-2-nitrophenyl) (RS)-isopropylphosphoramidothioate1979 Rules:O-ethyl O-(2-nitro-p-tolyl) (RS)-isopropylphosphoramidothioate,BFFLCMLOXQNHJA-UHFFFAOYSA-N,herbicides (phosphoramidate),CCO[P](=S)(NC(C)C)Oc1ccc(C)cc1[N+]([O-])=O
amiprofos-methyl,36001-88-4,O-methyl O-(4-methyl-2-nitrophenyl) (RS)-isopropylphosphoramidothioate1979 Rules:O-methyl O-(2-nitro-p-tolyl) (RS)-isopropylphosphoramidothioate,VHEWQRWLIDWRMR-UHFFFAOYSA-N,herbicides (phosphoramidate),CO[P](=S)(NC(C)C)Oc1ccc(C)cc1[N+]([O-])=O
amisulbrom,348635-87-0,"3-[(3-bromo-6-fluoro-2-methyl-1H-indol-1-yl)sulfonyl]-N,N-dimethyl-1H-1,2,4-triazole-1-sulfonamide",BREATYVWRHIPIY-UHFFFAOYSA-N,fungicides (sulfamoyltriazole),CC1=C(C2=C(N1S(=O)(=O)C3=NN(C=N3)S(=O)(=O)N(C)C)C=C(C=C2)F)Br
amiton,78-53-5,"S-[2-(diethylamino)ethyl] O,O-diethyl phosphorothioate",PJISLFCKHOHLLP-UHFFFAOYSA-N,acaricides (aliphatic organothiophosphate)insecticides (aliphatic organothiophosphate),CCO[P](=O)(OCC)SCCN(CC)CC.OC(=O)C(O)=O
amitraz,33089-61-1,"Nâ²-(2,4-dimethylphenyl)-N-{[(2,4-dimethylphenyl)imino]methyl}-N-methylformimidamide1979 Rules:N1-methyl-N2-(2,4-xylyl)-N1-[(2,4-xylylimino)methyl]formamidine",QXAITBQSYVNQDR-UHFFFAOYSA-N,acaricides (formamidine)insecticides (formamidine),CN(C=Nc1ccc(C)cc1C)C=Nc2ccc(C)cc2C
amitrole,61-82-5,"1H-1,2,4-triazol-3-ylaminepre-1969 name:3-amino-1,2,4-triazole",KLSJWNVTNUYHDU-UHFFFAOYSA-N,herbicides (triazole),Nc1[nH]ncn1
ammonium%20sulfamate,7773-06-0,ammonium sulfamidate,GEHMBYLTCISYNY-UHFFFAOYSA-N,herbicides (inorganic),[NH4+].N[S]([O-])(=O)=O
amobam,3566-10-7,diammonium ethylenebis(dithiocarbamate),FROZIYRKKUFAOC-UHFFFAOYSA-N,fungicides (alkylenebis(dithiocarbamate)),N.N.SC(=S)NCCNC(S)=S
silica%20gel,7631-86-9,dioxosilane,VYPSYNLAJGMNEJ-UHFFFAOYSA-N,insecticides (inorganic),O=[Si]=O
silica%20gel,7631-86-9,dioxosilane,VYPSYNLAJGMNEJ-UHFFFAOYSA-N,insecticides (inorganic),O=[Si]=O
amfenamacril,3095661-21-2,ethyl (2Z)-3-amino-2-cyano-3-{4-[ethyl(methyl)amino]phenyl}prop-2-enoate,LNAZEQHZUUSJMX-YPKPFQOOSA-N,fungicides (aminocyanoacrylate),CCN(C)C1=CC=C(C=C1)/C(=C(\C#N)/C(=O)OCC)/N
ampropylfos,14047-23-5,(RS)-(1-aminopropyl)phosphonic acid,DELJNDWGTWHHFA-UHFFFAOYSA-N,fungicides (phosphonate),CC[C@@H]([NH3+])[P]([O-])([O-])=O
ammonium%20sulfamate,7773-06-0,ammonium sulfamidate,GEHMBYLTCISYNY-UHFFFAOYSA-N,herbicides (inorganic),[NH4+].N[S]([O-])(=O)=O
anabasine,494-52-0,3-[(2S)-2-piperidyl]pyridine,MTXSIJUGVMTTMU-JTQLQIEISA-N,insecticides (alkaloid),C1CC[C@H](NC1)c2cccnc2
ancymidol,12771-68-5,(RS)-Î±-cyclopropyl-4-methoxy-Î±-(pyrimidin-5-yl)benzyl alcohol,HUTDUHSNJYTCAR-UHFFFAOYSA-N,plant growth regulators (growth inhibitor),COc1ccc(cc1)C(O)(C2CC2)c3cncnc3
anilazine,101-05-3,"4,6-dichloro-N-(2-chlorophenyl)-1,3,5-triazin-2-amine",IMHBYKMAHXWHRP-UHFFFAOYSA-N,"fungicides (1,3,5-triazine)",Clc1nc(Cl)nc(Nc2ccccc2Cl)n1
anilofos,64249-01-0,"S-{2-[(4-chlorophenyl)isopropylamino]-2-oxoethyl} O,O-dimethyl phosphorodithioate1979 Rules:S-[(4-chloro-N-isopropylcarbaniloyl)methyl] O,O-dimethyl phosphorodithioate",NXQDBZGWYSEGFL-UHFFFAOYSA-N,herbicides (alpha-thioacetamide),CO[P](=S)(OC)SCC(=O)N(C(C)C)c1ccc(Cl)cc1
anisiflupurin,1089014-47-0,2-fluoro-N-(3-methoxyphenyl)-9H-purin-6-amine,KJBRXNXZODWCMC-UHFFFAOYSA-N,plant growth regulators (cytokinin),COC1=CC=CC(=C1)NC2=NC(=NC3=C2NC=N3)F
anisuron,2689-43-2,"N-(3,4-dichlorophenyl)-N-(dimethylcarbamoyl)-4-methoxybenzamide1979 Rules:1-(p-anisoyl)-1-(3,4-dichlorophenyl)-3,3-dimethylurea",RGKLVVDHWRAWRO-UHFFFAOYSA-N,herbicides (phenylurea),COc1ccc(cc1)C(=O)N(C(=O)N(C)C)c2ccc(Cl)c(Cl)c2
anthraquinone,84-65-1,"anthracene-9,10-dione1979 Rules:anthraquinone",RZVHIXYEVGDQDX-UHFFFAOYSA-N,bird repellents,O=C1c2ccccc2C(=O)c3ccccc13
tartar%20emetic,28300-74-5,"dipotassium 3,6,10,13-tetraoxo-2,7,9,14,15,16,17,18-octaoxa-1Î»4,8Î»4-distibapentacyclo[10.2.1.11,4.15,8.18,11]octadecane-1,8-diuide trihydrate",WBTCZEPSIIFINA-UHFFFAOYSA-J,insecticides (unclassified),O.O.O.[K+].[K+].[O-]C(=O)C1O[Sb]2OC(C(O[Sb]3OC1C(=O)O3)C([O-])=O)C(=O)O2
antu,86-88-4,1-(1-naphthyl)thiourea,PIVQQUNOTICCSA-UHFFFAOYSA-N,rodenticides (thiourea),NC(=S)Nc1cccc2ccccc12
apholate,52-46-0,"2,2,4,4,6,6-hexakis(aziridin-1-yl)-1,3,5,2Î»5,4Î»5,6Î»5-triazatriphosphinine",PXZAWHSJYIECNQ-UHFFFAOYSA-N,chemosterilants,C1CN1[P]2(=N[P](=N[P](=N2)(N3CC3)N4CC4)(N5CC5)N6CC6)N7CC7
aramite,140-57-8,(RS)-2-(4-tert-butylphenoxy)-1-methylethyl 2-chloroethyl sulfite,YKFRAOGHWKADFJ-UHFFFAOYSA-N,acaricides (sulfite ester),CC(COc1ccc(cc1)C(C)(C)C)O[S](=O)OCCCl
propoxur,114-26-1,2-isopropoxyphenyl methylcarbamate,ISRUGXGCCGIOQO-UHFFFAOYSA-N,acaricides (phenyl carbamate)insecticides (phenyl carbamate),CNC(=O)Oc1ccccc1OC(C)C
arsenous%20oxide,1327-53-3,arsenic(III) oxideorarsenic(3+) oxideordiarsenic trioxide,IKWTVSLWAPBBKU-UHFFFAOYSA-N,acaricides (inorganic)rodenticides (arsenical),[O--].[O--].[O--].[As+3].[As+3]
asomate,3586-60-5,arsenotrithionous tris(dimethylcarbamodithioic) tris(thioanhydride)1979 Rules:tris(dimethyldithiocarbamic) trithioarsenous tris(thioanhydride),GAMFEMAXLMWCRG-UHFFFAOYSA-N,fungicides (arsenical; dimethyldithiocarbamate),CN(C)C(=S)S[As](SC(=S)N(C)C)SC(=S)N(C)C
asulam,3337-71-1,methyl [(4-aminophenyl)sulfonyl]carbamate1979 Rules:methyl sulfanilylcarbamate,VGPYEHKOIGNJKV-UHFFFAOYSA-N,herbicides (carbamate),COC(=O)N[S](=O)(=O)c1ccc(N)cc1
athidathion,19691-80-6,"O,O-diethyl S-[(5-methoxy-2-oxo-1,3,4-thiadiazol-3(2H)-yl)methyl] phosphorodithioate1979 Rules:S-[(2,3-dihydro-5-methoxy-2-oxo-1,3,4-thiadiazol-3-yl)methyl] O,O-diethyl phosphorodithioate",QAOFKYGUSMPWNY-UHFFFAOYSA-N,insecticides (arylalkyl organothiophosphate),CCO[P](=S)(OCC)SCN1N=C(OC)SC1=O
atraton,1610-17-9,"N2-ethyl-N4-isopropyl-6-methoxy-1,3,5-triazine-2,4-diaminepre-1969 name:2-(ethylamino)-4-(isopropylamino)-6-methoxy-1,3,5-triazine",PXWUKZGIHQRDHL-UHFFFAOYSA-N,herbicides (methoxytriazine),CCNc1nc(NC(C)C)nc(OC)n1
atrazine,1912-24-9,"6-chloro-N2-ethyl-N4-isopropyl-1,3,5-triazine-2,4-diaminepre-1969 name:2-chloro-4-(ethylamino)-6-(isopropylamino)-1,3,5-triazine",MXWJVTOOROXGIU-UHFFFAOYSA-N,herbicides (chlorotriazine),CCNc1nc(Cl)nc(NC(C)C)n1
aureofungin,8065-41-6,"mixture of aureofungin A (33-[(3-amino-3,6-dideoxy-D-mannopyranosyl)oxy]-1,3,5,7,9,11,13,15,37-nonahydroxy-17-{4-hydroxy-1-methyl-6-[4-(methylamino)phenyl]-6-oxohexyl}-18-methyl-15-oxo-16,39-dioxabicyclo[33.3.1]nonatriaconta-19,21,23,25,27,29,31-heptaene-36-carboxylic acid) and aureofungin B (33-[(3-amino-3,6-dideoxy-D-mannopyranosyl)oxy]-1,3,5,7,9,11,13,15,37-nonahydroxy-17-(4-hydroxy-1-methyl-6-oxoundeca-7,9-dienyl)-18-methyl-15-oxo-16,39-dioxabicyclo[33.3.1]nonatriaconta-19,21,23,25,27,29,31-heptaene-36-carboxylic acid)",aureofungin A: FVOHYQMTNYOFFF-GDCWYOSQSA-Naureofungin B: UCGCBJZKDUUGEM-INEXPJPMSA-N,fungicides (macrocyclic lactone),Failed
abamectin,71751-41-2,"extended von Baeyer nomenclature: mixture of 80â100% (10E,14E,16E)-(1R,4S,5â²S,6S,6â²R,8R,12S,13S,20R,21R,24S)-6â²-[(S)-sec-butyl]-21,24-dihydroxy-5â²,11,13,22-tetramethyl-2-oxo-(3,7,19-trioxatetracyclo[15.6.1.14,8.020,24]pentacosa-10,14,16,22-tetraene)-6-spiro-2â²-(5â²,6â²-dihydro-2â²H-pyran)-12-yl 2,6-dideoxy-4-O-(2,6-dideoxy-3-O-methyl-Î±-L-arabino-hexopyranosyl)-3-O-methyl-Î±-L-arabino-hexopyranoside and 20â0% (10E,14E,16E)-(1R,4S,5â²S,6S,6â²R,8R,12S,13S,20R,21R,24S)-21,24-dihydroxy-6â²-isopropyl-5â²,11,13,22-tetramethyl-2-oxo-(3,7,19-trioxatetracyclo[15.6.1.14,8.020,24]pentacosa-10,14,16,22-tetraene)-6-spiro-2â²-(5â²,6â²-dihydro-2â²H-pyran)-12-yl 2,6-dideoxy-4-O-(2,6-dideoxy-3-O-methyl-Î±-L-arabino-hexopyranosyl)-3-O-methyl-Î±-L-arabino-hexopyranosideorbridged fused ring systems nomenclature: mixture of 80â100% (2aE,4E,8E)-(5â²S,6S,6â²R,7S,11R,13S,15S,17aR,20R,20aR,20bS)-6â²-[(S)-sec-butyl]-5â²,6,6â²,7,10,11,14,15,17a,20,20a,20b-dodecahydro-20,20b-dihydroxy-5â²,6,8,19-tetramethyl-17-oxospiro[11,15-methano-2H,13H,17H-furo[4,3,2-pq][2,6]benzodioxacyclooctadecin-13,2â²-[2H]pyran]-7-yl 2,6-dideoxy-4-O-(2,6-dideoxy-3-O-methyl-Î±-L-arabino-hexopyranosyl)-3-O-methyl-Î±-L-arabino-hexopyranoside and 20â0% (2aE,4E,8E)-(5â²S,6S,6â²R,7S,11R,13S,15S,17aR,20R,20aR,20bS)-5â²,6,6â²,7,10,11,14,15,17a,20,20a,20b-dodecahydro-20,20b-dihydroxy-6â²-isopropyl-5â²,6,8,19-tetramethyl-17-oxospiro[11,15-methano-2H,13H,17H-furo[4,3,2-pq][2,6]benzodioxacyclooctadecin-13,2â²-[2H]pyran]-7-yl 2,6-dideoxy-4-O-(2,6-dideoxy-3-O-methyl-Î±-L-arabino-hexopyranosyl)-3-O-methyl-Î±-L-arabino-hexopyranoside",avermectin B1a (6â²-(S)-sec-butyl):RRZXIRBKKLTSOM-XPNPUAGNSA-Navermectin B1b (6â²-isopropyl):ZFUKERYTFURFGA-PVVXTEPVSA-Nidentifier for mixture (not valid):IBSREHMXUMOFBB-JFUDTMANSA-N,acaricides (avermectin)insecticides (avermectin)nematicides (avermectin),CCC(C)[C@H]1O[C@@]2(C[C@@H]3C[C@@H](C\C=C(C)\[C@@H](O[C@H]4C[C@H](OC)[C@@H](O[C@H]5C[C@H](OC)[C@@H](O)[C@H](C)O5)[C@H](C)O4)[C@@H](C)/C=C/C=C/6CO[C@@H]7[C@H](O)C(=C[C@@H](C(=O)O3)[C@]67O)C)O2)C=C[C@@H]1C.CO[C@H]8C[C@@H](O[C@@H](C)[C@@H]8O)O[C@H]9[C@H](C)O[C@H](C[C@@H]9OC)O[C@H]/%10[C@@H](C)/C=C/C=C/%11CO[C@@H]%12[C@H](O)C(=C[C@@H](C(=O)O[C@H]%13C[C@@H](C\C=C%10C)O[C@@]%14(C%13)O[C@H](C(C)C)[C@@H](C)C=C%14)[C@]%11%12O)C
aviglycine,49669-74-1,"(E)-L-2-[2-(2-aminoethoxy)vinyl]glycineor(2S,3E)-2-amino-4-(2-aminoethoxy)but-3-enoic acid",USGUVNUTPWXWBA-JRIXXDKMSA-N,plant growth regulators (ethylene inhibitor),[Cl-].NC(/C=C/OCC[NH3+])C(O)=O
aviglycine,49669-74-1,"(E)-L-2-[2-(2-aminoethoxy)vinyl]glycineor(2S,3E)-2-amino-4-(2-aminoethoxy)but-3-enoic acid",USGUVNUTPWXWBA-JRIXXDKMSA-N,plant growth regulators (ethylene inhibitor),[Cl-].NC(/C=C/OCC[NH3+])C(O)=O
azaconazole,60207-31-0,"1-{[2-(2,4-dichlorophenyl)-1,3-dioxolan-2-yl]methyl}-1H-1,2,4-triazole",AKNQMEBLVAMSNZ-UHFFFAOYSA-N,fungicides (triazole),Clc1ccc(c(Cl)c1)C2(Cn3cncn3)OCCO2
azadirachtin,11141-17-6,"dimethyl (2aR,3S,4S,4aR,5S,7aS,8S,10R,10aS,10bR)-10-acetoxy-3,5-dihydroxy-4-[(1aR,2S,3aS,6aS,7S,7aS)-6a-hydroxy-7a-methyl-3a,6a,7,7a-tetrahydro-2,7-methanofuro[2,3-b]oxireno[e]oxepin-1a(2H)-yl]-4-methyl-8-{[(2E)-2-methylbut-2-enoyl]oxy}octahydro-1H-naphtho[1,8a-c:4,5-bâ²câ²]difuran-5,10a(8H)-dicarboxylate",FTNJWQUOZFUQQJ-NDAWSKJSSA-N,insecticides (botanical),COC(=O)[C@@]1(O)OC[C@@]23[C@H](C[C@@H](OC(C)=O)[C@]4(CO[C@@H]([C@@H](O)[C@](C)([C@H]12)[C@]56O[C@@]5(C)[C@H]7C[C@@H]6O[C@@H]8OC=C[C@]78O)[C@H]34)C(=O)OC)OC(=O)C(/C)=C/C
azafenidin,68049-83-2,"2-[2,4-dichloro-5-(prop-2-ynyloxy)phenyl]-5,6,7,8-tetrahydro-1,2,4-triazolo[4,3-a]pyridin-3(2H)-one",XOEMATDHVZOBSG-UHFFFAOYSA-N,herbicides (N-phenyltriazolinone),Clc1cc(Cl)c(cc1OCC#C)N2N=C3CCCCN3C2=O
azamethiphos,35575-96-3,"S-[(6-chloro-2-oxo-1,3-oxazolo[4,5-b]pyridin-3(2H)-yl)methyl] O,O-dimethyl phosphorothioate1979 Rules:S-[(6-chloro-2,3-dihydro-2-oxo-1,3-oxazolo[4,5-b]pyridin-3-yl)methyl] O,O-dimethyl phosphorothioate",VNKBTWQZTQIWDV-UHFFFAOYSA-N,insecticides (arylalkyl organothiophosphate),CO[P](=O)(OC)SCN1C(=O)Oc2cc(Cl)cnc12
menazon,78-57-9,"S-[(4,6-diamino-1,3,5-triazin-2-yl)methyl] O,O-dimethyl phosphorodithioate",SUYHYHLFUHHVJQ-UHFFFAOYSA-N,insecticides (arylalkyl organothiophosphate),CO[P](=S)(OC)SCc1nc(N)nc(N)n1
azimsulfuron,120162-55-2,"N-[(4,6-dimethoxypyrimidin-2-yl)carbamoyl]-1-methyl-4-(2-methyl-2H-tetrazol-5-yl)-1H-pyrazole-5-sulfonamide1979 Rules:1-(4,6-dimethoxypyrimidin-2-yl)-3-{[1-methyl-4-(2-methyl-2H-tetrazol-5-yl)-1H-pyrazol-5-yl]sulfonyl}urea",MAHPNPYYQAIOJN-UHFFFAOYSA-N,herbicides (pyrimidinylsulfonylurea),COc1cc(OC)nc(NC(=O)N[S](=O)(=O)c2n(C)ncc2c3nnn(C)n3)n1
azinphos-ethyl,2642-71-9,"O,O-diethyl S-[(4-oxo-1,2,3-benzotriazin-3(4H)-yl)methyl] phosphorodithioate1979 Rules:S-[(3,4-dihydro-4-oxo-1,2,3-benzotriazin-3-yl)methyl] O,O-diethyl phosphorodithioate",RQVGAIADHNPSME-UHFFFAOYSA-N,acaricides (arylalkyl organothiophosphate)insecticides (arylalkyl organothiophosphate),CCO[P](=S)(OCC)SCN1N=Nc2ccccc2C1=O
azinphos-ethyl,2642-71-9,"O,O-diethyl S-[(4-oxo-1,2,3-benzotriazin-3(4H)-yl)methyl] phosphorodithioate1979 Rules:S-[(3,4-dihydro-4-oxo-1,2,3-benzotriazin-3-yl)methyl] O,O-diethyl phosphorodithioate",RQVGAIADHNPSME-UHFFFAOYSA-N,acaricides (arylalkyl organothiophosphate)insecticides (arylalkyl organothiophosphate),CCO[P](=S)(OCC)SCN1N=Nc2ccccc2C1=O
azinphos-methyl,86-50-0,"O,O-dimethyl S-[(4-oxo-1,2,3-benzotriazin-3(4H)-yl)methyl] phosphorodithioate1979 Rules:S-[(3,4-dihydro-4-oxo-1,2,3-benzotriazin-3-yl)methyl] O,O-dimethyl phosphorodithioate",CJJOSEISRRTUQB-UHFFFAOYSA-N,acaricides (arylalkyl organothiophosphate)insecticides (arylalkyl organothiophosphate),CO[P](=S)(OC)SCN1N=Nc2ccccc2C1=O
azinphos-methyl,86-50-0,"O,O-dimethyl S-[(4-oxo-1,2,3-benzotriazin-3(4H)-yl)methyl] phosphorodithioate1979 Rules:S-[(3,4-dihydro-4-oxo-1,2,3-benzotriazin-3-yl)methyl] O,O-dimethyl phosphorodithioate",CJJOSEISRRTUQB-UHFFFAOYSA-N,acaricides (arylalkyl organothiophosphate)insecticides (arylalkyl organothiophosphate),CO[P](=S)(OC)SCN1N=Nc2ccccc2C1=O
aziprotryne,4658-28-0,"4-azido-N-isopropyl-6-(methylthio)-1,3,5-triazin-2-amine1979 Rules:4-azido-N-isopropyl-6-(methylthio)-1,3,5-triazin-2-ylamine",AFIIBUOYKYSPKB-UHFFFAOYSA-N,herbicides (alkylthiotriazine),CSc1nc(NC(C)C)nc(N=[N+]=[N-])n1
aziprotryne,4658-28-0,"4-azido-N-isopropyl-6-(methylthio)-1,3,5-triazin-2-amine1979 Rules:4-azido-N-isopropyl-6-(methylthio)-1,3,5-triazin-2-ylamine",AFIIBUOYKYSPKB-UHFFFAOYSA-N,herbicides (alkylthiotriazine),CSc1nc(NC(C)C)nc(N=[N+]=[N-])n1
azithiram,5834-94-6,"bis(2,2-dimethylhydrazinecarbothioyl) disulfide1979 Rules:bis(3,3-dimethylthiocarbazoyl) disulfideorN,Nâ²-bis(dimethylamino)thiuram disulfide",ZHIKKPYAYGUYPV-UHFFFAOYSA-N,fungicides (dithiocarbamate),CN(C)NC(=S)SSC(=S)NN(C)C
azobenzene,103-33-3,azobenzene,DMLAVOWQYNRWNQ-UHFFFAOYSA-N,acaricides (unclassified),c1ccc(cc1)N=Nc2ccccc2
azocyclotin,41083-11-8,"1-(tricyclohexylstannyl)-1H-1,2,4-triazole1979 Rules:tricyclohexyl-1H-1,2,4-triazol-1-yltin",ONHBDDJJTDTLIR-UHFFFAOYSA-N,acaricides (organotin),C1CCC(CC1)[Sn](|n2cncn2)(C3CCCCC3)C4CCCCC4
azothoate,5834-96-8,"O-{4-[(EZ)-(4-chlorophenyl)azo]phenyl} O,O-dimethyl phosphorothioate",DCEAEHHJGXAROU-UHFFFAOYSA-N,acaricides (phenyl organothiophosphate)insecticides (phenyl organothiophosphate),CO[P](=S)(OC)Oc1ccc(cc1)N=Nc2ccc(Cl)cc2
azoxystrobin,131860-33-8,methyl (2E)-2-(2-{[6-(2-cyanophenoxy)pyrimidin-4-yl]oxy}phenyl)-3-methoxyprop-2-enoate1979 Rules:methyl (2E)-2-(2-{[6-(2-cyanophenoxy)pyrimidin-4-yl]oxy}phenyl)-3-methoxyacrylate,WFDXOXNFNRHQEC-GHRIWEEISA-N,fungicides (methoxyacrylate),CO\C=C(C(=O)OC)/c1ccccc1Oc2cc(Oc3ccccc3C#N)ncn2
bachmedesh,172351-12-1,2-(diethylamino)ethyl (2RS)-2-(4-chlorophenyl)-3-methylbutyrate hydrochloride,DJPMLIONMMBOSS-UHFFFAOYSA-N,plant growth regulators (unclassified),CCN(CC)CCOC(=O)C(C1=CC=C(C=C1)Cl)C(C)C.Cl
barban,101-27-9,4-chlorobut-2-ynyl (3-chlorophenyl)carbamate1979 Rules:4-chlorobut-2-ynyl 3-chlorocarbanilate,MCOQHIWZJUDQIC-UHFFFAOYSA-N,herbicides (carbamate),ClCC#CCOC(=O)Nc1cccc(Cl)c1
barban,101-27-9,4-chlorobut-2-ynyl (3-chlorophenyl)carbamate1979 Rules:4-chlorobut-2-ynyl 3-chlorocarbanilate,MCOQHIWZJUDQIC-UHFFFAOYSA-N,herbicides (carbamate),ClCC#CCOC(=O)Nc1cccc(Cl)c1
barium%20hexafluorosilicate,17125-80-3,barium hexafluorosilicate(2â),RRLMRHFZRPYSNK-UHFFFAOYSA-N,insecticides (fluoride),[Ba++].F[Si--](F)(F)(F)(F)F
barium%20polysulfide,50864-67-0,barium polysulfide,Failed,fungicides (polysulfide),S.[Ba]
barium%20hexafluorosilicate,17125-80-3,barium hexafluorosilicate(2â),RRLMRHFZRPYSNK-UHFFFAOYSA-N,insecticides (fluoride),[Ba++].F[Si--](F)(F)(F)(F)F
barthrin,70-43-9,"(6-chloro-1,3-benzodioxol-5-yl)methyl (1RS,3RS;1RS,3SR)-2,2-dimethyl-3-(2-methylprop-1-enyl)cyclopropanecarboxylate1979 Rules:6-chloropiperonyl 2,2-dimethyl-3-(2-methylprop-1-enyl)cyclopropanecarboxylatepre-1969 name:6-chloropiperonyl (Â±)-cis-trans-chrysanthemate",KPMWGGRSOPMANK-UHFFFAOYSA-N,insecticides (pyrethroid),CC(C)=CC1C(C(=O)OCc2cc3OCOc3cc2Cl)C1(C)C
basic%20copper%20carbonate,12069-69-1,copper(II) carbonate hydroxide (2:1:2),ZMMDPCMYTCRWFF-UHFFFAOYSA-J,fungicides (copper compound),[OH-].[OH-].[Cu++].[Cu++].[O-]C([O-])=O
copper%20oxychloride,1332-40-7,dicopper(II) chloride trihydroxide,Failed,bactericidesbird repellentsfungicides (copper compound),[OH-].[OH-].[OH-].[Cl-].[Cu++].[Cu++]
basic%20copper%20sulfate,1344-73-6,copper(II) hydroxide sulfate,LITQZINTSYBKIU-UHFFFAOYSA-F,fungicides (copper compound),[OH-].[OH-].[OH-].[OH-].[OH-].[OH-].[O-]S(=O)(=O)[O-].[Cu+2].[Cu+2].[Cu+2].[Cu+2]
bcpc,2164-13-8,(2RS)-butan-2-yl (3-chlorophenyl)carbamate1979 Rules:(RS)-sec-butyl 3-chlorocarbanilate,CURLHBZYTFVCRG-UHFFFAOYSA-N,herbicides (carbamate),CCC(C)OC(=O)Nc1cccc(Cl)c1
beflubutamid,113614-08-7,"(2RS)-N-benzyl-2-[4-fluoro-3-(trifluoromethyl)phenoxy]butanamide1979 Rules:(RS)-N-benzyl-2-[(Î±,Î±,Î±,4-tetrafluoro-m-tolyl)oxy]butyramide",FFQPZWRNXKPNPX-UHFFFAOYSA-N,herbicides (phenyl ether),CCC(Oc1ccc(F)c(c1)C(F)(F)F)C(=O)NCc2ccccc2
beflubutamid-m,113614-09-8,"(2S)-N-benzyl-2-[4-fluoro-3-(trifluoromethyl)phenoxy]butanamide1979 Rules:(S)-N-benzyl-2-[(Î±,Î±,Î±,4-tetrafluoro-m-tolyl)oxy]butyramide",FFQPZWRNXKPNPX-INIZCTEOSA-N,herbicides (phenyl ether),CC[C@@H](C(=O)NCC1=CC=CC=C1)OC2=CC(=C(C=C2)F)C(F)(F)F
benalaxyl,71626-11-4,"methyl N-(2,6-dimethylphenyl)-N-(phenylacetyl)-DL-alaninate1979 Rules:methyl N-(phenylacetyl)-N-(2,6-xylyl)-DL-alaninate",CJPQIRJHIZUAQP-UHFFFAOYSA-N,fungicides (acylalanine),COC(=O)C(C)N(C(=O)Cc1ccccc1)c2c(C)cccc2C
benalaxyl-m,98243-83-5,"methyl N-(2,6-dimethylphenyl)-N-(phenylacetyl)-D-alaninate1979 Rules:methyl N-(phenylacetyl)-N-(2,6-xylyl)-D-alaninate",CJPQIRJHIZUAQP-MRXNPFEDSA-N,fungicides (acylalanine),CC1=C(C(=CC=C1)C)N([C@H](C)C(=O)OC)C(=O)CC2=CC=CC=C2
benazolin,3813-05-6,"(4-chloro-2,3-dihydro-2-oxo-1,3-benzothiazol-3-yl)acetic acid",HYJSGOXICXYZGS-UHFFFAOYSA-N,herbicides (unclassified),OC(=O)CN1C(=O)Sc2cccc(Cl)c12
bencarbazone,173980-17-1,"2-[(ethylsulfonyl)amino]-5-fluoro-4-[4-methyl-5-oxo-3-(trifluoromethyl)-4,5-dihydro-1H-1,2,4-triazol-1-yl]benzenecarbothioamide1979 Rules:4-[4,5-dihydro-4-methyl-5-oxo-3-(trifluoromethyl)-1H-1,2,4-triazol-1-yl]-2-(ethanesulfonamido)-5-fluorobenzenecarbothioamide",LVKBXDHACCFCTA-UHFFFAOYSA-N,herbicides (N-phenyltriazolinone),CCS(=O)(=O)NC1=CC(=C(C=C1C(=S)N)F)N2C(=O)N(C(=N2)C(F)(F)F)C
benclothiaz,89583-90-4,"7-chloro-1,2-benzisothiazole",VSVKOUBCDZYAQY-UHFFFAOYSA-N,nematicides (unclassified),C1=CC2=C(C(=C1)Cl)SN=C2
derivatives/fenridazon-propyl,78778-15-1,"propyl 1-(4-chlorophenyl)-1,4-dihydro-6-methyl-4-oxopyridazine-3-carboxylate",BOZVKAPSLFONQI-UHFFFAOYSA-N,plant growth regulators (gametocide),CCCOC(=O)C1=NN(C(=CC1=O)C)C2=CC=C(C=C2)Cl
bendiocarb,22781-23-3,"2,2-dimethyl-1,3-benzodioxol-4-yl methylcarbamate",XEGGRYVFLWGFHI-UHFFFAOYSA-N,insecticides (carbamate),CNC(=O)Oc1cccc2OC(C)(C)Oc12
bentazone,25057-89-0,"3-isopropyl-1H-2,1,3-benzothiadiazin-4(3H)-one 2,2-dioxide",ZOMSMJKLGFBRBS-UHFFFAOYSA-N,herbicides (benzothiadiazinone),CC(C)N1C(=O)c2ccccc2N[S]1(=O)=O
benfluralin,1861-40-1,"N-butyl-N-ethyl-2,6-dinitro-4-(trifluoromethyl)aniline1979 Rules:N-butyl-N-ethyl-Î±,Î±,Î±-trifluoro-2,6-dinitro-p-toluidine",SMDHCQAYESWHAE-UHFFFAOYSA-N,herbicides (dinitroaniline),CCCCN(CC)c1c(cc(cc1[N+]([O-])=O)C(F)(F)F)[N+]([O-])=O
benfluralin,1861-40-1,"N-butyl-N-ethyl-2,6-dinitro-4-(trifluoromethyl)aniline1979 Rules:N-butyl-N-ethyl-Î±,Î±,Î±-trifluoro-2,6-dinitro-p-toluidine",SMDHCQAYESWHAE-UHFFFAOYSA-N,herbicides (dinitroaniline),CCCCN(CC)c1c(cc(cc1[N+]([O-])=O)C(F)(F)F)[N+]([O-])=O
benfuracarb,82560-54-1,"ethyl N-{[{[(2,3-dihydro-2,2-dimethylbenzofuran-7-yl)oxy]carbonyl}(methyl)amino]thio}-N-isopropyl-Î²-alaninate",FYZBOYWSHKHDMT-UHFFFAOYSA-N,insecticides (carbamate),CCOC(=O)CCN(SN(C)C(=O)Oc1cccc2CC(C)(C)Oc12)C(C)C
benfuresate,68505-69-1,"2,3-dihydro-3,3-dimethylbenzofuran-5-yl ethanesulfonate",QGQSRQPXXMTJCM-UHFFFAOYSA-N,herbicides (benzofuran),CC[S](=O)(=O)Oc1ccc2OCC(C)(C)c2c1
saflufenacil,372137-35-4,"2-chloro-4-fluoro-N-[isopropyl(methyl)sulfamoyl]-5-[3-methyl-2,6-dioxo-4-(trifluoromethyl)-3,6-dihydropyrimidin-1(2H)-yl]benzamide1979 Rules:Nâ²-{2-chloro-5-[3,6-dihydro-3-methyl-2,6-dioxo-4-(trifluoromethyl)pyrimidin-1(2H)-yl]-4-fluorobenzoyl}-N-isopropyl-N-methylsulfamide",GNHDVXLWBQYPJE-UHFFFAOYSA-N,herbicides (N-phenylimide),CC(C)N(C)S(=O)(=O)NC(=O)C1=CC(=C(C=C1Cl)F)N2C(=O)C=C(N(C2=O)C)C(F)(F)F
benodanil,15310-01-7,2-iodobenzanilide,LJOZMWRYMKECFF-UHFFFAOYSA-N,fungicides (phenylbenzamide),Ic1ccccc1C(=O)Nc2ccccc2
benomyl,17804-35-2,methyl [1-(butylcarbamoyl)-1H-benzimidazol-2-yl]carbamate,RIOXQFHNBCKOKP-UHFFFAOYSA-N,acaricides (benzimidazole)fungicides (benzimidazole)nematicides (benzimidazole),CCCCNC(=O)n1c(NC(=O)OC)nc2ccccc12
benoxacor,98730-04-2,"(RS)-4-(dichloroacetyl)-3,4-dihydro-3-methyl-2H-1,4-benzoxazine",PFJJMJDEVDLPNE-UHFFFAOYSA-N,herbicide safeners,CC1COc2ccccc2N1C(=O)C(Cl)Cl
benoxafos,16759-59-4,"S-[(5,7-dichloro-1,3-benzoxazol-2-yl)methyl] O,O-diethyl phosphorodithioate",KEZAYQGUTKCBLO-UHFFFAOYSA-N,acaricides (arylalkyl organothiophosphate),CCO[P](=S)(OCC)SCc1oc2c(Cl)cc(Cl)cc2n1
benquinox,495-73-8,"Nâ²-[(1EZ,4EZ)-4-(hydroxyimino)cyclohexa-2,5-dienylidene]benzohydrazide",MQIVNMHALJNFMG-UHFFFAOYSA-N,fungicides (hydrazide),O=Nc1ccc(NNC(=O)c2ccccc2)cc1
benquitrione,1639426-14-4,"3-(2,6-dimethylphenyl)-6-[(2-hydroxy-6-oxocyclohex-1-en-1-yl)carbonyl]-1-methylquinazoline-2,4(1H,3H)-dione1979 Rules:6-[(2-hydroxy-6-oxocyclohex-1-en-1-yl)carbonyl]-1-methyl-3-(2,6-xylyl)quinazoline-2,4(1H,3H)-dione",IFHRYUOSJUERAZ-UHFFFAOYSA-N,herbicides (triketone),Failed
bensulfuron,99283-01-9,"2-({[(4,6-dimethoxypyrimidin-2-yl)carbamoyl]sulfamoyl}methyl)benzoic acid1979 Rules:Î±-{[(4,6-dimethoxypyrimidin-2-yl)carbamoyl]sulfamoyl}-o-toluic acid",PPWBRCCBKOWDNB-UHFFFAOYSA-N,herbicides (pyrimidinylsulfonylurea),COc1cc(OC)nc(NC(=O)N[S](=O)(=O)Cc2ccccc2C(O)=O)n1
bensulide,741-58-2,"O,O-diisopropyl S-{2-[(phenylsulfonyl)amino]ethyl} phosphorodithioate1979 Rules:S-(2-benzenesulfonamidoethyl) O,O-diisopropyl phosphorodithioate",RRNIZKPFKNDSRS-UHFFFAOYSA-N,herbicides (phosphorothiolate),CC(C)O[P](=S)(OC(C)C)SCCN[S](=O)(=O)c1ccccc1
bensultap,17606-31-4,"S,Sâ²-[2-(dimethylamino)trimethylene] di(benzenethiosulfonate)",YFXPPSKYMBTNAV-UHFFFAOYSA-N,insecticides (nereistoxin analogue),CN(C)C(CS[S](=O)(=O)c1ccccc1)CS[S](=O)(=O)c2ccccc2
bentaluron,28956-64-1,"1-(1,3-benzothiazol-2-yl)-3-isopropylurea",NCJRWSQYSLEKEI-UHFFFAOYSA-N,fungicides (benzothiazole),CC(C)NC(=O)NC1=NC2=CC=CC=C2S1
bentazone,25057-89-0,"3-isopropyl-1H-2,1,3-benzothiadiazin-4(3H)-one 2,2-dioxide",ZOMSMJKLGFBRBS-UHFFFAOYSA-N,herbicides (benzothiadiazinone),CC(C)N1C(=O)c2ccccc2N[S]1(=O)=O
bentazone,25057-89-0,"3-isopropyl-1H-2,1,3-benzothiadiazin-4(3H)-one 2,2-dioxide",ZOMSMJKLGFBRBS-UHFFFAOYSA-N,herbicides (benzothiadiazinone),CC(C)N1C(=O)c2ccccc2N[S]1(=O)=O
benthiavalicarb,413615-35-7,"[(1S)-1-{[(1R)-1-(6-fluoro-1,3-benzothiazol-2-yl)ethyl]carbamoyl}-2-methylpropyl]carbamic acid",VVSLYIKSEBPRSN-PELKAZGASA-N,fungicides (valinamidecarbamate),C[C@H](C1=NC2=C(S1)C=C(C=C2)F)NC(=O)[C@H](C(C)C)NC(=O)O
benthiazole,21564-17-0,"(1,3-benzothiazol-2-ylthio)methyl thiocyanateor2-[(thiocyanatomethyl)thio)]-1,3-benzothiazole",TUBQDCKAWGHZPF-UHFFFAOYSA-N,fungicides (benzothiazole),N#CSCSc1sc2ccccc2n1
thiobencarb,28249-77-6,S-(4-chlorobenzyl) diethylcarbamothioate1979 Rules:S-(4-chlorobenzyl) diethyl(thiocarbamate),QHTQREMOGMZHJV-UHFFFAOYSA-N,herbicides (thiocarbamate),CCN(CC)C(=O)SCc1ccc(Cl)cc1
bentioflumin,2566451-67-8,"methyl 2-({4-chloro-2-fluoro-5-[(2,2,2-trifluoroethyl)thio]anilino}methyl)benzoateormethyl Î±-{4-chloro-2-fluoro-5-[(2,2,2-trifluoroethyl)thio]anilino}toluate",WITOTVAOHGMELX-UHFFFAOYSA-N,acaricides (aryltrifluoroethylsulfide),COC(=O)C1=CC=CC=C1CNC2=CC(=C(C=C2F)Cl)SCC(F)(F)F
bentranil,1022-46-4,"2-phenyl-4H-3,1-benzoxazin-4-one",HTTLBYITFHMYFK-UHFFFAOYSA-N,herbicides (unclassified),O=C1OC(=Nc2ccccc12)c3ccccc3
benzadox,5251-93-4,(benzamidooxy)acetic acid,WDRGQGLIUAMOOC-UHFFFAOYSA-N,herbicides (unclassified),OC(=O)CONC(=O)c1ccccc1
benzalkonium%20chloride,8001-54-5,mixture of alkylbenzyldimethylammonium chlorides,Failed,algicidesfungicides (quaternary ammonium),Failed
benzamacril,127087-86-9,(2EZ)-3-[benzyl(methyl)amino]-2-cyanoprop-2-enoic acid1979 Rules:(EZ)-3-[benzyl(methyl)amino]-2-cyanoacrylic acid,LCOWUMNPNWEMAZ-UHFFFAOYSA-N,fungicides (aminocyanoacrylate),CN(CC1=CC=CC=C1)C=C(C#N)C(=O)O
benzamorf,12068-08-5,morpholinium 4-dodecylbenzenesulfonate,XGTINMHJNWBIMV-UHFFFAOYSA-N,fungicides (unclassified),CCCCCCCCCCCCC1=CC=C(C=C1)S(=O)(=O)O.C1COCCN1
hch,608-73-1,"1,2,3,4,5,6-hexachlorocyclohexane",JLYXXMFPNIAWKQ-UHFFFAOYSA-N,insecticides (organochlorine),ClC1C(Cl)C(Cl)C(Cl)C(Cl)C1Cl
benzfendizone,158755-95-4,"methyl (2RS)-2-[2-({4-[3-methyl-2,6-dioxo-4-(trifluoromethyl)-3,6-dihydropyrimidin-1(2H)-yl]phenoxy}methyl)-5-ethylphenoxy]propanoate1979 Rules:methyl (RS)-2-[2-({4-[3,6-dihydro-3-methyl-2,6-dioxo-4-(trifluoromethyl)pyrimidin-1(2H)-yl]phenoxy}methyl)-5-ethylphenoxy]propionate",LYPWWQLKWQNQKV-UHFFFAOYSA-N,herbicides (N-phenylimide),CCC1=CC(=C(C=C1)COC2=CC=C(C=C2)N3C(=O)C=C(N(C3=O)C)C(F)(F)F)OC(C)C(=O)OC
hexamide,3653-39-2,azepan-1-yl phenyl ketone1979 Rules:perhydroazepin-1-yl phenyl ketone,KZLCCMBSJDXNDG-UHFFFAOYSA-N,insect repellents,O=C(N1CCCCCC1)c2ccccc2
benzipram,35256-86-1,"N-benzyl-N-isopropyl-3,5-dimethylbenzamide",FVLVBVSILSHUAF-UHFFFAOYSA-N,herbicides (benzamide),CC1=CC(=CC(=C1)C(=O)N(CC2=CC=CC=C2)C(C)C)C
benzobicyclon,156963-66-5,"(1RS,5RS)-3-[2-chloro-4-(methylsulfonyl)benzoyl]-4-(phenylthio)bicyclo[3.2.1]oct-3-en-2-one1979 Rules:3-(2-chloro-4-mesylbenzoyl)-4-(phenylthio)bicyclo[3.2.1]oct-3-en-2-one",VIXCLRUCUMWJFF-UHFFFAOYSA-N,herbicides (triketone),CS(=O)(=O)C1=CC(=C(C=C1)C(=O)C2=C(C3CCC(C3)C2=O)SC4=CC=CC=C4)Cl
endosulfan,115-29-7,"1,4,5,6,7,7-hexachloro-8,9,10-trinorborn-5-en-2,3-ylenebismethylene sulfiteor6,7,8,9,10,10-hexachloro-1,5,5a,6,9,9a-hexahydro-6,9-methano-2,4,3-benzodioxathiepin 3-oxide",RDYMFSUJUZBWLH-UHFFFAOYSA-N,acaricides (chlorinated cyclodiene)insecticides (chlorinated cyclodiene),ClC1=C(Cl)C2(Cl)C3CO[S](=O)OCC3C1(Cl)C2(Cl)Cl
benzofenap,82692-44-2,"2-{[4-(2,4-dichloro-3-methylbenzoyl)-1,3-dimethyl-1H-pyrazol-5-yl]oxy}-1-(4-methylphenyl)ethanone1979 Rules:2-{[4-(2,4-dichloro-m-toluoyl)-1,3-dimethyl-1H-pyrazol-5-yl]oxy}-4â²-methylacetophenone",JDWQITFHZOBBFE-UHFFFAOYSA-N,herbicides (benzoylpyrazole),Cn1nc(C)c(C(=O)c2ccc(Cl)c(C)c2Cl)c1OCC(=O)c3ccc(C)cc3
benzofluor,68672-17-3,4â²-(ethylthio)-2â²-(trifluoromethyl)methanesulfonanilide,IDFXUDGCYIGBDC-UHFFFAOYSA-N,herbicides (sulfonanilide)plant growth regulators (growth inhibitor),CCSc1ccc(N[S](C)(=O)=O)c(c1)C(F)(F)F
benzohydroxamic%20acid,495-18-1,benzohydroxamic acid,VDEUYMSGMPQMIK-UHFFFAOYSA-N,fungicides (benzamide),ONC(=O)c1ccccc1
benzoximate,29104-30-1,"benzoic (EZ)-3-chloro-N-ethoxy-2,6-dimethoxybenzenecarboximidic anhydride",BZMIHNKNQJJVRO-UHFFFAOYSA-N,acaricides (unclassified),CCN(OC(=O)c1ccccc1)C(=O)c2c(OC)ccc(Cl)c2OC
phosalone,2310-17-0,"S-[(6-chloro-2,3-dihydro-2-oxo-1,3-benzoxazol-3-yl)methyl] O,O-diethyl phosphorodithioate",IOUNQDKNJZEDEP-UHFFFAOYSA-N,acaricides (arylalkyl organothiophosphate)insecticides (arylalkyl organothiophosphate),CCO[P](=S)(OCC)SCN1C(=O)Oc2cc(Cl)ccc12
derivatives/acibenzolar-s-methyl,135158-54-2,"S-methyl benzo[1,2,3]thiadiazole-7-carbothioate",UELITFHSCLAHKR-UHFFFAOYSA-N,fungicides (benzothiadiazole)plant activators,CSC(=O)c1cccc2nnsc12
benzovindiflupyr,1072957-71-1,"N-[(1RS,4SR)-9-(dichloromethylene)-1,2,3,4-tetrahydro-1,4-methanonaphthalen-5-yl]-3-(difluoromethyl)-1-methyl-1H-pyrazole-4-carboxamide",CCCGEKHKTPTUHJ-UHFFFAOYSA-N,fungicides (pyrazolecarboxamide),CN1C=C(C(=N1)C(F)F)C(=O)NC2=CC=CC3=C2C4CCC3C4=C(Cl)Cl
benzoximate,29104-30-1,"benzoic (EZ)-3-chloro-N-ethoxy-2,6-dimethoxybenzenecarboximidic anhydride",BZMIHNKNQJJVRO-UHFFFAOYSA-N,acaricides (unclassified),CCN(OC(=O)c1ccccc1)C(=O)c2c(OC)ccc(Cl)c2OC
benzoylprop,22212-56-2,"N-benzoyl-N-(3,4-dichlorophenyl)-DL-alanine",WZZRJCUYSKKFHO-UHFFFAOYSA-N,herbicides (arylaminopropionic acid),CC(N(c1ccc(Cl)c(Cl)c1)C(=O)c2ccccc2)C(O)=O
benzpyrimoxan,1449021-97-9,"5-(1,3-dioxan-2-yl)pyrimidin-4-yl 4-(trifluoromethyl)benzyl ether",ZYXYTGQFPZEUFX-UHFFFAOYSA-N,insecticides (unclassified),C1COC(OC1)C2=CN=CN=C2OCC3=CC=C(C=C3)C(F)(F)F
benzthiazuron,1929-88-0,"1-(1,3-benzothiazol-2-yl)-3-methylurea",DTCJYIIKPVRVDD-UHFFFAOYSA-N,herbicides (urea),CNC(=O)Nc1sc2ccccc2n1
topramezone,210631-68-8,"3-(4,5-dihydroisoxazol-3-yl)-2-methyl-4-(methylsulfonyl)phenyl 5-hydroxy-1-methyl-1H-pyrazol-4-yl ketone1979 Rules:3-(4,5-dihydroisoxazol-3-yl)-4-mesyl-o-tolyl 5-hydroxy-1-methyl-1H-pyrazol-4-yl ketone",IYMLUHWAJFXAQP-UHFFFAOYSA-N,herbicides (benzoylpyrazole),Failed
benzyladenine,1214-39-7,N-benzyl-7H-purin-6-amine1979 Rules:N-benzyladenine,NWBJYWHLCVSVIJ-UHFFFAOYSA-N,plant growth regulators (cytokinin),C(Nc1ncnc2nc[nH]c12)c3ccccc3
benzyl%20benzoate,120-51-4,benzyl benzoate,SESFRYSPDFLNCH-UHFFFAOYSA-N,acaricides (benzoic acid),O=C(OCc1ccccc1)c2ccccc2
berberine,2086-83-1,"9,10-dimethoxy-5,6-dihydro[1,3]dioxolo[4,5-g]isoquino[3,2-a]isoquinolin-7-ium",YBHILYKTIRIUTE-UHFFFAOYSA-N,fungicides (alkaloid),COc1ccc2cc3c4cc5OCOc5cc4CC[n+]3cc2c1OC
beta-cyfluthrin,1820573-27-0,"reaction mixture comprising the enantiomeric pair (R)-Î±-cyano-4-fluoro-3-phenoxybenzyl (1S,3S)-3-(2,2-dichlorovinyl)-2,2-dimethylcyclopropanecarboxylate and (S)-Î±-cyano-4-fluoro-3-phenoxybenzyl (1R,3R)-3-(2,2-dichlorovinyl)-2,2-dimethylcyclopropanecarboxylate in ratio 1:2 with the enantiomeric pair (R)-Î±-cyano-4-fluoro-3-phenoxybenzyl (1S,3R)-3-(2,2-dichlorovinyl)-2,2-dimethylcyclopropanecarboxylate and (S)-Î±-cyano-4-fluoro-3-phenoxybenzyl (1R,3S)-3-(2,2-dichlorovinyl)-2,2-dimethylcyclopropanecarboxylateRothamsted-style stereodescriptors:reaction mixture comprising the enantiomeric pair (R)-Î±-cyano-4-fluoro-3-phenoxybenzyl (1S)-cis-3-(2,2-dichlorovinyl)-2,2-dimethylcyclopropanecarboxylate and (S)-Î±-cyano-4-fluoro-3-phenoxybenzyl (1R)-cis-3-(2,2-dichlorovinyl)-2,2-dimethylcyclopropanecarboxylate in ratio 1:2 with the enantiomeric pair (R)-Î±-cyano-4-fluoro-3-phenoxybenzyl (1S)-trans-3-(2,2-dichlorovinyl)-2,2-dimethylcyclopropanecarboxylate and (S)-Î±-cyano-4-fluoro-3-phenoxybenzyl (1R)-trans-3-(2,2-dichlorovinyl)-2,2-dimethylcyclopropanecarboxylate",MUAQRFLDMBWWOD-XWJCWIGJSA-N,insecticides (pyrethroid),CC1([C@@H]([C@@H]1C(=O)O[C@@H](C#N)C2=CC(=C(C=C2)F)OC3=CC=CC=C3)C=C(Cl)Cl)C.CC1([C@@H]([C@H]1C(=O)O[C@H](C#N)C2=CC(=C(C=C2)F)OC3=CC=CC=C3)C=C(Cl)Cl)C.CC1([C@H]([C@@H]1C(=O)O[C@@H](C#N)C2=CC(=C(C=C2)F)OC3=CC=CC=C3)C=C(Cl)Cl)C.CC1([C@H]([C@H]1C(=O)O[C@H](C#N)C2=CC(=C(C=C2)F)OC3=CC=CC=C3)C=C(Cl)Cl)C
beta-cypermethrin,1224510-29-5,"reaction mixture comprising the enantiomeric pair (R)-Î±-cyano-3-phenoxybenzyl (1S,3S)-3-(2,2-dichlorovinyl)-2,2-dimethylcyclopropanecarboxylate and (S)-Î±-cyano-3-phenoxybenzyl (1R,3R)-3-(2,2-dichlorovinyl)-2,2-dimethylcyclopropanecarboxylate in ratio approximately 2:3 with the enantiomeric pair (R)-Î±-cyano-3-phenoxybenzyl (1S,3R)-3-(2,2-dichlorovinyl)-2,2-dimethylcyclopropanecarboxylate and (S)-Î±-cyano-3-phenoxybenzyl (1R,3S)-3-(2,2-dichlorovinyl)-2,2-dimethylcyclopropanecarboxylateRothamsted-style stereodescriptors:reaction mixture comprising the enantiomeric pair (R)-Î±-cyano-3-phenoxybenzyl (1S)-cis-3-(2,2-dichlorovinyl)-2,2-dimethylcyclopropanecarboxylate and (S)-Î±-cyano-3-phenoxybenzyl (1R)-cis-3-(2,2-dichlorovinyl)-2,2-dimethylcyclopropanecarboxylate in ratio approximately 2:3 with the enantiomeric pair (R)-Î±-cyano-3-phenoxybenzyl (1S)-trans-3-(2,2-dichlorovinyl)-2,2-dimethylcyclopropanecarboxylate and (S)-Î±-cyano-3-phenoxybenzyl (1R)-trans-3-(2,2-dichlorovinyl)-2,2-dimethylcyclopropanecarboxylate",UVPMHCHKNSCKRP-HEPIIIDYSA-N,insecticides (pyrethroid),CC1([C@@H]([C@@H]1C(=O)O[C@@H](C#N)C2=CC(=CC=C2)OC3=CC=CC=C3)C=C(Cl)Cl)C.CC1([C@@H]([C@H]1C(=O)O[C@H](C#N)C2=CC(=CC=C2)OC3=CC=CC=C3)C=C(Cl)Cl)C.CC1([C@H]([C@@H]1C(=O)O[C@@H](C#N)C2=CC(=CC=C2)OC3=CC=CC=C3)C=C(Cl)Cl)C.CC1([C@H]([C@H]1C(=O)O[C@H](C#N)C2=CC(=CC=C2)OC3=CC=CC=C3)C=C(Cl)Cl)C
b-sitosterol,83-46-5,"(1R,3aS,3bS,7S,9aR,9bS,11aR)-1-[(2R,5R)-5-ethyl-6-methylheptan-2-yl]-9a,11a-dimethyl-2,3,3a,3b,4,6,7,8,9,9a,9b,10,11,11a-tetradecahydro-1H-cyclopenta[a]phenanthren-7-olorstigmast-5-en-3Î²-ol",KZJWDPNRJALLNS-VJSFXXLFSA-N,fungicides (steroid)virucides,CC[C@H](CC[C@@H](C)[C@H]1CC[C@H]2[C@@H]3CC=C4C[C@@H](O)CC[C@]4(C)[C@H]3CC[C@]12C)C(C)C
b-sitosterol,83-46-5,"(1R,3aS,3bS,7S,9aR,9bS,11aR)-1-[(2R,5R)-5-ethyl-6-methylheptan-2-yl]-9a,11a-dimethyl-2,3,3a,3b,4,6,7,8,9,9a,9b,10,11,11a-tetradecahydro-1H-cyclopenta[a]phenanthren-7-olorstigmast-5-en-3Î²-ol",KZJWDPNRJALLNS-VJSFXXLFSA-N,fungicides (steroid)virucides,CC[C@H](CC[C@@H](C)[C@H]1CC[C@H]2[C@@H]3CC=C4C[C@@H](O)CC[C@]4(C)[C@H]3CC[C@]12C)C(C)C
b-sitosterol,83-46-5,"(1R,3aS,3bS,7S,9aR,9bS,11aR)-1-[(2R,5R)-5-ethyl-6-methylheptan-2-yl]-9a,11a-dimethyl-2,3,3a,3b,4,6,7,8,9,9a,9b,10,11,11a-tetradecahydro-1H-cyclopenta[a]phenanthren-7-olorstigmast-5-en-3Î²-ol",KZJWDPNRJALLNS-VJSFXXLFSA-N,fungicides (steroid)virucides,CC[C@H](CC[C@@H](C)[C@H]1CC[C@H]2[C@@H]3CC=C4C[C@@H](O)CC[C@]4(C)[C@H]3CC[C@]12C)C(C)C
bethoxazin,163269-30-5,"3-benzo[b]thien-2-yl-5,6-dihydro-1,4,2-oxathiazine 4-oxide",NRAYWXLNSHEHQO-UHFFFAOYSA-N,algicidesfungicides (unclassified),C1CS(=O)C(=NO1)C2=CC3=CC=CC=C3S2
hch,608-73-1,"1,2,3,4,5,6-hexachlorocyclohexane",JLYXXMFPNIAWKQ-UHFFFAOYSA-N,insecticides (organochlorine),ClC1C(Cl)C(Cl)C(Cl)C(Cl)C1Cl
gamma-hch,58-89-9,"1Î±,2Î±,3Î²,4Î±,5Î±,6Î²-hexachlorocyclohexane",JLYXXMFPNIAWKQ-GNIYUCBRSA-N,acaricides (organochlorine)insecticides (organochlorine),ClC1C(Cl)C(Cl)C(Cl)C(Cl)C1Cl
bilanafos,35597-43-4,N-{(2S)-2-amino-4-[hydroxy(methyl)phosphinoyl]butanoyl}-L-alanyl-L-alanine1979 Rules:N-{(S)-2-amino-4-[hydroxy(methyl)phosphinoyl]butyryl}-L-alanyl-L-alanine,GINJFDRNADDBIN-FXQIFTODSA-N,herbicides (phosphinic acid),C[C@H](NC(=O)[C@H](C)NC(=O)[C@@H](N)CC[P](C)(O)=O)C(O)=O
bicyclopyrone,352010-68-5,"(1RS,5SR)-4-hydroxy-3-({2-[(2-methoxyethoxy)methyl]-6-(trifluoromethyl)-3-pyridyl}carbonyl)bicyclo[3.2.1]oct-3-en-2-one",HUYBEDCQLAEVPD-UHFFFAOYSA-N,herbicides (triketone),Failed
bifemetstrobin,2454319-63-0,methyl (2Z)-3-methoxy-2-[(4-methylbiphenyl-3-yl)oxy]prop-2-enoate)1979 Rules:methyl (2Z)-3-methoxy-2-[(4-methylbiphenyl-3-yl)oxy]acrylate,IWSICNFCWDNIOY-ATVHPVEESA-N,fungicides (phenoxypropenoate),CC1=C(C=C(C=C1)C2=CC=CC=C2)O/C(=C\OC)/C(=O)OC
bifenazate,149877-41-8,isopropyl 3-(4-methoxybiphenyl-3-yl)carbazateorisopropyl [2-(4-methoxybiphenyl-3-yl)hydrazino]formate,VHLKTXFWDRXILV-UHFFFAOYSA-N,acaricides (hydrazide),COc1ccc(cc1NNC(=O)OC(C)C)c2ccccc2
bifenox,42576-02-3,"methyl 5-(2,4-dichlorophenoxy)-2-nitrobenzoate",SUSRORUBZHMPCO-UHFFFAOYSA-N,herbicides (diphenyl ether),COC(=O)c1cc(Oc2ccc(Cl)cc2Cl)ccc1[N+]([O-])=O
bifenthrin,82657-04-3,"(2-methylbiphenyl-3-yl)methyl (1RS,3RS)-3-[(Z)-2-chloro-3,3,3-trifluoroprop-1-enyl]-2,2-dimethylcyclopropanecarboxylateRothamsted-style stereodescriptors:(2-methylbiphenyl)-3-ylmethyl (1RS)-cis-3-[(Z)-2-chloro-3,3,3-trifluoroprop-1-enyl]-2,2-dimethylcyclopropanecarboxylate",OXCDWLBJSLVWHB-LKRLXIKPSA-Nidentifier for no stereochemistry:OMFRMAHOUUJSGP-UHFFFAOYSA-N,acaricides (pyrethroid)insecticides (pyrethroid),Cc1c(COC(=O)C2C(\C=C(/Cl)C(F)(F)F)C2(C)C)cccc1c3ccccc3
kappa-bifenthrin,439680-76-9,"(2-methylbiphenyl-3-yl)methyl (1R,3R)-3-[(Z)-2-chloro-3,3,3-trifluoroprop-1-enyl]-2,2-dimethylcyclopropanecarboxylateRothamsted-style stereodescriptors:(2-methylbiphenyl-3-yl)methyl (1R)-cis-3-[(Z)-2-chloro-3,3,3-trifluoroprop-1-enyl]-2,2-dimethylcyclopropanecarboxylate",OMFRMAHOUUJSGP-IRHGGOMRSA-N,insecticides (pyrethroid),CC1=C(C=CC=C1C2=CC=CC=C2)COC(=O)[C@@H]3[C@@H](C3(C)C)/C=C(/C(F)(F)F)\Cl
bifujunzhi,927422-36-4,"methyl (EZ)-3-(fluoromethoxy)-2-(2-{[(3,5,6-trichloro-2-pyridyl)oxy]methyl}phenyl)prop-2-enoate1979 Rules:methyl (EZ)-3-(fluoromethoxy)-2-(2-{[(3,5,6-trichloro-2-pyridyl)oxy]methyl}phenyl)acrylate",SPTIHHXLKJKKNM-UHFFFAOYSA-N,acaricides (methoxyacrylate)fungicides (methoxyacrylate),COC(=O)C(=COCF)C1=CC=CC=C1COC2=NC(=C(C=C2Cl)Cl)Cl
bilanafos,35597-43-4,N-{(2S)-2-amino-4-[hydroxy(methyl)phosphinoyl]butanoyl}-L-alanyl-L-alanine1979 Rules:N-{(S)-2-amino-4-[hydroxy(methyl)phosphinoyl]butyryl}-L-alanyl-L-alanine,GINJFDRNADDBIN-FXQIFTODSA-N,herbicides (phosphinic acid),C[C@H](NC(=O)[C@H](C)NC(=O)[C@@H](N)CC[P](C)(O)=O)C(O)=O
binapacryl,485-31-4,"2-[(1RS)-1-methylpropyl]-4,6-dinitrophenyl 3-methylbut-2-enoate1979 Rules:(RS)-2-sec-butyl-4,6-dinitrophenyl 3-methylcrotonate",ZRDUSMYWDRPZRM-UHFFFAOYSA-N,acaricides (dinitrophenyl crotonate)fungicides (dinitrophenyl crotonate),CCC(C)c1cc(cc(c1OC(=O)C=C(C)C)[N+]([O-])=O)[N+]([O-])=O
propiconazole,60207-90-1,"(2RS,4RS;2RS,4SR)-1-{[2-(2,4-dichlorophenyl)-4-propyl-1,3-dioxolan-2-yl]methyl}-1H-1,2,4-triazole",STJLVHWMYQXCPB-UHFFFAOYSA-N,fungicides (triazole),CCCC1COC(Cn2cncn2)(O1)c3ccc(Cl)cc3Cl
bingqingxiao,226703-69-1,ethyl (2EZ)-2-cyano-3-(methylthio)-3-(2-nitroanilino)prop-2-enoate1979 Rules:ethyl (2EZ)-2-cyano-3-(methylthio)-3-(2-nitroanilino)acrylate,HDHSBOLYUDZKFK-UHFFFAOYSA-N,virucides,CCOC(=O)C(=C(NC1=CC=CC=C1[N+](=O)[O-])SC)C#N
bioallethrin,260359-57-7,"(1RS)-3-allyl-2-methyl-4-oxocyclopent-2-enyl (1R,3R)-2,2-dimethyl-3-(2-methylprop-1-enyl)cyclopropanecarboxylateRothamsted-style stereodescriptors:(1RS)-3-allyl-2-methyl-4-oxocyclopent-2-enyl (1R)-trans-2,2-dimethyl-3-(2-methylprop-1-enyl)cyclopropanecarboxylatepre-1969 name:(Â±)-3-allyl-2-methyl-4-oxocyclopent-2-enyl (+)-trans-chrysanthemate",ZCVAOQKBXKSDMS-AQYZNVCMSA-N,insecticides (pyrethroid),CC1=C(C(=O)CC1OC(=O)[C@@H]2[C@H](C2(C)C)C=C(C)C)CC=C
esdepallethrine,28434-00-6,"(S)-3-allyl-2-methyl-4-oxocyclopent-2-enyl (1R,3R)-2,2-dimethyl-3-(2-methylprop-1-enyl)cyclopropanecarboxylateRothamsted-style stereodescriptors:(S)-3-allyl-2-methyl-4-oxocyclopent-2-enyl (1R)-trans-2,2-dimethyl-3-(2-methylprop-1-enyl)cyclopropanecarboxylate",ZCVAOQKBXKSDMS-PVAVHDDUSA-N,insecticides (pyrethroid),CC(C)=CC1C(C(=O)OC2CC(=O)C(=C2C)CC=C)C1(C)C
bioethanomethrin,22431-62-5,"(5-benzyl-3-furyl)methyl (1R,3R)-3-(cyclopentylidenemethyl)-2,2-dimethylcyclopropanecarboxylateRothamsted-style stereodescriptors:(5-benzyl-3-furyl)methyl (1R)-trans-3-(cyclopentylidenemethyl)-2,2-dimethylcyclopropanecarboxylate",MGRRXBWTLBJEMS-YADHBBJMSA-N,insecticides (pyrethroid),CC1(C)C(C=C2CCCC2)C1C(=O)OCc3coc(Cc4ccccc4)c3
biopermethrin,51877-74-8,"3-phenoxybenzyl (1R,3S)-3-(2,2-dichlorovinyl)-2,2-dimethylcyclopropanecarboxylateRothamsted-style stereodescriptors:3-phenoxybenzyl (1R)-trans-3-(2,2-dichlorovinyl)-2,2-dimethylcyclopropanecarboxylate",RLLPVAHGXHCWKJ-MJGOQNOKSA-N,insecticides (pyrethroid),CC1(C)[C@@H](C=C(Cl)Cl)[C@@H]1C(=O)OCc2cccc(Oc3ccccc3)c2
bioresmethrin,28434-01-7,"(5-benzyl-3-furyl)methyl (1R,3R)-2,2-dimethyl-3-(2-methylprop-1-enyl)cyclopropanecarboxylateRothamsted-style stereodescriptors:(5-benzyl-3-furyl)methyl (1R)-trans-2,2-dimethyl-3-(2-methylprop-1-enyl)cyclopropanecarboxylatepre-1969 name:(5-benzyl-3-furyl)methyl (+)-trans-chrysanthemate",VEMKTZHHVJILDY-UXHICEINSA-N,insecticides (pyrethroid),CC(C)=CC1C(C(=O)OCc2coc(Cc3ccccc3)c2)C1(C)C
biphenyl,92-52-4,biphenyl,ZUOUZKKEUPVFJK-UHFFFAOYSA-N,fungicides (aromatic),c1ccc(cc1)c2ccccc2
bipyrazone,1622908-18-2,"1,3-dimethyl-4-[2-(methylsulfonyl)-4-(trifluoromethyl)benzoyl]-1H-pyrazol-5-yl 1,3-dimethyl-1H-pyrazole-4-carboxylate1979 Rules:1,3-dimethyl-4-(Î±,Î±,Î±-trifluoro-2-mesyl-p-toluoyl)-1H-pyrazol-5-yl 1,3-dimethyl-1H-pyrazole-4-carboxylate",LALGZGDVRILFNW-UHFFFAOYSA-N,herbicides (benzoylpyrazole),CC1=NN(C=C1C(=O)OC2=C(C(=NN2C)C)C(=O)C3=C(C=C(C=C3)C(F)(F)F)S(=O)(=O)C)C
bisazir,13687-09-7,"P,P-bis(aziridin-1-yl)-N-methylphosphinothioic amide",NZPKARLAFLAVLO-UHFFFAOYSA-N,chemosterilants,CN[P](=S)(N1CC1)N2CC2
bismerthiazol,79319-85-0,"5,5â²-(methylenediimino)bis(1,3,4-thiadiazole-2-thiol)",RSNWORHVUOZYLT-UHFFFAOYSA-N,bactericides,S=C1NN=C(NCNC2=NNC(=S)S2)S1
derivatives/saisentong,None,"copper(2+) 5,5â²-(methylenediimino)bis(1,3,4-thiadiazole-2-thiolate)",KREMDFWHXPNVQL-UHFFFAOYSA-L,"bactericidesfungicides (copper; 1,3,4-thiadiazole)",C(NC1=NN=C(S1)[S-])NC2=NN=C(S2)[S-].[Cu+2]
hydrargaphen,14235-86-0,"Î¼-(2,2â²-binaphthalene-3-sulfonyloxy)bis(phenylmercury)",KDNVJBRRDKAHDA-UHFFFAOYSA-L,bactericidesfungicides (mercury compound),O=[S](=O)(O[Hg]c1ccccc1)c2cc3ccccc3cc2Cc4cc5ccccc5cc4[S](=O)(=O)O[Hg]c6ccccc6
bispyribac,125401-75-4,"2,6-bis[(4,6-dimethoxypyrimidin-2-yl)oxy]benzoic acid",RYVIXQCRCQLFCM-UHFFFAOYSA-N,herbicides (pyrimidinyl benzoate),COC1=CC(=NC(=N1)OC2=C(C(=CC=C2)OC3=NC(=CC(=N3)OC)OC)C(=O)O)OC
bistrifluron,201593-84-2,"N-{[2-chloro-3,5-bis(trifluoromethyl)phenyl]carbamoyl}-2,6-difluorobenzamide1979 Rules:1-(2-chloro-Î±,Î±,Î±,Î±â²,Î±â²,Î±â²-hexafluoro-3,5-xylyl)-3-(2,6-difluorobenzoyl)urea",YNKFZRGTXAPYFD-UHFFFAOYSA-N,insecticides (benzoylurea),C1=CC(=C(C(=C1)F)C(=O)NC(=O)NC2=CC(=CC(=C2Cl)C(F)(F)F)C(F)(F)F)F
bisulflufen,1922957-45-6,"2,2â²-difluoro-4,4â²-dimethyl-5,5â²-bis[(2,2,2-trifluoroethyl)thio]biphenyl",YZDHQIZLRLUVCB-UHFFFAOYSA-N,acaricides (aryltrifluoroethylsulfide),CC1=CC(=C(C=C1SCC(F)(F)F)C2=C(C=C(C(=C2)SCC(F)(F)F)C)F)F
derivatives/thiosultap-disodium,52207-48-4,"disodium S,Sâ²-[2-(dimethylamino)trimethylene] di(thiosulfate)",QSOHVSNIQHGFJU-UHFFFAOYSA-L,insecticides (nereistoxin analogue),[Na+].[Na+].CN(C)C(CS[S]([O-])(=O)=O)CS[S]([O-])(=O)=O
bitertanol,55179-31-2,"(1RS,2RS;1RS,2SR)-1-(biphenyl-4-yloxy)-3,3-dimethyl-1-(1H-1,2,4-triazol-1-yl)butan-2-ol (20:80 ratio of (1RS,2RS)- and (1RS,2SR)-isomers)",VGPIBGGRCVEHQZ-UHFFFAOYSA-N,fungicides (triazole),CC(C)(C)C(O)C(Oc1ccc(cc1)c2ccccc2)n3cncn3
bithionol,97-18-7,"2,2â²-thiobis(4,6-dichlorophenol)",JFIOVJDNOJYLKP-UHFFFAOYSA-N,fungicides (phenol),Oc1c(Cl)cc(Cl)cc1Sc2cc(Cl)cc(Cl)c2O
bixafen,581809-46-3,"N-(3â²,4â²-dichloro-5-fluorobiphenyl-2-yl)-3-(difluoromethyl)-1-methyl-1H-pyrazole-4-carboxamide1979 Rules:2â²-(3,4-dichlorophenyl)-3-(difluoromethyl)-4â²-fluoro-1-methyl-1H-pyrazole-4-carboxanilide",LDLMOOXUCMHBMZ-UHFFFAOYSA-N,fungicides (pyrazolecarboxamide),CN1C=C(C(=N1)C(F)F)C(=O)NC2=C(C=C(C=C2)F)C3=CC(=C(C=C3)Cl)Cl
bixlozone,81777-95-9,"2-(2,4-dichlorobenzyl)-4,4-dimethylisoxazolidin-3-one",FHUKASKVKWSLCY-UHFFFAOYSA-N,herbicides (isoxazolidinone),CC1(CON(C1=O)CC2=C(C=C(C=C2)Cl)Cl)C
blasticidin-s,2079-00-7,"1-(4-amino-1,2-dihydro-2-oxopyrimidin-1-yl)-4-[(S)-3-amino-5-(1-methylguanidino)valeramido]-1,2,3,4-tetradeoxy-Î²-D-erythro-hex-2-enopyranuronic acid",CXNPLSGKWMLZPZ-ZNIXKSQXSA-N,fungicides (enopyranuronic acid),CN(CCC(N)CC(=O)N[C@H]1C=C[C@@H](O[C@@H]1C(O)=O)N2C=CC(=NC2=O)N)C(N)=N
borax,1303-96-4,disodium tetraborate decahydrate,CDMADVZSLOHIFP-UHFFFAOYSA-N,herbicides (inorganic)insecticides (inorganic),O.O.O.O.O.O.O.O.O.O.[Na+].[Na+].[O-]B(OB=O)OB([O-])OB=O
bordeaux%20mixture,8011-63-0,traditional mixture of copper sulfate and hydrated lime in variable proportions,calcium hydroxide:AXCZMVOFGPJBDE-UHFFFAOYSA-Lcopper(2+) sulfate (1:1):ARUVKPQLZAKDPS-UHFFFAOYSA-L,fungicides (copper compound),Failed
boric%20acid,10043-35-3,boric acid2005 Rules:trihydroxidoboron,KGBXLFKZBHKPEV-UHFFFAOYSA-N,(inorganic),OB(O)O
boscalid,188425-85-6,2-chloro-N-(4â²-chlorobiphenyl-2-yl)pyridine-3-carboxamide1979 Rules:2-chloro-2â²-(4-chlorophenyl)nicotinanilide,WYEMLYFITZORAB-UHFFFAOYSA-N,fungicides (pyridinecarboxamide),Clc1ccc(cc1)c2ccccc2NC(=O)c3cccnc3Cl
bpcms,54091-06-4,4-bromophenyl chloromethyl sulfone,AHXUVTKVCMOKIX-UHFFFAOYSA-N,herbicide safeners,ClC[S](=O)(=O)c1ccc(Br)cc1
fenobucarb,3766-81-2,2-[(1RS)-1-methylpropyl]phenyl methylcarbamate1979 Rules:(RS)-2-sec-butylphenyl methylcarbamate,DIRFUJHNVNOBMY-UHFFFAOYSA-N,insecticides (phenyl carbamate),CCC(C)c1ccccc1OC(=O)NC
propargite,2312-35-8,"(1RS,2RS;1RS,2SR)-2-(4-tert-butylphenoxy)cyclohexyl prop-2-ynyl sulfitepre-1969 name:(Â±)-2-(4-tert-butylphenoxy)cyclohexyl propargyl sulfite",ZYHMJXZULPZUED-UHFFFAOYSA-N,acaricides (sulfite ester),CC(C)(C)c1ccc(OC2CCCCC2O[S](=O)OCC#C)cc1
brassinolide,72962-43-7,"(22R,23R,24S)-2Î±,3Î±,22,23-tetrahydroxy-7-oxa-7a-homo-5Î±-ergostan-6-one1989 Steroid Recommendations:(22R,23R)-2Î±,3Î±,22,23-tetrahydroxy-6,7-seco-5Î±-campestano-6,7-lactone",IXVMHGVQKLDRKH-KNBKMWSGSA-N,plant activators,CC(C)[C@H](C)[C@@H](O)[C@H](O)[C@@H](C)[C@H]1CC[C@H]2[C@@H]3COC(=O)[C@H]4C[C@H](O)[C@H](O)C[C@]4(C)[C@H]3CC[C@]12C
brassinolide-ethyl,82373-95-3,"(22R,23R,24S)-2Î±,3Î±,22,23-tetrahydroxy-7-oxa-7a,23a-dihomo-5Î±-ergostan-6-one",HJIKODJJEORHMZ-NNPZUXBVSA-N,plant activators,CC[C@H]([C@H]([C@@H]([C@@H](C)[C@H]1CC[C@@H]2[C@@]1(CC[C@H]3[C@H]2COC(=O)[C@@H]4[C@@]3(C[C@H]([C@H](C4)O)O)C)C)O)O)C(C)C
brevicomin,20290-99-7,"(1R)-exo-7-ethyl-5-methyl-6,8-dioxabicyclo[3.2.1]octane",YONXEBYXWVCXIV-HLTSFMKQSA-N,insect attractants (Coleopteran),CCC1OC2(C)CCCC1O2
broclozone,2766607-82-1,"2-(2-bromo-4-chlorobenzyl)-4,4-dimethylisoxazolidin-3-one",QYTLRSSSVHIPGB-UHFFFAOYSA-N,herbicides (isoxazolidinone),CC1(CON(C1=O)CC2=C(C=C(C=C2)Cl)Br)C
brodifacoum,56073-10-0,"3-[(1RS,3RS;1RS,3SR)-3-(4â²-bromobiphenyl-4-yl)-1,2,3,4-tetrahydro-1-naphthyl]-4-hydroxy-2H-chromen-2-one1979 Rules:3-[(1RS,3RS;1RS,3SR)-3-(4â²-bromobiphenyl-4-yl)-1,2,3,4-tetrahydro-1-naphthyl]-4-hydroxycoumarin",VEUZZDOCACZPRY-UHFFFAOYSA-N,rodenticides (coumarin),OC1=C(C2CC(Cc3ccccc23)c4ccc(cc4)c5ccc(Br)cc5)C(=O)c6ccccc6O1
halfenprox,111872-58-3,1-[(2-{4-[bromo(difluoro)methoxy]phenyl}-2-methylpropoxy)methyl]-3-phenoxybenzene,WIFXJBMOTMKRMM-UHFFFAOYSA-N,acaricides (pyrethroid ether)insecticides (pyrethroid ether),CC(C)(COCc1cccc(Oc2ccccc2)c1)c3ccc(OC(F)(F)Br)cc3
brofenvalerate,65295-49-0,(Î±RS)-3-(4-bromophenoxy)-Î±-cyanobenzyl (2RS)-2-(4-chlorophenyl)-3-methylbutyrate,MFJPBJVWUYEEPB-UHFFFAOYSA-N,insecticides (pyrethroid isovalerate ester),CC(C)C(C(=O)OC(C#N)c1cccc(Oc2ccc(Br)cc2)c1)c3ccc(Cl)cc3
broflanilide,1207727-04-5,"3-[benzoyl(methyl)amino]-2â²-bromo-2-fluoro-4â²-[1,2,2,2-tetrafluoro-1-(trifluoromethyl)ethyl]-6â²-(trifluoromethyl)benzanilide1979 Rules:2â²-bromo-2-fluoro-3-(N-methylbenzamido)-4â²-[1,2,2,2-tetrafluoro-1-(trifluoromethyl)ethyl]-6â²-(trifluoromethyl)benzanilideN -[2-bromo-4-(perfluoropropan-2-yl)-6-(trifluoromethyl)phenyl]-2-fluoro-3-(N-methylbenzamido)benzamide",QSLZKWPYTWEWHC-UHFFFAOYSA-N,insecticides (meta-diamide),CN(C1=CC=CC(=C1F)C(=O)NC2=C(C=C(C=C2Br)C(C(F)(F)F)(C(F)(F)F)F)C(F)(F)F)C(=O)C3=CC=CC=C3
brofluthrinate,160791-64-0,(Î±RS)-3-(4-bromophenoxy)-Î±-cyanobenzyl (2RS)-2-[4-(difluoromethoxy)phenyl]-3-methylbutyrate,BUHNCQOJJZAOMJ-UHFFFAOYSA-N,acaricides (pyrethroid isovalerate ester)insecticides (pyrethroid isovalerate ester),CC(C)C(C1=CC=C(C=C1)OC(F)F)C(=O)OC(C#N)C2=CC(=CC=C2)OC3=CC=C(C=C3)Br
bromacil,314-40-9,"5-bromo-6-methyl-3-[(1RS)-1-methylpropyl]pyrimidine-2,4(1H,3H)-dione1979 Rules:(RS)-5-bromo-3-sec-butyl-6-methylpyrimidine-2,4(1H,3H)-dionepre-1969 name:(Â±)-5-bromo-3-sec-butyl-6-methyluracil",CTSLUCNDVMMDHG-UHFFFAOYSA-N,herbicides (uracil),CCC(C)N1C(=O)NC(=C(Br)C1=O)C
bromadiolone,28772-56-7,"mixture comprised of 80â100% 3-[(1RS,3SR)-3-(4â²-bromobiphenyl-4-yl)-3-hydroxy-1-phenylpropyl]-4-hydroxy-2H-chromen-2-one and 20â0% of the (1RS,3RS)-isomers1979 Rules:mixture comprised of 80â100% 3-[(1RS,3SR)-3-(4â²-bromobiphenyl-4-yl)-3-hydroxy-1-phenylpropyl]-4-hydroxycoumarin and 20â0% of the (1RS,3RS)-isomers",LQAGAOMQXARIFO-YORONTHLSA-N (major component),rodenticides (coumarin),OC(CC(c1ccccc1)C2=C(O)Oc3ccccc3C2=O)c4ccc(cc4)c5ccc(Br)cc5
alpha-bromadiolone,28772-56-7,"mixture comprised of 80â100% 3-[(1RS,3RS)-3-(4â²-bromobiphenyl-4-yl)-3-hydroxy-1-phenylpropyl]-4-hydroxy-2H-chromen-2-one and 20â0% of the (1RS,3SR)-isomers1979 Rules:mixture comprised of 80â100% 3-[(1RS,3RS)-3-(4â²-bromobiphenyl-4-yl)-3-hydroxy-1-phenylpropyl]-4-hydroxycoumarin and 20â0% of the (1RS,3SR)-isomers",LQAGAOMQXARIFO-CPBLEMPESA-N (major component),rodenticides (coumarin),OC(CC(c1ccccc1)C2=C(O)Oc3ccccc3C2=O)c4ccc(cc4)c5ccc(Br)cc5
naled,300-76-5,"(RS)-1,2-dibromo-2,2-dichloroethyl dimethyl phosphate",BUYMVQAILCEWRR-UHFFFAOYSA-N,acaricides (organophosphate)insecticides (organophosphate),CO[P](=O)(OC)OC(Br)C(Cl)(Cl)Br
bromethalin,63333-35-7,"N-methyl-2,4-dinitro-N-(2,4,6-tribromophenyl)-6-(trifluoromethyl)aniline1979 Rules:Î±,Î±,Î±-trifluoro-N-methyl-4,6-dinitro-N-(2,4,6-tribromophenyl)-o-toluidine",USMZPYXTVKAYST-UHFFFAOYSA-N,rodenticides (unclassified),CN(c1c(Br)cc(Br)cc1Br)c2c(cc(cc2C(F)(F)F)[N+]([O-])=O)[N+]([O-])=O
bromethrin,42789-03-7,"(5-benzyl-3-furyl)methyl (1RS,3RS;1RS,3SR)-3-(2,2-dibromovinyl)-2,2-dimethylcyclopropanecarboxylate",AEMCQEISPZGGFJ-UHFFFAOYSA-N,insecticides (pyrethroid),CC1(C)C(C=C(Br)Br)C1C(=O)OCc2coc(Cc3ccccc3)c2
bromfenvinfos,33399-00-7,"(EZ)-2-bromo-1-(2,4-dichlorophenyl)vinyl diethyl phosphate",ORDKAVSHIKNMAN-UHFFFAOYSA-N,insecticides (organophosphate),CCO[P](=O)(OCC)OC(=C/Br)/c1ccc(Cl)cc1Cl
bromoacetamide,79-15-2,N-bromoacetamide,VBTQNRFWXBXZQR-UHFFFAOYSA-N,molluscicides,CC(=O)NBr
bromobonil,25671-46-9,"2,6-dibromo-4-cyanophenyl (tetrahydro-2-furanyl)methyl carbonate1979 Rules:2,6-dibromo-4-cyanophenyl tetrahydrofurfuryl carbonate",ZBCPHFKSIUPISV-UHFFFAOYSA-N,herbicides (hydroxybenzonitrile),C1CC(OC1)COC(=O)OC2=C(C=C(C=C2Br)C#N)Br
bromobutide,74712-19-9,"(RS)-2-bromo-3,3-dimethyl-N-(1-methyl-1-phenylethyl)butyramide",WZDDLAZXUYIVMU-UHFFFAOYSA-N,herbicides (unclassified),CC(C)(C)C(Br)C(=O)NC(C)(C)c1ccccc1
bromocyclen,1715-40-8,"5-(bromomethyl)-1,2,3,4,7,7-hexachlorobicyclo[2.2.1]hept-2-ene",DAASOABUJRMZAD-UHFFFAOYSA-N,acaricides (chlorinated cyclodiene)insecticides (chlorinated cyclodiene),ClC1=C(Cl)C2(Cl)C(CBr)CC1(Cl)C2(Cl)Cl
bromocyclen,1715-40-8,"5-(bromomethyl)-1,2,3,4,7,7-hexachlorobicyclo[2.2.1]hept-2-ene",DAASOABUJRMZAD-UHFFFAOYSA-N,acaricides (chlorinated cyclodiene)insecticides (chlorinated cyclodiene),ClC1=C(Cl)C2(Cl)C(CBr)CC1(Cl)C2(Cl)Cl
bromo-ddt,2990-17-2,"2,2-bis(4-bromophenyl)-1,1,1-trichloroethane",YPWDDFGPYBIPBG-UHFFFAOYSA-N,insecticides (organochlorine),ClC(Cl)(Cl)C(c1ccc(Br)cc1)c2ccc(Br)cc2
bromofenoxim,13181-17-4,"3,5-dibromo-4-hydroxybenzaldehyde (2,4-dinitrophenyl)oxime",XTFNPKDYCLFGPV-UHFFFAOYSA-N,herbicides (hydroxybenzonitrile; dinitrophenol),[O-][N+](=O)c1ccc(ONC=C2C=C(Br)C(=O)C(=C2)Br)c(c1)[N+]([O-])=O
bromophos,2104-96-3,"O-(4-bromo-2,5-dichlorophenyl) O,O-dimethyl phosphorothioate",NYQDCVLCJXRDSK-UHFFFAOYSA-N,acaricides (phenyl organothiophosphate)insecticides (phenyl organothiophosphate),CO[P](=S)(OC)Oc1cc(Cl)c(Br)cc1Cl
methyl%20bromide,74-83-9,methyl bromideorbromomethane,GZUXJHMPEANEGY-UHFFFAOYSA-N,fungicides (fumigant)herbicides (fumigant)insecticides (alkyl halide; fumigant)nematicides (alkyl halide; fumigant),CBr
bromophos,2104-96-3,"O-(4-bromo-2,5-dichlorophenyl) O,O-dimethyl phosphorothioate",NYQDCVLCJXRDSK-UHFFFAOYSA-N,acaricides (phenyl organothiophosphate)insecticides (phenyl organothiophosphate),CO[P](=S)(OC)Oc1cc(Cl)c(Br)cc1Cl
bromophos-ethyl,4824-78-6,"O-(4-bromo-2,5-dichlorophenyl) O,O-diethyl phosphorothioate",KWGUFOITWDSNQY-UHFFFAOYSA-N,acaricides (phenyl organothiophosphate)insecticides (phenyl organothiophosphate),CCO[P](=S)(OCC)Oc1cc(Cl)c(Br)cc1Cl
bromopropylate,18181-80-1,"isopropyl 4,4â²-dibromobenzilate",FOANIXZHAMJWOI-UHFFFAOYSA-N,acaricides (diphenylcarbinol),CC(C)OC(=O)C(O)(c1ccc(Br)cc1)c2ccc(Br)cc2
bromothalonil,35691-65-7,(2RS)-2-bromo-2-(bromomethyl)glutaronitrile,DHVLDKHFGIVEIP-UHFFFAOYSA-N,fungicides (unclassified),BrCC(Br)(CCC#N)C#N
bromoxynil,1689-84-5,"3,5-dibromo-4-hydroxybenzonitrile",UPMXNNIRAGDFEH-UHFFFAOYSA-N,herbicides (hydroxybenzonitrile),Oc1c(Br)cc(cc1Br)C#N
brompyrazon,3042-84-0,5-amino-4-bromo-2-phenylpyridazin-3(2H)-one,ODNZLRLWXRXPOH-UHFFFAOYSA-N,herbicides (pyridazinone),NC1=C(Br)C(=O)N(N=C1)c2ccccc2
brompyrazon,3042-84-0,5-amino-4-bromo-2-phenylpyridazin-3(2H)-one,ODNZLRLWXRXPOH-UHFFFAOYSA-N,herbicides (pyridazinone),NC1=C(Br)C(=O)N(N=C1)c2ccccc2
bromuconazole,116255-48-2,"1-{[(2RS,4RS;2RS,4SR)-4-bromo-2-(2,4-dichlorophenyl)tetrahydro-2-furanyl]methyl}-1H-1,2,4-triazole1979 Rules:1-[(2RS,4RS;2RS,4SR)-4-bromo-2-(2,4-dichlorophenyl)tetrahydrofurfuryl]-1H-1,2,4-triazole",HJJVPARKXDDIQD-UHFFFAOYSA-N,fungicides (triazole),Clc1ccc(c(Cl)c1)C2(CC(Br)CO2)Cn3cncn3
bronopol,52-51-7,"2-bromo-2-nitropropane-1,3-diol",LVDKZNITIUWNER-UHFFFAOYSA-N,bactericides,OCC(Br)(CO)[N+]([O-])=O
bromadiolone,28772-56-7,"mixture comprised of 80â100% 3-[(1RS,3SR)-3-(4â²-bromobiphenyl-4-yl)-3-hydroxy-1-phenylpropyl]-4-hydroxy-2H-chromen-2-one and 20â0% of the (1RS,3RS)-isomers1979 Rules:mixture comprised of 80â100% 3-[(1RS,3SR)-3-(4â²-bromobiphenyl-4-yl)-3-hydroxy-1-phenylpropyl]-4-hydroxycoumarin and 20â0% of the (1RS,3RS)-isomers",LQAGAOMQXARIFO-YORONTHLSA-N (major component),rodenticides (coumarin),OC(CC(c1ccccc1)C2=C(O)Oc3ccccc3C2=O)c4ccc(cc4)c5ccc(Br)cc5
naled,300-76-5,"(RS)-1,2-dibromo-2,2-dichloroethyl dimethyl phosphate",BUYMVQAILCEWRR-UHFFFAOYSA-N,acaricides (organophosphate)insecticides (organophosphate),CO[P](=O)(OC)OC(Br)C(Cl)(Cl)Br
derivatives/acibenzolar-s-methyl,135158-54-2,"S-methyl benzo[1,2,3]thiadiazole-7-carbothioate",UELITFHSCLAHKR-UHFFFAOYSA-N,fungicides (benzothiadiazole)plant activators,CSC(=O)c1cccc2nnsc12
bucarpolate,136-63-0,"2-(2-butoxyethoxy)ethyl 1,3-benzodioxole-5-carboxylate1979 Rules:2-(2-butoxyethoxy)ethyl piperonylate",ZYVTYOMVFLAPLX-UHFFFAOYSA-N,synergists,CCCCOCCOCCOC(=O)c1ccc2OCOc2c1
bufencarb,8065-36-9,reaction mixture containing approximately 75% (RS)-3-(1-methylbutyl)phenyl methylcarbamate and approximately 25% 3-(1-ethylpropyl)phenyl methylcarbamate,3-(1-ethylpropyl)phenyl methylcarbamate:SMSFWBAOKCZZBF-UHFFFAOYSA-N3-(1-methylbutyl)phenyl methylcarbamate:LHTOXQCYXYXXEZ-UHFFFAOYSA-N,insecticides (phenyl carbamate),CCCC(C)c1cccc(OC(=O)NC)c1.CCC(CC)c2cccc(OC(=O)NC)c2
buminafos,51249-05-9,dibutyl [1-(butylamino)cyclohexyl]phosphonate,NMBXMBCZBXUXAM-UHFFFAOYSA-N,plant growth regulators (defoliant),CCCCNC1(CCCCC1)[P](=O)(OCCCC)OCCCC
bupirimate,41483-43-6,5-butyl-2-(ethylamino)-6-methylpyrimidin-4-yl dimethylsulfamate,DSKJPMWIHSOYEA-UHFFFAOYSA-N,fungicides (aminopyrimidinol),CCCCc1c(C)nc(NCC)nc1O[S](=O)(=O)N(C)C
buprofezin,953030-84-7,"(Z)-2-(tert-butylimino)-3-isopropyl-5-phenyl-1,3,5-thiadiazinan-4-one",PRLVTUNWOQKEAI-VKAVYKQESA-N,insecticides (unclassified),Failed
burgundy%20mixture,11125-96-5,traditional mixture of copper sulfate and disodium carbonate in variable proportions,copper(2+) sulfate (1:1):ARUVKPQLZAKDPS-UHFFFAOYSA-Ldisodium carbonate:CDBYLPFSWZWCQE-UHFFFAOYSA-L,fungicides (copper compound),Failed
busulfan,55-98-1,tetramethylene di(methanesulfonate),COVZYZSDYWQREU-UHFFFAOYSA-N,chemosterilants,C[S](=O)(=O)OCCCCO[S](C)(=O)=O
busulfan,55-98-1,tetramethylene di(methanesulfonate),COVZYZSDYWQREU-UHFFFAOYSA-N,chemosterilants,C[S](=O)(=O)OCCCCO[S](C)(=O)=O
butacarb,2655-19-8,"3,5-di-tert-butylphenyl methylcarbamate",SLZWBCGZQRRUNG-UHFFFAOYSA-N,insecticides (phenyl carbamate),CNC(=O)Oc1cc(cc(c1)C(C)(C)C)C(C)(C)C
butachlor,23184-66-9,"N-(butoxymethyl)-2-chloro-2â²,6â²-diethylacetanilide",HKPHPIREJKHECO-UHFFFAOYSA-N,herbicides (chloroacetamide),CCCCOCN(C(=O)CCl)c1c(CC)cccc1CC
butafenacil,134605-64-4,"1-(allyloxy)-2-methyl-1-oxopropan-2-yl 2-chloro-5-[3-methyl-2,6-dioxo-4-(trifluoromethyl)-3,6-dihydropyrimidin-1(2H)-yl]benzoate1979 Rules:1-[(allyloxy)carbonyl]-1-methylethyl 2-chloro-5-[1,2,3,6-tetrahydro-3-methyl-2,6-dioxo-4-(trifluoromethyl)pyrimidin-1-yl]benzoate",JEDYYFXHPAIBGR-UHFFFAOYSA-N,herbicides (N-phenylimide),CN1C(=O)N(C(=O)C=C1C(F)(F)F)c2ccc(Cl)c(c2)C(=O)OC(C)(C)C(=O)OCC=C
tebutam,35256-85-0,"N-benzyl-N-isopropyl-2,2-dimethylpropanamide1979 Rules:N-benzyl-N-isopropyl-2,2-dimethylpropionamidepre-1969 name:N-benzyl-N-isopropylpivalamide",RJKCKKDSSSRYCB-UHFFFAOYSA-N,herbicides (benzamide),CC(C)N(Cc1ccccc1)C(=O)C(C)(C)C
butamifos,36335-67-8,O-ethyl O-(5-methyl-2-nitrophenyl) (RS)-[(1RS)-1-methylpropyl]phosphoramidothioate1979 Rules:O-ethyl O-(6-nitro-m-tolyl) (RS)-[(RS)-sec-butyl]phosphoramidothioate,OEYOMNZEMCPTKN-UHFFFAOYSA-N,herbicides (phosphoramidate),CCO[P](=S)(NC(C)CC)Oc1cc(C)ccc1[N+]([O-])=O
flufiprole,704886-18-0,"1-[2,6-dichloro-4-(trifluoromethyl)phenyl]-5-[(2-methylprop-2-en-1-yl)amino]-4-[(trifluoromethyl)sulfinyl]-1H-pyrazole-3-carbonitrile1979 Rules:1-(2,6-dichloro-Î±,Î±,Î±-trifluoro-p-tolyl)-5-[(2-methylallyl)amino]-4-[(trifluoromethyl)sulfinyl]-1H-pyrazole-3-carbonitrile",HVQHXBNMBZJPLK-UHFFFAOYSA-N,insecticides (phenylpyrazole),CC(=C)CNC1=C(C(=NN1C2=C(C=C(C=C2Cl)C(F)(F)F)Cl)C#N)S(=O)C(F)(F)F
butathiofos,90338-20-8,"O-(2-tert-butylpyrimidin-5-yl) O,O-diethyl phosphorothioate",YMTQHWMPGDSBOD-UHFFFAOYSA-N,insecticides (aryl organothiophosphate),CCO[P](=S)(OCC)Oc1cnc(nc1)C(C)(C)C
butenachlor,87310-56-3,"N-{[(2Z)-but-2-enyloxy]methyl}-2-chloro-2â²,6â²-diethylacetanilide",HZDIJTXDRLNTIS-DAXSKMNVSA-N,herbicides (chloroacetamide),CCc1cccc(CC)c1N(COC\C=C/C)C(=O)CCl
flufiprole,704886-18-0,"1-[2,6-dichloro-4-(trifluoromethyl)phenyl]-5-[(2-methylprop-2-en-1-yl)amino]-4-[(trifluoromethyl)sulfinyl]-1H-pyrazole-3-carbonitrile1979 Rules:1-(2,6-dichloro-Î±,Î±,Î±-trifluoro-p-tolyl)-5-[(2-methylallyl)amino]-4-[(trifluoromethyl)sulfinyl]-1H-pyrazole-3-carbonitrile",HVQHXBNMBZJPLK-UHFFFAOYSA-N,insecticides (phenylpyrazole),CC(=C)CNC1=C(C(=NN1C2=C(C=C(C=C2Cl)C(F)(F)F)Cl)C#N)S(=O)C(F)(F)F
butethrin,28288-05-3,"(EZ)-3-chloro-4-phenylbut-2-enyl (1RS,3RS;1RS,3SR)-2,2-dimethyl-3-(2-methylprop-1-enyl)cyclopropanecarboxylatepre-1969 name:3-chloro-4-phenylbut-2-enyl (Â±)-cis-trans-chrysanthemate",MKFDPPVZZSGKLC-UHFFFAOYSA-N,insecticides (pyrethroid),CC(=CC1C(C1(C)C)C(=O)OCC=C(CC2=CC=CC=C2)Cl)C
buthidazole,55511-98-3,"(4RS)-3-(5-tert-butyl-1,3,4-thiadiazol-2-yl)-4-hydroxy-1-methylimidazolidin-2-one",SWMGXKSQWDSBKV-UHFFFAOYSA-N,herbicides (unclassified),CN1CC(O)N(C1=O)c2sc(nn2)C(C)(C)C
buthiobate,51308-54-4,butyl 4-tert-butylbenzyl N-(3-pyridyl)dithiocarbonimidate,ZZVVDIVWGXTDRQ-UHFFFAOYSA-N,fungicides (pyridine),CCCCSC(SCc1ccc(cc1)C(C)(C)C)=Nc2cccnc2
buthiuron,30043-55-1,"1-[5-(butylsulfonyl)-1,3,4-thiadiazol-2-yl]-1,3-dimethylurea",JIGPTDXPKKMNCN-UHFFFAOYSA-N,herbicides (thiadiazolylurea),CCCC[S](=O)(=O)c1sc(nn1)N(C)C(=O)NC
tribufos,78-48-8,"S,S,S-tributyl phosphorotrithioate",ZOKXUAHZSKEQSS-UHFFFAOYSA-N,plant growth regulators (defoliant)synergists,CCCCS[P](=O)(SCCCC)SCCCC
butocarboxim,34681-10-2,"N-methyl-1-({(EZ)-[(2RS)-1-methyl-2-(methylthio)propylidene]amino}oxy)formamide1979 Rules:(2EZ,3RS)-3-(methylthio)butan-2-one O-(methylcarbamoyl)oxime",SFNPDDSJBGRXLW-UHFFFAOYSA-N,acaricides (oxime carbamate)insecticides (oxime carbamate),CNC(=O)O\N=C(\C)C(C)SC
butonate,126-22-7,"(1RS)-2,2,2-trichloro-1-(dimethoxyphosphinoyl)ethyl butanoate1979 Rules:(RS)-2,2,2-trichloro-1-(dimethoxyphosphinoyl)ethyl butyrate",BKAQXYNWONVOAX-UHFFFAOYSA-N,insecticides (phosphonate),CCCC(=O)OC(C(Cl)(Cl)Cl)[P](=O)(OC)OC
butopyronoxyl,532-34-3,"butyl 3,4-dihydro-2,2-dimethyl-4-oxo-2H-pyran-6-carboxylate",OKIJSNGRQAOIGZ-UHFFFAOYSA-N,insect repellents,CCCCOC(=O)C1=CC(=O)CC(C)(C)O1
butoxycarboxim,34681-23-7,"N-methyl-1-({(EZ)-[(2RS)-1-methyl-2-(methylsulfonyl)propylidene]amino}oxy)formamide1979 Rules:(2EZ,3RS)-3-mesylbutan-2-one O-(methylcarbamoyl)oxime",CTJBHIROCMPUKL-UHFFFAOYSA-N,insecticides (oxime carbamate),CNC(=O)O\N=C(/C)C(C)[S](C)(=O)=O
butralin,33629-47-9,"(RS)-N-sec-butyl-4-tert-butyl-2,6-dinitroaniline",SPNQRCTZKIBOAX-UHFFFAOYSA-N,herbicides (dinitroaniline)plant growth regulators (growth inhibitors),CCC(C)Nc1c(cc(cc1[N+]([O-])=O)C(C)(C)C)[N+]([O-])=O
triazbutil,16227-10-4,"4-butyl-4H-1,2,4-triazole",ZOMKCDYJHAQMCU-UHFFFAOYSA-N,fungicides (alkyltriazole),CCCCn1cnnc1
butroxydim,138164-12-2,(5RS)-5-(3-butyrylmesityl)-2-[(EZ)-1-(ethoxyimino)propyl]-3-hydroxycyclohex-2-en-1-one,ZOGDSYNXUXQGHF-UHFFFAOYSA-N,herbicides (cyclohexanedione oxime),CCCC(=O)C1=C(C=C(C(=C1C)C2CC(=C(C(=O)C2)C(=NOCC)CC)O)C)C
buturon,3766-60-7,(RS)-3-(4-chlorophenyl)-1-methyl-1-(1-methylprop-2-ynyl)urea,BYYMILHAKOURNM-UHFFFAOYSA-N,herbicides (phenylurea),CC(C#C)N(C)C(=O)Nc1ccc(Cl)cc1
butylamine,13952-84-6,(2RS)-butan-2-amine1979 Rules:(RS)-sec-butylamine,BHRZNVHARXXAHW-UHFFFAOYSA-N,fungicides (aliphatic nitrogen),CCC(C)N
butylate,2008-41-5,S-ethyl bis(2-methylpropyl)carbamothioate1979 Rules:S-ethyl diisobutyl(thiocarbamate),BMTAFVWTTFSTOG-UHFFFAOYSA-N,herbicides (thiocarbamate),CCSC(=O)N(CC(C)C)CC(C)C
butonate,126-22-7,"(1RS)-2,2,2-trichloro-1-(dimethoxyphosphinoyl)ethyl butanoate1979 Rules:(RS)-2,2,2-trichloro-1-(dimethoxyphosphinoyl)ethyl butyrate",BKAQXYNWONVOAX-UHFFFAOYSA-N,insecticides (phosphonate),CCCC(=O)OC(C(Cl)(Cl)Cl)[P](=O)(OC)OC
flufiprole,704886-18-0,"1-[2,6-dichloro-4-(trifluoromethyl)phenyl]-5-[(2-methylprop-2-en-1-yl)amino]-4-[(trifluoromethyl)sulfinyl]-1H-pyrazole-3-carbonitrile1979 Rules:1-(2,6-dichloro-Î±,Î±,Î±-trifluoro-p-tolyl)-5-[(2-methylallyl)amino]-4-[(trifluoromethyl)sulfinyl]-1H-pyrazole-3-carbonitrile",HVQHXBNMBZJPLK-UHFFFAOYSA-N,insecticides (phenylpyrazole),CC(=C)CNC1=C(C(=NN1C2=C(C=C(C=C2Cl)C(F)(F)F)Cl)C#N)S(=O)C(F)(F)F
cacodylic%20acid,75-60-5,dimethylarsinic acid,OGGXGZAMXPVRFZ-UHFFFAOYSA-N,herbicides (arsenical),C[As](C)(O)=O
cadusafos,95465-99-9,"O-ethyl S,S-bis[(1RS)-1-methylpropyl] phosphorodithioate1979 Rules:S,S-di-sec-butyl O-ethyl phosphorodithioate",KXRPCFINVWWFHQ-UHFFFAOYSA-N,insecticides (aliphatic organothiophosphate)nematicides (aliphatic organothiophosphate),CCO[P](=O)(SC(C)CC)SC(C)CC
cafenstrole,125306-83-4,"N,N-diethyl-3-(mesitylsulfonyl)-1H-1,2,4-triazole-1-carboxamide",HFEJHAAIJZXXRE-UHFFFAOYSA-N,herbicides (azolylcarboxamide),CCN(CC)C(=O)n1cnc(n1)[S](=O)(=O)c2c(C)cc(C)cc2C
ergocalciferol,50-14-6,"(5Z,7E,22E)-(3S)-9,10-secoergosta-5,7,10(19),22-tetraen-3-ol",MECHNRXZTMCUDQ-RKHKHRCZSA-N,rodenticides (calciferol),CC(C)[C@@H](C)/C=C/[C@@H](C)[C@H]1CC[C@H]2\C(CCC[C@]12C)=C\C=C3/C[C@@H](O)CCC3=C
calcium%20arsenate,7778-44-1,calcium arsenateorcalcium orthoarsenateortricalcium arsenateortricalcium orthoarsenate,RMBBSOLAGVEUSI-UHFFFAOYSA-H,insecticides (arsenical)molluscicides,[Ca++].[Ca++].[Ca++].[O-][As]([O-])([O-])=O.[O-][As]([O-])([O-])=O
calcium%20chlorate,10137-74-3,Failed,YALMXYPQBUJUME-UHFFFAOYSA-L,herbicides (inorganic),O.O.[Ca++].[O-][Cl](=O)=O.[O-][Cl](=O)=O
derivatives/calcium%20cyanamide,156-62-7,calcium cyanamide,MYFXBBAEXORJNB-UHFFFAOYSA-N,herbicides (unclassified)plant growth regulators (defoliant),[Ca++].NC#N
calcium%20cyanide,592-01-8,calcium cyanide,ZQULWKDLLXZZSP-UHFFFAOYSA-N,insecticides (fumigant)rodenticides (fumigant),[Ca++].[C-]#N.[C-]#N
calcium%20polysulfide,1344-81-6,calcium polysulfide,Failed,fungicides (polysulfide)insecticides (inorganic),S.[Ca++]
calvinphos,6465-92-5,"2,2-dichlorovinyl dimethyl phosphate compound with calcium bis(2,2-dichlorovinyl methyl phosphate) (1:1)",FJKPGYUFYLHBPX-UHFFFAOYSA-LCAS version:OSOBLYZRACRUCC-UHFFFAOYSA-L,insecticides (organophosphate),[Ca++].CO[P]([O-])(=O)OC=C(Cl)Cl.CO[P]([O-])(=O)OC=C(Cl)Cl.CO[P](=O)(OC)OC=C(Cl)Cl
cambendichlor,56141-00-5,"2,2â²-(phenylimino)diethylene bis(3,6-dichloro-o-anisate)or2,2â²-(phenylimino)diethylene bis(3,6-dichloro-2-methoxybenzoate)",ILXXYQLPPNVJDP-UHFFFAOYSA-N,herbicides (benzoic acid),COc1c(Cl)cc(Cl)cc1C(=O)OCCN(CCOC(=O)c2c(Cl)ccc(Cl)c2OC)c3ccccc3
camphechlor,8001-35-2,reaction mixture of chlorinated camphenes containing 67â69% chlorine,Failed,acaricides (organochlorine)insecticides (organochlorine),ClCC1(CCl)C(=C)C2(Cl)C(Cl)C(Cl)C1(Cl)C2(Cl)Cl
camphor,76-22-2,"(1RS,4RS)-1,7,7-trimethylbicyclo[2.2.1]heptan-2-oneor(Â±)-bornan-2-one",DSSYKIVIOFKYAU-UHFFFAOYSA-N,insect repellents,CC1(C)C2CCC1(C)C(=O)C2
d-camphor,464-49-3,"(1R,4R)-1,7,7-trimethylbicyclo[2.2.1]heptan-2-oneor(+)-bornan-2-one",DSSYKIVIOFKYAU-XCBNKYQSSA-N,insect repellents,CC1(C)[C@H]2CC[C@@]1(C)C(=O)C2
cantrodifene,19881-18-6,4-(4-nitrophenoxy)phenyl isothiocyanate,SVMGVZLUIWGYPH-UHFFFAOYSA-N,anthelmintic,[O-][N+](=O)c1ccc(Oc2ccc(cc2)N=C=S)cc1
captafol,2425-06-1,"N-[(1,1,2,2-tetrachloroethyl)thio]-3a,4,7,7a-tetrahydrophthalimide1979 Rules:3a,4,7,7a-tetrahydro-N-[(1,1,2,2-tetrachloroethyl)thio]phthalimide",JHRWWRDRBPCWTF-UHFFFAOYSA-N,fungicides (phthalimide),ClC(Cl)C(Cl)(Cl)SN1C(=O)C2CC=CCC2C1=O
captan,133-06-2,"N-[(trichloromethyl)thio]-3a,4,7,7a-tetrahydrophthalimide1979 Rules:3a,4,7,7a-tetrahydro-N-[(trichloromethyl)thio]phthalimide",LDVVMCZRFWMZSG-UHFFFAOYSA-N,fungicides (phthalimide),ClC(Cl)(Cl)SN1C(=O)C2CC=CCC2C1=O
metam,144-54-7,methyldithiocarbamic acid,HYVVJDQGXFXBRZ-UHFFFAOYSA-N,fungicides (dithiocarbamate)herbicides (dithiocarbamate)nematicides (dithiocarbamate),[Na+].CNC([S-])=S
carbamorph,31848-11-0,morpholin-4-ylmethyl dimethylcarbamodithioate1979 Rules:morpholinomethyl dimethyldithiocarbamate,MPKTWNYCNKUVKZ-UHFFFAOYSA-N,fungicides (dimethyldithiocarbamate),CN(C)C(=S)SCN1CCOCC1
carbanolate,671-04-5,"2-chloro-4,5-dimethylphenyl methylcarbamate1979 Rules:6-chloro-3,4-xylyl methylcarbamate",QRTXZGIQTYDABO-UHFFFAOYSA-N,acaricides (phenyl carbamate)insecticides (phenyl carbamate),CNC(=O)Oc1ccc(C)c(C)c1Cl
carbaryl,63-25-2,1-naphthyl methylcarbamate,CVXBEEMKQHEXEN-UHFFFAOYSA-N,acaricides (carbamate)insecticides (carbamate)plant growth regulators (growth inhibitor),CNC(=O)Oc1cccc2ccccc12
carbaryl,63-25-2,1-naphthyl methylcarbamate,CVXBEEMKQHEXEN-UHFFFAOYSA-N,acaricides (carbamate)insecticides (carbamate)plant growth regulators (growth inhibitor),CNC(=O)Oc1cccc2ccccc12
carbasulam,1773-37-1,methyl {4-[(methoxyformyl)amino]benzenesulfonyl}carbamate1979 Rules:methyl 4-[(methoxycarbonyl)sulfamoyl]carbanilate,ZTFLDKYLDUZSMN-UHFFFAOYSA-N,herbicides (carbamate),COC(=O)Nc1ccc(cc1)[S](=O)(=O)NC(=O)OC
carboxin,5234-68-4,"5,6-dihydro-2-methyl-1,4-oxathiin-3-carboxanilide",GYSSRZJIHXQEHQ-UHFFFAOYSA-N,fungicides (oxathiincarboxamide),CC1=C(SCCO1)C(=O)Nc2ccccc2
metam,144-54-7,methyldithiocarbamic acid,HYVVJDQGXFXBRZ-UHFFFAOYSA-N,fungicides (dithiocarbamate)herbicides (dithiocarbamate)nematicides (dithiocarbamate),[Na+].CNC([S-])=S
carbendazim,10605-21-7,methyl 1H-benzimidazol-2-ylcarbamate,TWFZGCMQGLPBSX-UHFFFAOYSA-N,fungicides (benzimidazole),COC(=O)Nc1[nH]c2ccccc2n1
carbendazim,10605-21-7,methyl 1H-benzimidazol-2-ylcarbamate,TWFZGCMQGLPBSX-UHFFFAOYSA-N,fungicides (benzimidazole),COC(=O)Nc1[nH]c2ccccc2n1
carbetamide,16118-49-3,(2R)-1-(ethylamino)-1-oxopropan-2-yl phenylcarbamate1979 Rules:(R)-1-(ethylcarbamoyl)ethyl carbanilate,AMRQXHFXNZFDCH-SECBINFHSA-N,herbicides (carbamate),CCNC(=O)[C@H](C)OC(=O)Nc1ccccc1
carbophenothion,786-19-6,"S-{[(4-chlorophenyl)thio]methyl} O,O-diethyl phosphorodithioate",VEDTXTNSFWUXGQ-UHFFFAOYSA-N,acaricides (aliphaticl organothiophosphate)insecticides (aliphatic organothiophosphate),CCO[P](=S)(OCC)SCSc1ccc(Cl)cc1
carbofuran,1563-66-2,"2,3-dihydro-2,2-dimethylbenzofuran-7-yl methylcarbamate",DUEPRVBVGDRKAG-UHFFFAOYSA-N,acaricides (carbamate)insecticides (carbamate)nematicides (carbamate),CNC(=O)Oc1cccc2CC(C)(C)Oc12
carbon%20disulfide,75-15-0,carbon disulfide,QGJOPFRUJISHPQ-UHFFFAOYSA-N,fungicides (fumigant)insecticides (fumigant)nematicides (fumigant),S=C=S
carbon%20tetrachloride,56-23-5,carbon tetrachlorideortetrachloromethane,VZGDMQKNWNREIO-UHFFFAOYSA-N,insecticides (alkyl halide; fumigant),ClC(Cl)(Cl)Cl
carbonyl%20sulfide,463-58-1,thioxomethanone,JJWKPURADFRFRB-UHFFFAOYSA-N,insecticides (fumigant),O=C=S
carbophenothion,786-19-6,"S-{[(4-chlorophenyl)thio]methyl} O,O-diethyl phosphorodithioate",VEDTXTNSFWUXGQ-UHFFFAOYSA-N,acaricides (aliphaticl organothiophosphate)insecticides (aliphatic organothiophosphate),CCO[P](=S)(OCC)SCSc1ccc(Cl)cc1
malathion,121-75-5,diethyl [(dimethoxyphosphinothioyl)thio]succinate,JXSJBGJIGXNWCI-UHFFFAOYSA-N,acaricides (aliphatic organothiophosphate)insecticides (aliphatic organothiophosphate),CCOC(=O)CC(S[P](=S)(OC)OC)C(=O)OCC
carbosulfan,55285-14-8,"2,3-dihydro-2,2-dimethylbenzofuran-7-yl [(dibutylamino)thio]methylcarbamate",JLQUFIHWVLZVTJ-UHFFFAOYSA-N,insecticides (carbamate)nematicides (carbamate),CCCCN(CCCC)SN(C)C(=O)Oc1cccc2CC(C)(C)Oc12
carboxazole,55808-13-4,methyl (5-tert-butylisoxazol-3-yl)carbamate,ZGUYPJJFHYFLBV-UHFFFAOYSA-N,herbicides (carbamate),CC(C)(C)C1=CC(=NO1)NC(=O)OC
carboxide,25991-86-0,di(azepan-1-yl) ketone1979 Rules:bis(perhydroazepin-1-yl) ketone,BZDSNHCMPJUKOY-UHFFFAOYSA-N,insect repellents,O=C(N1CCCCCC1)N2CCCCCC2
carboxin,5234-68-4,"5,6-dihydro-2-methyl-1,4-oxathiin-3-carboxanilide",GYSSRZJIHXQEHQ-UHFFFAOYSA-N,fungicides (oxathiincarboxamide),CC1=C(SCCO1)C(=O)Nc2ccccc2
carfentrazone,128621-72-7,"(2RS)-2-chloro-3-{2-chloro-5-[4-(difluoromethyl)-3-methyl-5-oxo-4,5-dihydro-1H-1,2,4-triazol-1-yl]-4-fluorophenyl}propanoic acid1979 Rules:(RS)-2-chloro-3-{2-chloro-5-[4-(difluoromethyl)-4,5-dihydro-3-methyl-5-oxo-1H-1,2,4-triazol-1-yl]-4-fluorophenyl}propionic acid",YHKBGVDUSSWOAB-UHFFFAOYSA-N,herbicides (N-phenyltriazolinone),CC1=NN(C(=O)N1C(F)F)c2cc(CC(Cl)C(O)=O)c(Cl)cc2F
carmeconazole,2323565-15-5,"methyl (2RS)-2-[2-chloro-4-(4-chlorophenoxy)phenyl]-2-hydroxy-3-(1H-1,2,4-triazol-1-yl)propanoate",JABCRSAQEYNUAS-UHFFFAOYSA-N,fungicides (triazole),COC(=O)C(CN1C=NC=N1)(C2=C(C=C(C=C2)OC3=CC=C(C=C3)Cl)Cl)O
carpropamid,104030-54-8,"mixture of 95â100% (1RS,3SR)-2,2-dichloro-N-[(R)-1-(4-chlorophenyl)ethyl]-1-ethyl-3-methylcyclopropanecarboxamide and 5â0% (1RS,3SR)-2,2-dichloro-N-[(S)-1-(4-chlorophenyl)ethyl]-1-ethyl-3-methylcyclopropanecarboxamide",RXDMAYSSBPYBFW-UHFFFAOYSA-N,fungicides (cyclopropanecarboxamide),CCC1(C(C)C1(Cl)Cl)C(=O)NC(C)c2ccc(Cl)cc2
cartap,15263-53-3,"S,Sâ²-[2-(dimethylamino)trimethylene] bis(thiocarbamate)",IRUJZVNXZWPBMU-UHFFFAOYSA-N,insecticides (nereistoxin analogue),CN(C)C(CSC(N)=O)CSC(N)=O
carvacrol,499-75-2,5-isopropyl-2-methylphenol,RECUKUPTGUEGMW-UHFFFAOYSA-N,acaricides (botanical)fungicides (botanical)insecticides (botanical)nematicides (botanical),CC(C)c1ccc(C)c(O)c1
carvone,99-49-0,"(RS)-5-isopropenyl-2-methylcyclohex-2-en-1-oneor(RS)-p-mentha-6,8-dien-2-one",ULDHMXUKGWMISQ-UHFFFAOYSA-N,fungicides (botanical)plant growth regulators (unclassified),CC(=C)C1CC=C(C)C(=O)C1
calvinphos,6465-92-5,"2,2-dichlorovinyl dimethyl phosphate compound with calcium bis(2,2-dichlorovinyl methyl phosphate) (1:1)",FJKPGYUFYLHBPX-UHFFFAOYSA-LCAS version:OSOBLYZRACRUCC-UHFFFAOYSA-L,insecticides (organophosphate),[Ca++].CO[P]([O-])(=O)OC=C(Cl)Cl.CO[P]([O-])(=O)OC=C(Cl)Cl.CO[P](=O)(OC)OC=C(Cl)Cl
allidochlor,93-71-0,"N,N-diallyl-2-chloroacetamide",MDBGGTQNNUOQRC-UHFFFAOYSA-N,herbicides (chloroacetamide),ClCC(=O)N(CC=C)CC=C
cdea,2315-36-8,"2-chloro-N,N-diethylacetamide",CQQUWTMMFMJEFE-UHFFFAOYSA-N,herbicides (chloroacetamide),CCN(CC)C(=O)CCl
sulfallate,95-06-7,2-chloroallyl diethylcarbamodithioate1979 Rules:2-chloroallyl diethyl(dithiocarbamate),XJCLWVXTCRQIDI-UHFFFAOYSA-N,herbicides (thiocarbamate),CCN(CC)C(=S)SCC(Cl)=C
cellocidin,543-21-5,but-2-ynediamideoracetylenedicarboxamide,JBTGHKUTYAMZEZ-UHFFFAOYSA-N,bactericides,NC(=O)C#CC(N)=O
cepc,587-56-4,2-chloroethyl (3-chlorophenyl)carbamate1979 Rules:2-chloroethyl 3-chlorocarbanilate,GYJQWEIGUGMFMU-UHFFFAOYSA-N,herbicides (carbamate),ClCCOC(=O)Nc1cccc(Cl)c1
ceralure,160016-46-6,ethyl (Â±)-4(or 5)-iodo-2-methylcyclohexanecarboxylate,4-iodo isomer:VCYRCZHXDDPHQG-UHFFFAOYSA-N5-iodo isomer:JPBJPDNMZHDUCD-UHFFFAOYSA-Nidentifier for mixture (not valid):HPZFFZCACVGEID-UHFFFAOYSA-N,insect attractants (Dipteran),Failed
benquinox,495-73-8,"Nâ²-[(1EZ,4EZ)-4-(hydroxyimino)cyclohexa-2,5-dienylidene]benzohydrazide",MQIVNMHALJNFMG-UHFFFAOYSA-N,fungicides (hydrazide),O=Nc1ccc(NNC(=O)c2ccccc2)cc1
cetoctaelat,5698-39-5,"3,6,9,12,15,18,21,24-octaoxatetracontan-1-ol1979 Rules:2-[2-(2-{2-[2-(2-{2-[2-(hexadecyloxy)ethoxy]ethoxy}ethoxy)ethoxy]ethoxy}ethoxy)ethoxy]ethanol",YAMTWWUZRPSEMV-UHFFFAOYSA-N,fungicides (unclassified),CCCCCCCCCCCCCCCCOCCOCCOCCOCCOCCOCCOCCOCCO
sabadilla,8051-02-3,Failed,Failed,insecticides (alkaloid),C/C=C(/C)C(=O)O[C@H]1CC[C@@]2(C)[C@@H]3CC[C@H]4[C@]5(O)C[C@H](O)[C@@]6(O)[C@@H](CN7C[C@@H](C)CC[C@H]7[C@@]6(C)O)[C@]5(O)C[C@]24O[C@]13O
cevadine,62-59-9,"4Î²,12,14,16Î²,17,20-hexahydroxy-4a,9-epoxycevan-3Î²-yl [(Z)-2-methylbut-2-enoate]",DBUCFOVFALNEOO-HWBIYQLFSA-N,insecticides (alkaloid),C/C=C(/C)C(=O)O[C@H]1CC[C@@]2(C)[C@@H]3CC[C@H]4[C@]5(O)C[C@H](O)[C@@]6(O)[C@@H](CN7C[C@@H](C)CC[C@H]7[C@@]6(C)O)[C@]5(O)C[C@]24O[C@]13O
cheshunt%20mixture,55632-67-2,1:1 mixture of copper sulfate and diammonium carbonate,copper(2+) sulfate (1:1):ARUVKPQLZAKDPS-UHFFFAOYSA-Ldiammonium carbonate:PRKQVKDSMLBJBJ-UHFFFAOYSA-N,fungicides (copper compound),Failed
quinalphos,13593-03-8,"O,O-diethyl O-quinoxalin-2-yl phosphorothioate",JYQUHIFYBATCCY-UHFFFAOYSA-N,acaricides (aryl organothiophosphate)insecticides (aryl organothiophosphate),CCO[P](=S)(OCC)Oc1cnc2ccccc2n1
quinalphos-methyl,13593-08-3,"O,O-dimethyl O-quinoxalin-2-yl phosphorothioate",RNGDKAQQWUYBAS-UHFFFAOYSA-N,insecticides (aryl organothiophosphate),CO[P](=S)(OC)Oc1cnc2ccccc2n1
chinomethionat,2439-01-2,"6-methyl-1,3-dithiolo[4,5-b]quinoxalin-2-oneorS,S-(6-methylquinoxaline-2,3-diyl) dithiocarbonate",FBQQHUGEACOBDN-UHFFFAOYSA-N,acaricides (quinoxaline)fungicides (quinoxaline),Cc1ccc2nc3SC(=O)Sc3nc2c1
chinomethionat,2439-01-2,"6-methyl-1,3-dithiolo[4,5-b]quinoxalin-2-oneorS,S-(6-methylquinoxaline-2,3-diyl) dithiocarbonate",FBQQHUGEACOBDN-UHFFFAOYSA-N,acaricides (quinoxaline)fungicides (quinoxaline),Cc1ccc2nc3SC(=O)Sc3nc2c1
benalaxyl-m,98243-83-5,"methyl N-(2,6-dimethylphenyl)-N-(phenylacetyl)-D-alaninate1979 Rules:methyl N-(phenylacetyl)-N-(2,6-xylyl)-D-alaninate",CJPQIRJHIZUAQP-MRXNPFEDSA-N,fungicides (acylalanine),CC1=C(C(=CC=C1)C)N([C@H](C)C(=O)OC)C(=O)CC2=CC=CC=C2
chitosan,9012-76-4,Failed,Failed,fungicides (unclassified)plant activators,COC(=O)N[C@@H]1[C@@H](O)[C@H](O[C@@H]2O[C@H](CO)[C@@H](O[C@@H]3O[C@H](CO)[C@@H](O[C@@H]4O[C@H](CO)[C@@H](O[C@@H]5O[C@H](CO)[C@@H](O[C@@H]6O[C@H](CO)[C@@H](O[C@@H]7O[C@H](CO)[C@@H](O)[C@H](O)[C@H]7N)[C@H](O)[C@H]6N)[C@H](O)[C@H]5N)[C@H](O)[C@H]4N)[C@H](O)[C@H]3N)[C@H](O)[C@H]2N)[C@@H](CO)O[C@H]1O[C@H]8[C@H](O)[C@@H](N)[C@@H](O[C@@H]8CO)O[C@H]9[C@H](O)[C@@H](N)[C@H](O)O[C@@H]9CO
chlobenthiazone,63755-05-5,"4-chloro-3-methyl-1,3-benzothiazol-2(3H)-one",QCPASDYEQAVIJF-UHFFFAOYSA-N,fungicides (benzothiazole),CN1C(=O)Sc2cccc(Cl)c12
chlomethoxyfen,32861-85-1,"2,4-dichloro-1-(3-methoxy-4-nitrophenoxy)benzene1979 Rules:5-(2,4-dichlorophenoxy)-2-nitroanisole",DXXVCXKMSWHGTF-UHFFFAOYSA-N,herbicides (diphenyl ether),COc1cc(Oc2ccc(Cl)cc2Cl)ccc1[N+]([O-])=O
chlorpropham,101-21-3,isopropyl (3-chlorophenyl)carbamate1979 Rules:isopropyl 3-chlorocarbanilate,CWJSHJJYOPWUGX-UHFFFAOYSA-N,herbicides (phenyl carbamate)plant growth regulators (growth inhibitor),CC(C)OC(=O)Nc1cccc(Cl)c1
chloralose,15879-93-3,"(R)-1,2-O-(2,2,2-trichloroethylidene)-Î±-D-glucofuranose",OJYGBLRPYBAHRT-IPQSZEQASA-N,avicidesbird repellentsrodenticides (unclassified),OCC(O)[C@H]1OC2O[C@@H](O[C@@H]2[C@H]1O)C(Cl)(Cl)Cl
chloramben,133-90-4,"3-amino-2,5-dichlorobenzoic acid",HSSBORCLYSCBJR-UHFFFAOYSA-N,herbicides (benzoic acid),Nc1cc(Cl)cc(C(O)=O)c1Cl
chloramine%20phosphorus,None,"(RS)-{O,S-dimethyl [(1RS)-2,2,2-trichloro-1-hydroxyethyl]phosphoramidothioate}",MBIOGXSXQDUSPT-UHFFFAOYSA-N,insecticides (phosphoramidate),COP(=O)(NC(C(Cl)(Cl)Cl)O)SC
imazalil,35554-44-0,"allyl (RS)-1-(2,4-dichlorophenyl)-2-imidazol-1-ylethyl ether",PZBPKYOVPCNPJY-UHFFFAOYSA-N,fungicides (imidazole),Clc1ccc(C(Cn2ccnc2)OCC=C)c(Cl)c1
chloramphenicol,56-75-7,"2,2-dichloro-N-[(1R,2R)-2-hydroxy-1-(hydroxymethyl)-2-(4-nitrophenyl)ethyl]acetamide",WIIZWVCIJKGZOK-RKDXNWHRSA-N,bactericides,OCC(NC(=O)C(Cl)Cl)C(O)c1ccc(cc1)[N+]([O-])=O
chloraniformethan,20856-57-9,"N-[(RS)-2,2,2-trichloro-1-(3,4-dichloroanilino)ethyl]formamide",REEFSLKDEDEWAO-UHFFFAOYSA-N,fungicides (formamide),Clc1ccc(NC(NC=O)C(Cl)(Cl)Cl)cc1Cl
chloranil,118-75-2,tetrachloro-p-benzoquinone,UGNWTBMOAKPKBL-UHFFFAOYSA-N,fungicides (quinone),ClC1=C(Cl)C(=O)C(=C(Cl)C1=O)Cl
chloranocryl,2164-09-2,"3â²,4â²-dichloro-2-methylprop-2-enanilide1979 Rules:3â²,4â²-dichloro-2-methylacrylanilide",VCBRBUKGTWLJOB-UHFFFAOYSA-N,herbicides (anilide),CC(=C)C(=O)Nc1ccc(Cl)c(Cl)c1
chlorantraniliprole,500008-45-7,3-bromo-N-[4-chloro-2-methyl-6-(methylcarbamoyl)phenyl]-1-(3-chloropyridin-2-yl)-1H-pyrazole-5-carboxamideor3-bromo-4â²-chloro-1-(3-chloro-2-pyridyl)-2â²-methyl-6â²-(methylcarbamoyl)-1H-pyrazole-5-carboxanilide,PSOVNZZNOMJUBI-UHFFFAOYSA-N,insecticides (diamide),CC1=CC(=CC(=C1NC(=O)C2=CC(=NN2C3=C(C=CC=N3)Cl)Br)C(=O)NC)Cl
chlorazifop,60074-25-1,"(2RS)-2-{4-[(3,5-dichloro-2-pyridyl)oxy]phenoxy}propanoic acid1979 Rules:(RS)-2-{4-[(3,5-dichloro-2-pyridyl)oxy]phenoxy}propionic acid",SVGBNTOHFITEDI-UHFFFAOYSA-N,herbicides (aryloxyphenoxypropionic),CC(Oc1ccc(Oc2ncc(Cl)cc2Cl)cc1)C(O)=O
chlorazine,580-48-3,"6-chloro-N2,N2,N4,N4-tetraethyl-1,3,5-triazine-2,4-diamine",QHXDTLYEHWXDSO-UHFFFAOYSA-N,herbicides (chlorotriazine),CCN(CC)c1nc(Cl)nc(n1)N(CC)CC
chlorbenside,103-17-3,4-chlorobenzyl 4-chlorophenyl sulfide,ZHLKXBJTJHRTTE-UHFFFAOYSA-N,acaricides (diphenylsulfide),Clc1ccc(CSc2ccc(Cl)cc2)cc1
chlorbenzuron,57160-47-1,2-chloro-N-[(4-chlorophenyl)carbamoyl]benzamide1979 Rules:1-(2-chlorobenzoyl)-3-(4-chlorophenyl)urea,YPSCQJTUAKNUNF-UHFFFAOYSA-N,insecticides (benzoylurea),Clc1ccc(NC(=O)NC(=O)c2ccccc2Cl)cc1
chlorbicyclen,2550-75-6,"1,2,3,4,7,7-hexachloro-5,6-bis(chloromethyl)norborn-2-ene",FUZORIOHZSVKAW-UHFFFAOYSA-N,insecticides (chlorinated cyclodiene),ClCC1C(CCl)C2(Cl)C(=C(Cl)C1(Cl)C2(Cl)Cl)Cl
chlorbromuron,13360-45-7,3-(4-bromo-3-chlorophenyl)-1-methoxy-1-methylurea,NLYNUTMZTCLNOO-UHFFFAOYSA-N,herbicides (phenylurea),CON(C)C(=O)Nc1ccc(Br)c(Cl)c1
chlorbufam,1967-16-4,(2RS)-but-3-yn-2-yl (3-chlorophenyl)carbamate1979 Rules:(RS)-1-methylprop-2-ynyl 3-chlorocarbanilate,ULBXWWGWDPVHAO-UHFFFAOYSA-N,herbicides (carbamate),CC(OC(=O)Nc1cccc(Cl)c1)C#C
chlordane,57-74-9,"1,2,4,5,6,7,8,8-octachloro-2,3,3a,4,7,7a-hexahydro-4,7-methanoindene",BIWJNBZANLAXMG-UHFFFAOYSA-N,insecticides (chlorinated cyclodiene),ClC1CC2C(C1Cl)C3(Cl)C(=C(Cl)C2(Cl)C3(Cl)Cl)Cl
chlordecone,143-50-0,"perchloropentacyclo[5.3.0.02,6.03,9.04,8]decan-5-one",LHHGDZSESBACKH-UHFFFAOYSA-N,insecticides (chlorinated cyclodiene),ClC1(Cl)C2(Cl)C3(Cl)C4(Cl)C(=O)C5(Cl)C3(Cl)C1(Cl)C5(Cl)C24Cl
chlordimeform,6164-98-3,"(EZ)-Nâ²-(4-chloro-2-methylphenyl)-N,N-formimidamide1979 Rules:(EZ)-N2-(4-chloro-o-tolyl)-N1,N1-dimethylformamidine",STUSTWKEFDQFFZ-UHFFFAOYSA-N,acaricides (formamidine)insecticides (formamidine),CN(C)C=Nc1ccc(Cl)cc1C
chlorempenthrin,54407-47-5,"(1RS,2EZ)-1-ethynyl-2-methylpent-2-enyl (1RS,3RS;1RS,3SR)-3-(2,2-dichlorovinyl)-2,2-dimethylcyclopropanecarboxylate",XCUGQTFVQHTFPD-UHFFFAOYSA-N,insecticides (pyrethroid),CCC=C(C)C(C#C)OC(=O)C1C(C1(C)C)C=C(Cl)Cl
karetazan,81051-65-2,"2-(4-chlorophenyl)-1-ethyl-6-methyl-4-oxo-1,4-dihydropyridine-3-carboxylic acid1979 Rules:2-(4-chlorophenyl)-1-ethyl-1,4-dihydro-6-methyl-4-oxonicotinic acid",GQFJDWYHPRLNHR-UHFFFAOYSA-N,plant growth regulators (gametocide),CCN1C(=CC(=O)C(=C1C2=CC=C(C=C2)Cl)C(=O)O)C
ethephon,16672-87-0,(2-chloroethyl)phosphonic acid,UDPGUMQDCGORJQ-UHFFFAOYSA-N,plant growth regulators (ethylene releaser),O[P](O)(=O)CCCl
chlorethoxyfos,54593-83-8,"O,O-diethyl (RS)-O-(1,2,2,2-tetrachloroethyl) phosphorothioate",XFDJMIHUAHSGKG-UHFFFAOYSA-N,insecticides (aliphatic organothiophosphate),CCO[P](=S)(OCC)OC(Cl)C(Cl)(Cl)Cl
chloreturon,20782-58-5,"3-(3-chloro-4-ethoxyphenyl)-1,1-dimethylurea",YKYGJHGXTSEGDB-UHFFFAOYSA-N,herbicides (phenylurea),CCOC1=C(C=C(C=C1)NC(=O)N(C)C)Cl
chlorfenac,85-34-7,"(2,3,6-trichlorophenyl)acetic acid",QZXCCPZJCKEPSA-UHFFFAOYSA-N,herbicides (phenylcarboxylic acid),[Na+].[O-]C(=O)Cc1c(Cl)ccc(Cl)c1Cl
chlorfenapyr,122453-73-0,4-bromo-2-(4-chlorophenyl)-1-(ethoxymethyl)-5-(trifluoromethyl)-1H-pyrrole-3-carbonitrile,CWFOCCVIPCEQCK-UHFFFAOYSA-N,acaricides (arylpyrrole)insecticides (arylpyrrole),CCOCn1c(c2ccc(Cl)cc2)c(C#N)c(Br)c1C(F)(F)F
chlorfenazole,3574-96-7,2-(2-chlorophenyl)-1H-benzimidazole,OILIYWFQRJOPAI-UHFFFAOYSA-N,fungicides (benzimidazole),Clc1ccccc1c2[nH]c3ccccc3n2
chlorfenethol,80-06-8,"1,1-bis(4-chlorophenyl)ethanol1979 Rules:4,4â²-dichloro-Î±-methylbenzhydryl alcohol",URYAFVKLYSEINW-UHFFFAOYSA-N,acaricides (diphenylcarbinol),CC(O)(c1ccc(Cl)cc1)c2ccc(Cl)cc2
monuron,150-68-5,"3-(4-chlorophenyl)-1,1-dimethylurea",BMLIZLVNXIYGCK-UHFFFAOYSA-N,herbicides (phenylurea),CN(C)C(=O)Nc1ccc(Cl)cc1
chlorfenprop,59604-11-4,(2RS)-2-chloro-3-(4-chlorophenyl)propanoic acid1979 Rules:(RS)-2-chloro-3-(4-chlorophenyl)propionic acid,QCTALYCTVMUWPT-UHFFFAOYSA-N,herbicides (phenylcarboxylic acid),C1=CC(=CC=C1CC(C(=O)O)Cl)Cl
chlorfenson,80-33-1,4-chlorophenyl 4-chlorobenzenesulfonate,RZXLPPRPEOUENN-UHFFFAOYSA-N,acaricides (benzenesulfonate),Clc1ccc(O[S](=O)(=O)c2ccc(Cl)cc2)cc1
chlorfensulphide,2274-74-0,"4-chlorophenyl 2,4,5-trichlorobenzenediazosulfideor1-chloro-4-{[(2,4,5-trichlorophenyl)azo]thio}benzene",JKVBWACRUUUEAR-UHFFFAOYSA-N,acaricides (unclassified),Clc1ccc(SN=Nc2cc(Cl)c(Cl)cc2Cl)cc1
chlorfenvinphos,470-90-6,"(EZ)-2-chloro-1-(2,4-dichlorophenyl)vinyl diethyl phosphate",FSAVDKDHPDSCTO-UHFFFAOYSA-N,acaricides (organophosphate)insecticides (organophosphate),CCO[P](=O)(OCC)OC(=C\Cl)/c1ccc(Cl)cc1Cl
dimethylvinphos,67628-93-7,"(Z)-2-chloro-1-(2,4-dichlorophenyl)vinyl dimethyl phosphate",QSGNQELHULIMSJ-POHAHGRESA-N,insecticides (organophosphate),COP(=O)(OC)O/C(=C\Cl)/C1=C(C=C(C=C1)Cl)Cl
chlorfluazuron,71422-67-8,"N-[(3,5-dichloro-4-{[3-chloro-5-(trifluoromethyl)-2-pyridyl]oxy}phenyl)carbamoyl]-2,6-difluorobenzamide1979 Rules:1-(3,5-dichloro-4-{[3-chloro-5-(trifluoromethyl)-2-pyridyl]oxy}phenyl)-3-(2,6-difluorobenzoyl)urea",UISUNVFOGSJSKD-UHFFFAOYSA-N,insecticides (benzoylurea),Fc1cccc(F)c1C(=O)NC(=O)Nc2cc(Cl)c(Oc3ncc(cc3Cl)C(F)(F)F)c(Cl)c2
chlorflurazole,3615-21-2,"4,5-dichloro-2-(trifluoromethyl)-1H-benzimidazole",KSROTSBULDYPKA-UHFFFAOYSA-N,herbicides (unclassified),FC(F)(F)c1[nH]c2ccc(Cl)c(Cl)c2n1
chlorflurenol,2464-37-1,(RS)-2-chloro-9-hydroxyfluorene-9-carboxylic acid,SVOAUHHKPGKPQK-UHFFFAOYSA-N,plant growth regulators (morphactin),OC(=O)C1(O)c2ccccc2c3ccc(Cl)cc13
chlorfluren,24539-66-0,(RS)-2-chlorofluorene-9-carboxylic acid,GJGFCWCPVQHXMF-UHFFFAOYSA-N,plant growth regulators (morphactin),C1=CC=C2C3=C(C=C(C=C3)Cl)C(C2=C1)C(=O)O
chlorflurenol,2464-37-1,(RS)-2-chloro-9-hydroxyfluorene-9-carboxylic acid,SVOAUHHKPGKPQK-UHFFFAOYSA-N,plant growth regulators (morphactin),OC(=O)C1(O)c2ccccc2c3ccc(Cl)cc13
chloridazon,1698-60-8,5-amino-4-chloro-2-phenylpyridazin-3(2H)-one,WYKYKTKDBLFHCY-UHFFFAOYSA-N,herbicides (pyridazinone),NC1=C(Cl)C(=O)N(N=C1)c2ccccc2
chlorimuron,99283-00-8,2-{[(4-chloro-6-methoxypyrimidin-2-yl)carbamoyl]sulfamoyl}benzoic acid,RIUXZHMCCFLRBI-UHFFFAOYSA-N,herbicides (pyrimidinylsulfonylurea),COc1cc(Cl)nc(NC(=O)N[S](=O)(=O)c2ccccc2C(O)=O)n1
barban,101-27-9,4-chlorobut-2-ynyl (3-chlorophenyl)carbamate1979 Rules:4-chlorobut-2-ynyl 3-chlorocarbanilate,MCOQHIWZJUDQIC-UHFFFAOYSA-N,herbicides (carbamate),ClCC#CCOC(=O)Nc1cccc(Cl)c1
chlormephos,24934-91-6,"S-(chloromethyl) O,O-diethyl phosphorodithioate",QGTYWWGEWOBMAK-UHFFFAOYSA-N,insecticides (aliphatic organothiophosphate),CCO[P](=S)(OCC)SCCl
chlormequat,7003-89-6,(2-chloroethyl)trimethylammonium,JUZXDNPBRPUIOR-UHFFFAOYSA-N,plant growth regulators (growth retardant),C[N+](C)(C)CCCl
sulcotrione,99105-77-8,"2-[2-chloro-4-(methylsulfonyl)benzoyl]cyclohexane-1,3-dione1979 Rules:2-(2-chloro-4-mesylbenzoyl)cyclohexane-1,3-dione",PQTBTIFWAXVEPB-UHFFFAOYSA-N,herbicides (triketone),C[S](=O)(=O)c1ccc(c(Cl)c1)C(=O)C2C(=O)CCCC2=O
chlomethoxyfen,32861-85-1,"2,4-dichloro-1-(3-methoxy-4-nitrophenoxy)benzene1979 Rules:5-(2,4-dichlorophenoxy)-2-nitroanisole",DXXVCXKMSWHGTF-UHFFFAOYSA-N,herbicides (diphenyl ether),COc1cc(Oc2ccc(Cl)cc2Cl)ccc1[N+]([O-])=O
chlornidine,26389-78-6,"N,N-bis(2-chloroethyl)-4-methyl-2,6-dinitroaniline1979 Rules:N,N-bis(2-chloroethyl)-2,6-dinitro-p-toluidine",XKUWFOYPQIVFMM-UHFFFAOYSA-N,herbicides (dinitroaniline),Cc1cc(c(N(CCCl)CCCl)c(c1)[N+]([O-])=O)[N+]([O-])=O
chlornitrofen,1836-77-7,"4-nitrophenyl 2,4,6-trichlorophenyl ether",XQNAUQUKWRBODG-UHFFFAOYSA-N,herbicides (diphenyl ether),[O-][N+](=O)c1ccc(Oc2c(Cl)cc(Cl)cc2Cl)cc1
chloroacetic%20acid,79-11-8,chloroacetic acid,FOCAUTSVDIKZOP-UHFFFAOYSA-N,herbicides (halogenated alkanoic acid),OC(=O)CCl
chlorobenzilate,510-15-6,"ethyl 4,4â²-dichlorobenzilate",RAPBNVDSDCTNRC-UHFFFAOYSA-N,acaricides (diphenylcarbinol),CCOC(=O)C(O)(c1ccc(Cl)cc1)c2ccc(Cl)cc2
chlorodinitronaphthalenes,2401-85-6,"1-chloro-2,4-dinitronaphthalene",SKKUAUZTZZRYPW-UHFFFAOYSA-N,fungicides (nitrobenzene),[O-][N+](=O)c1cc(c2ccccc2c1Cl)[N+]([O-])=O
chlorfenson,80-33-1,4-chlorophenyl 4-chlorobenzenesulfonate,RZXLPPRPEOUENN-UHFFFAOYSA-N,acaricides (benzenesulfonate),Clc1ccc(O[S](=O)(=O)c2ccc(Cl)cc2)cc1
chloroform,67-66-3,chloroform,HEDRZPFGACZZDS-UHFFFAOYSA-N,insecticides (alkyl halide; fumigant),ClC(Cl)Cl
a-chlorohydrin,96-24-2,(RS)-3-chloropropylene glycol,SSZWWUDQMAHNAQ-UHFFFAOYSA-N,rodenticides (unclassified),OCC(O)CCl
chloroinconazide,2442449-10-5,"(1RS,3S)-Nâ²-[(E)-(4-chlorobenzylidene)]-2,3,4,9-tetrahydro-1-methyl-1H-pyrido[3,4-b]indole-3-carbohydrazide",KMNVHTXBKWKMBA-KMRULJOSSA-N,fungicides (hydrazide)virucides,CC1C2=C(C[C@H](N1)C(=O)N/N=C/C3=CC=C(C=C3)Cl)C4=CC=CC=C4N2
chloromebuform,37407-77-5,(EZ)-N-butyl-Nâ²-(4-chloro-2-methylphenyl)-N-methylformimidamide1979 Rules:(EZ)-N1-butyl-N2-(4-chloro-o-tolyl)-N1-methylformamidine,OUDYXRYNDPEKLK-UHFFFAOYSA-N,acaricides (formamidine),CCCCN(C)C=NC1=C(C=C(C=C1)Cl)C
chloromethiuron,28217-97-2,"3-(4-chloro-2-methylphenyl)-1,1-dimethylthiourea1979 Rules:3-(4-chloro-o-tolyl)-1,1-dimethylthiourea",IBZZDPVVVSNQOY-UHFFFAOYSA-N,acaricides (thiourea),CN(C)C(=S)Nc1ccc(Cl)cc1C
3-chloro-4-methylaniline,95-74-9,3-chloro-4-methylaniline3-chloro-p-methylaniline,RQKFYFNZSHWXAW-UHFFFAOYSA-N,avicides,Cc1ccc(N)cc1Cl
chloroneb,2675-77-6,"2,5-dichloro-1,4-phenylene dimethyl ether",PFIADAMVCJPXSF-UHFFFAOYSA-N,fungicides (aromatic),COc1cc(Cl)c(OC)cc1Cl
chlorophacinone,3691-35-8,"2-[(2RS)-(4-chlorophenyl)phenylacetyl]indane-1,3-dione1979 Rules:2-[(RS)-(4-chlorophenyl)phenylacetyl]indan-1,3-dione",UDHXJZHVNHGCEC-UHFFFAOYSA-N,rodenticides (indandione),Clc1ccc(cc1)C(C(=O)C2C(=O)c3ccccc3C2=O)c4ccccc4
trichlorfon,52-68-6,"dimethyl [(1RS)-2,2,2-trichloro-1-hydroxyethyl]phosphonate",NFACJZMKEDPNKN-UHFFFAOYSA-N,acaricides (phosphonate)insecticides (phosphonate),CO[P](=O)(OC)C(O)C(Cl)(Cl)Cl
chlorphthalim,39985-63-2,"N-(4-chlorophenyl)cyclohex-1-ene-1,2-dicarboximideorN-(4-chlorophenyl)-3,4,5,6-tetrahydrophthalimide",MJQBFSWPMMHVSM-UHFFFAOYSA-N,herbicides (N-phenylimide),Clc1ccc(cc1)N2C(=O)C3=C(CCCC3)C2=O
chloropicrin,76-06-2,trichloro(nitro)methane,LFHISGNCFUNFFM-UHFFFAOYSA-N,fungicides (fumigant)insecticides (fumigant)nematicides (fumigant),[O-][N+](=O)C(Cl)(Cl)Cl
chloropon,3278-46-4,"2,2,3-trichloropropanoic acid1979 Rules:2,2,3-trichloropropionic acid",QZEKHJXYZSJVCL-UHFFFAOYSA-N,herbicides (halogenated alkanoic acid),OC(=O)C(Cl)(Cl)CCl
chloroprallethrin,250346-55-5,"(1S)-2-methyl-4-oxo-3-(prop-2-ynyl)cyclopent-2-enyl (1R,3S)-3-(2,2-dichlorovinyl)-2,2-dimethylcyclopropanecarboxylateRothamsted-style stereodescriptors:(1S)-2-methyl-4-oxo-3-(prop-2-ynyl)cyclopent-2-enyl (1R)-trans-3-(2,2-dichlorovinyl)-2,2-dimethylcyclopropanecarboxylate",RQNZCZHWQZMZER-ZLDLUXBVSA-N,insecticides (pyrethroid),CC1=C(C(=O)C[C@@H]1OC(=O)[C@@H]2[C@H](C2(C)C)C=C(Cl)Cl)CC#C
chloropropylate,5836-10-2,"isopropyl 4,4â²-dichlorobenzilate",AXGUBXVWZBFQGA-UHFFFAOYSA-N,acaricides (diphenylcarbinol),CC(C)OC(=O)C(O)(c1ccc(Cl)cc1)c2ccc(Cl)cc2
chlorothalonil,1897-45-6,tetrachloroisophthalonitrile,CRQQGFGUEAVUIL-UHFFFAOYSA-N,fungicides (chloronitrile),Clc1c(Cl)c(C#N)c(Cl)c(C#N)c1Cl
chlorotoluron,15545-48-9,"3-(3-chloro-4-methylphenyl)-1,1-dimethylurea1979 Rules:3-(3-chloro-p-tolyl)-1,1-dimethylurea",JXCGFZXSOMJFOA-UHFFFAOYSA-N,herbicides (phenylurea),CN(C)C(=O)Nc1ccc(C)c(Cl)c1
chloroxuron,1982-47-4,"3-[4-(4-chlorophenoxy)phenyl]-1,1-dimethylurea",IVUXTESCPZUGJC-UHFFFAOYSA-N,herbicides (phenylurea),CN(C)C(=O)Nc1ccc(Oc2ccc(Cl)cc2)cc1
chloroxuron,1982-47-4,"3-[4-(4-chlorophenoxy)phenyl]-1,1-dimethylurea",IVUXTESCPZUGJC-UHFFFAOYSA-N,herbicides (phenylurea),CN(C)C(=O)Nc1ccc(Oc2ccc(Cl)cc2)cc1
chloroxynil,1891-95-8,"3,5-dichloro-4-hydroxybenzonitrile",YRSSHOVRSMQULE-UHFFFAOYSA-N,herbicides (hydroxybenzonitrile),Oc1c(Cl)cc(cc1Cl)C#N
chlorphonium,7695-87-6,"tributyl(2,4-dichlorobenzyl)phosphonium",OAGIOQZKOZPWKF-UHFFFAOYSA-N,plant growth regulators (growth inhibitor),CCCC[P+](CCCC)(CCCC)CC1=C(C=C(C=C1)Cl)Cl
chlorphoxim,14816-20-7,"O,O-diethyl {[(2-chloro-Î±-cyanobenzylidene)amino]oxy}phosphonothioate",GQKRUMZWUHSLJF-UHFFFAOYSA-N,insecticides (organothiophosphate),CCO[P](=S)(OCC)O/N=C(C#N)/c1ccccc1Cl
chlorphthalim,39985-63-2,"N-(4-chlorophenyl)cyclohex-1-ene-1,2-dicarboximideorN-(4-chlorophenyl)-3,4,5,6-tetrahydrophthalimide",MJQBFSWPMMHVSM-UHFFFAOYSA-N,herbicides (N-phenylimide),Clc1ccc(cc1)N2C(=O)C3=C(CCCC3)C2=O
chlorprazophos,36145-08-1,"O-(3-chloro-7-methylpyrazolo[1,5-a]pyrimidin-2-yl) O,O-diethyl phosphorothioate",ZCMOTOWEBLMCEO-UHFFFAOYSA-N,insecticides (aryl organothiophosphate),CCO[P](=S)(OCC)Oc1nn2cc(C)cnc2c1Cl
chlorprocarb,23121-99-5,3-[(methoxyformyl)amino]phenyl [(1RS)-1-(chloromethyl)propyl]carbamate1979 Rules:methyl 3-({[(RS)-1-(chloromethyl)propyl]carbamoyl}oxy)carbanilate,CYDCAYZRTPOUJJ-UHFFFAOYSA-N,herbicides (carbanilate herbicides),CCC(CCl)NC(=O)OC1=CC=CC(=C1)NC(=O)OC
chlorpropham,101-21-3,isopropyl (3-chlorophenyl)carbamate1979 Rules:isopropyl 3-chlorocarbanilate,CWJSHJJYOPWUGX-UHFFFAOYSA-N,herbicides (phenyl carbamate)plant growth regulators (growth inhibitor),CC(C)OC(=O)Nc1cccc(Cl)c1
chlorpyrifos,2921-88-2,"O,O-diethyl O-(3,5,6-trichloro-2-pyridyl) phosphorothioate",SBPBAQFWLVIOKP-UHFFFAOYSA-N,insecticides (aryl organothiophosphate),CCO[P](=S)(OCC)Oc1nc(Cl)c(Cl)cc1Cl
chlorpyrifos-methyl,5598-13-0,"O,O-dimethyl O-(3,5,6-trichloro-2-pyridyl) phosphorothioate",HRBKVYFZANMGRE-UHFFFAOYSA-N,insecticides (aryl organothiophosphate),CO[P](=S)(OC)Oc1nc(Cl)c(Cl)cc1Cl
chlorquinox,3495-42-9,"5,6,7,8-tetrachloroquinoxaline",NHTGQOXRZFUGJX-UHFFFAOYSA-N,fungicides (quinoxaline),Clc1c(Cl)c(Cl)c2nccnc2c1Cl
chlorsulfuron,64902-72-3,"2-chloro-N-[(4-methoxy-6-methyl-1,3,5-triazin-2-yl)carbamoyl]benzenesulfonamide1979 Rules:1-[(2-chlorophenyl)sulfonyl]-3-(4-methoxy-6-methyl-1,3,5-triazin-2-yl)urea",VJYIFXVZLXQVHO-UHFFFAOYSA-N,herbicides (triazinylsulfonylurea),COc1nc(C)nc(NC(=O)N[S](=O)(=O)c2ccccc2Cl)n1
chlorthal,2136-79-0,tetrachloroterephthalic acid,KZCBXHSWMMIEQU-UHFFFAOYSA-N,herbicides (benzoic acid),OC(=O)c1c(Cl)c(Cl)c(C(O)=O)c(Cl)c1Cl
chlorthiamid,1918-13-4,"2,6-dichlorothiobenzamide",KGKGSIUWJCAFPX-UHFFFAOYSA-N,herbicides (benzonitrile),NC(=S)c1c(Cl)cccc1Cl
chlorthiophos,60238-56-4,"reaction mixture of the three isomers: (i) O-[2,4-dichloro-5-(methylthio)phenyl] O,O-diethyl phosphorothioate; (ii) O-[2,5-dichloro-4-(methylthio)phenyl] O,O-diethyl phosphorothioate (major component); and (iii) O-[4,5-dichloro-2-(methylthio)phenyl] O,O-diethyl phosphorothioate",component (i):WIQNXNHXIZXZFM-UHFFFAOYSA-Ncomponent (ii) (major component):JAZJVWLGNLCNDD-UHFFFAOYSA-Ncomponent (iii):HDAUYNBHGHGEGX-UHFFFAOYSA-N,acaricides (phenyl organothiophosphate)insecticides (phenyl organothiophosphate),CCO[P](=S)(OCC)Oc1cc(Cl)c(Cl)c(SC)c1
chlorotoluron,15545-48-9,"3-(3-chloro-4-methylphenyl)-1,1-dimethylurea1979 Rules:3-(3-chloro-p-tolyl)-1,1-dimethylurea",JXCGFZXSOMJFOA-UHFFFAOYSA-N,herbicides (phenylurea),CN(C)C(=O)Nc1ccc(C)c(Cl)c1
chlozolinate,84332-86-5,"ethyl (RS)-3-(3,5-dichlorophenyl)-5-methyl-2,4-dioxooxazolidine-5-carboxylate",IGUYEXXAGBDLLX-UHFFFAOYSA-N,fungicides (dicarboximide),CCOC(=O)C1(C)OC(=O)N(C1=O)c2cc(Cl)cc(Cl)c2
chitosan,9012-76-4,Failed,Failed,fungicides (unclassified)plant activators,COC(=O)N[C@@H]1[C@@H](O)[C@H](O[C@@H]2O[C@H](CO)[C@@H](O[C@@H]3O[C@H](CO)[C@@H](O[C@@H]4O[C@H](CO)[C@@H](O[C@@H]5O[C@H](CO)[C@@H](O[C@@H]6O[C@H](CO)[C@@H](O[C@@H]7O[C@H](CO)[C@@H](O)[C@H](O)[C@H]7N)[C@H](O)[C@H]6N)[C@H](O)[C@H]5N)[C@H](O)[C@H]4N)[C@H](O)[C@H]3N)[C@H](O)[C@H]2N)[C@@H](CO)O[C@H]1O[C@H]8[C@H](O)[C@@H](N)[C@@H](O[C@@H]8CO)O[C@H]9[C@H](O)[C@@H](N)[C@H](O)O[C@@H]9CO
cholecalciferol,67-97-0,"(5Z,7E)-(3S)-9,10-secocholesta-5,7,10(19)-trien-3-ol",QYSXJUFSXHHAJI-YRZJJWOYSA-N,rodenticides (calciferol),CC(C)CCC[C@@H](C)[C@H]1CC[C@H]2\C(CCC[C@]12C)=C\C=C3/C[C@@H](O)CCC3=C
choline%20chloride,67-48-1,choline chlorideor(2-hydroxyethyl)trimethylammonium chloride,SGMZJAMFUVOLNK-UHFFFAOYSA-M,plant growth regulators (unclassified),[Cl-].C[N+](C)(C)CCO
chromafenozide,143807-66-3,"Nâ²-tert-butyl-Nâ²-(3,5-dimethylbenzoyl)-5-methylchromane-6-carbohydrazide",HPNSNYBUADCFDR-UHFFFAOYSA-N,insecticides (diacylhydrazine),Cc1cc(C)cc(c1)C(=O)N(NC(=O)c2ccc3OCCCc3c2C)C(C)(C)C
cycloheximide,66-81-9,"4-{(2R)-2-[(1S,3S,5S)-3,5-dimethyl-2-oxocyclohexyl]-2-hydroxyethyl}piperidine-2,6-dione1979 Rules:3-{(2R)-2-[(1S,3S,5S)-3,5-dimethyl-2-oxocyclohexyl]-2-hydroxyethyl}glutarimide",YPHMISFOHDHNIV-FSZOTQKASA-N,fungicides (antibiotic)plant growth regulators (unclassified),C[C@H]1C[C@H](C)C(=O)[C@@H](C1)[C@H](O)CC2CC(=O)NC(=O)C2
trinexapac,104273-73-6,"(1RS,4EZ)-4-[cyclopropyl(hydroxy)methylene]-3,5-dioxocyclohexanecarboxylic acid",DFFWZNDCNBOKDI-UHFFFAOYSA-N,plant growth regulators (growth inhibitor),C1CC1C(=C2C(=O)CC(CC2=O)C(=O)O)O
trinexapac,104273-73-6,"(1RS,4EZ)-4-[cyclopropyl(hydroxy)methylene]-3,5-dioxocyclohexanecarboxylic acid",DFFWZNDCNBOKDI-UHFFFAOYSA-N,plant growth regulators (growth inhibitor),C1CC1C(=C2C(=O)CC(CC2=O)C(=O)O)O
cinerin%20i,25402-06-6,"(Z)-(S)-3-(but-2-enyl)-2-methyl-4-oxocyclopent-2-enyl (1R,3R)-2,2-dimethyl-3-(2-methylprop-1-enyl)cyclopropanecarboxylateRothamsted-style stereodescriptors:(Z)-(S)-3-(but-2-enyl)-2-methyl-4-oxocyclopent-2-enyl (1R)-trans-2,2-dimethyl-3-(2-methylprop-1-enyl)cyclopropanecarboxylatepre-1969 name:(+)-cis-3-(but-2-enyl)-2-methyl-4-oxocyclopent-2-enyl (+)-trans-chrysanthemate",FMTFEIJHMMQUJI-DFKXKMKHSA-N,insecticides (pyrethrin),C\C=C/CC1=C(C)[C@@H](CC1=O)OC(=O)[C@@H]2[C@@H](C=C(C)C)C2(C)C
cinerin%20ii,121-20-0,"(Z)-(S)-3-(but-2-enyl)-2-methyl-4-oxocyclopent-2-enyl (E)-(1R,3R)-3-(2-methoxycarbonylprop-1-enyl)-2,2-dimethylcyclopropanecarboxylateRothamsted-style stereodescriptors:(Z)-(S)-3-(but-2-enyl)-2-methyl-4-oxocyclopent-2-enyl (E)-(1R)-trans-3-(2-methoxycarbonylprop-1-enyl)-2,2-dimethylcyclopropanecarboxylatepre-1969 name:(+)-cis-3-(but-2-enyl)-2-methyl-4-oxocyclopent-2-enyl pyrethate",SHCRDCOTRILILT-WOBDGSLYSA-N,insecticides (pyrethrin),COC(=O)C(/C)=C/[C@@H]1[C@@H](C(=O)O[C@H]2CC(=O)C(=C2C)C\C=C/C)C1(C)C
cinflubrolin,2892524-04-6,"2-[(2-bromo-6-fluorophenyl)methoxy]-4-isopropyl-1-methyl-7-oxabicyclo[2.2.1]heptane containing â¥50% of the (1S,2R,4R)-isomer and â¤50% of the (1R,2S,4S)-isomer",COHOXAPLFQQAGA-UHFFFAOYSA-N,herbicides (benzyl ether),CC(C)C12CCC(O1)(C(C2)OCC3=C(C=CC=C3Br)F)C
cinidon-ethyl,142891-20-1,"ethyl (2Z)-2-chloro-3-[2-chloro-5-(cyclohex-1-ene-1,2-dicarboximido)phenyl]prop-2-enoate1979 Rules:ethyl (Z)-2-chloro-3-[2-chloro-5-(cyclohex-1-ene-1,2-dicarboximido)phenyl]acrylate",NNKKTZOEKDFTBU-YBEGLDIGSA-N,herbicides (N-phenylimide),CCOC(=O)/C(=C/C1=C(C=CC(=C1)N2C(=O)C3=C(C2=O)CCCC3)Cl)/Cl
cinmethylin,87818-31-3,"(1RS,2SR,4SR)-1,4-epoxy-p-menth-2-yl 2-methylbenzyl ether",QMTNOLKHSWIQBE-UHFFFAOYSA-N,herbicides (benzyl ether),CC(C)C12CCC(C)(O1)C(C2)OCc3ccccc3C
cinosulfuron,94593-91-6,"N-[(4,6-dimethoxy-1,3,5-triazin-2-yl)carbamoyl]-2-(2-methoxyethoxy)benzenesulfonamide1979 Rules:1-(4,6-dimethoxy-1,3,5-triazin-2-yl)-3-{[2-(2-methoxyethoxy)phenyl]sulfonyl}urea",WMLPCIHUFDKWJU-UHFFFAOYSA-N,herbicides (triazinylsulfonylurea),COCCOc1ccccc1[S](=O)(=O)NC(=O)Nc2nc(OC)nc(OC)n2
sintofen,130561-48-7,"1-(4-chlorophenyl)-1,4-dihydro-5-(2-methoxyethoxy)-4-oxocinnoline-3-carboxylic acid",QLMNCUHSDAGQGT-UHFFFAOYSA-N,plant growth regulators (gametocide),COCCOC1=CC=CC2=C1C(=O)C(=NN2C3=CC=C(C=C3)Cl)C(=O)O
ciobutide,80544-75-8,(RS)-2-cyano-2-phenylbutyramide,QKSRTQXCXWMMLG-UHFFFAOYSA-N,plant growth regulators (unclassified),CCC(C#N)(C(N)=O)c1ccccc1
cisanilide,34484-77-0,"cis-2,5-dimethylpyrrolidine-1-carboxanilide",RBDDACCUNRKCAM-ZLBIXWSCSA-N,herbicides (anilide),CC1CCC(C)N1C(=O)Nc2ccccc2
cismethrin,35764-59-1,"(5-benzyl-3-furyl)methyl (1R,3S)-2,2-dimethyl-3-(2-methylprop-1-enyl)cyclopropanecarboxylateRothamsted-style stereodescriptors:(5-benzyl-3-furyl)methyl (1R)-cis-2,2-dimethyl-3-(2-methylprop-1-enyl)cyclopropanecarboxylatepre-1969 name:(5-benzyl-3-furyl)methyl (+)-cis-chrysanthemate",VEMKTZHHVJILDY-PMACEKPBSA-N,insecticides (pyrethroid),CC(C)=C[C@@H]1[C@H](C(=O)OCc2oc(Cc3ccccc3)cc2)C1(C)C
clacyfos,215655-76-8,"(1RS)-1-(dimethoxyphosphinoyl)ethyl (2,4-dichlorophenoxy)acetate",UUHXXNQVWVFJLW-UHFFFAOYSA-N,herbicides (phenoxyacetic),CC(OC(=O)COC1=C(C=C(C=C1)Cl)Cl)P(=O)(OC)OC
profoxydim,139001-49-3,(5RS)-2-((EZ)-1-{[(2RS)-2-(4-chlorophenoxy)propoxy]imino}butyl)-3-hydroxy-5-[(3RS)-thian-3-yl]cyclohex-2-en-1-one,KRQUFUKTQHISJB-UHFFFAOYSA-N,herbicides (cyclohexanedione oxime),CCCC(=NOCC(C)OC1=CC=C(C=C1)Cl)C2=C(CC(CC2=O)C3CCCSC3)O
clenpirin,27050-41-5,"N-[(2EZ)-1-butylpyrrolidin-2-ylidene]-3,4-dichloroaniline",MKSYSNRVVYYBIZ-UHFFFAOYSA-N,acaricides (formamidine),CCCCN1CCCC1=Nc2ccc(Cl)c(Cl)c2
clenpirin,27050-41-5,"N-[(2EZ)-1-butylpyrrolidin-2-ylidene]-3,4-dichloroaniline",MKSYSNRVVYYBIZ-UHFFFAOYSA-N,acaricides (formamidine),CCCCN1CCCC1=Nc2ccc(Cl)c(Cl)c2
clethodim,99129-21-2,(5RS)-2-[(1EZ)-N-{[(2E)-3-chloroallyl]oxy}propanimidoyl]-5-[(2RS)-2-(ethylthio)propyl]-3-hydroxycyclohex-2-en-1-one1979 Rules:(5RS)-2-[(1EZ)-1-{[(2E)-(3-chloroallyl)oxy]imino}propyl]-5-[(2RS)-2-(ethylthio)propyl]-3-hydroxycyclohex-2-en-1-one,SILSDTWXNBZOGF-JWGBMQLESA-N,herbicides (cyclohexanedione oxime),CCC(=NOC/C=C/Cl)C1=C(CC(CC1=O)CC(C)SCC)O
climbazole,38083-17-9,"(RS)-1-(4-chlorophenoxy)-1-(imidazol-1-yl)-3,3-dimethylbutan-2-one",OWEGWHBOCFMBLP-UHFFFAOYSA-N,fungicides (imidazole),CC(C)(C)C(=O)C(Oc1ccc(Cl)cc1)n2ccnc2
cliodinate,69148-12-5,"2-chloro-3,5-diiodo-4-pyridyl acetate",QWZIGUJYMLBQCY-UHFFFAOYSA-N,herbicides (pyridinol),CC(=O)OC1=C(C(=NC=C1I)Cl)I
clodinafop,114420-56-3,(2R)-2-{4-[(5-chloro-3-fluoro-2-pyridyl)oxy]phenoxy}propanoic acid1979 Rules:(R)-2-{4-[(5-chloro-3-fluoro-2-pyridyl)oxy]phenoxy}propionic acid,YUIKUTLBPMDDNQ-MRVPVSSYSA-N,herbicides (aryloxyphenoxypropionic),C[C@@H](Oc1ccc(Oc2ncc(Cl)cc2F)cc1)C(O)=O
cloethocarb,51487-69-5,2-[(RS)-2-chloro-1-methoxyethoxy]phenyl methylcarbamate,PITWUHDDNUVBPT-UHFFFAOYSA-N,insecticides (phenyl carbamate)molluscicidesnematicides (phenyl carbamate),CNC(=O)Oc1ccccc1OC(CCl)OC
clofencet,129025-54-3,"2-(4-chlorophenyl)-3-ethyl-5-oxo-2,5-dihydropyridazine-4-carboxylic acid1979 Rules:2-(4-chlorophenyl)-3-ethyl-2,5-dihydro-5-oxopyridazine-4-carboxylic acid",PIZCXVUFSNPNON-UHFFFAOYSA-N,plant growth regulators (gametocide),CCC1=C(C(O)=O)C(=O)C=NN1c2ccc(Cl)cc2
ddt,50-29-3,"1,1,1-trichloro-2,2-bis(4-chlorophenyl)ethane",YVGGHNCTFXOJCH-UHFFFAOYSA-N,acaricides (organochlorine)insecticides (organochlorine),Clc1ccc(cc1)C(c2ccc(Cl)cc2)C(Cl)(Cl)Cl
clofentezine,74115-24-5,"3,6-bis(2-chlorophenyl)-1,2,4,5-tetrazine",UXADOQPNKNTIHB-UHFFFAOYSA-N,acaricides (tetrazine),Clc1ccccc1c2nnc(nn2)c3ccccc3Cl
chlorfenvinphos,470-90-6,"(EZ)-2-chloro-1-(2,4-dichlorophenyl)vinyl diethyl phosphate",FSAVDKDHPDSCTO-UHFFFAOYSA-N,acaricides (organophosphate)insecticides (organophosphate),CCO[P](=O)(OCC)OC(=C\Cl)/c1ccc(Cl)cc1Cl
clofibric%20acid,882-09-7,2-(4-chlorophenoxy)-2-methylpropanoic acid1979 Rules:2-(4-chlorophenoxy)-2-methylpropionic acid,TXCGAZHTZHNUAI-UHFFFAOYSA-N,plant growth regulators (antiauxin),CC(C)(Oc1ccc(Cl)cc1)C(O)=O
clofop,26129-32-8,(2RS)-2-[4-(4-chlorophenoxy)phenoxy]propanoic acid1979 Rules:(2RS)-2-[4-(4-chlorophenoxy)phenoxy]propionic acid,BSFAVVHPEZCASB-UHFFFAOYSA-N,herbicides (aryloxyphenoxypropionic),CC(Oc1ccc(Oc2ccc(Cl)cc2)cc1)C(O)=O
clomazone,81777-89-1,"2-(2-chlorobenzyl)-4,4-dimethylisoxazolidin-3-one",KIEDNEWSYUYDSN-UHFFFAOYSA-N,herbicides (isoxazolidinone),CC1(C)CON(Cc2ccccc2Cl)C1=O
clomeprop,84496-56-0,"(2RS)-2-(2,4-dichloro-3-methylphenoxy)propananilide1979 Rules:(RS)-2-[(2,4-dichloro-m-tolyl)oxy]propionanilide",BDQWWOHKFDSADC-UHFFFAOYSA-N,herbicides (phenoxypropionic),CC(Oc1ccc(Cl)c(C)c1Cl)C(=O)Nc2ccccc2
niclosamide,50-65-7,"2â²,5-dichloro-2-hydroxy-4â²-nitrobenzanilide1979 Rules:2â²,5-dichloro-4â²-nitrosalicylanilide",RJMUSRYZPJIFPJ-UHFFFAOYSA-N,molluscicides,Oc1ccc(Cl)cc1C(=O)Nc2ccc(cc2Cl)[N+]([O-])=O
clopidol,2971-90-6,"3,5-dichloro-2,6-dimethylpyridin-4-ol",ZDPIZLCVJAAHHR-UHFFFAOYSA-N,coccidiostat,CC1=C(Cl)C(=O)C(=C(C)N1)Cl
clopidol,2971-90-6,"3,5-dichloro-2,6-dimethylpyridin-4-ol",ZDPIZLCVJAAHHR-UHFFFAOYSA-N,coccidiostat,CC1=C(Cl)C(=O)C(=C(C)N1)Cl
cloprop,101-10-0,(2RS)-2-(3-chlorophenoxy)propanoic acid1979 Rules:(RS)-2-(3-chlorophenoxy)propionic acid,YNTJKQDWYXUTLZ-UHFFFAOYSA-N,herbicides (phenoxypropionic),CC(Oc1cccc(Cl)c1)C(O)=O
cloproxydim,95480-33-4,(5RS)-2-[(1EZ)-N-{[(2EZ)-3-chloroallyl]oxy}butanimidoyl]-5-[(2RS)-2-(ethylthio)propyl]-3-hydroxycyclohex-2-en-1-one1979 Rules:(5RS)-2-[(1EZ)-1-{[(2EZ)-(3-chloroallyl)oxy]imino}butyl]-5-[(2RS)-2-(ethylthio)propyl]-3-hydroxycyclohex-2-en-1-one,YXBDMGSFNUJTBR-UHFFFAOYSA-N,herbicides (cyclohexanedione oxime),CCCC(=NOCC=CCl)C1=C(CC(CC1=O)CC(C)SCC)O
clopyralid,1702-17-6,"3,6-dichloropyridine-2-carboxylic acidpre-1969 name:3,6-dichloropicolinic acid",HUBANNPOLNYSAD-UHFFFAOYSA-N,herbicides (pyridinecarboxylic acid),OC(=O)c1nc(Cl)ccc1Cl
cloquintocet,88349-88-6,[(5-chloro-8-quinolyl)oxy]acetic acid,ICJSJAJWTWPSBD-UHFFFAOYSA-N,herbicide safeners,C1=CC2=C(C=CC(=C2N=C1)OCC(=O)O)Cl
cloransulam,159518-97-5,"3-chloro-2-{[(5-ethoxy-7-fluoro[1,2,4]triazolo[1,5-c]pyrimidin-2-yl)sulfonyl]amino}benzoic acid1979 Rules:3-chloro-N-[(5-ethoxy-7-fluoro[1,2,4]triazolo[1,5-c]pyrimidin-2-yl)sulfonyl]anthranilic acid",YIANBKOBVRMNPR-UHFFFAOYSA-N,herbicides (triazolopyrimidine),CCOC1=NC(=CC2=NC(=NN21)S(=O)(=O)NC3=C(C=CC=C3Cl)C(=O)O)F
closantel,57808-65-8,"5â²-chloro-4â²-[(Î±RS)-4-chloro-Î±-cyanobenzyl]-2-hydroxy-3,5-diiodo-2â²-methylbenzanilide1979 Rules:(RS)-5â²-chloro-4â²-(4-chloro-Î±-cyanobenzyl)-3,5-diiodo-2â²-methylsalicylanilide",JMPFSEBWVLAJKM-UHFFFAOYSA-N,acaricides (salicylanilide)insecticides (salicylanilide),Cc1cc(C(C#N)c2ccc(Cl)cc2)c(Cl)cc1NC(=O)c3cc(I)cc(I)c3O
clothianidin,210880-92-5,(E)-1-[(2-chlorothiazol-5-yl)methyl]-3-methyl-2-nitroguanidine,PGOOBECODWQEAB-PQKPOUEINA-NStandard InChIKey (no stereo):PGOOBECODWQEAB-UHFFFAOYSA-N,insecticides (nitroguanidine),CN=C(NCc1sc(Cl)nc1)N[N+]([O-])=O
clotrimazole,23593-75-1,1-(2-chlorotrityl)imidazole,VNFPBHJOKIVQEB-UHFFFAOYSA-N,fungicides (imidazole),Clc1ccccc1C(n2ccnc2)(c3ccccc3)c4ccccc4
cloxyfonac,6386-63-6,[4-chloro-2-(hydroxymethyl)phenoxy]acetic acid1979 Rules:[(4-chloro-Î±-hydroxy-o-tolyl)oxy]acetic acid,ZJRUTGDCLVIVRD-UHFFFAOYSA-N,plant growth regulators (auxin),OCc1cc(Cl)ccc1OCC(O)=O
vangard,67932-85-8,"3â²-chloro-2-methoxy-2â²,6â²-dimethyl-N-[(3RS)-tetrahydro-2-oxo-3-furyl]acetanilide",FHZMAAGOSXDIBJ-UHFFFAOYSA-N,fungicides (butyrolactone),COCC(=O)N(C1CCOC1=O)c2c(C)ccc(Cl)c2C
vangard,67932-85-8,"3â²-chloro-2-methoxy-2â²,6â²-dimethyl-N-[(3RS)-tetrahydro-2-oxo-3-furyl]acetanilide",FHZMAAGOSXDIBJ-UHFFFAOYSA-N,fungicides (butyrolactone),COCC(=O)N(C1CCOC1=O)c2c(C)ccc(Cl)c2C
cma,5902-95-4,calcium bis(hydrogen methylarsonate),PKOMXLRKGNITKG-UHFFFAOYSA-L,herbicides (arsenical),[Ca++].C[As]([O-])([O-])=O.C[As]([O-])([O-])=O
pentanochlor,2307-68-8,"(2RS)-3â²-chloro-2,4â²-dimethylpentananilide1979 Rules:(RS)-3â²-chloro-2,4â²-dimethylvaleranilide",WGVWLKXZBUVUAM-UHFFFAOYSA-N,herbicides (anilide),CCCC(C)C(=O)Nc1ccc(C)c(Cl)c1
phenkapton,2275-14-1,"S-{[(2,5-dichlorophenyl)thio]methyl} O,O-diethyl phosphorodithioate",GGNLTHFTYNDYNK-UHFFFAOYSA-N,acaricides (aliphatic organothiophosphate)insecticides (aliphatic organothiophosphate),CCO[P](=S)(OCC)SCSc1cc(Cl)ccc1Cl
monuron,150-68-5,"3-(4-chlorophenyl)-1,1-dimethylurea",BMLIZLVNXIYGCK-UHFFFAOYSA-N,herbicides (phenylurea),CN(C)C(=O)Nc1ccc(Cl)cc1
codlelure,33956-49-9,"(8E,10E)-dodeca-8,10-dien-1-olor(E,E)-dodeca-8,10-dien-1-ol",CSWBSLXBXRFNST-MQQKCMAXSA-N,insect attractants (Lepidopteran),C/C=C/C=C/CCCCCCCO
cholecalciferol,67-97-0,"(5Z,7E)-(3S)-9,10-secocholesta-5,7,10(19)-trien-3-ol",QYSXJUFSXHHAJI-YRZJJWOYSA-N,rodenticides (calciferol),CC(C)CCC[C@@H](C)[C@H]1CC[C@H]2\C(CCC[C@]12C)=C\C=C3/C[C@@H](O)CCC3=C
colophonate,50398-69-1,"S-[(5-chlorothiazol-2-yl)methyl] O,O-dimethyl phosphorodithioate",RZXVEBVXHRSQPO-UHFFFAOYSA-N,insecticides (arylalkyl organothiophosphate),COP(=S)(OC)SCC1=NC=C(S1)Cl
copper%20acetate,142-71-2,copper(II) acetateorcopper(2+) acetateorcupric acetate,OPQARKPSCNTWTJ-UHFFFAOYSA-L,fungicides (copper compound),[Cu++].CC([O-])=O.CC([O-])=O
paris%20green,12002-03-8,copper(II) acetoarseniteor(acetato)trimetaarsenitodicopper,BNKLJOYAQLEMKB-UHFFFAOYSA-J,insecticides (arsenical)molluscicidesrodenticides (arsenical),[Cu++].[Cu++].[Cu++].[Cu++].CC([O-])=O.CC([O-])=O.[O-][As]=O.[O-][As]=O.[O-][As]=O.[O-][As]=O.[O-][As]=O.[O-][As]=O
copper%20arsenate,7778-41-8,copper arsenateorcopper orthoarsenateortricopper arsenateortricopper orthoarsenate,RKYSWCFUYJGIQA-UHFFFAOYSA-H,insecticides (arsenical),[Cu++].[Cu++].[Cu++].[O-][As]([O-])([O-])=O.[O-][As]([O-])([O-])=O
basic%20copper%20carbonate,12069-69-1,copper(II) carbonate hydroxide (2:1:2),ZMMDPCMYTCRWFF-UHFFFAOYSA-J,fungicides (copper compound),[OH-].[OH-].[Cu++].[Cu++].[O-]C([O-])=O
copper%20hydroxide,20427-59-2,cupric hydroxide (deprecated)2005 Rules:copper(II) hydroxideorcopper(2+) hydroxide,JJLJMEJHUUYSSY-UHFFFAOYSA-L,bactericidesfungicides (copper compound),O|[Cu]|O
copper%20naphthenate,1338-02-9,copper naphthenate,Failed,fungicides (copper compound)insecticides (inorganic)mammal repellents,[Cu++].CCC1CCC(CCC([O-])=O)C1.CCC2CCC(CCC([O-])=O)C2
copper%20oleate,1120-44-1,copper(II) oleateorcopper(2+) oleateorcupric oleate,SVOAENZIOKPANY-CVBJKYQLSA-L,fungicides (copper compound)insecticides (inorganic),[Cu++].CCCCCCCC\C=C/CCCCCCCC([O-])=O.CCCCCCCC\C=C/CCCCCCCC([O-])=O
copper%20oxychloride,1332-40-7,dicopper(II) chloride trihydroxide,Failed,bactericidesbird repellentsfungicides (copper compound),[OH-].[OH-].[OH-].[Cl-].[Cu++].[Cu++]
oxine-copper,10380-28-6,"bis(quinolin-8-olato-O,N)copper(II)orcupric quinoline 8-oxide",YXLXNENXOJSQEI-UHFFFAOYSA-L,fungicides (copper compound),[Cu++].[O-]c1cccc2cccnc12.[O-]c3cccc4cccnc34
copper%20silicate,1344-72-5,copper(II) silicate,ZZBBCSFCMKWYQR-UHFFFAOYSA-N,fungicides (copper compound),[Cu++].[O-][Si]([O-])=O
copper%20sulfate,7758-98-7,cupric sulfate (deprecated)2005 Rules:copper(II) sulfateorcopper(2+) sulfate,ARUVKPQLZAKDPS-UHFFFAOYSA-L,algicidesfungicides (copper compound)molluscicides,[Cu++].[O-][S]([O-])(=O)=O
basic%20copper%20sulfate,1344-73-6,copper(II) hydroxide sulfate,LITQZINTSYBKIU-UHFFFAOYSA-F,fungicides (copper compound),[OH-].[OH-].[OH-].[OH-].[OH-].[OH-].[O-]S(=O)(=O)[O-].[Cu+2].[Cu+2].[Cu+2].[Cu+2]
copper%20zinc%20chromate,1336-14-7,Failed,FHTUCVJPHHUQIS-UHFFFAOYSA-N,fungicides (copper compound; zinc compound),[O--].[O--].[O--].[O--].[O--].[O--].[Cr+3].[Cr+3].[Cu++].[Cu++].[Zn++].[Zn++]
coumachlor,81-82-3,3-[(1RS)-1-(4-chlorophenyl)-3-oxobutyl]-4-hydroxy-2H-chromen-2-one1979 Rules:3-[(RS)-1-(4-chlorophenyl)-3-oxobutyl]-4-hydroxycoumarin,DEKWZWCFHUABHE-UHFFFAOYSA-N,rodenticides (coumarin),CC(=O)CC(c1ccc(Cl)cc1)C2=C(O)Oc3ccccc3C2=O
warfarin,81-81-2,4-hydroxy-3-[(1RS)-3-oxo-1-phenylbutyl]-2H-chromen-2-one1979 Rules:4-hydroxy-3-[(RS)-3-oxo-1-phenylbutyl]coumarin,PJVWKTKQMONHTI-UHFFFAOYSA-N,rodenticides (coumarin),CC(=O)CC(c1ccccc1)C2=C(O)Oc3ccccc3C2=O
coumaphos,56-72-4,"O-(3-chloro-4-methyl-2-oxo-2H-chromen-7-yl) O,O-diethyl phosphorothioate",BXNANOICGRISHX-UHFFFAOYSA-N,acaricides (aryl organothiophosphate)insecticides (aryl organothiophosphate),CCO[P](=S)(OCC)Oc1ccc2C(=C(Cl)C(=O)Oc2c1)C
coumafuryl,117-52-2,3-[(1RS)-1-(2-furyl)-3-oxobutyl]-4-hydroxy-2H-chromen-2-one1979 Rules:3-[(RS)-1-(2-furyl)-3-oxobutyl]-4-hydroxycoumarin,JFIXKFSJCQNGEK-UHFFFAOYSA-N,rodenticides (coumarin),[Na+].CC(=O)CC([C-]1C(=O)Oc2ccccc2C1=O)c3occc3
coumaphos,56-72-4,"O-(3-chloro-4-methyl-2-oxo-2H-chromen-7-yl) O,O-diethyl phosphorothioate",BXNANOICGRISHX-UHFFFAOYSA-N,acaricides (aryl organothiophosphate)insecticides (aryl organothiophosphate),CCO[P](=S)(OCC)Oc1ccc2C(=C(Cl)C(=O)Oc2c1)C
coumatetralyl,5836-29-3,"4-hydroxy-3-[(1RS)-1,2,3,4-tetrahydro-1-naphthyl]-2H-chromen-2-one1979 Rules:4-hydroxy-3-[(RS)-1,2,3,4-tetrahydro-1-naphthyl]coumarin",ULSLJYXHZDTLQK-UHFFFAOYSA-N,rodenticides (coumarin),OC1=C(C2CCCc3ccccc23)C(=O)c4ccccc4O1
jiaxiangjunzhi,850881-30-0,"methyl (2E)-2-(2-{[(3,4-dimethyl-2-oxo-2H-chromen-7-yl)oxy]methyl}phenyl)-3-methoxyprop-2-enoate1979 Rules:methyl (2E)-2-(2-{[(3,4-dimethyl-2-oxo-2H-chromen-7-yl)oxy]methyl}phenyl)-3-methoxyacrylate",AOZYNCYSQLZALW-DEDYPNTBSA-N,fungicides (methoxyacrylate),CC1=C(C(=O)OC2=C1C=CC(=C2)OCC3=CC=CC=C3/C(=C\OC)/C(=O)OC)C
coumithoate,572-48-5,"O,O-diethyl O-(7,8,9,10-tetrahydro-6-oxo-6H-benzo[c]chromen-3-yl) phosphorothioate",NSMRHYDOKZAMKJ-UHFFFAOYSA-N,insecticides (aryl organothiophosphate),CCO[P](=S)(OCC)Oc1ccc2C3=C(CCCC3)C(=O)Oc2c1
coumoxystrobin,850881-70-8,methyl (2E)-2-(2-{[(3-butyl-4-methyl-2-oxo-2H-chromen-7-yl)oxy]methyl}phenyl)-3-methoxyprop-2-enoate1979 Rules:methyl (2E)-2-(2-{[(3-butyl-4-methyl-2-oxo-2H-chromen-7-yl)oxy]methyl}phenyl)-3-methoxyacrylate,CWVRPJSBNHNJSI-XQNSMLJCSA-N,fungicides (methoxyacrylate),CCCCC1=C(C2=C(C=C(C=C2)OCC3=CC=CC=C3/C(=C\OC)/C(=O)OC)OC1=O)C
4-cpa,122-88-3,(4-chlorophenoxy)acetic acid,SODPIMGUZLOIPE-UHFFFAOYSA-N,herbicides (phenoxyacetic)plant growth regulators (auxin),OC(=O)COc1ccc(Cl)cc1
4-cpb,3547-07-7,4-(4-chlorophenoxy)butanoic acid1979 Rules:4-(4-chlorophenoxy)butyric acid,SIYAHZSHQIPQLY-UHFFFAOYSA-N,herbicides (phenoxybutyric),OC(=O)CCCOc1ccc(Cl)cc1
cpmc,3942-54-9,2-chlorophenyl methylcarbamate,ZAGNMMRDHSEOPE-UHFFFAOYSA-N,insecticides (phenyl carbamate),CNC(=O)Oc1ccccc1Cl
cpmf,6022-33-9,"(EZ)-Nâ²-(3,4-dichlorophenyl)-N,N-dimethylcarbamimidoyl chloride",WKQYAIDXQNGNIQ-UHFFFAOYSA-N,herbicides (unclassified),CN(C)C(Cl)=Nc1ccc(Cl)c(Cl)c1
4-cpp,3307-39-9,(2RS)-2-(4-chlorophenoxy)propanoic acid1979 Rules:(RS)-2-(4-chlorophenoxy)propionic acid,DKHJWWRYTONYHB-UHFFFAOYSA-N,herbicides (phenoxypropionic),CC(Oc1ccc(Cl)cc1)C(O)=O
cppc,2150-32-5,(2RS)-1-chloropropan-2-yl (3-chlorophenyl)carbamate1979 Rules:(RS)-2-chloro-1-methylethyl 3-chlorocarbanilate,WLKSPGHQGFFKGE-UHFFFAOYSA-N,herbicides (carbamate),CC(CCl)OC(=O)Nc1cccc(Cl)c1
credazine,14491-59-9,pyridazin-3-yl o-tolyl ether,DNPSYFHJYIRREW-UHFFFAOYSA-N,herbicides (pyridazine),Cc1ccccc1Oc2cccnn2
cresol,1319-77-3,cresol,o-cresol:QWVGKYWNOKOFNN-UHFFFAOYSA-Nm-cresol:RLSSMJSEOOYNOY-UHFFFAOYSA-Np-cresol:IWDCLRJOBJJRNH-UHFFFAOYSA-N,bactericidesfungicides (phenol)herbicides (phenol),Cc1ccc(O)cc1
cresol,1319-77-3,cresol,o-cresol:QWVGKYWNOKOFNN-UHFFFAOYSA-Nm-cresol:RLSSMJSEOOYNOY-UHFFFAOYSA-Np-cresol:IWDCLRJOBJJRNH-UHFFFAOYSA-N,bactericidesfungicides (phenol)herbicides (phenol),Cc1ccc(O)cc1
crimidine,535-89-7,"2-chloro-N,N,6-trimethylpyrimidin-4-amine",HJIUPFPIEBPYIE-UHFFFAOYSA-N,rodenticides (pyrimidinamine),CN(C)c1cc(C)nc(Cl)n1
viniconazole,77175-51-0,3-chlorobenzyl 2-[1-(imidazol-1-yl)vinyl]phenyl ether,WHPAGCJNPTUGGD-UHFFFAOYSA-N,fungicides (imidazole),Clc1cccc(COc2ccccc2C(=C)n3ccnc3)c1
crotamiton,483-63-6,(2E)-N-ethyl-2â²-methylbut-2-enanilide1979 Rules:N-ethyl-2â²-methylcrotonanilide,DNTGGZPQPQTDQF-XBXARRHUSA-N,acaricides (unclassified)insecticides (unclassified),CCN(C(=O)\C=C\C)c1ccccc1C
crotoxyphos,7700-17-6,(RS)-1-phenylethyl (2E)-3-[(dimethoxyphosphinoyl)oxy]but-2-enoate1979 Rules:(RS)-1-phenylethyl 3-[(dimethoxyphosphinoyl)oxy]isocrotonate,XXXSILNSXNPGKG-ZHACJKMWSA-N,acaricides (organophosphate)insecticides (organophosphate),CO[P](=O)(OC)OC(/C)=C/C(=O)OC(C)c1ccccc1
crotoxyphos,7700-17-6,(RS)-1-phenylethyl (2E)-3-[(dimethoxyphosphinoyl)oxy]but-2-enoate1979 Rules:(RS)-1-phenylethyl 3-[(dimethoxyphosphinoyl)oxy]isocrotonate,XXXSILNSXNPGKG-ZHACJKMWSA-N,acaricides (organophosphate)insecticides (organophosphate),CO[P](=O)(OC)OC(/C)=C/C(=O)OC(C)c1ccccc1
crufomate,299-86-5,(RS)-(4-tert-butyl-2-chlorophenyl methyl methylphosphoramidate),BOFHKBLZOYVHSI-UHFFFAOYSA-N,insecticides (phosphoramidate),CN[P](=O)(OC)Oc1ccc(cc1Cl)C(C)(C)C
cryolite,AlF6Na3,cryolite (Na3(AlF6)),InChI=1S/Al.6FH.3Na/h;6*1H;;;/q+3;;;;;;;3*+1/p-6,This substance is considered by the International Organization for Standardization not to require a common name.,Failed
cue-lure,3572-06-3,p-(3-oxobutyl)phenyl acetate,UMIKWXDGXDJQJK-UHFFFAOYSA-N,insect attractants (Dipteran),CC(=O)CCc1ccc(OC(C)=O)cc1
cufraneb,11096-18-7,"ethylenebis(dithiocarbamate) mixed metal complex containing not less than 8.15% (m/m) of zinc, 8.05% (m/m) of manganese, 5.5% (m/m) of copper and 1.0% (m/m) of iron",Failed,fungicides (copper compound; alkylenebis(dithiocarbamate); zinc compound),Failed
cumyluron,99485-76-4,1-(2-chlorobenzyl)-3-(1-methyl-1-phenylethyl)urea,VYNOULHXXDFBLU-UHFFFAOYSA-N,herbicides (urea),CC(C)(C1=CC=CC=C1)NC(=O)NCC2=CC=CC=C2Cl
cumyluron,99485-76-4,1-(2-chlorobenzyl)-3-(1-methyl-1-phenylethyl)urea,VYNOULHXXDFBLU-UHFFFAOYSA-N,herbicides (urea),CC(C)(C1=CC=CC=C1)NC(=O)NCC2=CC=CC=C2Cl
cuprobam,7076-63-3,tricopper dichloride dimethyldithiocarbamate,VQSUKBFBVMSNES-UHFFFAOYSA-K,fungicides (copper compound; dimethyldithiocarbamate),CN(C)C(=S)[S-].[Cl-].[Cl-].[Cu+].[Cu+].[Cu+]
cuprous%20oxide,1317-39-1,copper(I) oxideorcopper(1+) oxideorcuprous oxide,BERDEBHAJNAUOM-UHFFFAOYSA-N,fungicides (copper compound),[OH2--].[Cu+].[Cu+]
curcumenol,19431-84-6,"(1S,2S,5S,8R)-9-isopropylidene-2,6-dimethyl-11-oxatricyclo[6.2.1.01,5]undec-6-en-8-ol",ISFMXVMWEWLJGJ-NZBPQXDJSA-N,rodenticides (unclassified),CC1CCC2C(=CC3(O)OC12CC3=C(C)C)C
tetrachlorvinphos,22248-79-9,"(1Z)-2-chloro-1-(2,4,5-trichlorophenyl)vinyl dimethyl phosphate",UBCKGWBNUIFUST-YHYXMXQVSA-N,acaricides (organophosphate)insecticides (organophosphate),CO[P](=O)(OC)OC(=C/Cl)/c1cc(Cl)c(Cl)cc1Cl
cyanamide,420-04-2,cyanamide,XZMCDFZZKTWFGF-UHFFFAOYSA-N,herbicides (unclassified)plant growth regulators (unclassified),NC#N
cyanatryn,21689-84-9,"2-{[4-(ethylamino)-6-(methylthio)-1,3,5-triazin-2-yl]amino}-2-methylpropanenitrile1979 Rules:2-{[4-(ethylamino)-6-(methylthio)-1,3,5-triazin-2-yl]amino}-2-methylpropiononitrile",OFADGFSRMKSMPB-UHFFFAOYSA-N,herbicides (alkylthiotriazine),CCNc1nc(NC(C)(C)C#N)nc(SC)n1
cyanazine,21725-46-2,"2-{[4-chloro-6-(ethylamino)-1,3,5-triazin-2-yl]amino}-2-methylpropanenitrile1979 Rules:2-{[4-chloro-6-(ethylamino)-1,3,5-triazin-2-yl]amino}-2-methylpropiononitrile",MZZBPDKVEFVLFF-UHFFFAOYSA-N,herbicides (chlorotriazine),CCNc1nc(Cl)nc(NC(C)(C)C#N)n1
cyanofenphos,13067-93-1,(RS)-[O-(4-cyanophenyl) O-ethyl phenylphosphonothioate],LRNJHZNPJSPMGK-UHFFFAOYSA-N,insecticides (phosphonothioate),CCO[P](=S)(Oc1ccc(cc1)C#N)c2ccccc2
cyanoflanilide,2915290-26-3,"N-[2-bromo-4-[1,2,2,2-tetrafluoro-1-(trifluoromethyl)ethyl]-6-(trifluoromethyl)phenyl]-3-[N-(cyanomethyl)-4-fluorobenzamido]-2-fluorobenzamideor:2â²-bromo-3-[N-(cyanomethyl)-4-fluorobenzamido]-2-fluoro-4â²-[1,2,2,2-tetrafluoro-1-(trifluoromethyl)ethyl]-6â²-(trifluoromethyl)benzanilide",YYTNNGQZJDLGSV-UHFFFAOYSA-N,insecticides (meta-diamide),Failed
cyanogen,460-19-5,ethanedinitrile,JMANVNJQNLATNU-UHFFFAOYSA-N,fungicides (fumigant)herbicides (fumigant)insecticides (fumigant)nematicides (fumigant),NCCN
cyanophos,2636-26-2,"O-(4-cyanophenyl) O,O-dimethyl phosphorothioate",SCKHCCSZFPSHGR-UHFFFAOYSA-N,insecticides (phenyl organothiophosphate),CO[P](=S)(OC)Oc1ccc(cc1)C#N
cyanthoate,3734-95-0,"S-{2-[(1-cyano-1-methylethyl)amino]-2-oxoethyl} O,O-diethyl phosphorothioate1979 Rules:S-{[(1-cyano-1-methylethyl)carbamoyl]methyl} O,O-diethyl phosphorothioate",TWDJIKFUVRYBJF-UHFFFAOYSA-N,acaricides (aliphatic amide organothiophosphate)insecticides (aliphatic amide organothiophosphate),CCO[P](=O)(OCC)SCC(=O)NC(C)(C)C#N
cyantraniliprole,736994-63-1,3-bromo-1-(3-chloro-2-pyridyl)-4â²-cyano-2â²-methyl-6â²-(methylcarbamoyl)-1H-pyrazole-5-carboxanilide,DVBUIBGJRQBEDP-UHFFFAOYSA-N,insecticides (diamide),CC1=CC(=CC(=C1NC(=O)C2=CC(=NN2C3=C(C=CC=N3)Cl)Br)C(=O)NC)C#N
trihydroxytriazine,108-80-5,"1,3,5-triazine-2,4,6-triol",ZFSLODLOARCGLH-UHFFFAOYSA-N,herbicides (triazine),O=C1NC(=O)NC(=O)N1
cyazofamid,120116-88-3,"4-chloro-2-cyano-N,N-dimethyl-5-p-tolylimidazole-1-sulfonamide",YXKMMRDKEKCERS-UHFFFAOYSA-N,fungicides (cyanoimidazole),CN(C)[S](=O)(=O)n1c(nc(Cl)c1c2ccc(C)cc2)C#N
cybenzoxasulfyl,2128706-04-5,"2-[5-cyclopropyl-3-(ethylsulfonyl)-2-pyridyl]-5-[(RS)-(trifluoromethyl)sulfinyl]-1,3-benzoxazole2-[5-cyclopropyl-3-(ethylsulfonyl)-2-pyridyl]-1,3-benzoxazol-5-yl trifluoromethyl sulfoxide",FOVXPVMLSMQSKD-UHFFFAOYSA-N,insecticides (unclassified),CCS(=O)(=O)C1=C(N=CC(=C1)C2CC2)C3=NC4=C(O3)C=CC(=C4)S(=O)C(F)(F)F
cybutryne,28159-98-0,"N2-tert-butyl-N4-cyclopropyl-6-(methylthio)-1,3,5-triazine-2,4-diamine",HDHLIWCXDDZUFH-UHFFFAOYSA-N,algicides,CSc1nc(NC2CC2)nc(NC(C)(C)C)n1
cyclafuramid,34849-42-8,"N-cyclohexyl-2,5-dimethyl-3-furamide",OYRIKLVYHTWHCZ-UHFFFAOYSA-N,fungicides (furamide),Cc1oc(C)c(c1)C(=O)NC2CCCCC2
cyclanilide,113136-77-9,"1-[(2,4-dichloroanilino)carbonyl]cyclopropanecarboxylic acid",GLWWLNJJJCTFMZ-UHFFFAOYSA-N,plant growth regulators (auxin transport inhibitor),OC(=O)C1CC1C(=O)Nc2ccc(Cl)cc2Cl
cyclaniliprole,1031756-98-5,"2â²,3-dibromo-4â²-chloro-1-(3-chloro-2-pyridyl)-6â²-{[(1RS)-1-cyclopropylethyl]carbamoyl}-1H-pyrazole-5-carboxanilide",RAMUASXTSSXCMB-UHFFFAOYSA-N,insecticides (diamide),CC(C1CC1)NC(=O)C2=C(C(=CC(=C2)Cl)Br)NC(=O)C3=CC(=NN3C4=C(C=CC=N4)Cl)Br
cyclethrin,97-11-0,"(RS)-3-[(RS)-cyclopent-2-enyl]-2-methyl-4-oxocyclopent-2-enyl (1RS,3RS;1RS,3SR)-2,2-dimethyl-3-(2-methylprop-1-enyl)cyclopropanecarboxylatepre-1969 name:(Â±)-3-cyclopent-2-enyl-2-methyl-4-oxocyclopent-2-enyl (Â±)-cis-trans-chrysanthemate",YJXNJQHBVKTWCC-UHFFFAOYSA-N,insecticides (pyrethroid),CC(C)=CC1C(C(=O)OC2CC(=O)C(=C2C)C3CCC=C3)C1(C)C
cycloate,1134-23-2,S-ethyl cyclohexyl(ethyl)carbamothioate1979 Rules:S-ethyl cyclohexyl(ethyl)thiocarbamate,DFCAFRGABIXSDS-UHFFFAOYSA-N,herbicides (thiocarbamate),CCSC(=O)N(CC)C1CCCCC1
cyclobunofen,3052252-62-4,"mixture of 80â100% N-[(1S,2S)-2-(2,4-dibromophenyl)cyclobutyl]-2-nitrobenzamide and 20â0% of the (1R,2R)-enantiomer","WNSVVHDJHHRFDF-WFASDCNBSA-N (1S,2S isomer)",fungicides (unclassified),Failed
cyclobutrifluram,1460292-16-3,"mixture comprised of 80â100% N-[(1S,2S)-2-(2,4-dichlorophenyl)cyclobutyl]-2-(trifluoromethyl)pyridine-3-carboxamide and 20â0% of the (1R,2R)-enantiomer1979 Rules:mixture comprised of 80â100% N-[(1S,2S)-2-(2,4-dichlorophenyl)cyclobutyl]-2-(trifluoromethyl)nicotinamide and 20â0% of the (1R,2R)-enantiomer",GBFKIHJZPMECCF-FZMZJTMJSA-N (major component),fungicides (pyridinecarboxamides)nematicides (pyridinecarboxamide),Failed
cycloheximide,66-81-9,"4-{(2R)-2-[(1S,3S,5S)-3,5-dimethyl-2-oxocyclohexyl]-2-hydroxyethyl}piperidine-2,6-dione1979 Rules:3-{(2R)-2-[(1S,3S,5S)-3,5-dimethyl-2-oxocyclohexyl]-2-hydroxyethyl}glutarimide",YPHMISFOHDHNIV-FSZOTQKASA-N,fungicides (antibiotic)plant growth regulators (unclassified),C[C@H]1C[C@H](C)C(=O)[C@@H](C1)[C@H](O)CC2CC(=O)NC(=O)C2
cycloprate,54460-46-7,hexadecyl cyclopropanecarboxylate,NSCKKHGFMYTPBG-UHFFFAOYSA-N,acaricides (unclassified),CCCCCCCCCCCCCCCCOC(=O)C1CC1
cycloprothrin,63935-38-6,"(RS)-Î±-cyano-3-phenoxybenzyl (RS)-2,2-dichloro-1-(4-ethoxyphenyl)cyclopropanecarboxylate",CGTWCAVZZBLHQH-UHFFFAOYSA-N,insecticides (pyrethroid),CCOc1ccc(cc1)C2(CC2(Cl)Cl)C(=O)OC(C#N)c3cccc(Oc4ccccc4)c3
cyclopyranil,1651191-47-7,"1-(3-chloro-4,5,6,7-tetrahydropyrazolo[1,5-a]pyridin-2-yl)-5-[(cyclopropylmethyl)amino]-1H-pyrazole-4-carbonitrile",QNGFJGCALLNSDE-UHFFFAOYSA-N,herbicides (pyrazolopyrazole),C1CCN2C(=C(C(=N2)N3C(=C(C=N3)C#N)NCC4CC4)Cl)C1
cyclopyrimorate,499231-24-2,6-chloro-3-(2-cyclopropyl-6-methylphenoxy)pyridazin-4-yl morpholine-4-carboxylate,BXIGJZDQFDFASM-UHFFFAOYSA-N,herbicides (phenoxypyridazine),CC1=C(C(=CC=C1)C2CC2)OC3=NN=C(C=C3OC(=O)N4CCOCC4)Cl
cyclosulfamuron,136849-15-5,"1-{[2-(cyclopropylcarbonyl)anilino]sulfonyl}-3-(4,6-dimethoxypyrimidin-2-yl)urea",OFSLKOLYLQSJPB-UHFFFAOYSA-N,herbicides (pyrimidinylsulfonylurea),COc1cc(OC)nc(NC(=O)N[S](=O)(=O)Nc2ccccc2C(=O)C3CC3)n1
cycloxaprid,1203791-41-6,"(5S,8R)-1-[(6-chloro-3-pyridyl)methyl]-2,3,5,6,7,8-hexahydro-9-nitro-1H-5,8-epoxyimidazo[1,2-a]azepine",NDHXMRFNYMNBKO-PWSUYJOCSA-N,insecticides (nitromethylene),C1C[C@H]2N3CCN(C3=C([C@@H]1O2)[N+](=O)[O-])CC4=CN=C(C=C4)Cl
cycloxydim,101205-02-1,(5RS)-2-[(EZ)-1-(ethoxyimino)butyl]-3-hydroxy-5-[(3RS)-thian-3-yl]cyclohex-2-en-1-one,GGWHBJGBERXSLL-UHFFFAOYSA-N,herbicides (cyclohexanedione oxime),CCCC(=NOCC)C1=C(CC(CC1=O)C2CCCSC2)O
cycluron,2163-69-1,"3-cyclooctyl-1,1-dimethylurea",DQZCVNGCTZLGAQ-UHFFFAOYSA-N,herbicides (urea),CN(C)C(=O)NC1CCCCCCC1
cyenopyrafen,560121-52-0,"(1E)-2-(4-tert-butylphenyl)-2-cyano-1-(1,3,4-trimethyl-1H-pyrazol-5-yl)vinyl 2,2-dimethylpropanoate1979 Rules:(E)-2-(4-tert-butylphenyl)-2-cyano-1-(1,3,4-trimethyl-1H-pyrazol-5-yl)vinyl 2,2-dimethylpropionate",APJLTUBHYCOZJI-VZCXRCSSSA-N,acaricides (beta-ketonitrile),CC1=C(N(N=C1C)C)/C(=C(\C#N)/C2=CC=C(C=C2)C(C)(C)C)/OC(=O)C(C)(C)C
cyetpyrafen,1253429-01-4,"(1Z)-2-(4-tert-butylphenyl)-2-cyano-1-(1-ethyl-3-methyl-1H-pyrazol-5-yl)vinyl 2,2-dimethylpropanoate1979 Rules:(Z)-2-(4-tert-butylphenyl)-2-cyano-1-(1-ethyl-3-methyl-1H-pyrazol-5-yl)vinyl 2,2-dimethylpropionate",NWXGXRHWQUMXHA-XUTLUUPISA-N,acaricides (beta-ketonitrile),CCN1C(=CC(=N1)C)/C(=C(/C#N)\C2=CC=C(C=C2)C(C)(C)C)/OC(=O)C(C)(C)C
cyflufenamid,180409-60-3,"(Z)-N-{Î±-[(cyclopropylmethoxy)imino]-2,3-difluoro-6-(trifluoromethyl)benzyl}-2-phenylacetamide",ACMXQHFNODYQAT-TWGOXAJXNA-NCAS-preferred tautomer:ACMXQHFNODYQAT-DHKMSXNCNA-NStandard InChIKey (no stereo):ACMXQHFNODYQAT-UHFFFAOYSA-N,fungicides (phenylacetamide),Failed
cyflumetofen,400882-07-7,"2-methoxyethyl (2RS)-2-(4-tert-butylphenyl)-2-cyano-3-oxo-3-[2-(trifluoromethyl)phenyl]propanoate1979 Rules:2-methoxyethyl (RS)-2-(4-tert-butylphenyl)-2-cyano-3-oxo-3-(Î±,Î±,Î±-trifluoro-o-tolyl)propionate",AWSZRJQNBMEZOI-UHFFFAOYSA-N,acaricides (beta-ketonitrile),CC(C)(C)C1=CC=C(C=C1)C(C#N)(C(=O)C2=CC=CC=C2C(F)(F)F)C(=O)OCCOC
cyfluthrin,68359-37-5,"(RS)-Î±-cyano-4-fluoro-3-phenoxybenzyl (1RS,3RS;1RS,3SR)-3-(2,2-dichlorovinyl)-2,2-dimethylcyclopropanecarboxylate",QQODLKZGRKWIFG-UHFFFAOYSA-N,insecticides (pyrethroid),CC1(C)C(C=C(Cl)Cl)C1C(=O)OC(C#N)c2ccc(F)c(Oc3ccccc3)c2
beta-cyfluthrin,1820573-27-0,"reaction mixture comprising the enantiomeric pair (R)-Î±-cyano-4-fluoro-3-phenoxybenzyl (1S,3S)-3-(2,2-dichlorovinyl)-2,2-dimethylcyclopropanecarboxylate and (S)-Î±-cyano-4-fluoro-3-phenoxybenzyl (1R,3R)-3-(2,2-dichlorovinyl)-2,2-dimethylcyclopropanecarboxylate in ratio 1:2 with the enantiomeric pair (R)-Î±-cyano-4-fluoro-3-phenoxybenzyl (1S,3R)-3-(2,2-dichlorovinyl)-2,2-dimethylcyclopropanecarboxylate and (S)-Î±-cyano-4-fluoro-3-phenoxybenzyl (1R,3S)-3-(2,2-dichlorovinyl)-2,2-dimethylcyclopropanecarboxylateRothamsted-style stereodescriptors:reaction mixture comprising the enantiomeric pair (R)-Î±-cyano-4-fluoro-3-phenoxybenzyl (1S)-cis-3-(2,2-dichlorovinyl)-2,2-dimethylcyclopropanecarboxylate and (S)-Î±-cyano-4-fluoro-3-phenoxybenzyl (1R)-cis-3-(2,2-dichlorovinyl)-2,2-dimethylcyclopropanecarboxylate in ratio 1:2 with the enantiomeric pair (R)-Î±-cyano-4-fluoro-3-phenoxybenzyl (1S)-trans-3-(2,2-dichlorovinyl)-2,2-dimethylcyclopropanecarboxylate and (S)-Î±-cyano-4-fluoro-3-phenoxybenzyl (1R)-trans-3-(2,2-dichlorovinyl)-2,2-dimethylcyclopropanecarboxylate",MUAQRFLDMBWWOD-XWJCWIGJSA-N,insecticides (pyrethroid),CC1([C@@H]([C@@H]1C(=O)O[C@@H](C#N)C2=CC(=C(C=C2)F)OC3=CC=CC=C3)C=C(Cl)Cl)C.CC1([C@@H]([C@H]1C(=O)O[C@H](C#N)C2=CC(=C(C=C2)F)OC3=CC=CC=C3)C=C(Cl)Cl)C.CC1([C@H]([C@@H]1C(=O)O[C@@H](C#N)C2=CC(=C(C=C2)F)OC3=CC=CC=C3)C=C(Cl)Cl)C.CC1([C@H]([C@H]1C(=O)O[C@H](C#N)C2=CC(=C(C=C2)F)OC3=CC=CC=C3)C=C(Cl)Cl)C
cyhalodiamide,1262605-53-7,"3-chloro-N2-(1-cyano-1-methylethyl)-N1-{2-methyl-4-[1,2,2,2-tetrafluoro-1-(trifluoromethyl)ethyl]phenyl}phthalamide1979 Rules:3-chloro-Nâ²-(1-cyano-1-methylethyl)-N-{4-[1,2,2,2-tetrafluoro-1-(trifluoromethyl)ethyl]-o-tolyl}phthalamide",NNRSYETYEADPBW-UHFFFAOYSA-N,insecticides (diamide),CC1=C(C=CC(=C1)C(C(F)(F)F)(C(F)(F)F)F)NC(=O)C2=C(C(=CC=C2)Cl)C(=O)NC(C)(C)C#N
cyhalofop,122008-78-0,(2R)-2-[4-(4-cyano-2-fluorophenoxy)phenoxy]propanoic acid1979 Rules:(R)-2-[4-(4-cyano-2-fluorophenoxy)phenoxy]propionic acid,ROBSGBGTWRRYSK-SNVBAGLBSA-N,herbicides (aryloxyphenoxypropionic),CCCCOC(=O)C(C)Oc1ccc(Oc2ccc(cc2F)C#N)cc1
cyhalothrin,68085-85-8,"(RS)-Î±-cyano-3-phenoxybenzyl (1RS,3RS)-3-[(Z)-2-chloro-3,3,3-trifluoroprop-1-enyl]-2,2-dimethylcyclopropanecarboxylateRothamsted-style stereodescriptors:(RS)-Î±-cyano-3-phenoxybenzyl (1RS)-cis-3-[(Z)-2-chloro-3,3,3-trifluoroprop-1-enyl]-2,2-dimethylcyclopropanecarboxylate",OOAOVGPMANECPJ-RWEUCVCFSA-N,acaricides (pyrethroid)insecticides (pyrethroid),CC1(C)C(\C=C(/Cl)C(F)(F)F)C1C(=O)OC(C#N)c2cccc(Oc3ccccc3)c2
gamma-cyhalothrin,76703-62-3,"(S)-Î±-cyano-3-phenoxybenzyl (1R,3R)-3-[(Z)-2-chloro-3,3,3-trifluoroprop-1-enyl]-2,2-dimethylcyclopropanecarboxylateRothamsted-style stereodescriptors:(S)-Î±-cyano-3-phenoxybenzyl (1R)-cis-3-[(Z)-2-chloro-3,3,3-trifluoroprop-1-enyl]-2,2-dimethylcyclopropanecarboxylate",ZXQYGBMAQZUVMI-GCMPRSNUSA-N,insecticides (pyrethroid),CC1(C)[C@@H](\C=C(/Cl)C(F)(F)F)[C@H]1C(=O)O[C@H](C#N)c2cccc(Oc3ccccc3)c2
lambda-cyhalothrin,91465-08-6,"reaction product comprising equal quantities of (R)-Î±-cyano-3-phenoxybenzyl (1S,3S)-3-[(Z)-2-chloro-3,3,3-trifluoroprop-1-enyl]-2,2-dimethylcyclopropanecarboxylate and (S)-Î±-cyano-3-phenoxybenzyl (1R,3R)-3-[(Z)-2-chloro-3,3,3-trifluoroprop-1-enyl]-2,2-dimethylcyclopropanecarboxylateRothamsted-style stereodescriptors:reaction product comprising equal quantities of (R)-Î±-cyano-3-phenoxybenzyl (1S)-cis-3-[(Z)-2-chloro-3,3,3-trifluoroprop-1-enyl]-2,2-dimethylcyclopropanecarboxylate and (S)-Î±-cyano-3-phenoxybenzyl (1R)-cis-3-[(Z)-2-chloro-3,3,3-trifluoroprop-1-enyl]-2,2-dimethylcyclopropanecarboxylate",BFPGVJIMBRLFIR-GUCBCRIZSA-Nidentifier for no stereochemistry:ZXQYGBMAQZUVMI-UHFFFAOYSA-N,insecticides (pyrethroid),CC1(C)[C@@H](\C=C(/Cl)C(F)(F)F)[C@H]1C(=O)OC(C#N)c2cccc(Oc3ccccc3)c2
cyhexatin,13121-70-5,tricyclohexyltin hydroxide,WCMMILVIRZAPLE-UHFFFAOYSA-M,acaricides (organotin),O|[Sn](C1CCCCC1)(C2CCCCC2)C3CCCCC3
methylmercury%20dicyandiamide,502-39-6,1-cyano-3-(methylmercurio)guanidine,JVJUWCMBRUMDDQ-UHFFFAOYSA-N,fungicides (mercury compound),C[Hg+].C(#N)N=C(N)[NH-]
cymiazole,61676-87-7,"(2EZ)-N-(2,4-dimethylphenyl)-3-methylthiazol-2(3H)-imine1979 Rules:N-[(2EZ)-3-methylthiazol-2(3H)-ylidene]-2,4-xylidine",YUAUPYJCVKNAEC-UHFFFAOYSA-N,acaricides (formamidine),CN1C=CSC1=Nc2ccc(C)cc2C
cymoxanil,57966-95-7,1-[(EZ)-2-cyano-2-(methoxyimino)acetyl]-3-ethylurea,XERJKGMBORTKEO-UHFFFAOYSA-N,fungicides (cyanoacetamide oxime),CCNC(=O)NC(=O)\C(=N\OC)C#N
cyometrinil,78370-21-5,(Z)-[(cyanomethoxy)imino](phenyl)acetonitrile,PYKLUAIDKVVEOS-JLHYYAGUSA-N,herbicide safeners,N#CCO/N=C(C#N)/c1ccccc1
cypendazole,28559-00-4,methyl {1-[(5-cyanopentyl)carbamoyl]-1H-benzimidazol-2-yl}carbamate,MKZGVGOBXZJKGV-UHFFFAOYSA-N,fungicides (benzimidazole),COC(=O)Nc1nc2ccccc2n1C(=O)NCCCCCC#N
cypermethrin,52315-07-8,"(RS)-Î±-cyano-3-phenoxybenzyl (1RS,3RS;1RS,3SR)-3-(2,2-dichlorovinyl)-2,2-dimethylcyclopropanecarboxylate",KAATUXNTWXVJKI-UHFFFAOYSA-N,acaricides (pyrethroid)insecticides (pyrethroid),CC1(C)C(C=C(Cl)Cl)C1C(=O)OC(C#N)c2cccc(Oc3ccccc3)c2
alpha-cypermethrin,67375-30-8,"racemate comprising (R)-Î±-cyano-3-phenoxybenzyl (1S,3S)-3-(2,2-dichlorovinyl)-2,2-dimethylcyclopropanecarboxylate and (S)-Î±-cyano-3-phenoxybenzyl (1R,3R)-3-(2,2-dichlorovinyl)-2,2-dimethylcyclopropanecarboxylateRothamsted-style stereodescriptors:racemate comprising (R)-Î±-cyano-3-phenoxybenzyl (1S)-cis-3-(2,2-dichlorovinyl)-2,2-dimethylcyclopropanecarboxylate and (S)-Î±-cyano-3-phenoxybenzyl (1R)-cis-3-(2,2-dichlorovinyl)-2,2-dimethylcyclopropanecarboxylate",GUQZCTLEJXHSIH-RZAVTOELSA-Nidentifier for no stereochemistry:KAATUXNTWXVJKI-UHFFFAOYSA-N,acaricides (pyrethroid)insecticides (pyrethroid),CC1(C)[C@@H](C=C(Cl)Cl)[C@H]1C(=O)OC(C#N)c2cccc(Oc3ccccc3)c2
beta-cypermethrin,1224510-29-5,"reaction mixture comprising the enantiomeric pair (R)-Î±-cyano-3-phenoxybenzyl (1S,3S)-3-(2,2-dichlorovinyl)-2,2-dimethylcyclopropanecarboxylate and (S)-Î±-cyano-3-phenoxybenzyl (1R,3R)-3-(2,2-dichlorovinyl)-2,2-dimethylcyclopropanecarboxylate in ratio approximately 2:3 with the enantiomeric pair (R)-Î±-cyano-3-phenoxybenzyl (1S,3R)-3-(2,2-dichlorovinyl)-2,2-dimethylcyclopropanecarboxylate and (S)-Î±-cyano-3-phenoxybenzyl (1R,3S)-3-(2,2-dichlorovinyl)-2,2-dimethylcyclopropanecarboxylateRothamsted-style stereodescriptors:reaction mixture comprising the enantiomeric pair (R)-Î±-cyano-3-phenoxybenzyl (1S)-cis-3-(2,2-dichlorovinyl)-2,2-dimethylcyclopropanecarboxylate and (S)-Î±-cyano-3-phenoxybenzyl (1R)-cis-3-(2,2-dichlorovinyl)-2,2-dimethylcyclopropanecarboxylate in ratio approximately 2:3 with the enantiomeric pair (R)-Î±-cyano-3-phenoxybenzyl (1S)-trans-3-(2,2-dichlorovinyl)-2,2-dimethylcyclopropanecarboxylate and (S)-Î±-cyano-3-phenoxybenzyl (1R)-trans-3-(2,2-dichlorovinyl)-2,2-dimethylcyclopropanecarboxylate",UVPMHCHKNSCKRP-HEPIIIDYSA-N,insecticides (pyrethroid),CC1([C@@H]([C@@H]1C(=O)O[C@@H](C#N)C2=CC(=CC=C2)OC3=CC=CC=C3)C=C(Cl)Cl)C.CC1([C@@H]([C@H]1C(=O)O[C@H](C#N)C2=CC(=CC=C2)OC3=CC=CC=C3)C=C(Cl)Cl)C.CC1([C@H]([C@@H]1C(=O)O[C@@H](C#N)C2=CC(=CC=C2)OC3=CC=CC=C3)C=C(Cl)Cl)C.CC1([C@H]([C@H]1C(=O)O[C@H](C#N)C2=CC(=CC=C2)OC3=CC=CC=C3)C=C(Cl)Cl)C
theta-cypermethrin,71697-59-1,"1:1 reaction mixture of the two enantiomers (R)-Î±-cyano-3-phenoxybenzyl (1S,3R)-3-(2,2-dichlorovinyl)-2,2-dimethylcyclopropanecarboxylate and (S)-Î±-cyano-3-phenoxybenzyl (1R,3S)-3-(2,2-dichlorovinyl)-2,2-dimethylcyclopropanecarboxylateRothamsted-style stereodescriptors:1:1 reaction mixture of the two enantiomers (R)-Î±-cyano-3-phenoxybenzyl (1S)-trans-3-(2,2-dichlorovinyl)-2,2-dimethylcyclopropanecarboxylate and (S)-Î±-cyano-3-phenoxybenzyl (1R)-trans-3-(2,2-dichlorovinyl)-2,2-dimethylcyclopropanecarboxylate",GUQZCTLEJXHSIH-TXXTYBRISA-Nidentifier for no stereochemistry:KAATUXNTWXVJKI-UHFFFAOYSA-N,insecticides (pyrethroid),CC1(C)C(C=C(Cl)Cl)C1C(=O)OC(C#N)c2cccc(Oc3ccccc3)c2
zeta-cypermethrin,1315501-18-8,"mixture of the stereoisomers (S)-Î±-cyano-3-phenoxybenzyl (1RS,3RS;1RS,3SR)-3-(2,2-dichlorovinyl)-2,2-dimethylcyclopropanecarboxylate where the ratio of the (S);(1RS,3RS) isomeric pair to the (S);(1RS,3SR) isomeric pair lies in the ratio range 45â55 to 55â45 respectively",KAATUXNTWXVJKI-QPIRBTGLSA-N,insecticides (pyrethroid),CC1(C(C1C(=O)O[C@H](C#N)C2=CC(=CC=C2)OC3=CC=CC=C3)C=C(Cl)Cl)C
cyperquat,48134-75-4,1-methyl-4-phenylpyridinium,FMGYKKMPNATWHP-UHFFFAOYSA-N,herbicides (quaternary ammonium),[Cl-].C[n+]1ccc(cc1)c2ccccc2
cyphenothrin,39515-40-7,"(RS)-Î±-cyano-3-phenoxybenzyl (1RS,3RS;1RS,3SR)-2,2-dimethyl-3-(2-methylprop-1-enyl)cyclopropanecarboxylateRothamsted-style stereodescriptors:(RS)-Î±-cyano-3-phenoxybenzyl (1RS)-cis-trans-2,2-dimethyl-3-(2-methylprop-1-enyl)cyclopropanecarboxylatepre-1969 name:(Â±)-Î±-cyano-3-phenoxybenzyl (Â±)-cis-trans-chrysanthemate",FJDPATXIBIBRIM-UHFFFAOYSA-N,insecticides (pyrethroid),CC(C)=CC1C(C(=O)OC(C#N)c2cccc(Oc3ccccc3)c2)C1(C)C
cyprazine,22936-86-3,"6-chloro-N2-cyclopropyl-N4-isopropyl-1,3,5-triazine-2,4-diamine",OOHIAOSLOGDBCE-UHFFFAOYSA-N,herbicides (chlorotriazine),CC(C)Nc1nc(Cl)nc(NC2CC2)n1
cyprazole,42089-03-2,"N-[5-(2-chloro-1,1-dimethylethyl)-1,3,4-thiadiazol-2-yl]cyclopropanecarboxamide",KDOKZLSGPVBDLS-UHFFFAOYSA-N,herbicides (unclassified),CC(C)(CCl)C1=NN=C(S1)NC(=O)C2CC2
cyproconazole,94361-06-5,"mixture of 2 enantiomeric pairs:(2RS,3RS;2RS,3SR)-2-(4-chlorophenyl)-3-cyclopropyl-1-(1H-1,2,4-triazol-1-yl)butan-2-olin the ratio 1:1",UFNOUKDBUJZYDE-UHFFFAOYSA-N,fungicides (triazole),CC(C1CC1)C(O)(Cn2cncn2)c3ccc(Cl)cc3
cyprodinil,121552-61-2,4-cyclopropyl-6-methyl-N-phenylpyrimidin-2-amine,HAORKNGNJCEJBX-UHFFFAOYSA-N,fungicides (anilinopyrimidine),Cc1cc(nc(Nc2ccccc2)n1)C3CC3
cyproflanilide,2375110-88-4,"N-{2-bromo-4-[1,2,2,2-tetrafluoro-1-(trifluoromethyl)ethyl]-6-(trifluoromethyl)phenyl}-3-[N-(cyclopropylmethyl)-4-fluorobenzamido]-2-fluorobenzamide1979 Rules:2â²-bromo-3-[N-(cyclopropylmethyl)-4-fluorobenzamido]-2-fluoro-4â²-[1,2,2,2-tetrafluoro-1-(trifluoromethyl)ethyl]-6â²-(trifluoromethyl)benzanilide",WULALRGFFYJWOL-UHFFFAOYSA-N,insecticides (meta-diamide),C1CC1CN(C2=CC=CC(=C2F)C(=O)NC3=C(C=C(C=C3Br)C(C(F)(F)F)(C(F)(F)F)F)C(F)(F)F)C(=O)C4=CC=C(C=C4)F
cyprofuram,69581-33-5,3â²-chloro-N-[(3RS)-2-oxotetrahydro-3-furyl]cyclopropanecarboxanilide1979 Rules:(RS)-Î±-[N-(3-chlorophenyl)cyclopropanecarboxamido]-Î³-butyrolactone,KRZUZYJEQBXUIN-UHFFFAOYSA-N,fungicides (anilide),Clc1cccc(c1)N(C2CCOC2=O)C(=O)C3CC3
cyprometoxazam,2093177-34-3,"N-methoxy-N-{4-[5-(trifluoromethyl)-1,2,4-oxadiazol-3-yl]benzyl}cyclopropanecarboxamide",LDFHINKTALTVSV-UHFFFAOYSA-N,fungicides (unclassified),CON(CC1=CC=C(C=C1)C2=NOC(=N2)C(F)(F)F)C(=O)C3CC3
cypromid,2759-71-9,"3â²,4â²-dichlorocyclopropanecarboxanilide",PLQDLOBGKJCDSZ-UHFFFAOYSA-N,herbicides (anilide),Clc1ccc(NC(=O)C2CC2)cc1Cl
cyprosulfamide,221667-31-8,N-{[4-(cyclopropylcarbamoyl)phenyl]sulfonyl}-2-methoxybenzamide1979 Rules:N-{[4-(cyclopropylcarbamoyl)phenyl]sulfonyl}-o-anisamide,OAWUUPVZMNKZRY-UHFFFAOYSA-N,herbicide safeners,COC1=CC=CC=C1C(=O)NS(=O)(=O)C2=CC=C(C=C2)C(=O)NC3CC3
cypyrafluone,1855929-45-1,"1-[2-chloro-3-[(3-cyclopropyl-5-hydroxy-1-methyl-1H-pyrazol-4-yl)carbonyl]-6-(trifluoromethyl)phenyl]piperidin-2-one1979 Rules:1-{6-chloro-5-[(3-cyclopropyl-5-hydroxy-1-methyl-1H-pyrazol-4-yl)carbonyl]-Î±,Î±,Î±-trifluoro-o-tolyl}-2-piperidone",KEJFZFIWBXFTKG-UHFFFAOYSA-N,herbicides (benzoylpyrazole),Failed
cyromazine,66215-27-8,"N-cyclopropyl-1,3,5-triazine-2,4,6-triamine",LVQDKIWDGQRHTE-UHFFFAOYSA-N,acaricides (aminotriazene)insecticides (aminotriazene),Nc1nc(N)nc(NC2CC2)n1
cythioate,115-93-5,"O,O-dimethyl O-(4-sulfamoylphenyl) phosphorothioate",BSBSDQUZDZXGFN-UHFFFAOYSA-N,insecticides (phenyl organothiophosphate),CO[P](=S)(OC)Oc1ccc(cc1)[S](N)(=O)=O
dodine,2439-10-3,1-dodecylguanidinium acetate,YIKWKLYQRFRGPM-UHFFFAOYSA-N,fungicides (guanidine),CCCCCCCCCCCCN=C(N)N.CC(O)=O
"1,3-dichloropropene",542-75-6,"(EZ)-1,3-dichloropropene",UOORRWUZONOOLO-UHFFFAOYSA-N,nematicides (alkyl halide; fumigant),ClC\C=C/Cl
"2,4-d",94-75-7,"(2,4-dichlorophenoxy)acetic acid",OVSKIKFHRZPJSS-UHFFFAOYSA-N,herbicides (phenoxyacetic),OC(=O)COc1ccc(Cl)cc1Cl
"3,4-da",588-22-7,"(3,4-dichlorophenoxy)acetic acid",SNYRXHULAWEECU-UHFFFAOYSA-N,herbicides (phenoxyacetic),OC(=O)COc1ccc(Cl)c(Cl)c1
DA-6,10369-83-2,2-(diethylamino)ethyl hexanoate,AEIJVYPRKAWFPN-UHFFFAOYSA-N,plant growth regulators (unclassified),CCCCCC(=O)OCCN(CC)CC
daimuron,42609-52-9,1-(1-methyl-1-phenylethyl)-3-p-tolylurea,NNYRZQHKCHEXSD-UHFFFAOYSA-N,herbicides (phenylurea),Cc1ccc(NC(=O)NC(C)(C)c2ccccc2)cc1
dalapon,75-99-0,"2,2-dichloropropanoic acid1979 Rules:2,2-dichloropropionic acid",NDUPDOJHUQKPAG-UHFFFAOYSA-N,herbicides (halogenated alkanoic acid),CC(Cl)(Cl)C(O)=O
daminozide,1596-84-5,N-(dimethylamino)succinamic acid,NOQGZXFMHARMLW-UHFFFAOYSA-N,plant growth regulators (growth retardant),CN(C)NC(=O)CCC(O)=O
dayoutong,107360-34-9,"4-chloro-5-[(6-chloro-3-pyridyl)methoxy]-2-(3,4-dichlorophenyl)pyridazin-3(2H)-one",BAJLRQTYSBSGKY-UHFFFAOYSA-N,insecticides (juvenile hormone mimic),Clc1ccc(COC2=C(Cl)C(=O)N(N=C2)c3ccc(Cl)c(Cl)c3)cn1
dazomet,533-74-4,"3,5-dimethyl-1,3,5-thiadiazinane-2-thioneortetrahydro-3,5-dimethyl-1,3,5-thiadiazine-2-thione",QAYICIQNSGETAS-UHFFFAOYSA-N,fungicides (dithiocarbamate)herbicides (dithiocarbamate)nematicides (dithiocarbamate),CN1CSC(=S)N(C)C1
"2,4-db",94-82-6,"4-(2,4-dichlorophenoxy)butanoic acid1979 Rules:4-(2,4-dichlorophenoxy)butyric acid",YIVXMZJTEQBPQO-UHFFFAOYSA-N,herbicides (phenoxybutyric),OC(=O)CCCOc1ccc(Cl)cc1Cl
"3,4-db",3307-37-7,"4-(3,4-dichlorophenoxy)butanoic acid1979 Rules:4-(3,4-dichlorophenoxy)butyric acid",AKDSUKZFDDKNNM-UHFFFAOYSA-N,herbicides (phenoxybutyric),OC(=O)CCCOc1ccc(Cl)c(Cl)c1
dbcp,96-12-8,"(RS)-1,2-dibromo-3-chloropropane",WBEJYOJJBDISQU-UHFFFAOYSA-N,fungicides (fumigant)nematicides (alkyl halide; fumigant),ClCC(Br)CBr
d-camphor,464-49-3,"(1R,4R)-1,7,7-trimethylbicyclo[2.2.1]heptan-2-oneor(+)-bornan-2-one",DSSYKIVIOFKYAU-XCBNKYQSSA-N,insect repellents,CC1(C)[C@H]2CC[C@@]1(C)C(=O)C2
o-dichlorobenzene,95-50-1,o-dichlorobenzene,RFFLAFLAYFXFSW-UHFFFAOYSA-N,herbicides (organochlorine),Clc1ccccc1Cl
dcd,461-58-5,2-cyanoguanidineordicyandiamide,QGBSISYHAICWAH-UHFFFAOYSA-N,nitrification inhibitors,NC(N)=NC#N
dcip,108-60-1,bis(2-chloro-1-methylethyl) ether,QCFYJCYNJLBDRT-UHFFFAOYSA-N,nematicides (alkyl halide; fumigant),CC(CCl)OC(C)CCl
chlorthal,2136-79-0,tetrachloroterephthalic acid,KZCBXHSWMMIEQU-UHFFFAOYSA-N,herbicides (benzoic acid),OC(=O)c1c(Cl)c(Cl)c(C(O)=O)c(Cl)c1Cl
propanil,709-98-8,"3â²,4â²-dichloropropananilide1979 Rules:3â²,4â²-dichloropropionanilide",LFULEKSKNZEWOE-UHFFFAOYSA-N,herbicides (anilide),CCC(=O)Nc1ccc(Cl)c(Cl)c1
dcpta,65202-07-5,"2-(3,4-dichlorophenoxy)-N,N-diethylethanamineor2-(3,4-dichlorophenoxy)triethylamine",LOVYCUYJRWLTSU-UHFFFAOYSA-N,plant growth regulators (growth stimulator),CCN(CC)CCOc1ccc(Cl)c(Cl)c1
dichloralurea,116-52-9,"1,3-bis(2,2,2-trichloro-1-hydroxyethyl)urea",PPJXIHLNYDVTDI-UHFFFAOYSA-N,herbicides (unclassified),OC(NC(=O)NC(O)C(Cl)(Cl)Cl)C(Cl)(Cl)Cl
tde,72-54-8,"1,1-dichloro-2,2-bis(4-chlorophenyl)ethane",AHJKRLASYNVKDZ-UHFFFAOYSA-N,insecticides (organochlorine),ClC(Cl)C(c1ccc(Cl)cc1)c2ccc(Cl)cc2
pyridinitril,1086-02-8,"2,6-dichloro-4-phenylpyridine-3,5-dicarbonitrile",OVZITGHGWBXFEA-UHFFFAOYSA-N,fungicides (pyridine),Clc1nc(Cl)c(C#N)c(c2ccccc2)c1C#N
ddt,50-29-3,"1,1,1-trichloro-2,2-bis(4-chlorophenyl)ethane",YVGGHNCTFXOJCH-UHFFFAOYSA-N,acaricides (organochlorine)insecticides (organochlorine),Clc1ccc(cc1)C(c2ccc(Cl)cc2)C(Cl)(Cl)Cl
pp-ddt,50-29-3,"1,1,1-trichloro-2,2-bis(4-chlorophenyl)ethane",YVGGHNCTFXOJCH-UHFFFAOYSA-N,insecticides (organochlorine),Clc1ccc(cc1)C(c2ccc(Cl)cc2)C(Cl)(Cl)Cl
dichlorvos,62-73-7,"2,2-dichlorovinyl dimethyl phosphate",OEBRKCOSUFCWJD-UHFFFAOYSA-N,acaricides (organophosphate)insecticides (organophosphate),CO[P](=O)(OC)OC=C(Cl)Cl
"2,4-deb",94-83-7,"2-(2,4-dichlorophenoxy)ethyl benzoate",LGURYBCSJPXHTF-UHFFFAOYSA-N,herbicides (phenoxyacetic),Clc1ccc(OCCOC(=O)c2ccccc2)c(Cl)c1
debacarb,62732-91-6,2-(2-ethoxyethoxy)ethyl 1H-benzimidazol-2-ylcarbamate,DNBMPXLFKQCOBV-UHFFFAOYSA-N,fungicides (benzimidazole),CCOCCOCCOC(=O)Nc1[nH]c2ccccc2n1
decafentin,15652-38-7,decyltri(phenyl)phosphanium bromo(chloro)tri(phenyl)stannanuide1979 Rules:decyltriphenylphosphonium bromochlorotriphenylstannate(IV),QQOGZIQRFVLPFK-UHFFFAOYSA-L,fungicides (organotin),CCCCCCCCCC[P+](C1=CC=CC=C1)(C2=CC=CC=C2)C3=CC=CC=C3.C1=CC=C(C=C1)[Sn-](C2=CC=CC=C2)(C3=CC=CC=C3)(Cl)Br
deltamethrin,52918-63-5,"(S)-Î±-cyano-3-phenoxybenzyl (1R,3R)-3-(2,2-dibromovinyl)-2,2-dimethylcyclopropanecarboxylateRothamsted-style stereodescriptors:(S)-Î±-cyano-3-phenoxybenzyl (1R)-cis-3-(2,2-dibromovinyl)-2,2-dimethylcyclopropanecarboxylate",OWZREIFADZCYQD-NSHGMRRFSA-N,insecticides (pyrethroid),CC1(C)[C@@H](C=C(Br)Br)[C@H]1C(=O)O[C@H](C#N)c2cccc(Oc3ccccc3)c2
decarbofuran,1563-67-3,"(RS)-2,3-dihydro-2-methylbenzofuran-7-yl methylcarbamate",JTBBRGSSVACAJM-UHFFFAOYSA-N,insecticides (carbamate),CNC(=O)Oc1cccc2CC(C)Oc12
deet,134-62-3,"N,N-diethyl-3-methylbenzamide1979 Rules:N,N-diethyl-m-toluamide",MMOXZBCLCQITDF-UHFFFAOYSA-N,insect repellents,CCN(CC)C(=O)c1cccc(C)c1
dehydroacetic%20acid,16807-48-0; 771-03-9; 520-45-6,"3-acetyl-2-hydroxy-6-methyl-4H-pyran-4-oneand tautomer3-acetyl-4-hydroxy-6-methyl-2H-pyran-2-oneand tautomer3-acetyl-6-methyl-2H-pyran-2,4(3H)-dione","3-acetyl-2-hydroxy-6-methyl-4H-pyran-4-one:JEQRBTDTEKWZBW-UHFFFAOYSA-N3-acetyl-4-hydroxy-6-methyl-2H-pyran-2-one:PKLPQOJFHFGVBS-UHFFFAOYSA-N3-acetyl-6-methyl-2H-pyran-2,4(3H)-dione:PGRHXDWITVMQBC-UHFFFAOYSA-N",fungicides (unclassified),Failed
diquat,2764-72-9,"9,10-dihydro-8a,10a-diazoniaphenanthreneor6,7-dihydrodipyrido[1,2-a:2â²,1â²-c]pyrazine-5,8-diiumor1,1â²-ethylene-2,2â²-bipyridyldiylium",SYJFEGQWDCRVNX-UHFFFAOYSA-N,herbicides (quaternary ammonium),C1C[n+]2ccccc2c3cccc[n+]13
delachlor,24353-58-0,"2-chloro-2â²,6â²-dimethyl-N-[(2-methylpropoxy)methyl]acetanilide1979 Rules:2-chloro-N-(isobutoxymethyl)-2â²,6â²-dimethylacetanilide",BIQOEDQVNIYWPQ-UHFFFAOYSA-N,herbicides (chloroacetamide),CC(C)COCN(C(=O)CCl)c1c(C)cccc1C
dioxathion,78-34-2,"S,Sâ²-(1,4-dioxane-2,3-diyl) O,O,Oâ²,Oâ²-tetraethyl bis(phosphorodithioate)",VBKKVDGJXVOLNE-UHFFFAOYSA-N,acaricides (aliphatic organothiophosphate)insecticides (aliphatic organothiophosphate),CCO[P](=S)(OCC)SC1OCCOC1S[P](=S)(OCC)OCC
deltamethrin,52918-63-5,"(S)-Î±-cyano-3-phenoxybenzyl (1R,3R)-3-(2,2-dibromovinyl)-2,2-dimethylcyclopropanecarboxylateRothamsted-style stereodescriptors:(S)-Î±-cyano-3-phenoxybenzyl (1R)-cis-3-(2,2-dibromovinyl)-2,2-dimethylcyclopropanecarboxylate",OWZREIFADZCYQD-NSHGMRRFSA-N,insecticides (pyrethroid),CC1(C)[C@@H](C=C(Br)Br)[C@H]1C(=O)O[C@H](C#N)c2cccc(Oc3ccccc3)c2
demephion,8065-62-1,"reaction mixture of O,O-dimethyl O-[2-(methylthio)ethyl] phosphorothioate and O,O-dimethyl S-[2-(methylthio)ethyl] phosphorothioate",demephion-O:IATBEFPCSHFQJS-UHFFFAOYSA-Ndemephion-S:PSTWJANBJOHFQJ-UHFFFAOYSA-N,insecticides (aliphatic organothiophosphate),CO[P](=O)(OC)SCCSC.CO[P](=S)(OC)OCCSC
demephion-o,682-80-4,"O,O-dimethyl O-[2-(methylthio)ethyl] phosphorothioate",IATBEFPCSHFQJS-UHFFFAOYSA-N,insecticides (aliphatic organothiophosphate),CO[P](=S)(OC)OCCSC
demephion-s,2587-90-8,"O,O-dimethyl S-[2-(methylthio)ethyl] phosphorothioate",PSTWJANBJOHFQJ-UHFFFAOYSA-N,insecticides (aliphatic organothiophosphate),CO[P](=O)(OC)SCCSC
demeton,8065-48-3,"reaction mixture of O,O-diethyl O-[2-(ethylthio)ethyl] phosphorothioate and O,O-diethyl S-[2-(ethylthio)ethyl] phosphorothioate",demeton-O:DGLIBALSRMUQDD-UHFFFAOYSA-Ndemeton-S:GRPRVIYRYGLIJU-UHFFFAOYSA-N,acaricides (aliphatic organothiophosphate)insecticides (aliphatic organothiophosphate),CCO[P](=O)(OCC)SCCSCC.CCO[P](=S)(OCC)OCCSCC
demeton-methyl,8022-00-2,"reaction mixture of O-[2-(ethylthio)ethyl] O,O-dimethyl phosphorothioate and S-[2-(ethylthio)ethyl] O,O-dimethyl phosphorothioate",demeton-O-methyl:ZVZQKNVMDKSGGF-UHFFFAOYSA-Ndemeton-S-methyl:WEBQKRLKWNIYKK-UHFFFAOYSA-N,acaricides (aliphatic organothiophosphate)insecticides (aliphatic organothiophosphate),CCSCCO[P](=S)(OC)OC.CCSCCS[P](=O)(OC)OC
demeton-o,298-03-3,"O,O-diethyl O-[2-(ethylthio)ethyl] phosphorothioate",DGLIBALSRMUQDD-UHFFFAOYSA-N,acaricides (aliphatic organothiophosphate)insecticides (aliphatic organothiophosphate),CCO[P](=S)(OCC)OCCSCC
demeton-o-methyl,867-27-6,"O-[2-(ethylthio)ethyl] O,O-dimethyl phosphorothioate",ZVZQKNVMDKSGGF-UHFFFAOYSA-N,acaricides (aliphatic organothiophosphate)insecticides (aliphatic organothiophosphate),CCSCCO[P](=S)(OC)OC
demeton-s,126-75-0,"O,O-diethyl S-[2-(ethylthio)ethyl] phosphorothioate",GRPRVIYRYGLIJU-UHFFFAOYSA-N,acaricides (aliphatic organothiophosphate)insecticides (aliphatic organothiophosphate),CCO[P](=O)(OCC)SCCSCC
demeton-s-methyl,919-86-8,"S-[2-(ethylthio)ethyl] O,O-dimethyl phosphorothioate",WEBQKRLKWNIYKK-UHFFFAOYSA-N,acaricides (aliphatic organothiophosphate)insecticides (aliphatic organothiophosphate),CCSCCS[P](=O)(OC)OC
demeton-s-methylsulphon,17040-19-6,"S-[2-(ethylsulfonyl)ethyl] O,O-dimethyl phosphorothioate",PZIRJMYRYORVIT-UHFFFAOYSA-N,acaricides (aliphatic organothiophosphate)insecticides (aliphatic organothiophosphate),CC[S](=O)(=O)CCS[P](=O)(OC)OC
demeton-s-methylsulphon,17040-19-6,"S-[2-(ethylsulfonyl)ethyl] O,O-dimethyl phosphorothioate",PZIRJMYRYORVIT-UHFFFAOYSA-N,acaricides (aliphatic organothiophosphate)insecticides (aliphatic organothiophosphate),CC[S](=O)(=O)CCS[P](=O)(OC)OC
trichlorfon,52-68-6,"dimethyl [(1RS)-2,2,2-trichloro-1-hydroxyethyl]phosphonate",NFACJZMKEDPNKN-UHFFFAOYSA-N,acaricides (phosphonate)insecticides (phosphonate),CO[P](=O)(OC)C(O)C(Cl)(Cl)Cl
"2,4-dep",94-84-8,"tris[2-(2,4-dichlorophenoxy)ethyl] phosphite",PIHCREFCPDWIPY-UHFFFAOYSA-N,herbicides (phenoxyacetic),Clc1ccc(OCCOP(OCCOc2ccc(Cl)cc2Cl)OCCOc3ccc(Cl)cc3Cl)c(Cl)c1
bioallethrin,260359-57-7,"(1RS)-3-allyl-2-methyl-4-oxocyclopent-2-enyl (1R,3R)-2,2-dimethyl-3-(2-methylprop-1-enyl)cyclopropanecarboxylateRothamsted-style stereodescriptors:(1RS)-3-allyl-2-methyl-4-oxocyclopent-2-enyl (1R)-trans-2,2-dimethyl-3-(2-methylprop-1-enyl)cyclopropanecarboxylatepre-1969 name:(Â±)-3-allyl-2-methyl-4-oxocyclopent-2-enyl (+)-trans-chrysanthemate",ZCVAOQKBXKSDMS-AQYZNVCMSA-N,insecticides (pyrethroid),CC1=C(C(=O)CC1OC(=O)[C@@H]2[C@H](C2(C)C)C=C(C)C)CC=C
rotenone,83-79-4,"(2R,6aS,12aS)-1,2,6,6a,12,12a-hexahydro-2-isopropenyl-8,9-dimethoxychromeno[3,4-b]furo[2,3-h]chromen-6-one",JUVIOZPCNVVQFO-HBGVWJBISA-N,insecticides (botanical),COc1cc2OC[C@H]3Oc4c5C[C@@H](Oc5ccc4C(=O)[C@H]3c2cc1OC)C(C)=C
disul,149-26-8,"2-(2,4-dichlorophenoxy)ethyl hydrogen sulfate",HJEINPVZRDJRBY-UHFFFAOYSA-N,herbicides (phenoxyacetic),O[S](=O)(=O)OCCOc1ccc(Cl)cc1Cl
desmedipham,13684-56-5,ethyl {3-[(phenylcarbamoyl)oxy]phenyl}carbamate1979 Rules:ethyl 3-[(phenylcarbamoyl)oxy]carbanilate,WZJZMXBKUWKXTQ-UHFFFAOYSA-N,herbicides (phenyl carbamate),CCOC(=O)Nc1cccc(OC(=O)Nc2ccccc2)c1
desmetryn,1014-69-3,"N2-isopropyl-N4-methyl-6-(methylthio)-1,3,5-triazine-2,4-diamine",HCRWJJJUKUVORR-UHFFFAOYSA-N,herbicides (alkylthiotriazine),CNc1nc(NC(C)C)nc(SC)n1
desmetryn,1014-69-3,"N2-isopropyl-N4-methyl-6-(methylthio)-1,3,5-triazine-2,4-diamine",HCRWJJJUKUVORR-UHFFFAOYSA-N,herbicides (alkylthiotriazine),CNc1nc(NC(C)C)nc(SC)n1
d-fanshiluquebingjuzhi,None,"(1S)-2-methyl-4-oxo-3-(prop-2-ynyl)cyclopent-2-enyl (1RS,3RS;1RS,3SR)-3-(2,2-dichlorovinyl)-2,2-dimethylcyclopropanecarboxylate",RQNZCZHWQZMZER-QRJNDHJOSA-N,insecticides (pyrethroid),CC1=C(C(=O)C[C@@H]1OC(=O)C2C(C2(C)C)C=C(Cl)Cl)CC#C
dfdt,475-26-3,"1,1,1-trichloro-2,2-bis(4-fluorophenyl)ethane",CLSXNIPAOWPLFR-UHFFFAOYSA-N,insecticides (organochlorine),Fc1ccc(cc1)C(c2ccc(F)cc2)C(Cl)(Cl)Cl
diafenthiuron,80060-09-9,"1-tert-butyl-3-(2,6-diisopropyl-4-phenoxyphenyl)thiourea",WOWBFOBYOAGEEA-UHFFFAOYSA-N,acaricides (thiourea)insecticides (thiourea),CC(C)c1cc(Oc2ccccc2)cc(C(C)C)c1NC(=S)NC(C)(C)C
dialifos,10311-84-9,"S-[(RS)-2-chloro-1-phthalimidoethyl] O,O-diethyl phosphorodithioate",MUMQYXACQUZOFP-UHFFFAOYSA-N,acaricides (arylalkyl organothiophosphate)insecticides (arylalkyl organothiophosphate),CCO[P](=S)(OCC)SC(CCl)N1C(=O)c2ccccc2C1=O
dialifos,10311-84-9,"S-[(RS)-2-chloro-1-phthalimidoethyl] O,O-diethyl phosphorodithioate",MUMQYXACQUZOFP-UHFFFAOYSA-N,acaricides (arylalkyl organothiophosphate)insecticides (arylalkyl organothiophosphate),CCO[P](=S)(OCC)SC(CCl)N1C(=O)c2ccccc2C1=O
di-allate,2303-16-4,"S-(EZ)-2,3-dichloroallyl diisopropylcarbamothioate1979 Rules:S-(EZ)-2,3-dichloroallyl diisopropyl(thiocarbamate)",SPANOECCGNXGNR-UHFFFAOYSA-N,herbicides (thiocarbamate),CC(C)N(C(C)C)C(=O)SC\C(Cl)=C\Cl
di-allate,2303-16-4,"S-(EZ)-2,3-dichloroallyl diisopropylcarbamothioate1979 Rules:S-(EZ)-2,3-dichloroallyl diisopropyl(thiocarbamate)",SPANOECCGNXGNR-UHFFFAOYSA-N,herbicides (thiocarbamate),CC(C)N(C(C)C)C(=O)SC\C(Cl)=C\Cl
diamfenetide,36141-82-9,"4â²,4â´-[oxybis(ethyleneoxy)]diacetanilide",JNEZCZPNQCQCFK-UHFFFAOYSA-N,anthelmintic,CC(=O)Nc1ccc(OCCOCCOc2ccc(NC(C)=O)cc2)cc1
diamidafos,1754-58-1,"phenyl N,Nâ²-dimethylphosphorodiamidate",ZKIBFASDNPOJFP-UHFFFAOYSA-N,nematicides (phosphorodiamide),CN[P](=O)(NC)Oc1ccccc1
diamfenetide,36141-82-9,"4â²,4â´-[oxybis(ethyleneoxy)]diacetanilide",JNEZCZPNQCQCFK-UHFFFAOYSA-N,anthelmintic,CC(=O)Nc1ccc(OCCOCCOc2ccc(NC(C)=O)cc2)cc1
dicamba,1918-00-9,"3,6-dichloro-2-methoxybenzoic acid1979 Rules:3,6-dichloro-o-anisic acid",IWEDIXLBFLAXBO-UHFFFAOYSA-N,herbicides (benzoic acid),COc1c(Cl)ccc(Cl)c1C(O)=O
diatomaceous%20earth,61790-53-2,Failed,VYPSYNLAJGMNEJ-UHFFFAOYSA-N,insecticides (inorganic),O=[Si]=O
diatomaceous%20earth,61790-53-2,Failed,VYPSYNLAJGMNEJ-UHFFFAOYSA-N,insecticides (inorganic),O=[Si]=O
diazinon,333-41-5,"O,O-diethyl O-(2-isopropyl-6-methylpyrimidin-4-yl) phosphorothioate",FHIVAFMUCKRCQO-UHFFFAOYSA-N,acaricides (aryl organothiophosphate)insecticides (aryl organothiophosphate),CCO[P](=S)(OCC)Oc1cc(C)nc(n1)C(C)C
naled,300-76-5,"(RS)-1,2-dibromo-2,2-dichloroethyl dimethyl phosphate",BUYMVQAILCEWRR-UHFFFAOYSA-N,acaricides (organophosphate)insecticides (organophosphate),CO[P](=O)(OC)OC(Br)C(Cl)(Cl)Br
ethylene%20dibromide,106-93-4,"1,2-dibromoethane1979 Rules:ethylene dibromide",PAAZPARNPHGIKF-UHFFFAOYSA-N,insecticides (alkyl halide; fumigant),BrCCBr
dibutyl%20phthalate,84-74-2,dibutyl phthalate,DOIRQSBPFJWKBE-UHFFFAOYSA-N,insect repellents,CCCCOC(=O)c1ccccc1C(=O)OCCCC
dibutyl%20succinate,141-03-7,dibutyl succinate,YUXIBTJKHLUKBD-UHFFFAOYSA-N,insect repellents,CCCCOC(=O)CCC(=O)OCCCC
dicamba,1918-00-9,"3,6-dichloro-2-methoxybenzoic acid1979 Rules:3,6-dichloro-o-anisic acid",IWEDIXLBFLAXBO-UHFFFAOYSA-N,herbicides (benzoic acid),COc1c(Cl)ccc(Cl)c1C(O)=O
dicapthon,2463-84-5,"O-(2-chloro-4-nitrophenyl) O,O-dimethyl phosphorothioate",OTKXWJHPGBRXCR-UHFFFAOYSA-N,insecticides (phenyl organothiophosphate),CO[P](=S)(OC)Oc1ccc(cc1Cl)[N+]([O-])=O
thiodicarb,59669-26-0,"dimethyl (1EZ,1â²EZ)-N,Nâ²-{sulfanediylbis[(methylcarbamoyl)oxy]}di(thioacetimidate)1979 Rules:dimethyl (1EZ,1â²EZ)-N,Nâ²-{thiobis[(methylcarbamoyl)oxy]}di(thioacetimidate)",XDOTVMNBCQVZKG-UHFFFAOYSA-N,insecticides (oxime carbamate)molluscicides,CSC(/C)=N/OC(=O)N(C)SN(C)C(=O)O\N=C(/C)SC
thiodicarb,59669-26-0,"dimethyl (1EZ,1â²EZ)-N,Nâ²-{sulfanediylbis[(methylcarbamoyl)oxy]}di(thioacetimidate)1979 Rules:dimethyl (1EZ,1â²EZ)-N,Nâ²-{thiobis[(methylcarbamoyl)oxy]}di(thioacetimidate)",XDOTVMNBCQVZKG-UHFFFAOYSA-N,insecticides (oxime carbamate)molluscicides,CSC(/C)=N/OC(=O)N(C)SN(C)C(=O)O\N=C(/C)SC
dichlobenil,1194-65-6,"2,6-dichlorobenzonitrile",YOYAIZYFCNQIRF-UHFFFAOYSA-N,herbicides (benzonitrile),Clc1cccc(Cl)c1C#N
dichlobentiazox,957144-77-3,"3-[(3,4-dichloroisothiazol-5-yl)methoxy]-1,2-benzisothiazole 1,1-dioxide",CUTZZBQQGUIEGT-UHFFFAOYSA-N,fungicides (isothiazole),C1=CC=C2C(=C1)C(=NS2(=O)=O)OCC3=C(C(=NS3)Cl)Cl
dichlobenz-methyl,None,"methyl 2-[4-(2,4-dichlorobenzyl)phenoxy]propanoate1979 Rules:methyl 2-[4-(2,4-dichlorobenzyl)phenoxy]propionate",QIWVGZJFXBPJAR-UHFFFAOYSA-N,herbicides (phenoxypropionic),CC(C(=O)OC)OC1=CC=C(C=C1)CC2=C(C=C(C=C2)Cl)Cl
dichlofenthion,97-17-6,"O-(2,4-dichlorophenyl) O,O-diethyl phosphorothioate",WGOWCPGHOCIHBW-UHFFFAOYSA-N,insecticides (phenyl organothiophosphate)nematicides (phenyl organothiophosphate),CCO[P](=S)(OCC)Oc1ccc(Cl)cc1Cl
dichlofluanid,1085-98-9,"N-[(dichlorofluoromethyl)thio]-Nâ²,Nâ²-dimethyl-N-phenylsulfamide",WURGXGVFSMYFCG-UHFFFAOYSA-N,acaricides (sulfamide)fungicides (sulfamide),CN(C)[S](=O)(=O)N(SC(F)(Cl)Cl)c1ccccc1
dichlone,117-80-6,"2,3-dichloronaphthalene-1,4-dione1979 Rules:2,3-dichloro-1,4-naphthoquinone",SVPKNMBRVBMTLB-UHFFFAOYSA-N,algicidesfungicides (quinone),ClC1=C(Cl)C(=O)c2ccccc2C1=O
dichloralurea,116-52-9,"1,3-bis(2,2,2-trichloro-1-hydroxyethyl)urea",PPJXIHLNYDVTDI-UHFFFAOYSA-N,herbicides (unclassified),OC(NC(=O)NC(O)C(Cl)(Cl)Cl)C(Cl)(Cl)Cl
dichlorbenzuron,35409-97-3,"2,6-dichloro-N-[(4-chlorophenyl)carbamoyl]benzamide1979 Rules:1-(4-chlorophenyl)-3-(2,6-dichlorobenzoyl)urea",BTYQXKURSPAXLT-UHFFFAOYSA-N,insecticides (benzoylurea),Clc1ccc(NC(=O)NC(=O)c2c(Cl)cccc2Cl)cc1
diuron,330-54-1,"3-(3,4-dichlorophenyl)-1,1-dimethylurea",XMTQQYYKAHVGBJ-UHFFFAOYSA-N,algicidesherbicides (phenylurea),CN(C)C(=O)Nc1ccc(Cl)c(Cl)c1
dichlorflurenol,69622-79-3,"2,7-dichloro-9-hydroxyfluorene-9-carboxylic acid",VUIOHZGBOYTDSL-UHFFFAOYSA-N,plant growth regulators (morphactin),C1=CC2=C(C=C1Cl)C(C3=C2C=CC(=C3)Cl)(C(=O)O)O
dichlorflurenol,69622-79-3,"2,7-dichloro-9-hydroxyfluorene-9-carboxylic acid",VUIOHZGBOYTDSL-UHFFFAOYSA-N,plant growth regulators (morphactin),C1=CC2=C(C=C1Cl)C(C3=C2C=CC(=C3)Cl)(C(=O)O)O
dichlormate,1966-58-1,"3,4-dichlorobenzyl methylcarbamate",DSVOTYIOPGIVPP-UHFFFAOYSA-N,herbicides (carbamate),CNC(=O)OCc1ccc(Cl)c(Cl)c1
dichlormid,37764-25-3,"N,N-diallyl-2,2-dichloroacetamide",YRMLFORXOOIJDR-UHFFFAOYSA-N,herbicide safeners,ClC(Cl)C(=O)N(CC=C)CC=C
o-dichlorobenzene,95-50-1,o-dichlorobenzene,RFFLAFLAYFXFSW-UHFFFAOYSA-N,herbicides (organochlorine),Clc1ccccc1Cl
o-dichlorobenzene,95-50-1,o-dichlorobenzene,RFFLAFLAYFXFSW-UHFFFAOYSA-N,herbicides (organochlorine),Clc1ccccc1Cl
p-dichlorobenzene,106-46-7,p-dichlorobenzene,OCJBOOLMMGQPQU-UHFFFAOYSA-N,insecticides (organochlorine),Clc1ccc(Cl)cc1
p-dichlorobenzene,106-46-7,p-dichlorobenzene,OCJBOOLMMGQPQU-UHFFFAOYSA-N,insecticides (organochlorine),Clc1ccc(Cl)cc1
"2,5-dichlorobenzoic%20acid",50-79-3,"2,5-dichlorobenzoic acid",QVTQYSFCFOGITD-UHFFFAOYSA-N,fungicides (unclassified)plant growth regulators (unclassified),OC(=O)c1cc(Cl)ccc1Cl
ethylene%20dichloride,107-06-2,"1,2-dichloroethane1979 Rules:ethylene dichloride",WSLDOOZREJYCGB-UHFFFAOYSA-N,insecticides (alkyl halide; fumigant),ClCCCl
methylene%20chloride,75-09-2,dichloromethane,YMWUJEATGCHHMB-UHFFFAOYSA-N,insecticides (alkyl halide; fumigant),ClCCl
dichlorophen,97-23-4,"2,2â²-methylenebis(4-chlorophenol)",MDNWOSOZYLHTCG-UHFFFAOYSA-N,algicidesbactericidesfungicides (phenol),Oc1ccc(Cl)cc1Cc2cc(Cl)ccc2O
"1,2-dichloropropane",78-87-5,"(2RS)-1,2-dichloropropane",KNKRKFALVUDBJE-UHFFFAOYSA-N,insecticides (alkyl halide; fumigant)nematicides (alkyl halide; fumigant),CC(Cl)CCl
"1,3-dichloropropene",542-75-6,"(EZ)-1,3-dichloropropene",UOORRWUZONOOLO-UHFFFAOYSA-N,nematicides (alkyl halide; fumigant),ClC\C=C/Cl
dichlorprop,120-36-5,"(2RS)-2-(2,4-dichlorophenoxy)propanoic acid1979 Rules:(RS)-2-(2,4-dichlorophenoxy)propionic acid",MZHCENGPTKEIGP-UHFFFAOYSA-N,herbicides (phenoxypropionic)plant growth regulators (auxin),CC(Oc1ccc(Cl)cc1Cl)C(O)=O
dichlorprop-p,15165-67-0,"(2R)-2-(2,4-dichlorophenoxy)propanoic acid1979 Rules:(R)-2-(2,4-dichlorophenoxy)propionic acid",MZHCENGPTKEIGP-RXMQYKEDSA-N,herbicides (phenoxypropionic),C[C@@H](Oc1ccc(Cl)cc1Cl)C(O)=O
dichlorvos,62-73-7,"2,2-dichlorovinyl dimethyl phosphate",OEBRKCOSUFCWJD-UHFFFAOYSA-N,acaricides (organophosphate)insecticides (organophosphate),CO[P](=O)(OC)OC=C(Cl)Cl
dichlozoline,24201-58-9,"3-(3,5-dichlorophenyl)-5,5-dimethyloxazolidine-2,4-dione",JDZSMXLTQNHBRF-UHFFFAOYSA-N,fungicides (dicarboximide),CC1(C)OC(=O)N(C1=O)c2cc(Cl)cc(Cl)c2
dichlozoline,24201-58-9,"3-(3,5-dichlorophenyl)-5,5-dimethyloxazolidine-2,4-dione",JDZSMXLTQNHBRF-UHFFFAOYSA-N,fungicides (dicarboximide),CC1(C)OC(=O)N(C1=O)c2cc(Cl)cc(Cl)c2
diclobutrazol,75736-33-3,"(2RS,3RS)-1-(2,4-dichlorophenyl)-4,4-dimethyl-2-(1H-1,2,4-triazol-1-yl)pentan-3-ol",PLPRPHZNQBHGSP-DZYJZKBLSA-Nidentifier for no stereochemistry:URDNHJIVMYZFRT-UHFFFAOYSA-N,fungicides (triazole),CC(C)(C)C(O)C(Cc1ccc(Cl)cc1Cl)n2cncn2
diclocymet,139920-32-4,"(RS)-2-cyano-N-[(R)-1-(2,4-dichlorophenyl)ethyl]-3,3-dimethylbutyramide",YEJGPFZQLRMXOI-PKEIRNPWSA-N,fungicides (carboxamide),C[C@H](C1=C(C=C(C=C1)Cl)Cl)NC(=O)C(C#N)C(C)(C)C
diclofop,40843-25-2,"(2RS)-2-[4-(2,4-dichlorophenoxy)phenoxy]propanoic acid1979 Rules:(RS)-2-[4-(2,4-dichlorophenoxy)phenoxy]propionic acid",OOLBCHYXZDXLDS-UHFFFAOYSA-N,herbicides (aryloxyphenoxypropionic),CC(Oc1ccc(Oc2ccc(Cl)cc2Cl)cc1)C(O)=O
diclomezine,62865-36-5,"6-(3,5-dichloro-4-methylphenyl)pyridazin-3(2H)-one1979 Rules:6-(3,5-dichloro-p-tolyl)pyridazin-3(2H)-one",UWQMKVBQKFHLCE-UHFFFAOYSA-N,fungicides (pyridazinone),Cc1c(Cl)cc(cc1Cl)C2=NNC(=O)C=C2
dicloran,99-30-9,"2,6-dichloro-4-nitroaniline",BIXZHMJUSMUDOQ-UHFFFAOYSA-N,fungicides (aromatic),Nc1c(Cl)cc(cc1Cl)[N+]([O-])=O
dicloromezotiaz,1263629-39-5,"1-[(2-chlorothiazol-5-yl)methyl]-3-(3,5-dichlorophenyl)-9-methyl-2,4-dioxo-3,4-dihydro-2H-1Î»5-pyrido[1,2-a]pyrimidin-1-ylium-3-ide1979 Rules:1-[(2-chlorothiazol-5-yl)methyl]-3-(3,5-dichlorophenyl)-3,4-dihydro-9-methyl-2,4-dioxo-2H-pyrido[1,2-a]pyrimidin-1-io-3-ide",PVDQXPBKBSCNJZ-UHFFFAOYSA-N,insecticides (mesoionic),CC1=CC=CN2C1=[N+](C(=C(C2=O)C3=CC(=CC(=C3)Cl)Cl)[O-])CC4=CN=C(S4)Cl
diclosulam,145701-21-9,"2â²,6â²-dichloro-5-ethoxy-7-fluoro[1,2,4]triazolo[1,5-c]pyrimidine-2-sulfonanilide",QNXAVFXEJCPCJO-UHFFFAOYSA-N,herbicides (triazolopyrimidine),CCOc1nc(F)cc2nc(nn12)[S](=O)(=O)Nc3c(Cl)cccc3Cl
dicofol,115-32-2,"2,2,2-trichloro-1,1-bis(4-chlorophenyl)ethanol1979 Rules:4,4â²-dichloro-Î±-(trichloromethyl)benzhydryl alcohol",UOAMTSKGCBMZTC-UHFFFAOYSA-N,acaricides (diphenylcarbinol),OC(c1ccc(Cl)cc1)(c2ccc(Cl)cc2)C(Cl)(Cl)Cl
ddt,50-29-3,"1,1,1-trichloro-2,2-bis(4-chlorophenyl)ethane",YVGGHNCTFXOJCH-UHFFFAOYSA-N,acaricides (organochlorine)insecticides (organochlorine),Clc1ccc(cc1)C(c2ccc(Cl)cc2)C(Cl)(Cl)Cl
dicoumarol,66-76-2,"3,3â²-methylenebis(4-hydroxy-2H-chromen-2-one)1979 Rules:3,3â²-methylenebis(4-hydroxycoumarin)",DOBMPNYZJYQDGZ-UHFFFAOYSA-N,rodenticides (coumarin),C1=CC=C2C(=C1)C(=C(C(=O)O2)CC3=C(C4=CC=CC=C4OC3=O)O)O
dicresyl,58481-70-2,cresyl methylcarbamate,o-cresyl methylcarbamate:JDIMVGGWYBWUIS-UHFFFAOYSA-Nm-cresyl methylcarbamate:VOEYXMAFNDNNED-UHFFFAOYSA-Np-cresyl methylcarbamate:ZHXCDUWUCWUEPJ-UHFFFAOYSA-N,insecticides (phenyl carbamate),Failed
dicrotophos,141-66-2,(2E)-4-(dimethylamino)-4-oxobut-2-en-2-yl dimethyl phosphate1979 Rules:(E)-2-(dimethylcarbamoyl)-1-methylvinyl dimethyl phosphate,VEENJGZXVHKXNB-VOTSOKGWSA-N,insecticides (organophosphate),CO[P](=O)(OC)OC(/C)=C/C(=O)N(C)C
chloranocryl,2164-09-2,"3â²,4â²-dichloro-2-methylprop-2-enanilide1979 Rules:3â²,4â²-dichloro-2-methylacrylanilide",VCBRBUKGTWLJOB-UHFFFAOYSA-N,herbicides (anilide),CC(=C)C(=O)Nc1ccc(Cl)c(Cl)c1
dicoumarol,66-76-2,"3,3â²-methylenebis(4-hydroxy-2H-chromen-2-one)1979 Rules:3,3â²-methylenebis(4-hydroxycoumarin)",DOBMPNYZJYQDGZ-UHFFFAOYSA-N,rodenticides (coumarin),C1=CC=C2C(=C1)C(=C(C(=O)O2)CC3=C(C4=CC=CC=C4OC3=O)O)O
dicyclanil,112636-83-6,"4,6-diamino-2-(cyclopropylamino)pyrimidine-5-carbonitrile",PKTIFYGCWCQRSX-UHFFFAOYSA-N,insecticides (aminopyrimidine),Nc1nc(NC2CC2)nc(N)c1C#N
dicyclonon,79260-71-2,"(8aRS)-1-(dichloroacetyl)-3,3,8a-trimethylhexahydropyrrolo[1,2-a]pyrimidin-6-one1979 Rules:(RS)-1-(dichloroacetyl)-3,3,8a-trimethylperhydropyrrolo[1,2-a]pyrimidin-6-one",MHULQDZDXMHODA-UHFFFAOYSA-N,herbicide safeners,CC1(C)CN2C(=O)CCC2(C)N(C1)C(=O)C(Cl)Cl
dieldrin,60-57-1,"(1R,4S,4aS,5R,6R,7S,8S,8aR)-1,2,3,4,10,10-hexachloro-1,4,4a,5,6,7,8,8a-octahydro-6,7-epoxy-1,4:5,8-dimethanonaphthaleneor1,2,3,4,10,10-hexachloro-6,7-epoxy-1,4,4a,5,6,7,8,8a-octahydro-endo-1,4-exo-5,8-dimethanonaphthalene",DFBKLUNHFCTMDC-PICURKEMSA-N,insecticides (chlorinated cyclodiene),ClC1=C(Cl)C2(Cl)C3C4CC(C5OC45)C3C1(Cl)C2(Cl)Cl
dienochlor,2227-17-0,"perchloro-1,1â²-bicyclopenta-2,4-dienyl",LWLJUMBEZJHXHV-UHFFFAOYSA-N,acaricides (chlorinated cyclodiene),ClC1=C(Cl)C(Cl)(C(=C1Cl)Cl)C2(Cl)C(=C(Cl)C(=C2Cl)Cl)Cl
diethamquat,400852-67-7,"1,1â²-bis[(diethylcarbamoyl)methyl]-4,4â²-bipyridiniumor1,1â²-bis[(diethylcarbamoyl)methyl]-4,4â²-bipyridyl-1,1â²-diylium",KQUYPOJCTWSLSE-UHFFFAOYSA-N,herbicides (quaternary ammonium),CCN(CC)C(=O)C[N+]1=CC=C(C=C1)C2=CC=[N+](C=C2)CC(=O)N(CC)CC
diethatyl,38725-95-0,"N-(chloroacetyl)-N-(2,6-diethylphenyl)glycine",ISERORSDFSDMDV-UHFFFAOYSA-N,herbicides (chloroacetamide),CCc1cccc(CC)c1N(CC(O)=O)C(=O)CCl
ethion,563-12-2,"O,O,Oâ²,Oâ²-tetraethyl S,Sâ²-methylene bis(phosphorodithioate)",RIZMRRKBZQXFOY-UHFFFAOYSA-N,acaricides (aliphatic organothiophosphate)insecticides (aliphatic organothiophosphate),CCO[P](=S)(OCC)SCS[P](=S)(OCC)OCC
ethion,563-12-2,"O,O,Oâ²,Oâ²-tetraethyl S,Sâ²-methylene bis(phosphorodithioate)",RIZMRRKBZQXFOY-UHFFFAOYSA-N,acaricides (aliphatic organothiophosphate)insecticides (aliphatic organothiophosphate),CCO[P](=S)(OCC)SCS[P](=S)(OCC)OCC
diethofencarb,87130-20-9,"isopropyl 3,4-diethoxycarbanilate",LNJNFVJKDJYTEU-UHFFFAOYSA-N,fungicides (phenyl carbamate),CCOc1ccc(NC(=O)OC(C)C)cc1OCC
dietholate,32345-29-2,"O,O-diethyl O-phenyl phosphorothioate",XXWNKVBJDWSYBN-UHFFFAOYSA-N,herbicide safenerssynergists,CCO[P](=S)(OCC)Oc1ccccc1
ethion,563-12-2,"O,O,Oâ²,Oâ²-tetraethyl S,Sâ²-methylene bis(phosphorodithioate)",RIZMRRKBZQXFOY-UHFFFAOYSA-N,acaricides (aliphatic organothiophosphate)insecticides (aliphatic organothiophosphate),CCO[P](=S)(OCC)SCS[P](=S)(OCC)OCC
diethyl%20pyrocarbonate,1609-47-8,diethyl dicarbonate,FFYPMLJYZAEMQB-UHFFFAOYSA-N,fungicides (unclassified),CCOC(=O)OC(=O)OCC
deet,134-62-3,"N,N-diethyl-3-methylbenzamide1979 Rules:N,N-diethyl-m-toluamide",MMOXZBCLCQITDF-UHFFFAOYSA-N,insect repellents,CCN(CC)C(=O)c1cccc(C)c1
difenacoum,56073-07-5,"3-[(1RS,3RS;1RS,3SR)-3-biphenyl-4-yl-1,2,3,4-tetrahydro-1-naphthyl]-4-hydroxy-2H-chromen-2-one1979 Rules:3-[(1RS,3RS;1RS,3SR)-3-biphenyl-4-yl-1,2,3,4-tetrahydro-1-naphthyl]-4-hydroxycoumarin",FVQITOLOYMWVFU-UHFFFAOYSA-N,rodenticides (coumarin),OC1=C(C2CC(Cc3ccccc23)c4ccc(cc4)c5ccccc5)C(=O)c6ccccc6O1
difenoconazole,119446-68-3,"3-chloro-4-[(2RS,4RS;2RS,4SR)-4-methyl-2-(1H-1,2,4-triazol-1-ylmethyl)-1,3-dioxolan-2-yl]phenyl 4-chlorophenyl ether",BQYJATMQXGBDHF-UHFFFAOYSA-N,fungicides (triazole),CC1COC(Cn2cncn2)(O1)c3ccc(Oc4ccc(Cl)cc4)cc3Cl
difenopenten,81416-44-6,"(2E,4RS)-4-{4-[4-(trifluoromethyl)phenoxy]phenoxy}pent-2-enoic acid1979 Rules:(E)-(RS)-4-{4-[(Î±,Î±,Î±-trifluoro-p-tolyl)oxy]phenoxy}pent-2-enoic acid",ZJXKMHFMOPXCOJ-BIIKFXOESA-N,herbicides (aryloxyphenoxypropionic),CC(Oc1ccc(Oc2ccc(cc2)C(F)(F)F)cc1)\C=C\C(O)=O
difenoxuron,14214-32-5,"3-[4-(4-methoxyphenoxy)phenyl]-1,1-dimethylurea",AMVYOVYGIJXTQB-UHFFFAOYSA-N,herbicides (phenylurea),COc1ccc(Oc2ccc(NC(=O)N(C)C)cc2)cc1
difenzoquat,49866-87-7,"1,2-dimethyl-3,5-diphenyl-1H-pyrazolium",LBGPXIPGGRQBJW-UHFFFAOYSA-N,herbicides (quaternary ammonium),Cn1c(cc(c2ccccc2)[n+]1C)c3ccccc3
difethialone,104653-34-1,"mixture comprised of 85â100% 3-[(1RS,3SR)-3-(4â²-bromobiphenyl-4-yl)-1,2,3,4-tetrahydro-1-naphthyl]-4-hydroxy-2H-1-benzothiin-2-one and 0â15% of the (1RS,3RS)-isomers",JHELOZJAKXYVBE-UHFFFAOYSA-N,rodenticides (coumarin),OC1=C(C2CC(Cc3ccccc23)c4ccc(cc4)c5ccc(Br)cc5)C(=O)c6ccccc6S1
diflovidazin,162320-67-4,"3-(2-chlorophenyl)-6-(2,6-difluorophenyl)-1,2,4,5-tetrazine",SWBHWUYHHJCADA-UHFFFAOYSA-N,acaricides (tetrazine),Fc1cccc(F)c1c2nnc(nn2)c3ccccc3Cl
diflubenzuron,35367-38-5,"N-[(4-chlorophenyl)carbamoyl]-2,6-difluorobenzamide1979 Rules:1-(4-chlorophenyl)-3-(2,6-difluorobenzoyl)urea",QQQYTWIFVNKMRW-UHFFFAOYSA-N,chemosterilantsinsecticides (benzoylurea),Fc1cccc(F)c1C(=O)NC(=O)Nc2ccc(Cl)cc2
diflufenican,83164-33-4,"2â²,4â²-difluoro-2-[3-(trifluoromethyl)phenoxy]pyridine-3-carboxanilide1979 Rules:2â²,4â²-difluoro-2-[(Î±,Î±,Î±-trifluoro-m-tolyl)oxy]nicotinanilide",WYEHFWKAOXOVJD-UHFFFAOYSA-N,herbicides (phenyl ether),Fc1ccc(NC(=O)c2cccnc2Oc3cccc(c3)C(F)(F)F)c(F)c1
diflufenican,83164-33-4,"2â²,4â²-difluoro-2-[3-(trifluoromethyl)phenoxy]pyridine-3-carboxanilide1979 Rules:2â²,4â²-difluoro-2-[(Î±,Î±,Î±-trifluoro-m-tolyl)oxy]nicotinanilide",WYEHFWKAOXOVJD-UHFFFAOYSA-N,herbicides (phenyl ether),Fc1ccc(NC(=O)c2cccnc2Oc3cccc(c3)C(F)(F)F)c(F)c1
diflufenzopyr,1957168-02-3,"2-[(1E)-1-{2-[(3,5-difluorophenyl)carbamoyl]hydrazinylidene}ethyl]pyridine-3-carboxylic acid1979 Rules:2-{(E)-1-[4-(3,5-difluorophenyl)semicarbazono]ethyl}nicotinic acid",IRJQWZWMQCVOLA-DNTJNYDQSA-N,herbicides (arylcarboxylic acid),C/C(=N\NC(=O)NC1=CC(=CC(=C1)F)F)/C2=C(C=CC=N2)C(=O)O
diflumetorim,130339-07-0,(RS)-5-chloro-N-{1-[4-(difluoromethoxy)phenyl]propyl}-6-methylpyrimidin-4-ylamine,NEKULYKCZPJMMJ-UHFFFAOYSA-N,fungicides (pyrimidinamine),CCC(C1=CC=C(C=C1)OC(F)F)NC2=NC=NC(=C2Cl)C
b-sitosterol,83-46-5,"(1R,3aS,3bS,7S,9aR,9bS,11aR)-1-[(2R,5R)-5-ethyl-6-methylheptan-2-yl]-9a,11a-dimethyl-2,3,3a,3b,4,6,7,8,9,9a,9b,10,11,11a-tetradecahydro-1H-cyclopenta[a]phenanthren-7-olorstigmast-5-en-3Î²-ol",KZJWDPNRJALLNS-VJSFXXLFSA-N,fungicides (steroid)virucides,CC[C@H](CC[C@@H](C)[C@H]1CC[C@H]2[C@@H]3CC=C4C[C@@H](O)CC[C@]4(C)[C@H]3CC[C@]12C)C(C)C
dikegulac,18467-77-1,"2,3:4,6-di-O-isopropylidene-Î±-L-xylo-2-hexulofuranosonic acid",FWCBATIDXGJRMF-FLNNQWSLSA-N,plant growth regulators (growth inhibitor),CC1(C)OCC2OC3(OC(C)(C)OC3C2O1)C(O)=O
dilor,14168-01-5,"(2s,3aR,4S,7R,7aS)-2,4,5,6,7,8,8-heptachloro-2,3,3a,4,7,7a-hexahydro-4,7-methano-1H-indene",CLTVIMPCWMHKFX-YXRAGDHHSA-N,insecticides (chlorinated cyclodiene),ClC1C[C@H]2[C@@H](C1)[C@]3(Cl)C(=C(Cl)[C@@]2(Cl)C3(Cl)Cl)Cl
dimatif,14465-96-4,"P,P-bis(aziridin-1-yl)phosphinothioic amide",RXZRAOONKFIKQQ-UHFFFAOYSA-N,chemosterilants,N[P](=S)(N1CC1)N2CC2
dimefluazole,113170-74-4,"4-bromo-2-cyano-N,N-dimethyl-6-(trifluoromethyl)-1H-benzimidazole-1-sulfonamide",NUXCNUDGXUKOBN-UHFFFAOYSA-N,fungicides (benzimidazole),CN(C)[S](=O)(=O)n1c(nc2c(Br)cc(cc12)C(F)(F)F)C#N
dimefluthrin,271241-14-6,"2,3,5,6-tetrafluoro-4-(methoxymethyl)benzyl (1RS,3RS;1RS,3SR)-2,2-dimethyl-3-(2-methylprop-1-enyl)cyclopropanecarboxylate",OOWCJRMYMAMSOH-UHFFFAOYSA-N,insecticides (pyrethroid),COCc1c(F)c(F)c(COC(=O)C2C(C=C(C)C)C2(C)C)c(F)c1F
dimefox,115-26-4,tetramethylphosphorodiamidic fluoride,PGJBQBDNXAZHBP-UHFFFAOYSA-N,acaricides (phosphorodiamide)insecticides (phosphorodiamide),CN(C)[P](F)(=O)N(C)C
dimefuron,34205-21-5,"3-[4-(5-tert-butyl-2,3-dihydro-2-oxo-1,3,4-oxadiazol-3-yl)-3-chlorophenyl]-1,1-dimethylurea",DHWRNDJOGMTCPB-UHFFFAOYSA-N,herbicides (phenylurea),CN(C)C(=O)Nc1ccc(N2N=C(OC2=O)C(C)(C)C)c(Cl)c1
derivatives/thiosultap-disodium,52207-48-4,"disodium S,Sâ²-[2-(dimethylamino)trimethylene] di(thiosulfate)",QSOHVSNIQHGFJU-UHFFFAOYSA-L,insecticides (nereistoxin analogue),[Na+].[Na+].CN(C)C(CS[S]([O-])(=O)=O)CS[S]([O-])(=O)=O
xyloxadine,60263-88-9,"2-{[(RS)-1-(2,5-xylyl)ethyl]sulfonyl}pyridinium-1-olate",SMPPYMOPSFKMQX-UHFFFAOYSA-N,herbicides (pyridine),CC(c1cc(C)ccc1C)[S](=O)(=O)c2cccc[n+]2[O-]
dimepiperate,61432-55-1,S-(1-methyl-1-phenylethyl) piperidine-1-carbothioate,BWUPSGJXXPATLU-UHFFFAOYSA-N,herbicides (thiocarbamate),CC(C)(SC(=O)N1CCCCC1)c2ccccc2
dimepyrolimet,3056779-02-0,"(3S,4S)-N-(5-chloro-1-methyl-1H-pyrazol-4-yl)-4-(3,5-dimethylphenyl)-1-methyl-2-oxopyrrolidine-3-carboxamide",TVVANMBOCNCMID-HIFRSBDPSA-N,herbicides (arylpyrrolidinone anilide),CC1=CC(=CC(=C1)[C@H]2CN(C(=O)[C@@H]2C(=O)NC3=C(N(N=C3)C)Cl)C)C
dimesulfazet,1215111-77-5,"2â²-[(3,3-dimethyl-2-oxoazetidin-1-yl)methyl]-1,1,1-trifluoromethanesulfonanilide",FITSYTCYOITKJL-UHFFFAOYSA-N,herbicides (trifluoromethanesulfonanilide),CC1(CN(C1=O)CC2=CC=CC=C2NS(=O)(=O)C(F)(F)F)C
dimetachlone,24096-53-5,"1-(3,5-dichlorophenyl)pyrrolidine-2,5-dione1979 Rules:N-(3,5-dichlorophenyl)succinimide",CFZLNRGUBAVQNO-UHFFFAOYSA-N,fungicides (dicarboximide),Clc1cc(Cl)cc(c1)N2C(=O)CCC2=O
dimetan,122-15-6,"5,5-dimethyl-3-oxocyclohex-1-en-1-yl dimethylcarbamate",ITEQSCBLCCNACE-UHFFFAOYSA-N,insecticides (dimethylcarbamate),CN(C)C(=O)OC1=CC(=O)CC(C)(C)C1
dimethacarb,None,dimethylphenyl methylcarbamate1979 Rules:xylyl methylcarbamate,Failed,insecticides (phenyl carbamate),Failed
dimetachlone,24096-53-5,"1-(3,5-dichlorophenyl)pyrrolidine-2,5-dione1979 Rules:N-(3,5-dichlorophenyl)succinimide",CFZLNRGUBAVQNO-UHFFFAOYSA-N,fungicides (dicarboximide),Clc1cc(Cl)cc(c1)N2C(=O)CCC2=O
dimethachlor,50563-36-5,"2-chloro-N-(2-methoxyethyl)-2â²,6â²-dimethylacetanilide",SCCDDNKJYDZXMM-UHFFFAOYSA-N,herbicides (chloroacetamide),COCCN(C(=O)CCl)c1c(C)cccc1C
dimethametryn,22936-75-0,"(RS)-N2-(1,2-dimethylpropyl)-N4-ethyl-6-(methylthio)-1,3,5-triazine-2,4-diamine",IKYICRRUVNIHPP-UHFFFAOYSA-N,herbicides (alkylthiotriazine),CCNc1nc(NC(C)C(C)C)nc(SC)n1
dimethenamid,87674-68-8,"(RS)-2-chloro-N-(2,4-dimethyl-3-thienyl)-N-(2-methoxy-1-methylethyl)acetamide",JLYFCTQDENRSOL-UHFFFAOYSA-N,herbicides (chloroacetamide),COCC(C)N(C(=O)CCl)c1c(C)scc1C
dimethenamid-p,163515-14-8,"(S)-2-chloro-N-(2,4-dimethyl-3-thienyl)-N-(2-methoxy-1-methylethyl)acetamide",JLYFCTQDENRSOL-VIFPVBQESA-N,herbicides (chloroacetamide),CC1=CSC(=C1N([C@@H](C)COC)C(=O)CCl)C
dimethipin,55290-64-7,"2,3-dihydro-5,6-dimethyl-1,4-dithiine 1,1,4,4-tetraoxide",PHVNLLCAQHGNKU-UHFFFAOYSA-N,plant growth regulators (defoliant),CC1=C(C)[S](=O)(=O)CC[S]1(=O)=O
dimethirimol,5221-53-4,5-butyl-2-(dimethylamino)-6-methylpyrimidin-4-ol,CJHXCRMKMMBYJQ-UHFFFAOYSA-N,fungicides (aminopyrimidinol),CCCCC1=C(C)NC(=NC1=O)N(C)C
dimethoate,60-51-5,"O,O-dimethyl S-[2-(methylamino)-2-oxoethyl] phosphorodithioate1979 Rules:O,O-dimethyl S-[(methylcarbamoyl)methyl] phosphorodithioate",MCWXGJITAZMZEV-UHFFFAOYSA-N,acaricides (aliphatic amide organothiophosphate)insecticides (aliphatic amide organothiophosphate)nematicides (aliphatic organothiophosphate),CNC(=O)CS[P](=S)(OC)OC
dimethomorph,110488-70-5,"(2EZ)-3-(4-chlorophenyl)-3-(3,4-dimethoxyphenyl)-1-(morpholin-4-yl)propenone1979 Rules:(EZ)-4-[3-(4-chlorophenyl)-3-(3,4-dimethoxyphenyl)acryloyl]morpholine",QNBTYORWCCMPQP-UHFFFAOYSA-N,fungicides (cinnamamide),COc1ccc(cc1OC)C(=C\C(=O)N2CCOCC2)/c3ccc(Cl)cc3
dimethrin,70-38-2,"2,4-dimethylbenzyl (1RS,3RS;1RS,3SR)-2,2-dimethyl-3-(2-methylprop-1-enyl)cyclopropanecarboxylatepre-1969 name:2,4-dimethylbenzyl (Â±)-cis-trans-chrysanthemate",FHNKBSDJERHDHZ-UHFFFAOYSA-N,insecticides (pyrethroid),CC(C)=CC1C(C(=O)OCc2ccc(C)cc2C)C1(C)C
dimethyl%20carbate,39589-98-5,"dimethyl cis-5-norbornene-2,3-dicarboxylate",PMXKJMUHYMELEJ-FVJVMOKKSA-N,insect repellents,COC(=O)[C@@H]1C2CC(C=C2)[C@@H]1C(=O)OC
dimethyl%20disulfide,624-92-0,dimethyl disulfide,WQOXQRCZOLPYPM-UHFFFAOYSA-N,fungicides (fumigant)herbicides (fumigant)insecticides (fumigant)nematicides (fumigant),CSSC
dimethyl%20phthalate,131-11-3,dimethyl phthalate,NIQCNGHVCWTJSM-UHFFFAOYSA-N,insect repellents,COC(=O)c1ccccc1C(=O)OC
dimethylvinphos,67628-93-7,"(Z)-2-chloro-1-(2,4-dichlorophenyl)vinyl dimethyl phosphate",QSGNQELHULIMSJ-POHAHGRESA-N,insecticides (organophosphate),COP(=O)(OC)O/C(=C\Cl)/C1=C(C=C(C=C1)Cl)Cl
dimetilan,644-64-4,1-(dimethylcarbamoyl)-5-methyl-1H-pyrazol-3-yl dimethylcarbamate,RDBIYWSVMRVKSG-UHFFFAOYSA-N,insecticides (dimethylcarbamate),CN(C)C(=O)Oc1cc(C)n(n1)C(=O)N(C)C
dimexano,1468-37-7,"O,O-dimethyl dithiobis(thioformate)",FVCPXLWAKNJIKK-UHFFFAOYSA-N,herbicides (thiocarbonate),COC(=S)SSC(=S)OC
dimidazon,3295-78-1,"4,5-dimethoxy-2-phenylpyridazin-3(2H)-one",NEFZKJCNHBXWLP-UHFFFAOYSA-N,herbicides (pyridazinone),COC1=C(C(=O)N(N=C1)C2=CC=CC=C2)OC
dimoxystrobin,149961-52-4,"(2E)-2-{2-[(2,5-dimethylphenoxy)methyl]phenyl}-2-(methoxyimino)-N-methylacetamide1979 Rules:(E)-2-(methoxyimino)-N-methyl-2-[Î±-(2,5-xylyloxy)-o-tolyl]acetamide",WXUZAHCNPWONDH-DYTRJAOYSA-N,fungicides (oximinoacetamide),CC1=CC(=C(C=C1)C)OCC2=CC=CC=C2/C(=N\OC)/C(=O)NC
dimpropyridaz,1403615-77-9,"1-[(1RS)-1,2-dimethylpropyl]-N-ethyl-5-methyl-N-pyridazin-4-yl-1H-pyrazole-4-carboxamide",NQPGZXOPMRKAGJ-UHFFFAOYSA-N,insecticides (pyrazolecarboxamide),CCN(C1=CN=NC=C1)C(=O)C2=C(N(N=C2)C(C)C(C)C)C
diazinon,333-41-5,"O,O-diethyl O-(2-isopropyl-6-methylpyrimidin-4-yl) phosphorothioate",FHIVAFMUCKRCQO-UHFFFAOYSA-N,acaricides (aryl organothiophosphate)insecticides (aryl organothiophosphate),CCO[P](=S)(OCC)Oc1cc(C)nc(n1)C(C)C
dimpyrargyl,3060345-80-1,"1-[(1RS)-1,2-dimethylpropyl]-5-methyl-N-prop-2-yn-1-yl-N-pyridin-3-yl-1H-pyrazole-4-carboxamide",XVEMIMCGUGJHOV-UHFFFAOYSA-N,insectcides (pyrazolecarboxamide),Failed
daimuron,42609-52-9,1-(1-methyl-1-phenylethyl)-3-p-tolylurea,NNYRZQHKCHEXSD-UHFFFAOYSA-N,herbicides (phenylurea),Cc1ccc(NC(=O)NC(C)(C)c2ccccc2)cc1
dinex,131-89-5,"2-cyclohexyl-4,6-dinitrophenol",QJYHUJAGJUHXJN-UHFFFAOYSA-N,acaricides (dinitrophenol)insecticides (dinitrophenol),Oc1c(cc(cc1[N+]([O-])=O)[N+]([O-])=O)C2CCCCC2
pyrisoxazole,847749-37-5,"3-[(3R,5RS)-5-(4-chlorophenyl)-2,3-dimethylisoxazolidin-3-yl]pyridine",DHTJFQWHCVTNRY-OEMAIJDKSA-N,fungicides (pyridine),C[C@@]1(CC(ON1C)C2=CC=C(C=C2)Cl)C3=CN=CC=C3
diniconazole,83657-24-3,"(E)-(RS)-1-(2,4-dichlorophenyl)-4,4-dimethyl-2-(1H-1,2,4-triazol-1-yl)pent-1-en-3-ol",FBOUIAKEJMZPQG-AWNIVKPZSA-N,fungicides (triazole),CC(C)(C)C(O)\C(=C/c1ccc(Cl)cc1Cl)n2cncn2
diniconazole-m,83657-18-5,"(E)-(R)-1-(2,4-dichlorophenyl)-4,4-dimethyl-2-(1H-1,2,4-triazol-1-yl)pent-1-en-3-ol",FBOUIAKEJMZPQG-BLXFFLACSA-N,fungicides (triazole),CC(C)(C)[C@@H](O)\C(=C/c1ccc(Cl)cc1Cl)n2cncn2
diniconazole-m,83657-18-5,"(E)-(R)-1-(2,4-dichlorophenyl)-4,4-dimethyl-2-(1H-1,2,4-triazol-1-yl)pent-1-en-3-ol",FBOUIAKEJMZPQG-BLXFFLACSA-N,fungicides (triazole),CC(C)(C)[C@@H](O)\C(=C/c1ccc(Cl)cc1Cl)n2cncn2
dinitramine,29091-05-2,"N1,N1-diethyl-2,6-dinitro-4-(trifluoromethyl)-m-phenylenediamine",OFDYMSKSGFSLLM-UHFFFAOYSA-N,herbicides (dinitroaniline),CCN(CC)c1c(cc(c(N)c1[N+]([O-])=O)C(F)(F)F)[N+]([O-])=O
dinitrophenols,25550-58-7,dinitrophenol,Failed,wood preservative,Failed
dinobuton,973-21-7,"isopropyl 2-[(1RS)-1-methylpropyl]-4,6-dinitrophenyl carbonate1979 Rules:(RS)-2-sec-butyl-4,6-dinitrophenyl isopropyl carbonate",HDWLUGYOLUHEMN-UHFFFAOYSA-N,acaricides (dinitrophenol)fungicides (dinitrophenol),CCC(C)c1cc(cc(c1OC(=O)OC(C)C)[N+]([O-])=O)[N+]([O-])=O
dinocap,39300-45-3,"reaction mixture of 2,4-dinitro-6-octanylphenyl (2E)-but-2-enoate and 2,6-dinitro-4-octanylphenyl (2E)-but-2-enoate in which âoctanylâ is a mixture of octan-2-yl, octan-3-yl and octan-4-yl groups1979 Rules:reaction mixture of 2,4-dinitro-6-octylphenyl crotonates and 2,6-dinitro-4-octylphenyl crotonates in which âoctylâ is a mixture of 1-methylheptyl, 1-ethylhexyl and 1-propylpentyl groups",Failed,acaricides (dinitrophenyl crotonate)fungicides (dinitrophenyl crotonate),Failed
dinocap-4,875690-85-0,"2,6-dinitro-4-octanylphenyl (2E)-but-2-enoate in which âoctanylâ is a mixture of octan-2-yl, octan-3-yl and octan-4-yl groups1979 Rules:(RS)-2,6-dinitro-4-octylphenyl crotonates in which âoctylâ is a mixture of 1-methylheptyl, 1-ethylhexyl and 1-propylpentyl groups",Failed,acaricides (dinitrophenyl crotonate)fungicides (dinitrophenyl crotonate),Failed
dinocap-6,875695-92-4,"2,4-dinitro-6-octanylphenyl (2E)-but-2-enoate in which âoctanylâ is a mixture of octan-2-yl, octan-3-yl and octan-4-yl groups1979 Rules:(RS)-2,4-dinitro-6-octylphenyl crotonates in which âoctylâ is a mixture of 1-methylheptyl, 1-ethylhexyl and 1-propylpentyl groups",Failed,acaricides (dinitrophenyl crotonate)fungicides (dinitrophenyl crotonate),Failed
dinocton,104078-12-8,"reaction mixture of dinitro(octyl)phenyl methyl carbonates in which âoctylâ is a mixture of 1-methylheptyl, 1-ethylhexyl and 1-propylpentyl groups",Failed,acaricides (dinitrophenol)fungicides (dinitrophenol),Failed
dinofenate,61614-62-8,"2,4-dinitrophenyl 2-[(1RS)-1-methylpropyl]-4,6-dinitrophenyl carbonate1979 Rules:(RS)-2-sec-butyl-4,6-dinitrophenyl 2,4-dinitrophenyl carbonate",HEJVROKEIMJTIN-UHFFFAOYSA-N,herbicides (dinitrophenol),CCC(C)c1cc(cc(c1OC(=O)Oc2ccc(cc2[N+]([O-])=O)[N+]([O-])=O)[N+]([O-])=O)[N+]([O-])=O
dinopenton,5386-57-2,"isopropyl (RS)-2-(1-methylbutyl)-4,6-dinitrophenyl carbonate",QQHRSBLQLJPBPJ-UHFFFAOYSA-N,acaricides (dinitrophenol)fungicides (dinitrophenol),CCCC(C)C1=C(C(=CC(=C1)[N+](=O)[O-])[N+](=O)[O-])OC(=O)OC(C)C
dinoprop,7257-41-2,"4,6-dinitro-o-cymen-3-ol",SOPHXJOERHTMIL-UHFFFAOYSA-N,herbicides (dinitrophenol)insecticides (dinitrophenol),CC1=C(C(=C(C=C1[N+](=O)[O-])[N+](=O)[O-])O)C(C)C
dinosam,4097-36-3,"(RS)-2-(1-methylbutyl)-4,6-dinitrophenol",PSOZMUMWCXLRKX-UHFFFAOYSA-N,herbicides (dinitrophenol)insecticides (dinitrophenol),CCCC(C)c1cc(cc(c1O)[N+]([O-])=O)[N+]([O-])=O
dinoseb,88-85-7,"2-[(1RS)-1-methylpropyl]-4,6-dinitrophenol1979 Rules:(RS)-2-sec-butyl-4,6-dinitrophenol",OWZPCEFYPSAJFR-UHFFFAOYSA-N,herbicides (dinitrophenol),CCC(C)c1cc(cc(c1O)[N+]([O-])=O)[N+]([O-])=O
dinosulfon,5386-77-6,"S-methyl O-[(RS)-2-(1-methylheptyl)-4,6-dinitrophenyl] thiocarbonate",PTKVPQXEKZOPNA-UHFFFAOYSA-N,acaricides (dinitrophenol)fungicides (dinitrophenol),CCCCCCC(C)C1=C(C(=CC(=C1)[N+](=O)[O-])[N+](=O)[O-])OC(=O)SC
dinotefuran,165252-70-0,(EZ)-(RS)-1-methyl-2-nitro-3-[(tetrahydro-3-furyl)methyl]guanidine,YKBZOVFACRVRJN-UHFFFAOYSA-N,insecticides (nitroguanidine),CN=C(NCC1CCOC1)N[N+]([O-])=O
dinoterb,1420-07-1,"2-tert-butyl-4,6-dinitrophenol",IIPZYDQGBIWLBU-UHFFFAOYSA-N,herbicides (dinitrophenol),CC(C)(C)c1cc(cc(c1O)[N+]([O-])=O)[N+]([O-])=O
dinoterbon,6073-72-9,"2-tert-butyl-4,6-dinitrophenyl ethyl carbonate",IXNUTQCZWAHNPN-UHFFFAOYSA-N,acaricides (dinitrophenol)fungicides (dinitrophenol),CCOC(=O)OC1=C(C=C(C=C1[N+](=O)[O-])[N+](=O)[O-])C(C)(C)C
diofenolan,63837-33-2,"mixture of 50%â80% (2RS,4SR)-4-[(2-ethyl-1,3-dioxolan-4-yl)methoxy]phenyl phenyl ether and 50%â20% (2RS,4RS)-4-[(2-ethyl-1,3-dioxolan-4-yl)methoxy]phenyl phenyl ether",ZDOOQPFIGYHZFV-UHFFFAOYSA-N,insecticides (juvenile hormone mimic),CC[C@H]1OC[C@@H](COc2ccc(Oc3ccccc3)cc2)O1
dioxabenzofos,3811-49-2,"(RS)-2-methoxy-4H-1,3,2Î»5-benzodioxaphosphinine 2-sulfideor(RS)-2-methoxy-4H-1,3,2Î»5-benzodioxaphosphorine 2-sulfide",OUNSASXJZHBGAI-UHFFFAOYSA-N,insecticides (organothiophosphate),CO[P]1(=S)OCc2ccccc2O1
dioxacarb,6988-21-2,"2-(1,3-dioxolan-2-yl)phenyl methylcarbamate",SDKQRNRRDYRQKY-UHFFFAOYSA-N,insecticides (phenyl carbamate),CNC(=O)Oc1ccccc1C2OCCO2
dioxathion,78-34-2,"S,Sâ²-(1,4-dioxane-2,3-diyl) O,O,Oâ²,Oâ²-tetraethyl bis(phosphorodithioate)",VBKKVDGJXVOLNE-UHFFFAOYSA-N,acaricides (aliphatic organothiophosphate)insecticides (aliphatic organothiophosphate),CCO[P](=S)(OCC)SC1OCCOC1S[P](=S)(OCC)OCC
dioxathion,78-34-2,"S,Sâ²-(1,4-dioxane-2,3-diyl) O,O,Oâ²,Oâ²-tetraethyl bis(phosphorodithioate)",VBKKVDGJXVOLNE-UHFFFAOYSA-N,acaricides (aliphatic organothiophosphate)insecticides (aliphatic organothiophosphate),CCO[P](=S)(OCC)SC1OCCOC1S[P](=S)(OCC)OCC
dioxopyritrione,2222257-79-4,"2-(3,4-dimethoxyphenyl)-4-[(2-hydroxy-6-oxocyclohex-1-en-1-yl)carbonyl]-6-methylpyridazin-3(2H)-one",YAPDTLVTAQLZHQ-UHFFFAOYSA-N,herbicides (triketone),Failed
diphacinone,82-66-6,"2-(diphenylacetyl)indane-1,3-dione1979 Rules:2-(diphenylacetyl)indan-1,3-dione",JYGLAHSAISAEAL-UHFFFAOYSA-N,rodenticides (indandione),[Na+].O=C(C(c1ccccc1)c2ccccc2)C3C(=O)c4ccccc4C3=O
diphacinone,82-66-6,"2-(diphenylacetyl)indane-1,3-dione1979 Rules:2-(diphenylacetyl)indan-1,3-dione",JYGLAHSAISAEAL-UHFFFAOYSA-N,rodenticides (indandione),[Na+].O=C(C(c1ccccc1)c2ccccc2)C3C(=O)c4ccccc4C3=O
diphacinone,82-66-6,"2-(diphenylacetyl)indane-1,3-dione1979 Rules:2-(diphenylacetyl)indan-1,3-dione",JYGLAHSAISAEAL-UHFFFAOYSA-N,rodenticides (indandione),[Na+].O=C(C(c1ccccc1)c2ccccc2)C3C(=O)c4ccccc4C3=O
diphenamid,957-51-7,"N,N-dimethyl-2,2-diphenylacetamide",QAHFOPIILNICLA-UHFFFAOYSA-N,herbicides (acetamide),CN(C)C(=O)C(c1ccccc1)c2ccccc2
diphenamid,957-51-7,"N,N-dimethyl-2,2-diphenylacetamide",QAHFOPIILNICLA-UHFFFAOYSA-N,herbicides (acetamide),CN(C)C(=O)C(c1ccccc1)c2ccccc2
diphenylamine,122-39-4,diphenylamine,DMBHHRLKUKUOEG-UHFFFAOYSA-N,fungicides (aromatic),N(c1ccccc1)c2ccccc2
diphenyl%20sulfone,127-63-9,diphenyl sulfone,KZTYYGOKRVBIMI-UHFFFAOYSA-N,acaricides (diphenylsulfone),O=[S](=O)(c1ccccc1)c2ccccc2
tetrasul,2227-13-6,"4-chlorophenyl 2,4,5-trichlorophenyl sulfide",QUWSDLYBOVGOCW-UHFFFAOYSA-N,acaricides (diphenylsulfide),Clc1ccc(Sc2cc(Cl)c(Cl)cc2Cl)cc1
dikegulac,18467-77-1,"2,3:4,6-di-O-isopropylidene-Î±-L-xylo-2-hexulofuranosonic acid",FWCBATIDXGJRMF-FLNNQWSLSA-N,plant growth regulators (growth inhibitor),CC1(C)OCC2OC3(OC(C)(C)OC3C2O1)C(O)=O
dipropalin,1918-08-7,"4-methyl-2,6-dinitro-N,N-dipropylaniline1979 Rules:2,6-dinitro-N,N-dipropyl-p-toluidine",UDVZOMAEGATTSE-UHFFFAOYSA-N,herbicides (dinitroaniline),CCCN(CCC)c1c(cc(C)cc1[N+]([O-])=O)[N+]([O-])=O
dipropetryn,4147-51-7,"6-(ethylthio)-N2,N4-diisopropyl-1,3,5-triazine-2,4-diamine",NPWMZOGDXOFZIN-UHFFFAOYSA-N,herbicides (alkylthiotriazine),CCSc1nc(NC(C)C)nc(NC(C)C)n1
trichlorfon,52-68-6,"dimethyl [(1RS)-2,2,2-trichloro-1-hydroxyethyl]phosphonate",NFACJZMKEDPNKN-UHFFFAOYSA-N,acaricides (phosphonate)insecticides (phosphonate),CO[P](=O)(OC)C(O)C(Cl)(Cl)Cl
dipymetitrone,16114-35-5,"2,6-dimethyl-1H,5H-[1,4]dithiino[2,3-c:5,6-câ²]dipyrrole-1,3,5,7(2H,6H)-tetrone",FPKXBFWMIYHCID-UHFFFAOYSA-N,fungicides (unclassified),CN1C(=O)C2=C(C1=O)SC3=C(S2)C(=O)N(C3=O)C
dipyrithione,3696-28-4,"2,2â²-dithiodi(pyridin-1-ium-1-olate)",ZHDBTKPXEJDTTQ-UHFFFAOYSA-N,bactericidesfungicides (pyridine),[O-][n+]1ccccc1SSc2cccc[n+]2[O-]
diquat,2764-72-9,"9,10-dihydro-8a,10a-diazoniaphenanthreneor6,7-dihydrodipyrido[1,2-a:2â²,1â²-c]pyrazine-5,8-diiumor1,1â²-ethylene-2,2â²-bipyridyldiylium",SYJFEGQWDCRVNX-UHFFFAOYSA-N,herbicides (quaternary ammonium),C1C[n+]2ccccc2c3cccc[n+]13
derivatives/thiosultap-disodium,52207-48-4,"disodium S,Sâ²-[2-(dimethylamino)trimethylene] di(thiosulfate)",QSOHVSNIQHGFJU-UHFFFAOYSA-L,insecticides (nereistoxin analogue),[Na+].[Na+].CN(C)C(CS[S]([O-])(=O)=O)CS[S]([O-])(=O)=O
disparlure,29804-22-6,"(7RS,8SR)-7,8-epoxy-2-methyloctadecane","Enantiomeric mixture: JGZANOXBKSQXON-DDYVOGIASA-N2S,3R- enatiomer: HFOFYNMWYRXIBP-RBUKOAKNSA-N",insect attractants (Lepidopteran),CCCCCCCCCC[C@H]1O[C@H]1CCCCC(C)C
dicamba,1918-00-9,"3,6-dichloro-2-methoxybenzoic acid1979 Rules:3,6-dichloro-o-anisic acid",IWEDIXLBFLAXBO-UHFFFAOYSA-N,herbicides (benzoic acid),COc1c(Cl)ccc(Cl)c1C(O)=O
disul,149-26-8,"2-(2,4-dichlorophenoxy)ethyl hydrogen sulfate",HJEINPVZRDJRBY-UHFFFAOYSA-N,herbicides (phenoxyacetic),O[S](=O)(=O)OCCOc1ccc(Cl)cc1Cl
disulfiram,97-77-8,tetraethylthiuram disulfide,AUZONCFQVSMFAP-UHFFFAOYSA-N,acaricides (dithiocarbamate)fungicides (dithiocarbamate),CCN(CC)C(=S)SSC(=S)N(CC)CC
disulfoton,298-04-4,"O,O-diethyl S-[2-(ethylthio)ethyl] phosphorodithioate",DOFZAZXDOSGAJZ-UHFFFAOYSA-N,acaricides (aliphatic organothiophosphate)insecticides (aliphatic organothiophosphate),CCO[P](=S)(OCC)SCCSCC
ditalimfos,5131-24-8,"O,O-diethyl phthalimidophosphonothioate",MTBZIGHNGSTDJV-UHFFFAOYSA-N,fungicides (phosphoramidate),CCO[P](=S)(OCC)N1C(=O)c2ccccc2C1=O
dithianon,3347-22-6,"5,10-dihydro-5,10-dioxonaphtho[2,3-b]-1,4-dithiine-2,3-dicarbonitrile",PYZSVQVRHDXQSL-UHFFFAOYSA-N,fungicides (quinone),O=C1C2=C(SC(=C(S2)C#N)C#N)C(=O)c3ccccc13
dithicrofos,41219-31-2,"S-[(RS)-6-chloro-3,4-dihydro-2H-1-benzothiin-4-yl] O,O-diethyl phosphorodithioate",QNZZKGBRJAVCIQ-UHFFFAOYSA-N,insecticides (arylalkyl organothiophosphate),CCO[P](=S)(OCC)SC1CCSc2ccc(Cl)cc12
dimethyl%20disulfide,624-92-0,dimethyl disulfide,WQOXQRCZOLPYPM-UHFFFAOYSA-N,fungicides (fumigant)herbicides (fumigant)insecticides (fumigant)nematicides (fumigant),CSSC
thiometon,640-15-3,"S-[2-(ethylthio)ethyl] O,O-dimethyl phosphorodithioate",OPASCBHCTNRLRM-UHFFFAOYSA-N,acaricides (aliphatic organothiophosphate)insecticides (aliphatic organothiophosphate),CCSCCS[P](=S)(OC)OC
dithiopyr,97886-45-8,"S3,S5-dimethyl 2-(difluoromethyl)-4-(2-methylpropyl)-6-(trifluoromethyl)pyridine-3,5-dicarbothioate1979 Rules:S,Sâ²-dimethyl 2-(difluoromethyl)-4-isobutyl-6-(trifluoromethyl)pyridine-3,5-dicarbothioate",YUBJPYNSGLJZPQ-UHFFFAOYSA-N,herbicides (pyridine),CSC(=O)c1c(CC(C)C)c(C(=O)SC)c(nc1C(F)F)C(F)(F)F
dithiuron,None,"1-[5-(2-chloro-1,1-dimethylethyl)-1,3,4-thiadiazol-2-yl]-1,3-dimethylurea",IYKPHPWPBFMVHA-UHFFFAOYSA-N,herbicides (thiadiazolylurea),CC(C)(CCl)C1=NN=C(S1)N(C)C(=O)NC
diuron,330-54-1,"3-(3,4-dichlorophenyl)-1,1-dimethylurea",XMTQQYYKAHVGBJ-UHFFFAOYSA-N,algicidesherbicides (phenylurea),CN(C)C(=O)Nc1ccc(Cl)c(Cl)c1
exd,502-55-6,"O,O-diethyl dithiobis(thioformate)",FVIGODVHAVLZOO-UHFFFAOYSA-N,herbicides (thiocarbonate)insecticides (thiocarbonate),CCOC(=S)SSC(=S)OCC
d-limonene,5989-27-5,"(R)-4-isopropenyl-1-methylcyclohexeneorp-mentha-1,8-diene",XMGQYMWWDOXHJM-JTQLQIEISA-N,insecticides (botanical),CC(=C)[C@@H]1CCC(=CC1)C
dimethyl%20disulfide,624-92-0,dimethyl disulfide,WQOXQRCZOLPYPM-UHFFFAOYSA-N,fungicides (fumigant)herbicides (fumigant)insecticides (fumigant)nematicides (fumigant),CSSC
dmpa,299-85-4,"(RS)-[O-(2,4-dichlorophenyl) O-methyl isopropylphosphoramidothioate]",PJFGPJQBWSEWKX-UHFFFAOYSA-N,herbicides (phosphoramidate),CO[P](=S)(NC(C)C)Oc1ccc(Cl)cc1Cl
dnoc,534-52-1,"2-methyl-4,6-dinitrophenol1979 Rules:4,6-dinitro-o-cresol",ZXVONLUNISGICL-UHFFFAOYSA-N,acaricides (dinitrophenol)fungicides (dinitrophenol)herbicides (dinitrophenol)insecticides (dinitrophenol),Cc1cc(cc(c1O)[N+]([O-])=O)[N+]([O-])=O
dodemorph,1593-77-7,"4-cyclododecyl-2,6-dimethylmorpholine",JMXKCYUTURMERF-UHFFFAOYSA-N,fungicides (morpholine),CC1CN(CC(C)O1)C2CCCCCCCCCCC2.CC(O)=O
dodicin,6843-97-6,N-(2-{[2-(dodecylamino)ethyl]amino}ethyl)glycine,FSKNXCHJIFBRBT-UHFFFAOYSA-N,bactericidesfungicides (aliphatic nitrogen),[Cl-].CCCCCCCCCCCC[NH2+]CCNCCNCC(O)=O
dodine,2439-10-3,1-dodecylguanidinium acetate,YIKWKLYQRFRGPM-UHFFFAOYSA-N,fungicides (guanidine),CCCCCCCCCCCCN=C(N)N.CC(O)=O
dofenapyn,42873-80-3,1-(pent-4-ynyloxy)-4-phenoxybenzene,PNXGNYJXJBKFRG-UHFFFAOYSA-N,acaricides (unclassified),C#CCCCOc1ccc(Oc2ccccc2)cc1
dodine,2439-10-3,1-dodecylguanidinium acetate,YIKWKLYQRFRGPM-UHFFFAOYSA-N,fungicides (guanidine),CCCCCCCCCCCCN=C(N)N.CC(O)=O
dominicalure,80510-16-3 + 80510-15-2,"mixture of (S)-1-methylbutyl (E)-2,4-dimethylpent-2-enoate and (S)-1-methylbutyl (E)-2-methylpent-2-enoate","(1S)-1-methylbutyl (2E)-2,4-dimethyl-2-pentenoate:FSYDYWBQQJBBIE-UQSGXBNBSA-N(1S)-1-methylbutyl (2E)-2-methyl-2-pentenoate:HPKANHQEOBMBEF-PCYYEKQGSA-Nidentifier for mixture (not valid):VYESLYISRDNYHY-XZOLHLMBSA-N",insect attractants (Coleopteran),Failed
doramectin,117704-25-3,"extended von Baeyer nomenclature: (10E,14E,16E)-(1R,4S,5â²S,6S,6â²R,8R,12S,13S,20R,21R,24S)-6â²-cyclohexyl-21,24-dihydroxy-5â²,11,13,22-tetramethyl-2-oxo-(3,7,19-trioxatetracyclo[15.6.1.14,8.020,24]pentacosa-10,14,16,22-tetraene)-6-spiro-2â²-(5â²,6â²-dihydro-2â²H-pyran)-12-yl 2,6-dideoxy-4-O-(2,6-dideoxy-3-O-methyl-Î±-L-arabino-hexopyranosyl)-3-O-methyl-Î±-L-arabino-hexopyranosideorbridged fused ring systems nomenclature: (2aE,4E,8E)-(5â²S,6S,6â²R,7S,11R,13S,15S,17aR,20R,20aR,20bS)-6â²-cyclohexyl-5â²,6,6â²,7,10,11,14,15,17a,20,20a,20b-dodecahydro-20,20b-dihydroxy-5â²,6,8,19-tetramethyl-17-oxospiro[11,15-methano-2H,13H,17H-furo[4,3,2-pq][2,6]benzodioxacyclooctadecin-13,2â²-[2H]pyran]-7-yl 2,6-dideoxy-4-O-(2,6-dideoxy-3-O-methyl-Î±-L-arabino-hexopyranosyl)-3-O-methyl-Î±-L-arabino-hexopyranoside",QLFZZSKTJWDQOS-YDBLARSUSA-N,acaricides (avermectin)insecticides (avermectin),CO[C@H]1C[C@@H](O[C@@H](C)[C@@H]1O)OC2[C@H](C)O[C@H](C[C@@H]2OC)OC3[C@@H](C)/C=C/C=C/4CO[C@@H]5[C@H](O)C(=C[C@@H](C(=O)O[C@H]6C[C@@H](C\C=C3/C)O[C@@]7(C6)O[C@@H]([C@@H](C)C=C7)C8CCCCC8)[C@]45O)C
dichlorprop,120-36-5,"(2RS)-2-(2,4-dichlorophenoxy)propanoic acid1979 Rules:(RS)-2-(2,4-dichlorophenoxy)propionic acid",MZHCENGPTKEIGP-UHFFFAOYSA-N,herbicides (phenoxypropionic)plant growth regulators (auxin),CC(Oc1ccc(Cl)cc1Cl)C(O)=O
"3,4-dp",3307-41-3,"(2RS)-2-(3,4-dichlorophenoxy)propanoic acid1979 Rules:(RS)-2-(3,4-dichlorophenoxy)propionic acid",BIPAGODSEBNAJR-UHFFFAOYSA-N,herbicides (phenoxypropionic),CC(Oc1ccc(Cl)c(Cl)c1)C(O)=O
dinocap,39300-45-3,"reaction mixture of 2,4-dinitro-6-octanylphenyl (2E)-but-2-enoate and 2,6-dinitro-4-octanylphenyl (2E)-but-2-enoate in which âoctanylâ is a mixture of octan-2-yl, octan-3-yl and octan-4-yl groups1979 Rules:reaction mixture of 2,4-dinitro-6-octylphenyl crotonates and 2,6-dinitro-4-octylphenyl crotonates in which âoctylâ is a mixture of 1-methylheptyl, 1-ethylhexyl and 1-propylpentyl groups",Failed,acaricides (dinitrophenyl crotonate)fungicides (dinitrophenyl crotonate),Failed
drazoxolon,5707-69-7,(EZ)-4-[(2-chlorophenyl)hydrazono]-3-methylisoxazol-5(4H)-one,OOTHTARUZHONSW-UHFFFAOYSA-N,fungicides (isoxazole),CC\1=NOC(=O)C1=N\Nc2ccccc2Cl
dsma,144-21-8,disodium methylarsonate,SDIXRDNYIMOKSG-UHFFFAOYSA-L,herbicides (arsenical),[Na+].[Na+].C[As]([O-])([O-])=O
d-teflumethrin,1208235-75-9,"2,3,5,6-tetrafluoro-4-(methoxymethyl)benzyl (1R,3R)-2,2-dimethyl-3-[(1Z)-3,3,3-trifluoroprop-1-enyl]cyclopropanecarboxylateRothamsted-style stereodescriptors:2,3,5,6-tetrafluoro-4-(methoxymethyl)benzyl (1R)-trans-2,2-dimethyl-3-[(1Z)-3,3,3-trifluoroprop-1-enyl]cyclopropanecarboxylate",BKACAEJQMLLGAV-KWKBKKAHSA-N,insecticides (pyrethroid),CC1([C@@H]([C@H]1C(=O)OCC2=C(C(=C(C(=C2F)F)COC)F)F)/C=C\C(F)(F)F)C
bioallethrin,260359-57-7,"(1RS)-3-allyl-2-methyl-4-oxocyclopent-2-enyl (1R,3R)-2,2-dimethyl-3-(2-methylprop-1-enyl)cyclopropanecarboxylateRothamsted-style stereodescriptors:(1RS)-3-allyl-2-methyl-4-oxocyclopent-2-enyl (1R)-trans-2,2-dimethyl-3-(2-methylprop-1-enyl)cyclopropanecarboxylatepre-1969 name:(Â±)-3-allyl-2-methyl-4-oxocyclopent-2-enyl (+)-trans-chrysanthemate",ZCVAOQKBXKSDMS-AQYZNVCMSA-N,insecticides (pyrethroid),CC1=C(C(=O)CC1OC(=O)[C@@H]2[C@H](C2(C)C)C=C(C)C)CC=C
bioresmethrin,28434-01-7,"(5-benzyl-3-furyl)methyl (1R,3R)-2,2-dimethyl-3-(2-methylprop-1-enyl)cyclopropanecarboxylateRothamsted-style stereodescriptors:(5-benzyl-3-furyl)methyl (1R)-trans-2,2-dimethyl-3-(2-methylprop-1-enyl)cyclopropanecarboxylatepre-1969 name:(5-benzyl-3-furyl)methyl (+)-trans-chrysanthemate",VEMKTZHHVJILDY-UXHICEINSA-N,insecticides (pyrethroid),CC(C)=CC1C(C(=O)OCc2coc(Cc3ccccc3)c2)C1(C)C
dufulin,882182-49-2,"diethyl (Î±RS)-{2-fluoro-Î±-[(4-methyl-1,3-benzothiazol-2-yl)amino]benzyl}phosphonate",CLASFMUIFVKHQI-UHFFFAOYSA-N,virucides,CCOP(=O)(C(C1=CC=CC=C1F)NC2=NC3=C(C=CC=C3S2)C)OCC
daimuron,42609-52-9,1-(1-methyl-1-phenylethyl)-3-p-tolylurea,NNYRZQHKCHEXSD-UHFFFAOYSA-N,herbicides (phenylurea),Cc1ccc(NC(=O)NC(C)(C)c2ccccc2)cc1
IR3535,52304-36-6,ethyl N-acetyl-N-butyl-Î²-alaninateorethyl 3-[acetyl(butyl)amino]propanoate,VZRKEAFHFMSHCD-UHFFFAOYSA-N,insect repellents,CCCCN(CCC(=O)OCC)C(C)=O
ebep,6012-85-7,ethyl bis(2-ethylhexyl)phosphinate,GTHBZAQYGDDFTH-UHFFFAOYSA-N,herbicides (unclassified),CCCCC(CC)C[P](=O)(CC(CC)CCCC)OCC
ebp,13286-32-3,"S-benzyl O,O-diethyl phosphorothioate",XFMJUIKWKVJNDY-UHFFFAOYSA-N,fungicides (organophosphate),CCO[P](=O)(OCC)SCc1ccccc1
cadusafos,95465-99-9,"O-ethyl S,S-bis[(1RS)-1-methylpropyl] phosphorodithioate1979 Rules:S,S-di-sec-butyl O-ethyl phosphorodithioate",KXRPCFINVWWFHQ-UHFFFAOYSA-N,insecticides (aliphatic organothiophosphate)nematicides (aliphatic organothiophosphate),CCO[P](=O)(SC(C)CC)SC(C)CC
a-ecdysone,3604-87-3,"(22R)-2Î²,3Î²,14Î±,22,25-pentahydroxy-5Î²-cholest-7-en-6-one",UPEZCKBFRMILAV-JMZLNJERSA-N,insecticides (steroid),C[C@H]([C@H](O)CCC(C)(C)O)[C@H]1CC[C@@]2(O)C3=CC(=O)[C@@H]4C[C@@H](O)[C@@H](O)C[C@]4(C)[C@H]3CC[C@]12C
ecdysterone,5289-74-7,"(22R)-2Î²,3Î²,14Î±,20,22,25-hexahydroxy-5Î²-cholest-7-en-6-one",NKDFYOWSKOHCCO-YPVLXUMRSA-N,insecticides (steroid),CC(C)(O)CC[C@@H](O)[C@](C)(O)[C@H]1CC[C@@]2(O)C3=CC(=O)[C@@H]4C[C@@H](O)[C@@H](O)C[C@]4(C)[C@H]3CC[C@]12C
ecdysterone,5289-74-7,"(22R)-2Î²,3Î²,14Î±,20,22,25-hexahydroxy-5Î²-cholest-7-en-6-one",NKDFYOWSKOHCCO-YPVLXUMRSA-N,insecticides (steroid),CC(C)(O)CC[C@@H](O)[C@](C)(O)[C@H]1CC[C@@]2(O)C3=CC(=O)[C@@H]4C[C@@H](O)[C@@H](O)C[C@]4(C)[C@H]3CC[C@]12C
etridiazole,2593-15-9,"ethyl 3-(trichloromethyl)-1,2,4-thiadiazol-5-yl ether",KQTVWCSONPJJPE-UHFFFAOYSA-N,"fungicides (1,2,4-thiadiazole)",CCOc1snc(n1)C(Cl)(Cl)Cl
ethylene%20dibromide,106-93-4,"1,2-dibromoethane1979 Rules:ethylene dibromide",PAAZPARNPHGIKF-UHFFFAOYSA-N,insecticides (alkyl halide; fumigant),BrCCBr
ethylene%20dichloride,107-06-2,"1,2-dichloroethane1979 Rules:ethylene dichloride",WSLDOOZREJYCGB-UHFFFAOYSA-N,insecticides (alkyl halide; fumigant),ClCCCl
edifenphos,17109-49-8,"O-ethyl S,S-diphenyl phosphorodithioate",AWZOLILCOUMRDG-UHFFFAOYSA-N,fungicides (phosphorothiolate),CCO[P](=O)(Sc1ccccc1)Sc2ccccc2
edifenphos,17109-49-8,"O-ethyl S,S-diphenyl phosphorodithioate",AWZOLILCOUMRDG-UHFFFAOYSA-N,fungicides (phosphorothiolate),CCO[P](=O)(Sc1ccccc1)Sc2ccccc2
eglinazine,68228-19-3,"N-[4-chloro-6-(ethylamino)-1,3,5-triazin-2-yl]glycine",IAUFMJOLSFEAIJ-UHFFFAOYSA-N,herbicides (chlorotriazine),CCNc1nc(Cl)nc(NCC(O)=O)n1
emamectin,119791-41-2,"extended von Baeyer nomenclature:mixture of 90â100% (10E,14E,16E)-(1R,4S,5â²S,6S,6â²R,8R,12S,13S,20R,21R,24S)-6â²-[(S)-sec-butyl]-21,24-dihydroxy-5â²,11,13,22-tetramethyl-2-oxo-(3,7,19-trioxatetracyclo[15.6.1.14,8.020,24]pentacosa-10,14,16,22-tetraene)-6-spiro-2â²-(5â²,6â²-dihydro-2â²H-pyran)-12-yl 2,6-dideoxy-3-O-methyl-4-O-[2,4,6-trideoxy-3-O-methyl-4-(methylamino)-Î±-L-lyxo-hexapyranosyl]-Î±-L-arabino-hexapyranoside and 10â0% (10E,14E,16E)-(1R,4S,5â²S,6S,6â²R,8R,12S,13S,20R,21R,24S)-21,24-dihydroxy-6â²-isopropyl-5â²,11,13,22-tetramethyl-2-oxo-(3,7,19-trioxatetracyclo[15.6.1.14,8.020,24]pentacosa-10,14,16,22-tetraene)-6-spiro-2â²-(5â²,6â²-dihydro-2â²H-pyran)-12-yl 2,6-dideoxy-3-O-methyl-4-O-[2,4,6-trideoxy-3-O-methyl-4-(methylamino)-Î±-L-lyxo-hexapyranosyl]-Î±-L-arabino-hexapyranosideorbridged fused ring systems nomenclature:mixture of 90â100% (2aE,4E,8E)-(5â²S,6S,6â²R,7S,11R,13S,15S,17aR,20R,20aR,20bS)-6â²-[(S)-sec-butyl]-5â²,6,6â²,7,10,11,14,15,17a,20,20a,20b-dodecahydro-20,20b-dihydroxy-5â²,6,8,19-tetramethyl-17-oxospiro[11,15-methano-2H,13H,17H-furo[4,3,2-pq][2,6]benzodioxacyclooctadecin-13,2â²-[2H]pyran]-7-yl 2,6-dideoxy-3-O-methyl-4-O-[2,4,6-trideoxy-3-O-methyl-4-(methylamino)-Î±-L-lyxo-hexapyranosyl]-Î±-L-arabino-hexapyranoside and 10â0% (2aE,4E,8E)-(5â²S,6S,6â²R,7S,11R,13S,15S,17aR,20R,20aR,20bS)-5â²,6,6â²,7,10,11,14,15,17a,20,20a,20b-dodecahydro-20,20b-dihydroxy-6â²-isopropyl-5â²,6,8,19-tetramethyl-17-oxospiro[11,15-methano-2H,13H,17H-furo[4,3,2-pq][2,6]benzodioxacyclooctadecin-13,2â²-[2H]pyran]-7-yl 2,6-dideoxy-3-O-methyl-4-O-[2,4,6-trideoxy-3-O-methyl-4-(methylamino)-Î±-L-lyxo-hexapyranosyl]-Î±-L-arabino-hexapyranoside",emamectin B1a (6â²-(S)-sec-butyl):CXEGAUYXQAKHKJ-COFQVFHOSA-Nemamectin B1b (6â²-isopropyl):DXIOOXFZLKCVHK-VAUHGISYSA-Nidentifier for mixture (not valid):JYKUGBHHPJEEER-ZZMYSPDMSA-N,insecticides (avermectin),CC[C@H](C)[C@H]1O[C@@]2(C[C@@H]3C[C@@H](C\C=C(C)\[C@@H](O[C@H]4C[C@H](CC)[C@@H](O[C@H]5C[C@H](OC)[C@@H](O)[C@H](C)O5)[C@H](C)O4)[C@@H](C)/C=C/C=C/6CO[C@@H]7[C@H](O)C(=C[C@@H](C(=O)O3)[C@]67O)C)O2)C=C[C@@H]1C.CC[C@H]8C[C@@H](O[C@@H](C)[C@@H]8O[C@H]9C[C@H](OC)[C@@H](O)[C@H](C)O9)O[C@H]/%10[C@@H](C)/C=C/C=C/%11CO[C@@H]%12[C@H](O)C(=C[C@@H](C(=O)O[C@H]%13C[C@@H](C\C=C%10C)O[C@@]%14(C%13)O[C@H](C(C)C)[C@@H](C)C=C%14)[C@]%11%12O)C
empc,18809-57-9,4-(ethylthio)phenyl methylcarbamate,OZJCQBUSEOVJOW-UHFFFAOYSA-N,insecticides (phenyl carbamate),CCSc1ccc(OC(=O)NC)cc1
empenthrin,54406-48-3,"(1RS,2E)-1-ethynyl-2-methylpent-2-enyl (1RS,3RS;1RS,3SR)-2,2-dimethyl-3-(2-methylprop-1-enyl)cyclopropanecarboxylate",YUGWDVYLFSETPE-JLHYYAGUSA-N,insecticides (pyrethroid),CC\C=C(/C)C(OC(=O)C1C(C=C(C)C)C1(C)C)C#C
2ip,2365-40-4,N-(3-methylbut-2-enyl)-7H-purin-6-amine1979 Rules:N-(3-methylbut-2-enyl)adenine,HYVABZIGRDEKCD-UHFFFAOYSA-N,plant growth regulators (cytokinin),CC(C)=CCNc1ncnc2nc[nH]c12
endosulfan,115-29-7,"1,4,5,6,7,7-hexachloro-8,9,10-trinorborn-5-en-2,3-ylenebismethylene sulfiteor6,7,8,9,10,10-hexachloro-1,5,5a,6,9,9a-hexahydro-6,9-methano-2,4,3-benzodioxathiepin 3-oxide",RDYMFSUJUZBWLH-UHFFFAOYSA-N,acaricides (chlorinated cyclodiene)insecticides (chlorinated cyclodiene),ClC1=C(Cl)C2(Cl)C3CO[S](=O)OCC3C1(Cl)C2(Cl)Cl
alpha-endosulfan,959-98-8,"equimolar mixture of 2 asymmetric, twisted-chair conformers of (5aR,6S,9R,9aS)-6,7,8,9,10,10-hexachloro-1,5,5a,6,9,9a-hexahydro-6,9-methano-2,4,3-benzodioxathiepin 3-oxide",RDYMFSUJUZBWLH-AZVNHNRSSA-N,insecticides (chlorinated cyclodiene),ClC1=C(Cl)C2(Cl)[C@H]3CO[S](=O)OC[C@H]3[C@]1(Cl)C2(Cl)Cl
endothal,145-73-3,"7-oxabicyclo[2.2.1]heptane-2,3-dicarboxylic acid",GXEKYRXVRROBEV-UHFFFAOYSA-N,algicidesherbicides (unclassified)plant growth regulators (defoliant),[Na+].[Na+].[O-]C(=O)C1C2CCC(O2)C1C([O-])=O
endothal,145-73-3,"7-oxabicyclo[2.2.1]heptane-2,3-dicarboxylic acid",GXEKYRXVRROBEV-UHFFFAOYSA-N,algicidesherbicides (unclassified)plant growth regulators (defoliant),[Na+].[Na+].[O-]C(=O)C1C2CCC(O2)C1C([O-])=O
endothion,2778-04-3,"S-[(5-methoxy-4-oxo-4H-pyran-2-yl)methyl] O,O-dimethyl phosphorothioate",YCAGGFXSFQFVQL-UHFFFAOYSA-N,acaricides (arylalkyl organothiophosphate)insecticides (arylalkyl organothiophosphate),COC1=COC(=CC1=O)CS[P](=O)(OC)OC
endrin,72-20-8,"(1R,4S,4aS,5S,6S,7R,8R,8aR)-1,2,3,4,10,10-hexachloro-1,4,4a,5,6,7,8,8a-octahydro-6,7-epoxy-1,4:5,8-dimethanonaphthaleneor1,2,3,4,10,10-hexachloro-6,7-epoxy-1,4,4a,5,6,7,8,8a-octahydro-exo-1,4-exo-5,8-dimethanonaphthalene",DFBKLUNHFCTMDC-GKRDHZSOSA-N,avicidesinsecticides (chlorinated cyclodiene),ClC1=C(Cl)C2(Cl)C3C4CC(C5OC45)C3C1(Cl)C2(Cl)Cl
enoxastrobin,238410-11-2,"methyl (2E)-2-{2-[({[(2E,3E)-4-(4-chlorophenyl)but-3-en-2-ylidene]amino}oxy)methyl]phenyl}-3-methoxyprop-2-enoate1979 Rules:methyl (2E)-2-{2-[({(E)-[(2E)-3-(4-chlorophenyl)-1-methylallylidene]amino}oxy)methyl]phenyl}-3-methoxyacrylate",VMNULHCTRPXWFJ-UJSVPXBISA-N,fungicides (methoxyacrylate),C/C(=N\OCC1=CC=CC=C1/C(=C\OC)/C(=O)OC)/C=C/C2=CC=C(C=C2)Cl
imazalil,35554-44-0,"allyl (RS)-1-(2,4-dichlorophenyl)-2-imidazol-1-ylethyl ether",PZBPKYOVPCNPJY-UHFFFAOYSA-N,fungicides (imidazole),Clc1ccc(C(Cn2ccnc2)OCC=C)c(Cl)c1
enoxastrobin,238410-11-2,"methyl (2E)-2-{2-[({[(2E,3E)-4-(4-chlorophenyl)but-3-en-2-ylidene]amino}oxy)methyl]phenyl}-3-methoxyprop-2-enoate1979 Rules:methyl (2E)-2-{2-[({(E)-[(2E)-3-(4-chlorophenyl)-1-methylallylidene]amino}oxy)methyl]phenyl}-3-methoxyacrylate",VMNULHCTRPXWFJ-UJSVPXBISA-N,fungicides (methoxyacrylate),C/C(=N\OCC1=CC=CC=C1/C(=C\OC)/C(=O)OC)/C=C/C2=CC=C(C=C2)Cl
enprocymid,2757172-25-9,"N-cyclopropyl-N-[2-(2,4-dichlorophenyl)allyl]-3-(difluoromethyl)-5-fluoro-1-methyl-1H-pyrazole-4-carboxamide",RLCQQUQJUHSLLN-UHFFFAOYSA-N,fungicides (pyrazolecarboxamide fungicides),CN1C(=C(C(=N1)C(F)F)C(=O)N(CC(=C)C2=C(C=C(C=C2)Cl)Cl)C3CC3)F
chlorfenson,80-33-1,4-chlorophenyl 4-chlorobenzenesulfonate,RZXLPPRPEOUENN-UHFFFAOYSA-N,acaricides (benzenesulfonate),Clc1ccc(O[S](=O)(=O)c2ccc(Cl)cc2)cc1
24-epibrassinolide,78821-43-9,"(22R,23R,24R)-2Î±,3Î±,22,23-tetrahydroxy-7-oxa-7a-homo-5Î±-ergostan-6-one",IXVMHGVQKLDRKH-QHBHMFGVSA-N,plant activators,C[C@@H]([C@H]1CC[C@@H]2[C@@]1(CC[C@H]3[C@H]2COC(=O)[C@@H]4[C@@]3(C[C@H]([C@H](C4)O)O)C)C)[C@H]([C@@H]([C@H](C)C(C)C)O)O
epn,2104-64-5,(RS)-[O-ethyl O-(4-nitrophenyl) phenylphosphonothioate],AIGRXSNSLVJMEA-UHFFFAOYSA-N,insecticides (phosphonothioate),CCO[P](=S)(Oc1ccc(cc1)[N+]([O-])=O)c2ccccc2
epocholeone,162922-31-8,"22,23-epoxy-6-oxo-7-oxa-6(7a)-homo-5Î±-stigmastane-2Î±,3Î±-diyl dipropanoate1979 Rules:22,23-epoxy-6-oxo-7-oxa-6(7a)-homo-5Î±-stigmastane-2Î±,3Î±-diyl dipropionate",FHOXQLTVOMNIOR-QZPAGEHASA-N,plant growth regulators (unclassified),CC[C@H]([C@@H]1[C@H](O1)[C@@H](C)[C@H]2CC[C@@H]3[C@@]2(CC[C@H]4[C@H]3COC(=O)[C@@H]5[C@@]4(C[C@H]([C@H](C5)OC(=O)CC)OC(=O)CC)C)C)C(C)C
epofenonane,57342-02-6,"(Â±)-6,7-epoxy-3-ethyl-7-methylnonyl 4-ethylphenyl ether",YHDXOFFTMOZZPE-UHFFFAOYSA-N,insecticides (juvenile hormone mimic),CCC(CCOc1ccc(CC)cc1)CCC2OC2(C)CC
epoxiconazole,133855-98-8,"(2RS,3SR)-1-[3-(2-chlorophenyl)-2,3-epoxy-2-(4-fluorophenyl)propyl]-1H-1,2,4-triazole",FEVYAAHIKWPJNV-TYDMEHBZSA-Nidentifier for no stereochemistry:ZMYFCFLJBGAQRS-UHFFFAOYSA-N,fungicides (triazole),Fc1ccc(cc1)[C@@]2(Cn3cncn3)O[C@H]2c4ccccc4Cl
eprinomectin,123997-26-2,"extended von Baeyer nomenclature:mixture of (10E,14E,16E)-(1R,4S,5â²S,6S,6â²R,8R,12S,13S,20R,21R,24S)-6â²-[(S)-sec-butyl]-21,24-dihydroxy-5â²,11,13,22-tetramethyl-2-oxo-(3,7,19-trioxatetracyclo[15.6.1.14,8.020,24]pentacosa-10,14,16,22-tetraene)-6-spiro-2â²-(5â²,6â²-dihydro-2â²H-pyran)-12-yl 4-O-(4-acetamido-2,4,6-trideoxy-3-O-methyl-Î±-L-lyxo-hexopyranosyl)-2,6-dideoxy-3-O-methyl-Î±-L-arabino-hexopyranoside (major component) and (10E,14E,16E)-(1R,4S,5â²S,6S,6â²R,8R,12S,13S,20R,21R,24S)-21,24-dihydroxy-6â²-isopropyl-5â²,11,13,22-tetramethyl-2-oxo-(3,7,19-trioxatetracyclo[15.6.1.14,8.020,24]pentacosa-10,14,16,22-tetraene)-6-spiro-2â²-(5â²,6â²-dihydro-2â²H-pyran)-12-yl 4-O-(4-acetamido-2,4,6-trideoxy-3-O-methyl-Î±-L-lyxo-hexopyranosyl)-2,6-dideoxy-3-O-methyl-Î±-L-arabino-hexopyranoside (minor component)orbridged fused ring systems nomenclature:mixture of (2aE,4E,8E)-(5â²S,6S,6â²R,7S,11R,13S,15S,17aR,20R,20aR,20bS)-6â²-[(S)-sec-butyl]-5â²,6,6â²,7,10,11,14,15,17a,20,20a,20b-dodecahydro-20,20b-dihydroxy-5â²,6,8,19-tetramethyl-17-oxospiro[11,15-methano-2H,13H,17H-furo[4,3,2-pq][2,6]benzodioxacyclooctadecin-13,2â²-[2H]pyran]-7-yl 4-O-(4-acetamido-2,4,6-trideoxy-3-O-methyl-Î±-L-lyxo-hexopyranosyl)-2,6-dideoxy-3-O-methyl-Î±-L-arabino-hexopyranoside (major component) and (2aE,4E,8E)-(5â²S,6S,6â²R,7S,11R,13S,15S,17aR,20R,20aR,20bS)-5â²,6,6â²,7,10,11,14,15,17a,20,20a,20b-dodecahydro-20,20b-dihydroxy-6â²-isopropyl-5â²,6,8,19-tetramethyl-17-oxospiro[11,15-methano-2H,13H,17H-furo[4,3,2-pq][2,6]benzodioxacyclooctadecin-13,2â²-[2H]pyran]-7-yl 4-O-(4-acetamido-2,4,6-trideoxy-3-O-methyl-Î±-L-lyxo-hexopyranosyl)-2,6-dideoxy-3-O-methyl-Î±-L-arabino-hexopyranoside (minor component)",eprinomectin B1a (6â²-(S)-sec-butyl):ZKWQQXZUCOBISE-CRTGXIDZSA-Neprinomectin B1b (6â²-isopropyl):WPNHOHPRXXCPRA-FZTOWWROSA-Nidentifier for mixture (not valid):VBPOFUHCXIRECN-SXLRFJQHSA-N,acaricides (avermectin)insecticides (avermectin),CO[C@@H]1C[C@@H](O[C@@H](C)[C@H]1NC(C)=O)O[C@@H]2[C@H](C)O[C@H](C[C@@H]2OC)O[C@H]\3[C@@H](C)/C=C\C=C/4CO[C@@H]5[C@H](O)C(=C[C@@H](C(=O)O[C@H]6C[C@@H](C\C=C3C)O[C@@]7(C6)O[C@H](C(C)C)[C@@H](C)C=C7)[C@]45O)C
epronaz,59026-08-3,"N-ethyl-N-propyl-3-(propylsulfonyl)-1H-1,2,4-triazole-1-carboxamideor1-[ethyl(propyl)carbamoyl]-3-(propylsulfonyl)-1H-1,2,4-triazole",KCNUWLJAWRWKMO-UHFFFAOYSA-N,herbicides (triazolecarboxamide),CCCN(CC)C(=O)n1cnc(n1)[S](=O)(=O)CCC
epsilon-metofluthrin,240494-71-7,"2,3,5,6-tetrafluoro-4-(methoxymethyl)benzyl (1R,3R)-2,2-dimethyl-3-[(Z)-prop-1-enyl]cyclopropanecarboxylateRothamsted-style stereodescriptors:2,3,5,6-tetrafluoro-4-(methoxymethyl)benzyl (1R)-trans-2,2-dimethyl-3-[(Z)-prop-1-enyl]cyclopropanecarboxylate",KVIZNNVXXNFLMU-DUVUQDDDSA-N,insecticides (pyrethroid),C/C=C\[C@@H]1[C@H](C1(C)C)C(=O)OCC2=C(C(=C(C(=C2F)F)COC)F)F
epsilon-momfluorothrin,1065124-65-3,"2,3,5,6-tetrafluoro-4-(methoxymethyl)benzyl (1R,3R)-3-[(Z)-2-cyanoprop-1-enyl]-2,2-dimethylcyclopropanecarboxylateRothamsted-style stereodescriptors:2,3,5,6-tetrafluoro-4-(methoxymethyl)benzyl (1R)-trans-3-[(Z)-2-cyanoprop-1-enyl]-2,2-dimethylcyclopropanecarboxylate",DPJITPZADZSLBP-DQXQJKBJSA-N,insecticides (pyrethroid),C/C(=C/[C@@H]1[C@H](C1(C)C)C(=O)OCC2=C(C(=C(C(=C2F)F)COC)F)F)/C#N
eptc,759-94-4,S-ethyl dipropylcarbamothioate1979 Rules:S-ethyl dipropyl(thiocarbamate),GUVLYNGULCJVDO-UHFFFAOYSA-N,herbicides (thiocarbamate),CCCN(CCC)C(=O)SCC
epyrifenacil,353292-31-6,"ethyl [(3-{2-chloro-4-fluoro-5-[3-methyl-2,6-dioxo-4-(trifluoromethyl)-3,6-dihydropyrimidin-1(2H)-yl]phenoxy}-2-pyridyl)oxy]acetate1979 Rules:ethyl [(3-{2-chloro-5-[3,6-dihydro-3-methyl-2,6-dioxo-4-(trifluoromethyl)pyrimidin-1(2H)-yl]-4-fluorophenoxy}-2-pyridyl)oxy]acetate",XPEVJXBWHXAUDR-UHFFFAOYSA-N,herbicides (N-phenylimide),CCOC(=O)COC1=C(C=CC=N1)OC2=C(C=C(C(=C2)N3C(=O)C=C(N(C3=O)C)C(F)(F)F)F)Cl
erbon,136-25-4,"2-(2,4,5-trichlorophenoxy)ethyl 2,2-dichloropropanoate1979 Rules:2-(2,4,5-trichlorophenoxy)ethyl 2,2-dichloropropionate",KMHZPJNVPCAUMN-UHFFFAOYSA-N,herbicides (phenoxyacetic. halogenated alkanoic acid),CC(Cl)(Cl)C(=O)OCCOc1cc(Cl)c(Cl)cc1Cl
ergocalciferol,50-14-6,"(5Z,7E,22E)-(3S)-9,10-secoergosta-5,7,10(19),22-tetraen-3-ol",MECHNRXZTMCUDQ-RKHKHRCZSA-N,rodenticides (calciferol),CC(C)[C@@H](C)/C=C/[C@@H](C)[C@H]1CC[C@H]2\C(CCC[C@]12C)=C\C=C3/C[C@@H](O)CCC3=C
erlujixiancaoan,2533-89-3,"(2RS)-3â²,4â²-dichloro-2-methylpentananilide1979 Rules:(RS)-3â²,4â²-dichloro-2-methylvaleranilide",VUNCGGHZBFQRPB-UHFFFAOYSA-N,herbicides (anilide),CCCCCC(=O)Nc1ccc(Cl)c(Cl)c1
erysichrona,3002952-14-6,Failed,FAMDHWVDBSQEMI-OLSQSGHJBA-N (sense strand)CPVVDBXJGKVSNV-KVRAIGKKBA-N (antisense strand),fungicides (RNAi),Failed
esafoxolaner,1096103-99-9,"4-{(5S)-5-[3-chloro-4,5-dihydro-5-(trifluoromethyl)phenyl]-5-(trifluoromethyl)isoxazol-3-yl}-N-{2-oxo-2-[(2,2,2-trifluoroethyl)amino]ethyl}naphthalene-1-carboxamide1979 Rules:4-[(5S)-5-(5-chloro-Î±,Î±,Î±-trifluoro-m-tolyl)-4,5-dihydro-5-(trifluoromethyl)isoxazol-3-yl]-N-[2-oxo-2-(2,2,2-trifluoroethylamino)ethyl]naphthalene-1-carboxamide",OXDDDHGGRFRLEE-QHCPKHFHSA-N,acaricides (isoxazoline)insecticides (isoxazoline),C1C(=NO[C@@]1(C2=CC(=CC(=C2)Cl)C(F)(F)F)C(F)(F)F)C3=CC=C(C4=CC=CC=C43)C(=O)NCC(=O)NCC(F)(F)F
esdepallethrine,28434-00-6,"(S)-3-allyl-2-methyl-4-oxocyclopent-2-enyl (1R,3R)-2,2-dimethyl-3-(2-methylprop-1-enyl)cyclopropanecarboxylateRothamsted-style stereodescriptors:(S)-3-allyl-2-methyl-4-oxocyclopent-2-enyl (1R)-trans-2,2-dimethyl-3-(2-methylprop-1-enyl)cyclopropanecarboxylate",ZCVAOQKBXKSDMS-PVAVHDDUSA-N,insecticides (pyrethroid),CC(C)=CC1C(C(=O)OC2CC(=O)C(=C2C)CC=C)C1(C)C
esfenvalerate,66230-04-4,(Î±S)-Î±-cyano-3-phenoxybenzyl (2S)-2-(4-chlorophenyl)-3-methylbutanoate1979 Rules:(S)-Î±-cyano-3-phenoxybenzyl (S)-2-(4-chlorophenyl)-3-methylbutyrate,NYPJDWWKZLNGGM-RPWUZVMVSA-N,insecticides (pyrethroid isovalerate ester),CC(C)[C@@H](C(=O)O[C@@H](C#N)c1cccc(Oc2ccccc2)c1)c3ccc(Cl)cc3
oxydeprofos,2674-91-1,"S-[(1RS)-2-(ethylsulfinyl)-1-methylethyl] O,O-dimethyl phosphorothioate",JAYZFNIOOYPIAH-UHFFFAOYSA-N,acaricides (aliphatic organothiophosphate)insecticides (aliphatic organothiophosphate),CC[S](=O)CC(C)S[P](=O)(OC)OC
esprocarb,85785-20-2,"S-benzyl ethyl[(2RS)-3-methylbutan-2-yl]carbamothioate1979 Rules:S-benzyl (RS)-(1,2-dimethylpropyl)ethyl(thiocarbamate)",BXEHUCNTIZGSOJ-UHFFFAOYSA-N,herbicides (thiocarbamate),CCN(C(C)C(C)C)C(=O)SCc1ccccc1
etacelasil,37894-46-5,"6-(2-chloroethyl)-6-(2-methoxyethoxy)-2,5,7,10-tetraoxa-6-silaundecane1979 Rules:(2-chloroethyl)tris(2-methoxyethoxy)silane",SLZWEMYSYKOWCG-UHFFFAOYSA-N,plant growth regulators (ethylene releaser),COCCO[Si](CCCl)(OCCOC)OCCOC
etaconazole,60207-93-4,"1-{[(2RS,4RS;2RS,4SR)-2-(2,4-dichlorophenyl)-4-ethyl-1,3-dioxolan-2-yl]methyl}-1H-1,2,4-triazole",DWRKFAJEBUWTQM-UHFFFAOYSA-N,fungicides (triazole),CCC1COC(Cn2cncn2)(O1)c3ccc(Cl)cc3Cl
etaphos,38527-91-2,"(RS)-[O-(2,4-dichlorophenyl) O-ethyl S-propyl phosphorothioate]",ZGPVUVBRTCPAPZ-UHFFFAOYSA-N,insecticides (phenyl organothiophosphate),CCCS[P](=O)(OCC)Oc1ccc(Cl)cc1Cl
etem,33813-20-6,"5,6-dihydro-3H-imidazo[2,1-c]-1,2,4-dithiazole-3-thione",BFTGQIQVUVTBJU-UHFFFAOYSA-N,fungicides (dithiocarbamate),S=C1SSC2=NCCN12
ethaboxam,162650-77-3,(RS)-N-[cyano(2-thienyl)methyl]-4-ethyl-2-(ethylamino)thiazole-5-carboxamide1979 Rules:(RS)-N-(Î±-cyano-2-thenyl)-4-ethyl-2-(ethylamino)thiazole-5-carboxamide,NQRFDNJEBWAUBL-UHFFFAOYSA-N,fungicides (thiazolecarboxamide),CCC1=C(SC(=N1)NCC)C(=O)NC(C#N)C2=CC=CS2
ethachlor,51218-31-6,2-chloro-N-(ethoxymethyl)-2â²-ethylacetanilide,QJTJSFKYIUWWJE-UHFFFAOYSA-N,herbicides (chloroacetamide),CCC1=CC=CC=C1N(COCC)C(=O)CCl
ethalfluralin,55283-68-6,"N-ethyl-N-(2-methylprop-2-enyl)-2,6-dinitro-4-(trifluoromethyl)aniline1979 Rules:N-ethyl-Î±,Î±,Î±-trifluoro-N-(2-methylallyl)-2,6-dinitro-p-toluidine",PTFJIKYUEPWBMS-UHFFFAOYSA-N,herbicides (dinitroaniline),CCN(CC(C)=C)c1c(cc(cc1[N+]([O-])=O)C(F)(F)F)[N+]([O-])=O
ethametsulfuron,111353-84-5,"2-({[4-ethoxy-6-(methylamino)-1,3,5-triazin-2-yl]carbamoyl}sulfamoyl)benzoic acid",IRLGCAJYYKDTCG-UHFFFAOYSA-N,herbicides (triazinylsulfonylurea),CCOc1nc(NC)nc(NC(=O)N[S](=O)(=O)c2ccccc2C(O)=O)n1
ethaprochlor,None,2-chloro-2â²-ethyl-N-isopropylacetanilide,CIGFIQQHUGBWEL-UHFFFAOYSA-N,herbicides (chloroacetamide),CCC1=CC=CC=C1N(C(C)C)C(=O)CCl
ethephon,16672-87-0,(2-chloroethyl)phosphonic acid,UDPGUMQDCGORJQ-UHFFFAOYSA-N,plant growth regulators (ethylene releaser),O[P](O)(=O)CCCl
ethidimuron,30043-49-3,"1-[5-(ethylsulfonyl)-1,3,4-thiadiazol-2-yl]-1,3-dimethylurea",KCOCSOWTADCKOL-UHFFFAOYSA-N,herbicides (thiadiazolylurea),CC[S](=O)(=O)c1sc(nn1)N(C)C(=O)NC
ethiofencarb,29973-13-5,2-[(ethylthio)methyl]phenyl methylcarbamate1979 Rules:Î±-(ethylthio)-o-tolyl methylcarbamate,HEZNVIYQEUHLNI-UHFFFAOYSA-N,insecticides (phenyl carbamate),CCSCc1ccccc1OC(=O)NC
ethiolate,2941-55-1,S-ethyl diethylcarbamothioate1979 Rules:S-ethyl diethyl(thiocarbamate),WARIWGPBHKPYON-UHFFFAOYSA-N,herbicides (thiocarbamate),CCSC(=O)N(CC)CC
ethion,563-12-2,"O,O,Oâ²,Oâ²-tetraethyl S,Sâ²-methylene bis(phosphorodithioate)",RIZMRRKBZQXFOY-UHFFFAOYSA-N,acaricides (aliphatic organothiophosphate)insecticides (aliphatic organothiophosphate),CCO[P](=S)(OCC)SCS[P](=S)(OCC)OCC
ethiozin,64529-56-2,"4-amino-6-tert-butyl-3-(ethylthio)-1,2,4-triazin-5(4H)-one",ADZSGNDOZREKJK-UHFFFAOYSA-N,herbicides (triazinone),CCSC1=NN=C(C(=O)N1N)C(C)(C)C
ethiprole,181587-01-9,"5-amino-1-[2,6-dichloro-4-(trifluoromethyl)phenyl]-4-(ethylsulfinyl)-1H-pyrazole-3-carbonitrile1979 Rules:5-amino-1-(2,6-dichloro-Î±,Î±,Î±-trifluoro-p-tolyl)-4-(ethylsulfinyl)-1H-pyrazole-3-carbonitrile",FNELVJVBIYMIMC-UHFFFAOYSA-N,insecticides (phenylpyrazole),CCS(=O)C1=C(N(N=C1C#N)C2=C(C=C(C=C2Cl)C(F)(F)F)Cl)N
ethirimol,23947-60-6,5-butyl-2-(ethylamino)-6-methylpyrimidin-4-ol,BBXXLROWFHWFQY-UHFFFAOYSA-N,fungicides (aminopyrimidinol),CCCCC1=C(C)NC(=NC1=O)NCC
ethoate-methyl,116-01-8,"S-[2-(ethylamino)-2-oxoethyl] O,O-dimethyl phosphorodithioate1979 Rules:S-[(ethylcarbamoyl)methyl] O,O-dimethyl phosphorodithioate",DICRHEJCQXFJBY-UHFFFAOYSA-N,acaricides (aliphatic amide organothiophosphate)insecticides (aliphatic amide organothiophosphate),CCNC(=O)CS[P](=S)(OC)OC
etobenzanid,79540-50-4,"N-(2,3-dichlorophenyl)-4-(ethoxymethoxy)benzamide1979 Rules:2â²,3â²-dichloro-4-(ethoxymethoxy)benzanilide",ICWUMLXQKFTJMH-UHFFFAOYSA-N,herbicides (anilide),CCOCOC1=CC=C(C=C1)C(=O)NC2=C(C(=CC=C2)Cl)Cl
ethofumesate,26225-79-6,"(RS)-2-ethoxy-2,3-dihydro-3,3-dimethylbenzofuran-5-yl methanesulfonate",IRCMYGHHKLLGHV-UHFFFAOYSA-N,herbicides (benzofuran),CCOC1Oc2ccc(O[S](C)(=O)=O)cc2C1(C)C
ethohexadiol,94-96-2,"(2RS,3RS;2RS,3SR)-2-ethylhexane-1,3-diol",RWLALWYNXFYRGW-UHFFFAOYSA-N,insect repellents,CCCC(O)C(CC)CO
ethoprophos,13194-48-4,"O-ethyl S,S-dipropyl phosphorodithioate",VJYFKVYYMZPMAB-UHFFFAOYSA-N,insecticides (aliphatic organothiophosphate)nematicides (aliphatic organothiophosphate),CCCS[P](=O)(OCC)SCCC
ethoprophos,13194-48-4,"O-ethyl S,S-dipropyl phosphorodithioate",VJYFKVYYMZPMAB-UHFFFAOYSA-N,insecticides (aliphatic organothiophosphate)nematicides (aliphatic organothiophosphate),CCCS[P](=O)(OCC)SCCC
ethoxyfen,188634-90-4,"(2S)-2-({2-chloro-5-[2-chloro-4-(trifluoromethyl)phenoxy]benzoyl}oxy)propanoic acid1979 Rules:O-{2-chloro-5-[(2-chloro-Î±,Î±,Î±-trifluoro-p-tolyl)oxy]benzoyl}-L-lactic acid",NYHLMHAKWBUZDY-QMMMGPOBSA-N,herbicides (diphenyl ether),C[C@@H](C(=O)O)OC(=O)C1=C(C=CC(=C1)OC2=C(C=C(C=C2)C(F)(F)F)Cl)Cl
(3-ethoxypropyl)mercury%20bromide,6012-84-6,(3-ethoxypropyl)mercuric bromide (deprecated)2005 Rules:bromido(3-ethoxypropyl)mercuryor(3-ethoxypropyl)mercury(II) bromide,BWUIOGHGUVLNSX-UHFFFAOYSA-M,fungicides (mercury compound),CCOCCC[Hg+].[Br-]
ethoxyquin,91-53-2,"ethyl 2,2,4-trimethyl-1,2-dihydro-6-quinolyl ether1979 Rules:1,2-dihydro-2,2,4-trimethyl-6-quinolyl ethyl ether",DECIPOUIJURFOJ-UHFFFAOYSA-N,fungicides (quinoline),CCOc1ccc2NC(C)(C)C=C(C)c2c1
ethoxysulfuron,126801-58-9,"2-ethoxyphenyl [(4,6-dimethoxypyrimidin-2-yl)carbamoyl]sulfamate1979 Rules:1-(4,6-dimethoxypyrimidin-2-yl)-3-[(2-ethoxyphenoxy)sulfonyl]urea",UWVKRNOCDUPIDM-UHFFFAOYSA-N,herbicides (pyrimidinylsulfonylurea),CCOC1=CC=CC=C1OS(=O)(=O)NC(=O)NC2=NC(=CC(=N2)OC)OC
ethychlozate,27512-72-7,ethyl 5-chloro-3(1H)-indazolylacetate,GLPZEHFBLBYFHN-UHFFFAOYSA-N,plant growth regulators (auxin),CCOC(=O)Cc1[nH]nc2ccc(Cl)cc12
ethyl-ddd,72-56-0,"1,1-dichloro-2,2-bis(4-ethylphenyl)ethane",QFMDFTQOJHFVNR-UHFFFAOYSA-N,insecticides (organochlorine),CCc1ccc(cc1)C(C(Cl)Cl)c2ccc(CC)cc2
ethyl-ddd,72-56-0,"1,1-dichloro-2,2-bis(4-ethylphenyl)ethane",QFMDFTQOJHFVNR-UHFFFAOYSA-N,insecticides (organochlorine),CCc1ccc(cc1)C(C(Cl)Cl)c2ccc(CC)cc2
ethylene,74-85-1,ethylene,VGGSQFUCUMXWEO-UHFFFAOYSA-N,plant growth regulators (ethylene releaser),C=C
ethylene%20dibromide,106-93-4,"1,2-dibromoethane1979 Rules:ethylene dibromide",PAAZPARNPHGIKF-UHFFFAOYSA-N,insecticides (alkyl halide; fumigant),BrCCBr
ethylene%20dichloride,107-06-2,"1,2-dichloroethane1979 Rules:ethylene dichloride",WSLDOOZREJYCGB-UHFFFAOYSA-N,insecticides (alkyl halide; fumigant),ClCCCl
ethylene%20oxide,75-21-8,oxirane,IAYPIBMASNFSPL-UHFFFAOYSA-N,insecticides (fumigant),C1CO1
ethyl%20formate,109-94-4,ethyl formate,WBJINCZRORDGAQ-UHFFFAOYSA-N,insecticides (fumigant),CCOC=O
ethylicin,682-91-7,S-ethyl ethanesulfonothioate1979 Rules:S-ethyl ethanethiosulfonate,OICGFSUWXCJLCO-UHFFFAOYSA-N,bactericidesfungicides (unclassified),CCS[S](=O)(=O)CC
ethylmercury%20acetate,109-62-6,ethylmercuric acetate (deprecated)2005 Rules:(acetato-ÎºO)(ethyl)mercury,UVCFFGYNJOPUSF-UHFFFAOYSA-M,fungicides (mercury compound),CC[Hg+].CC([O-])=O
ethylmercury%20bromide,107-26-6,ethylmercuric bromide (deprecated)2005 Rules:bromido(ethyl)mercuryorethylmercury(II) bromide,UREACWLAXSOUKG-UHFFFAOYSA-M,fungicides (mercury compound),CC[Hg]Br
ethylmercury%20chloride,107-27-7,ethylmercuric chloride (deprecated)2005 Rules:chlorido(ethyl)mercuryorethylmercury(II) chloride,QWUGXIXRFGEYBD-UHFFFAOYSA-M,fungicides (mercury compound),CC[Hg]Cl
"ethylmercury%202,3-dihydroxypropyl%20mercaptide",2597-92-4,"(RS)-3-(ethylmercurythio)propane-1,2-diol",KVJOLVBEUYUHLD-UHFFFAOYSA-M,fungicides (mercury compound),CC[Hg+].C(C(C[S-])O)O
ethylmercury%20phosphate,2235-25-8,ethylmercury(II) dihydrogentetraoxophosphateorethylmercury(2+) dihydrogentetraoxophosphateorethylmercuric phosphate,ZHCJUZJGMJDUKJ-UHFFFAOYSA-M,fungicides (mercury compound),CC[Hg+].O[P](O)([O-])=O
n-(ethylmercury)-p-toluenesulfonanilide,517-16-8,N-(ethylmercury)-p-toluenesulfonanilide,XAGAASDWSFGQEC-UHFFFAOYSA-N,fungicides (mercury compound),CC[Hg]N(c1ccccc1)[S](=O)(=O)c2ccc(C)cc2
n-(ethylmercury)-p-toluenesulfonanilide,517-16-8,N-(ethylmercury)-p-toluenesulfonanilide,XAGAASDWSFGQEC-UHFFFAOYSA-N,fungicides (mercury compound),CC[Hg]N(c1ccccc1)[S](=O)(=O)c2ccc(C)cc2
tepp,107-49-3,tetraethyl diphosphate1970 Rules:tetraethyl pyrophosphate,IDCBOTIENDVCBQ-UHFFFAOYSA-N,acaricides (organophosphate)insecticides (organophosphate),CCO[P](=O)(OCC)O[P](=O)(OCC)OCC
disulfoton,298-04-4,"O,O-diethyl S-[2-(ethylthio)ethyl] phosphorodithioate",DOFZAZXDOSGAJZ-UHFFFAOYSA-N,acaricides (aliphatic organothiophosphate)insecticides (aliphatic organothiophosphate),CCO[P](=S)(OCC)SCCSCC
tebuconazole,107534-96-3,"(RS)-1-(4-chlorophenyl)-4,4-dimethyl-3-(1H-1,2,4-triazol-1-ylmethyl)pentan-3-ol",PXMNMQRDXWABCY-UHFFFAOYSA-N,fungicides (triazole),CC(C)(C)C(O)(CCc1ccc(Cl)cc1)Cn2cncn2
tebuconazole,107534-96-3,"(RS)-1-(4-chlorophenyl)-4,4-dimethyl-3-(1H-1,2,4-triazol-1-ylmethyl)pentan-3-ol",PXMNMQRDXWABCY-UHFFFAOYSA-N,fungicides (triazole),CC(C)(C)C(O)(CCc1ccc(Cl)cc1)Cn2cncn2
etinofen,2544-94-7,"2-(ethoxymethyl)-4,6-dinitrophenol1979 Rules:Î±-ethoxy-4,6-dinitro-o-cresol",DSABESMCWFGGNQ-UHFFFAOYSA-N,herbicides (dinitrophenol),CCOCc1cc(cc(c1O)[N+]([O-])=O)[N+]([O-])=O
etem,33813-20-6,"5,6-dihydro-3H-imidazo[2,1-c]-1,2,4-dithiazole-3-thione",BFTGQIQVUVTBJU-UHFFFAOYSA-N,fungicides (dithiocarbamate),S=C1SSC2=NCCN12
etnipromid,76120-22-4,"(2RS)-2-[5-(2,4-dichlorophenoxy)-2-nitrophenoxy]-N-ethylpropanamide1979 Rules:(RS)-2-[5-(2,4-dichlorophenoxy)-2-nitrophenoxy]-N-ethylpropionamide",YDEFRHHEMOGTCU-UHFFFAOYSA-N,herbicides (diphenyl ether),CCNC(=O)C(C)OC1=C(C=CC(=C1)OC2=C(C=C(C=C2)Cl)Cl)[N+](=O)[O-]
etobenzanid,79540-50-4,"N-(2,3-dichlorophenyl)-4-(ethoxymethoxy)benzamide1979 Rules:2â²,3â²-dichloro-4-(ethoxymethoxy)benzanilide",ICWUMLXQKFTJMH-UHFFFAOYSA-N,herbicides (anilide),CCOCOC1=CC=C(C=C1)C(=O)NC2=C(C(=CC=C2)Cl)Cl
etofenprox,80844-07-1,1-{[2-(4-ethoxyphenyl)-2-methylpropoxy]methyl}-3-phenoxybenzene,YREQHYQNNWYQCJ-UHFFFAOYSA-N,insecticides (pyrethroid ether),CCOc1ccc(cc1)C(C)(C)COCc2cccc(Oc3ccccc3)c2
etoxazole,153233-91-1,"(RS)-5-tert-butyl-2-[2-(2,6-difluorophenyl)-4,5-dihydrooxazol-4-yl]phenetole",IXSZQYVWNJNRAL-UHFFFAOYSA-N,acaricides (unclassified),CCOc1cc(ccc1C2COC(=N2)c3c(F)cccc3F)C(C)(C)C
etridiazole,2593-15-9,"ethyl 3-(trichloromethyl)-1,2,4-thiadiazol-5-yl ether",KQTVWCSONPJJPE-UHFFFAOYSA-N,"fungicides (1,2,4-thiadiazole)",CCOc1snc(n1)C(Cl)(Cl)Cl
etrimfos,38260-54-7,"O-(6-ethoxy-2-ethylpyrimidin-4-yl) O,O-dimethyl phosphorothioate",FGIWFCGDPUIBEZ-UHFFFAOYSA-N,insecticides (aryl organothiophosphate),CCOc1cc(O[P](=S)(OC)OC)nc(CC)n1
exd,502-55-6,"O,O-diethyl dithiobis(thioformate)",FVIGODVHAVLZOO-UHFFFAOYSA-N,herbicides (thiocarbonate)insecticides (thiocarbonate),CCOC(=S)SSC(=S)OCC
famoxacarb,1937-75-3,(1R)-1-(isopropylcarbamoyl)ethyl (3-chlorophenyl)carbamate1979 Rules:(R)-1-(isopropylcarbamoyl)ethyl 3-chlorocarbanilate,WNGVKDOGSQMHII-SECBINFHSA-N,herbicides (carbamate),CC(C)NC(=O)[C@@H](C)OC(=O)Nc1cccc(Cl)c1
famoxadone,131807-57-3,"(RS)-3-anilino-5-methyl-5-(4-phenoxyphenyl)oxazolidine-2,4-dione",PCCSBWNGDMYFCW-UHFFFAOYSA-N,fungicides (oxazolidinedione),CC1(OC(=O)N(Nc2ccccc2)C1=O)c3ccc(Oc4ccccc4)cc3
famphur,52-85-7,"O-[4-(dimethylsulfamoyl)phenyl] O,O-dimethyl phosphorothioate",JISACBWYRJHSMG-UHFFFAOYSA-N,insecticides (phenyl organothiophosphate),CO[P](=S)(OC)Oc1ccc(cc1)[S](=O)(=O)N(C)C
d-fanshiluquebingjuzhi,None,"(1S)-2-methyl-4-oxo-3-(prop-2-ynyl)cyclopent-2-enyl (1RS,3RS;1RS,3SR)-3-(2,2-dichlorovinyl)-2,2-dimethylcyclopropanecarboxylate",RQNZCZHWQZMZER-QRJNDHJOSA-N,insecticides (pyrethroid),CC1=C(C(=O)C[C@@H]1OC(=O)C2C(C2(C)C)C=C(Cl)Cl)CC#C
chlorfenac,85-34-7,"(2,3,6-trichlorophenyl)acetic acid",QZXCCPZJCKEPSA-UHFFFAOYSA-N,herbicides (phenylcarboxylic acid),[Na+].[O-]C(=O)Cc1c(Cl)ccc(Cl)c1Cl
fenamidone,161326-34-7,(S)-1-anilino-4-methyl-2-(methylthio)-4-phenylimidazolin-5-one,LMVPQMGRYSRMIW-KRWDZBQOSA-N,fungicides (imidazolinone),CSC1=N[C@](C)(C(=O)N1Nc2ccccc2)c3ccccc3
fenaminosulf,140-56-7,sodium (EZ)-4-(dimethylamino)benzenediazosulfonate,IWDQPCIQCXRBQP-UHFFFAOYSA-M,bactericidesfungicides (unclassified),[Na+].CN(C)c1ccc(cc1)N=N[S]([O-])(=O)=O
fenaminstrobin,366815-39-6,"(2E)-2-{2-[({(E)-[(2E)-3-(2,6-dichlorophenyl)-1-methylprop-2-enylidene]amino}oxy)methyl]phenyl}-2-(methoxyimino)-N-methylacetamide",RBWGTZRSEOIHFD-UHUFKFKFSA-N,fungicides (oximinoacetamide),C/C(=N\OCC1=CC=CC=C1/C(=N\OC)/C(=O)NC)/C=C/C2=C(C=CC=C2Cl)Cl
fenamiphos,22224-92-6,ethyl 3-methyl-4-(methylthio)phenyl (RS)-isopropylphosphoramidate1979 Rules:ethyl 4-(methylthio)-m-tolyl (RS)-isopropylphosphoramidate,ZCJPOPBZHLUFHF-UHFFFAOYSA-N,insecticides (phosphoramidate)nematicides (phosphoramidate),CCO[P](=O)(NC(C)C)Oc1ccc(SC)c(C)c1
fenapanil,61019-78-1,(RS)-2-(imidazol-1-ylmethyl)-2-phenylhexanenitrile,OQOULEWDDRNBSG-UHFFFAOYSA-N,fungicides (imidazole),CCCCC(Cn1ccnc1)(C#N)c2ccccc2
fenargimine,3053542-57-3,(2S)-5-guanidino-2-{(E)-[(2E)-3-phenylprop-2-en-1-ylidene]amino}pentanoic acidor:NÎ±-{(E)-[(2E)-3-phenylprop-2-en-1-ylidene]}-L-arginineor:(2S)-5-guanidino-2-{(E)-[(2E)-3-phenylallylidene]amino}valeric acid,NAJYDXSWMXFMJB-MJLJNSGSSA-N,nematicides (unclassified nematicides),Failed
fenarimol,60168-88-9,"(RS)-(2-chlorophenyl)(4-chlorophenyl)(pyrimidin-5-yl)methanol1979 Rules:(Î±RS)-2,4â²-dichloro-Î±-(pyrimidin-5-yl)benzhydryl alcohol",NHOWDZOIZKMVAI-UHFFFAOYSA-N,fungicides (pyrimidine carbinol),OC(c1ccc(Cl)cc1)(c2cncnc2)c3ccccc3Cl
fenasulam,78357-48-9,methyl N-[(4-{[(4-chloro-2-methylphenoxy)acetyl]amino}phenyl)sulfonyl]carbamate1979 Rules:methyl (N-{[(4-chloro-o-tolyl)oxy]acetyl}sulfanilyl)carbamate,LFDDUUFFHPNIPZ-UHFFFAOYSA-N,herbicides (carbamate),CC1=C(C=CC(=C1)Cl)OCC(=O)NC2=CC=C(C=C2)S(=O)(=O)NC(=O)OC
fenazaflor,14255-88-0,"phenyl 5,6-dichloro-2-(trifluoromethyl)-1H-benzimidazole-1-carboxylate",ISVQSVPUDBVFFU-UHFFFAOYSA-N,acaricides (benzimidazole)insecticides (benzimidazole),FC(F)(F)c1nc2cc(Cl)c(Cl)cc2n1C(=O)Oc3ccccc3
fenazaquin,120928-09-8,2-(4-tert-butylphenyl)ethyl quinazolin-4-yl ether1979 Rules:4-tert-butylphenethyl quinazolin-4-yl ether,DMYHGDXADUDKCQ-UHFFFAOYSA-N,acaricides (quinazoline)fungicides (quinazoline),CC(C)(C)c1ccc(CCOc2ncnc3ccccc23)cc1
fenbuconazole,114369-43-6,"(RS)-4-(4-chlorophenyl)-2-phenyl-2-(1H-1,2,4-triazol-1-ylmethyl)butyronitrile",RQDJADAKIFFEKQ-UHFFFAOYSA-N,fungicides (triazole),Clc1ccc(CCC(Cn2cncn2)(C#N)c3ccccc3)cc1
fenbutatin%20oxide,13356-08-6,hexakis(2-methyl-2-phenylpropyl)distannoxane1979 Rules:bis[tris(2-methyl-2-phenylpropyl)tin] oxide,HOXINJBQVZWYGZ-UHFFFAOYSA-N,acaricides (organotin),O(|[Sn](CC(C)(C)c1ccccc1)(CC(C)(C)c2ccccc2)CC(C)(C)c3ccccc3)|[Sn](CC(C)(C)c4ccccc4)(CC(C)(C)c5ccccc5)CC(C)(C)c6ccccc6
fenchlorazole,103112-36-3,"1-(2,4-dichlorophenyl)-5-(trichloromethyl)-1H-1,2,4-triazole-3-carboxylic acid",HKELWJONQIFBPO-UHFFFAOYSA-N,herbicide safeners,OC(=O)c1nn(c2ccc(Cl)cc2Cl)c(n1)C(Cl)(Cl)Cl
fenchlorphos,299-84-3,"O,O-dimethyl O-(2,4,5-trichlorophenyl) phosphorothioate",JHJOOSLFWRRSGU-UHFFFAOYSA-N,insecticides (phenyl organothiophosphate),CO[P](=S)(OC)Oc1cc(Cl)c(Cl)cc1Cl
fenchlorphos,299-84-3,"O,O-dimethyl O-(2,4,5-trichlorophenyl) phosphorothioate",JHJOOSLFWRRSGU-UHFFFAOYSA-N,insecticides (phenyl organothiophosphate),CO[P](=S)(OC)Oc1cc(Cl)c(Cl)cc1Cl
fenclorim,3740-92-9,"4,6-dichloro-2-phenylpyrimidine",NRFQZTCQAYEXEE-UHFFFAOYSA-N,herbicide safeners,Clc1cc(Cl)nc(n1)c2ccccc2
fendioxypyracil,2158274-50-9,"ethyl [2-({3-chloro-5-fluoro-6-[3-methyl-2,6-dioxo-4-(trifluoromethyl)-3,6-dihydropyrimidin-1(2H)-yl]-2-pyridyl}oxy)phenoxy]acetate",JRAWXQRXINVYKQ-UHFFFAOYSA-N,herbicides (unclassified),CCOC(=O)COC1=CC=CC=C1OC2=C(C=C(C(=N2)N3C(=O)C=C(N(C3=O)C)C(F)(F)F)F)Cl
feneptamidoquin,2132414-06-1,"mixture of 80â100% N-[(1R)-1-benzyl-1,3-dimethylbutyl]-8-fluoroquinoline-3-carboxamide and 20â0% of the (1S)-isomer",RQQOBSVFTXVGRY-HSZRJFAPSA-N,fungicides (unclassified),CC(C)C[C@](C)(CC1=CC=CC=C1)NC(=O)C2=CN=C3C(=C2)C=CC=C3F
fenethacarb,30087-47-9,"3,5-diethylphenyl methylcarbamate",HUNDISMVCBSIKO-UHFFFAOYSA-N,insecticides (phenyl carbamate),CCc1cc(CC)cc(OC(=O)NC)c1
tebuconazole,107534-96-3,"(RS)-1-(4-chlorophenyl)-4,4-dimethyl-3-(1H-1,2,4-triazol-1-ylmethyl)pentan-3-ol",PXMNMQRDXWABCY-UHFFFAOYSA-N,fungicides (triazole),CC(C)(C)C(O)(CCc1ccc(Cl)cc1)Cn2cncn2
fenfluthrin,75867-00-4,"2,3,4,5,6-pentafluorobenzyl (1R,3S)-3-(2,2-dichlorovinyl)-2,2-dimethylcyclopropanecarboxylateRothamsted-style stereodescriptors:2,3,4,5,6-pentafluorobenzyl (1R)-trans-3-(2,2-dichlorovinyl)-2,2-dimethylcyclopropanecarboxylate",YATDSXRLIUJOQN-SVRRBLITSA-N,insecticides (pyrethroid),CC1(C)[C@@H](C=C(Cl)Cl)[C@@H]1C(=O)OCc2c(F)c(F)c(F)c(F)c2F
fenfuram,24691-80-3,2-methyl-3-furananilide1979 Rules:2-methyl-3-furanilide,JFSPBVWPKOEZCB-UHFFFAOYSA-N,fungicides (furancarboxamide),Cc1occc1C(=O)Nc2ccccc2
fenhexamid,126833-17-8,"2â²,3â²-dichloro-4â²-hydroxy-1-methylcyclohexanecarboxanilide",VDLGAVXLJYLFDH-UHFFFAOYSA-N,fungicides (hydroxyanilide),CC1(CCCCC1)C(=O)Nc2ccc(O)c(Cl)c2Cl
fenuron,101-42-8,"1,1-dimethyl-3-phenylurea",XXOYNJXVWVNOOJ-UHFFFAOYSA-N,herbicides (phenylurea),CN(C)C(=O)Nc1ccccc1
fenitropan,65934-95-4,"(1RS,2RS)-2-nitro-1-phenyltrimethylene di(acetate)",RDDVQGWIIBGFST-YLNBRXHZSA-Nidentifier for no stereochemistry:AYBALPYBYZFKDS-UHFFFAOYSA-N,fungicides (unclassified),CC(=O)OC[C@H]([C@@H](OC(C)=O)c1ccccc1)[N+]([O-])=O
fenitrothion,122-14-5,"O,O-dimethyl O-(3-methyl-4-nitrophenyl) phosphorothioate1979 Rules:O,O-dimethyl O-(4-nitro-m-tolyl) phosphorothioate",ZNOLGFHPUIJIMJ-UHFFFAOYSA-N,insecticides (phenyl organothiophosphate),CO[P](=S)(OC)Oc1ccc(c(C)c1)[N+]([O-])=O
fenson,80-38-6,4-chlorophenyl benzenesulfonate,SPJOZZSIXXJYBT-UHFFFAOYSA-N,acaricides (benzenesulfonate),Clc1ccc(O[S](=O)(=O)c2ccccc2)cc1
fenjuntong,2887-61-8,1-(2-hydroxyphenyl)butan-1-one1979 Rules:2â²-hydroxybutyrophenone,GUDQIKIAWOAOFP-UHFFFAOYSA-N,fungicides (phenol),CCCC(=O)c1ccccc1O
fenmezoditiaz,2246757-58-2,"(3R)-3-(2-chlorothiazol-5-yl)-8-methyl-7-oxo-6-phenyl-2,3,7,8-tetrahydro[1,3]thiazolo[3,2-a]pyrimidin-4-ium-5-olate1979 Rules:(3R)-3-(2-chlorothiazol-5-yl)-2,3,7,8-tetrahydro-8-methyl-7-oxo-6-phenyl[1,3]thiazolo[3,2-a]pyrimidin-4-io-5-olate",YGDKLOWGWUOTRD-SNVBAGLBSA-N,insecticides (mesoionic),C[N+]1=C2N([C@H](CS2)C3=CN=C(S3)Cl)C(=O)C(=C1[O-])C4=CC=CC=C4
fenobucarb,3766-81-2,2-[(1RS)-1-methylpropyl]phenyl methylcarbamate1979 Rules:(RS)-2-sec-butylphenyl methylcarbamate,DIRFUJHNVNOBMY-UHFFFAOYSA-N,insecticides (phenyl carbamate),CCC(C)c1ccccc1OC(=O)NC
fentin,668-34-8,triphenyltin(IV),XBRCDWHXULVEFB-UHFFFAOYSA-N,algicidesfungicides (organotin)molluscicides,c1ccc(cc1)[Sn+](c2ccccc2)c3ccccc3
fenoprop,93-72-1,"(2RS)-2-(2,4,5-trichlorophenoxy)propanoic acid1979 Rules:(RS)-2-(2,4,5-trichlorophenoxy)propionic acid",ZLSWBLPERHFHIS-UHFFFAOYSA-N,herbicides (phenoxypropionic)plant growth regulators (auxin),CC(Oc1cc(Cl)c(Cl)cc1Cl)C(O)=O
fenopyramid,2344721-61-3,"N-[2-[2,4-bis(trifluoromethyl)phenoxy]phenyl]-3-(difluoromethyl)-1-methyl-1H-pyrazole-4-carboxamide",NYJBDYAABVMJOF-UHFFFAOYSA-N,fungicides (pyrazolecarboxamide),CN1C=C(C(=N1)C(F)F)C(=O)NC2=CC=CC=C2OC3=C(C=C(C=C3)C(F)(F)F)C(F)(F)F
fenothiocarb,62850-32-2,S-(4-phenoxybutyl) dimethylcarbamothioate1979 Rules:S-(4-phenoxybutyl) dimethyl(thiocarbamate),HMIBKHHNXANVHR-UHFFFAOYSA-N,acaricides (thiocarbamate),CN(C)C(=O)SCCCCOc1ccccc1
fenoxacrim,65400-98-8,"3â²,4â²-dichloro-1,2,3,4-tetrahydro-6-hydroxy-1,3-dimethyl-2,4-dioxopyrimidine-5-carboxanilide",COHTVILOUURPNC-UHFFFAOYSA-NCAS-preferred tautomer:ARMMDWRARRNONS-UHFFFAOYSA-N,insecticides (unclassified),CN1C(=C(C(=O)Nc2ccc(Cl)c(Cl)c2)C(=O)N(C)C1=O)O
fenoxanil,115852-48-7,"mixture of 85% (2R)-N-[(1RS)-1-cyano-1,2-dimethylpropyl]-2-(2,4-dichlorophenoxy)propanamide and 15% (2S)-N-[(1RS)-1-cyano-1,2-dimethylpropyl]-2-(2,4-dichlorophenoxy)propanamide1979 Rules:mixture of 85% (R)-N-[(RS)-1-cyano-1,2-dimethylpropyl]-2-(2,4-dichlorophenoxy)propionamide and 15% (S)-N-[(RS)-1-cyano-1,2-dimethylpropyl]-2-(2,4-dichlorophenoxy)propionamide",IUOKJNROJISWRO-UHFFFAOYSA-N,fungicides (propionamide),CC(C)C(C)(C#N)NC(=O)C(C)OC1=C(C=C(C=C1)Cl)Cl
fenoxaprop,95617-09-7,"(2RS)-2-{4-[(6-chloro-1,3-benzoxazol-2-yl)oxy]phenoxy}propanoic acid1979 Rules:(RS)-2-{4-[(6-chloro-1,3-benzoxazol-2-yl)oxy]phenoxy}propionic acid",MPPOHAUSNPTFAJ-UHFFFAOYSA-N,herbicides (aryloxyphenoxypropionic),CC(Oc1ccc(Oc2oc3cc(Cl)ccc3n2)cc1)C(O)=O
fenoxaprop-p,113158-40-0,"(2R)-2-{4-[(6-chloro-1,3-benzoxazol-2-yl)oxy]phenoxy}propanoic acid1979 Rules:(R)-2-{4-[(6-chloro-1,3-benzoxazol-2-yl)oxy]phenoxy}propionic acid",MPPOHAUSNPTFAJ-SECBINFHSA-N,herbicides (aryloxyphenoxypropionic),CC(Oc1ccc(Oc2oc3cc(Cl)ccc3n2)cc1)C(O)=O
fenoxasulfone,639826-16-7,"2,5-dichloro-4-{[(5,5-dimethyl-4,5-dihydroisoxazol-3-yl)sulfonyl]methyl}phenyl ethyl ether1979 Rules:2,5-dichloro-Î±-[(4,5-dihydro-5,5-dimethylisoxazol-3-yl)sulfonyl]-p-tolyl ethyl ether",ACDZDIIWZVQMIX-UHFFFAOYSA-N,herbicides (isoxazoline),CCOC1=C(C=C(C(=C1)Cl)CS(=O)(=O)C2=NOC(C2)(C)C)Cl
fenoxycarb,72490-01-8,ethyl [2-(4-phenoxyphenoxy)ethyl]carbamate,HJUFTIJOISQSKQ-UHFFFAOYSA-N,insecticides (juvenile hormone mimic),CCOC(=O)NCCOc1ccc(Oc2ccccc2)cc1
fenpiclonil,74738-17-3,"4-(2,3-dichlorophenyl)-1H-pyrrole-3-carbonitrile",FKLFBQCQQYDUAM-UHFFFAOYSA-N,fungicides (phenylpyrrole),Clc1cccc(c1Cl)c2c[nH]cc2C#N
fenpicoxamid,517875-34-2,"{[2-({(3S,7R,8R,9S)-7-benzyl-9-methyl-8-[(2-methylpropanoyl)oxy]-2,6-dioxo-1,5-dioxonan-3-yl}carbamoyl)-4-methoxy-3-pyridyl]oxy}methyl 2-methylpropanoate1979 Rules:[(2-{[(3S,7R,8R,9S)-7-benzyl-8-(isobutyryloxy)-9-methyl-2,6-dioxo-1,5-dioxonan-3-yl]carbamoyl}-4-methoxy-3-pyridyl)oxy]methyl isobutyrate",QGTOTYJSCYHYFK-RBODFLQRSA-N,fungicides (picolinamide),C[C@H]1[C@@H]([C@H](C(=O)OC[C@@H](C(=O)O1)NC(=O)C2=NC=CC(=C2OCOC(=O)C(C)C)OC)CC3=CC=CC=C3)OC(=O)C(C)C
fenpirithrin,68523-18-2,"(RS)-cyano(6-phenoxy-2-pyridyl)methyl (1RS,3RS;1RS,3SR)-3-(2,2-dichlorovinyl)-2,2-dimethylcyclopropanecarboxylate",IHVPAVRHNZFQKC-UHFFFAOYSA-N,insecticides (pyrethroid),CC1(C)C(C=C(Cl)Cl)C1C(=O)OC(C#N)c2cccc(Oc3ccccc3)n2
fenpropathrin,39515-41-8,"(RS)-Î±-cyano-3-phenoxybenzyl 2,2,3,3-tetramethylcyclopropanecarboxylate",XQUXKZZNEFRCAW-UHFFFAOYSA-N,acaricides (pyrethroid)insecticides (pyrethroid),CC1(C)C(C(=O)OC(C#N)c2cccc(Oc3ccccc3)c2)C1(C)C
fenpropidin,67306-00-7,1-[(RS)-3-(4-tert-butylphenyl)-2-methylpropyl]piperidine,MGNFYQILYYYUBS-UHFFFAOYSA-N,fungicides (piperidine),CC(CN1CCCCC1)Cc2ccc(cc2)C(C)(C)C
fenpropimorph,67564-91-4,"cis-4-[(RS)-3-(4-tert-butylphenyl)-2-methylpropyl]-2,6-dimethylmorpholine",RYAUSSKQMZRMAI-ALOPSCKCSA-N,fungicides (morpholine),CC(CN1C[C@H](C)O[C@H](C)C1)Cc2ccc(cc2)C(C)(C)C
fenpyrazamine,473798-59-3,"S-allyl 5-amino-2,3-dihydro-2-isopropyl-3-oxo-4-(o-tolyl)-1H-pyrazole-1-carbothioate",UTOHZQYBSYOOGC-UHFFFAOYSA-N,fungicides (aminopyrazolinone),CC1=CC=CC=C1C2=C(N(N(C2=O)C(C)C)C(=O)SCC=C)N
fenpyrazone,1992017-55-6,"4-{2-chloro-4-(methylsulfonyl)-3-[(2,2,2-trifluoroethoxy)methyl]benzoyl}-1-ethyl-1H-pyrazol-5-yl 1,3-dimethyl-1H-pyrazole-4-carboxylate1979 Rules:4-[2-chloro-4-mesyl-Î±-(2,2,2-trifluoroethoxy)-m-toluoyl]-1-ethyl-1H-pyrazol-5-yl 1,3-dimethyl-1H-pyrazole-4-carboxylate",NWBFHIJKEYFVND-UHFFFAOYSA-N,herbicides (benzoylpyrazole),CCN1C(=C(C=N1)C(=O)C2=C(C(=C(C=C2)S(=O)(=O)C)COCC(F)(F)F)Cl)OC(=O)C3=CN(N=C3C)C
fenpyroximate,134098-61-6,"tert-butyl 4-[({[(E)-(1,3-dimethyl-5-phenoxy-1H-pyrazol-4-yl)methylidene]amino}oxy)methyl]benzoate1979 Rules:tert-butyl (E)-Î±-({[(1,3-dimethyl-5-phenoxy-1H-pyrazol-4-yl)methylene]amino}oxy)-p-toluate",YYJNOYZRYGDPNH-MFKUBSTISA-N,acaricides (unclassified),Cn1nc(C)c(\C=N\OCc2ccc(cc2)C(=O)OC(C)(C)C)c1Oc3ccccc3
fenquinotrione,1342891-70-6,"2-{[8-chloro-3,4-dihydro-4-(4-methoxyphenyl)-3-oxoquinoxalin-2-yl]carbonyl}cyclohexane-1,3-dione",KPSTXQYTZBZXMM-UHFFFAOYSA-N,herbicides (triketone herbicides),COC1=CC=C(C=C1)N2C3=C(C(=CC=C3)Cl)N=C(C2=O)C(=O)C4C(=O)CCCC4=O
fenridazon,68254-10-4,"1-(4-chlorophenyl)-1,4-dihydro-6-methyl-4-oxopyridazine-3-carboxylic acid",JDEKUYKSOCTBJT-UHFFFAOYSA-N,plant growth regulators (gametocide),CC1=CC(=O)C(=NN1c2ccc(Cl)cc2)C([O-])=O
fenson,80-38-6,4-chlorophenyl benzenesulfonate,SPJOZZSIXXJYBT-UHFFFAOYSA-N,acaricides (benzenesulfonate),Clc1ccc(O[S](=O)(=O)c2ccccc2)cc1
fensulfothion,115-90-2,"O,O-diethyl O-[4-(methylsulfinyl)phenyl] phosphorothioate",XDNBJTQLKCIJBV-UHFFFAOYSA-N,insecticides (phenyl organothiophosphate)nematicides (phenyl organothiophosphate),CCO[P](=S)(OCC)Oc1ccc(cc1)[S](C)=O
fenteracol,2122-77-2,"2-(2,4,5-trichlorophenoxy)ethanol",ATKFMEGWDYLXBP-UHFFFAOYSA-N,herbicides (phenoxyacetic),OCCOc1cc(Cl)c(Cl)cc1Cl
fenthiaprop,73519-50-3,"(2RS)-2-{4-[(6-chloro-1,3-benzothiazol-2-yl)oxy]phenoxy}propanoic acid1979 Rules:(RS)-2-{4-[(6-chloro-1,3-benzothiazol-2-yl)oxy]phenoxy}propionic acid",WHWHBAUZDPEHEM-UHFFFAOYSA-N,herbicides (aryloxyphenoxypropionic),CC(Oc1ccc(Oc2sc3cc(Cl)ccc3n2)cc1)C(O)=O
fenthion,55-38-9,"O,O-dimethyl O-[3-methyl-4-(methylthio)phenyl] phosphorothioate1979 Rules:O,O-dimethyl O-[4-(methylthio)-m-tolyl] phosphorothioate",PNVJTZOFSHSLTO-UHFFFAOYSA-N,avicidesinsecticides (phenyl organothiophosphate),CO[P](=S)(OC)Oc1ccc(SC)c(C)c1
fenthion-ethyl,1716-09-2,"O,O-diethyl O-[3-methyl-4-(methylthio)phenyl] phosphorothioate1979 Rules:O,O-diethyl O-[4-(methylthio)-m-tolyl] phosphorothioate",WGWJBWHBOKETRC-UHFFFAOYSA-N,insecticides (phenyl organothiophosphate),CCO[P](=S)(OCC)Oc1ccc(SC)c(C)c1
fenthiaprop,73519-50-3,"(2RS)-2-{4-[(6-chloro-1,3-benzothiazol-2-yl)oxy]phenoxy}propanoic acid1979 Rules:(RS)-2-{4-[(6-chloro-1,3-benzothiazol-2-yl)oxy]phenoxy}propionic acid",WHWHBAUZDPEHEM-UHFFFAOYSA-N,herbicides (aryloxyphenoxypropionic),CC(Oc1ccc(Oc2sc3cc(Cl)ccc3n2)cc1)C(O)=O
fentiazoluron,2583740-14-9,"1-(2-fluoro-4-{1-[4-(trifluoromethoxy)phenyl]-1H-1,2,4-triazol-3-yl}phenyl)-3-[(2Z)-3-{5-methyl-2-[(2,2,2-trifluoroethoxy)methyl]phenyl}-4-oxothiazolidin-2-ylidene]urea",FJUTXZLKJAIIDO-NOACJBATSA-N,insecticides (unclassified),CC1=CC(=C(C=C1)COCC(F)(F)F)N\2C(=O)CS/C2=N\C(=O)NC3=C(C=C(C=C3)C4=NN(C=N4)C5=CC=C(C=C5)OC(F)(F)F)F
fentin,668-34-8,triphenyltin(IV),XBRCDWHXULVEFB-UHFFFAOYSA-N,algicidesfungicides (organotin)molluscicides,c1ccc(cc1)[Sn+](c2ccccc2)c3ccccc3
fentrazamide,158237-07-1,"4-(2-chlorophenyl)-N-cyclohexyl-N-ethyl-4,5-dihydro-5-oxo-1H-tetrazole-1-carboxamide",LLQPHQFNMLZJMP-UHFFFAOYSA-N,herbicides (azolylcarboxamide),CCN(C1CCCCC1)C(=O)N2N=NN(C2=O)c3ccccc3Cl
fentrifanil,62441-54-7,"N-[2-chloro-5-(trifluoromethyl)phenyl]-2,4-dinitro-6-(trifluoromethyl)aniline1979 Rules:N-(6-chloro-Î±,Î±,Î±-trifluoro-m-tolyl)-Î±,Î±,Î±-trifluoro-4,6-dinitro-o-toluidine",FVJQBZVCJVMBIP-UHFFFAOYSA-N,acaricides (unclassified)insecticides (unclassified),[O-][N+](=O)c1cc(Nc2cc(ccc2Cl)C(F)(F)F)c(c(c1)[N+]([O-])=O)C(F)(F)F
fenuron,101-42-8,"1,1-dimethyl-3-phenylurea",XXOYNJXVWVNOOJ-UHFFFAOYSA-N,herbicides (phenylurea),CN(C)C(=O)Nc1ccccc1
derivatives/fenuron%20tca,4482-55-7,"1,1-dimethyl-3-phenylurea - trichloroacetic acid (1:1)or1,1-dimethyl-3-phenyluronium trichloroacetate",XDWSZOWLJIWERG-UHFFFAOYSA-N,herbicides (phenylurea),C[NH+](C)C(=O)Nc1ccccc1.[O-]C(=O)C(Cl)(Cl)Cl
fenvalerate,51630-58-1,(Î±RS)-Î±-cyano-3-phenoxybenzyl (2RS)-2-(4-chlorophenyl)-3-methylbutanoate1979 Rules:(RS)-Î±-cyano-3-phenoxybenzyl (RS)-2-(4-chlorophenyl)-3-methylbutyrate,NYPJDWWKZLNGGM-UHFFFAOYSA-N,acaricides (pyrethroid isovalerate ester)insecticides (pyrethroid isovalerate ester),CC(C)C(C(=O)OC(C#N)c1cccc(Oc2ccccc2)c1)c3ccc(Cl)cc3
feproxydim,151915-33-2,mixture of 90â100%	(5RS)-2-[(1EZ)-1-{[(2R)-2-(4-chlorophenoxy)propoxy]imino}butyl]-5-[(2RS)-2-(ethylthio)propyl]-3-hydroxycyclohex-2-en-1-one and 0â10% (5RS)-2-[(1EZ)-1-{[(2S)-2-(4-chlorophenoxy)propoxy]imino}butyl]-5-[(2RS)-2-(ethylthio)propyl]-3-hydroxycyclohex-2-en-1-one,JVKWYPDYMSFWDZ-UHFFFAOYSA-N,herbicides (cyclohexanedione oxime),CCCC(=NOCC(C)OC1=CC=C(C=C1)Cl)C2=C(CC(CC2=O)CC(C)SCC)O
ferbam,14484-64-1,iron(III) dimethyldithiocarbamateoriron(3+) dimethyldithiocarbamateorferric dimethyldithiocarbamate,WHDGWKAJBYRJJL-UHFFFAOYSA-K,fungicides (dimethyldithiocarbamate),[Fe+3].CN(C)C([S-])=S.CN(C)C([S-])=S.CN(C)C([S-])=S
ferimzone,89269-64-7,"(Z)-2â²-methylacetophenone (4,6-dimethylpyrimidin-2-yl)hydrazone",GOWLARCWZRESHU-AQTBWJFISA-N,fungicides (pyrimidinonehydrazone),Cc1cc(C)nc(N\N=C(\C)c2ccccc2C)n1
ferric%20phosphate,10045-86-0,ferric phosphate (deprecated)2005 Rules:iron(III) phosphateoriron(3+) phosphate,WBJZTOZJJYAKHQ-UHFFFAOYSA-K,molluscicides,[Fe+3].[O-][P]([O-])([O-])=O
ferrous%20sulfate,7720-78-7,ferrous sulfate (deprecated)2005 Rules:iron(II) sulfateoriron(2+) sulfate,BAUYGSIQEAFULO-UHFFFAOYSA-L,herbicides (inorganic),[Fe++].[O-][S]([O-])(=O)=O
fipronil,120068-37-3,"5-amino-1-[2,6-dichloro-4-(trifluoromethyl)phenyl]-4-[(RS)-(trifluoromethyl)sulfinyl]-1H-pyrazole-3-carbonitrile1979 Rules:5-amino-1-(2,6-dichloro-Î±,Î±,Î±-trifluoro-p-tolyl)-4-[(RS)-(trifluoromethyl)sulfinyl]-1H-pyrazole-3-carbonitrile",ZOCSXAVNDGMNBV-UHFFFAOYSA-N,acaricides (phenylpyrazole)insecticides (phenylpyrazole),Nc1n(nc(C#N)c1[S](=O)C(F)(F)F)c2c(Cl)cc(cc2Cl)C(F)(F)F
flamprop,58667-63-3,N-benzoyl-N-(3-chloro-4-fluorophenyl)-DL-alanine,YQVMVCCFZCMYQB-UHFFFAOYSA-N,herbicides (arylaminopropionic acid),CC(N(c1ccc(F)c(Cl)c1)C(=O)c2ccccc2)C(O)=O
flamprop-m,90134-59-1,N-benzoyl-N-(3-chloro-4-fluorophenyl)-D-alanine,YQVMVCCFZCMYQB-SNVBAGLBSA-N,herbicides (arylaminopropionic acid),C[C@@H](N(c1ccc(F)c(Cl)c1)C(=O)c2ccccc2)C(O)=O
flazasulfuron,104040-78-0,"N-[(4,6-dimethoxypyrimidin-2-yl)carbamoyl]-3-(trifluoromethyl)pyridine-2-sulfonamide1979 Rules:1-(4,6-dimethoxypyrimidin-2-yl)-3-{[3-(trifluoromethyl)-2-pyridyl]sulfonyl}urea",HWATZEJQIXKWQS-UHFFFAOYSA-N,herbicides (pyrimidinylsulfonylurea),COc1cc(OC)nc(NC(=O)N[S](=O)(=O)c2ncccc2C(F)(F)F)n1
flocoumafen,90035-08-8,"mixture of 50â80% cis-isomers 4-hydroxy-3-[(1RS,3SR)-3-(4-{[4-(trifluoromethyl)phenyl]methoxy}phenyl)-1,2,3,4-tetrahydro-1-naphthyl]-2H-chromen-2-one and 50â20% trans-isomers 4-hydroxy-3-[(1RS,3RS)-3-(4-{[4-(trifluoromethyl)phenyl]methoxy}phenyl)-1,2,3,4-tetrahydro-1-naphthyl]-2H-chromen-2-one1979 Rules:mixture of 50â80% cis-isomers 4-hydroxy-3-[(1RS,3SR)-1,2,3,4-tetrahydro-3-{4-[(Î±,Î±,Î±-trifluoro-p-tolyl)methoxy]phenyl}-1-naphthyl]coumarin and 50â20% trans-isomers 4-hydroxy-3-[(1RS,3RS)-1,2,3,4-tetrahydro-3-{4-[(Î±,Î±,Î±-trifluoro-p-tolyl)methoxy]phenyl}-1-naphthyl]coumarin",KKBGNYHHEIAGOH-UHFFFAOYSA-N,rodenticides (coumarin),OC1=C(C2CC(Cc3ccccc23)c4ccc(OCc5ccc(cc5)C(F)(F)F)cc4)C(=O)c6ccccc6O1
flometoquin,875775-74-9,"2-ethyl-3,7-dimethyl-6-[4-(trifluoromethoxy)phenoxy]-4-quinolyl methyl carbonate",FMPFURNXXAKYNE-UHFFFAOYSA-N,insecticides (unclassified),CCC1=C(C(=C2C=C(C(=CC2=N1)C)OC3=CC=C(C=C3)OC(F)(F)F)OC(=O)OC)C
flonicamid,158062-67-0,N-(cyanomethyl)-4-(trifluoromethyl)pyridine-3-carboxamide1979 Rules:N-(cyanomethyl)-4-(trifluoromethyl)nicotinamide,RLQJEEJISHYWON-UHFFFAOYSA-N,insecticides (nicotinamide),FC(F)(F)c1ccncc1C(=O)NCC#N
florasulam,145701-23-1,"2â²,6â²,8-trifluoro-5-methoxy[1,2,4]triazolo[1,5-c]pyrimidine-2-sulfonanilide",QZXATCCPQKOEIH-UHFFFAOYSA-N,herbicides (triazolopyrimidine),COC1=NC=C(C2=NC(=NN21)S(=O)(=O)NC3=C(C=CC=C3F)F)F
florpyrauxifen,943832-81-3,4-amino-3-chloro-6-(4-chloro-2-fluoro-3-methoxyphenyl)-5-fluoropyridine-2-carboxylic acidpre-1969 name:4-amino-3-chloro-6-(4-chloro-2-fluoro-3-methoxyphenyl)-5-fluoropicolinic acid,XFZUQTKDBCOXPP-UHFFFAOYSA-N,herbicides (pyridinecarboxylic acid),COC1=C(C=CC(=C1F)C2=NC(=C(C(=C2F)N)Cl)C(=O)O)Cl
florylpicoxamid,1961312-55-9,"(1S)-2,2-bis(4-fluorophenyl)-1-methylethyl N-[(3-acetoxy-4-methoxy-2-pyridyl)carbonyl]-L-alaninate",ATZHVIVDMUCBEY-HOTGVXAUSA-N,fungicides (picolinamide),C[C@@H](C(C1=CC=C(C=C1)F)C2=CC=C(C=C2)F)OC(=O)[C@H](C)NC(=O)C3=NC=CC(=C3OC(=O)C)OC
fluacrypyrim,229977-93-9,methyl (2E)-2-[2-({[2-isopropoxy-6-(trifluoromethyl)pyrimidin-4-yl]oxy}methyl)phenyl]-3-methoxyprop-2-enoate1979 Rules:methyl (E)-2-(Î±-{[2-isopropoxy-6-(trifluoromethyl)pyrimidin-4-yl]oxy}-o-tolyl)-3-methoxyacrylate,MXWAGQASUDSFBG-RVDMUPIBSA-N,acaricides (methoxyacrylate),CO\C=C(C(=O)OC)/c1ccccc1COc2cc(nc(OC(C)C)n2)C(F)(F)F
fluazaindolizine,1254304-22-7,"8-chloro-N-[(2-chloro-5-methoxyphenyl)sulfonyl]-6-(trifluoromethyl)imidazo[1,2-a]pyridine-2-carboxamide",PHCCDUCBMCYSNQ-UHFFFAOYSA-N,nematicides (sulfonamide),COC1=CC(=C(C=C1)Cl)S(=O)(=O)NC(=O)C2=CN3C=C(C=C(C3=N2)Cl)C(F)(F)F
fluazifop,69335-91-7,(2RS)-2-(4-{[5-(trifluoromethyl)-2-pyridyl]oxy}phenoxy)propanoic acid1979 Rules:(RS)-2-(4-{[5-(trifluoromethyl)-2-pyridyl]oxy}phenoxy)propionic acid,YUVKUEAFAVKILW-UHFFFAOYSA-N,herbicides (aryloxyphenoxypropionic),CC(Oc1ccc(Oc2ccc(cn2)C(F)(F)F)cc1)C(O)=O
fluazifop-p,83066-88-0,(2R)-2-(4-{[5-(trifluoromethyl)-2-pyridyl]oxy}phenoxy)propanoic acid1979 Rules:(R)-2-(4-{[5-(trifluoromethyl)-2-pyridyl]oxy}phenoxy)propionic acid,YUVKUEAFAVKILW-SECBINFHSA-N,herbicides (aryloxyphenoxypropionic),C[C@@H](Oc1ccc(Oc2ccc(cn2)C(F)(F)F)cc1)C(O)=O
fluazinam,79622-59-6,"3-chloro-N-[3-chloro-2,6-dinitro-4-(trifluoromethyl)phenyl]-5-(trifluoromethyl)pyridin-2-amine1979 Rules:3-chloro-N-[3-chloro-5-(trifluoromethyl)-2-pyridyl]-Î±,Î±,Î±-trifluoro-2,6-dinitro-p-toluidine",UZCGKGPEKUCDTF-UHFFFAOYSA-N,fungicides (dinitroaniline),[O-][N+](=O)c1cc(c(Cl)c(c1Nc2ncc(cc2Cl)C(F)(F)F)[N+]([O-])=O)C(F)(F)F
fluazolate,174514-07-9,isopropyl 5-[4-bromo-1-methyl-5-(trifluoromethyl)-1H-pyrazol-3-yl]-2-chloro-4-fluorobenzoate,FKLQIONHGSFYJY-UHFFFAOYSA-N,herbicides (phenylpyrazole),CC(C)OC(=O)c1cc(c(F)cc1Cl)c2nn(C)c(c2Br)C(F)(F)F
fluazuron,86811-58-7,"1-(4-chloro-3-{[3-chloro-5-(trifluoromethyl)-2-pyridyl]oxy}phenyl)-3-(2,6-difluorobenzoyl)urea",YOWNVPAUWYHLQX-UHFFFAOYSA-N,acaricides (benzoylurea),Fc1cccc(F)c1C(=O)NC(=O)Nc2ccc(Cl)c(Oc3ncc(cc3Cl)C(F)(F)F)c2
flubendiamide,272451-65-7,"N2-[1,1-dimethyl-2-(methylsulfonyl)ethyl]-3-iodo-N1-[2-methyl-4-[1,2,2,2-tetrafluoro-1-(trifluoromethyl)ethyl]phenyl]phthalamide1979 Rules:3-iodo-Nâ²-(2-mesyl-1,1-dimethylethyl)-N-{4-[1,2,2,2-tetrafluoro-1-(trifluoromethyl)ethyl]-o-tolyl}phthalamide",ZGNITFSDLCMLGI-UHFFFAOYSA-N,insecticides (diamide),Cc1cc(ccc1NC(=O)c2cccc(I)c2C(=O)NC(C)(C)C[S](C)(=O)=O)C(F)(C(F)(F)F)C(F)(F)F
flubeneteram,1676101-39-5,"2â²-[2-chloro-4-(trifluoromethyl)phenoxy]-3-(difluoromethyl)-1-methyl-1H-pyrazole-4-carboxanilide1979 Rules:2â²-[(2-chloro-Î±,Î±,Î±-trifluoro-p-tolyl)oxy]-3-(difluoromethyl)-1-methyl-1H-pyrazole-4-carboxanilide",YSVSUCSNKUVUFZ-UHFFFAOYSA-N,fungicides (pyrazolecarboxamide),CN1C=C(C(=N1)C(F)F)C(=O)NC2=CC=CC=C2OC3=C(C=C(C=C3)C(F)(F)F)Cl
flubenzimine,37893-02-0,"(2Z,4E,5Z)-N2,3-diphenyl-N4,N5-bis(trifluoromethyl)thiazolidine-2,4,5-triimine",IZFZCMFMJKDHJZ-BANPTERESA-N,acaricides (unclassified),FC(F)(F)N=C1SC(=Nc2ccccc2)N(c3ccccc3)C1=NC(F)(F)F
brofluthrinate,160791-64-0,(Î±RS)-3-(4-bromophenoxy)-Î±-cyanobenzyl (2RS)-2-[4-(difluoromethoxy)phenyl]-3-methylbutyrate,BUHNCQOJJZAOMJ-UHFFFAOYSA-N,acaricides (pyrethroid isovalerate ester)insecticides (pyrethroid isovalerate ester),CC(C)C(C1=CC=C(C=C1)OC(F)F)C(=O)OC(C#N)C2=CC(=CC=C2)OC3=CC=C(C=C3)Br
flucarbazone,145026-88-6,"4,5-dihydro-3-methoxy-4-methyl-5-oxo-N-{[2-(trifluoromethoxy)phenyl]sulfonyl}-1H-1,2,4-triazole-1-carboxamide",GINFBXXYGUODAT-UHFFFAOYSA-N,herbicides (sulfonylaminocarbonyltriazolinone),COC1=NN(C(=O)N[S](=O)(=O)c2ccccc2OC(F)(F)F)C(=O)N1C
flucetosulfuron,412928-75-7,"mixture of (1RS,2SR)-1-(3-{[(4,6-dimethoxypyrimidin-2-yl)carbamoyl]sulfamoyl}-2-pyridyl)-2-fluoropropyl methoxyacetate and (1RS,2RS)-1-(3-{[(4,6-dimethoxypyrimidin-2-yl)carbamoyl]sulfamoyl}-2-pyridyl)-2-fluoropropyl methoxyacetate isomer pairs in a ratio of approximately 4:11979 Rules:mixture of 1-(4,6-dimethoxypyrimidin-2-yl)-3-({2-[(1RS,2SR)-2-fluoro-1-(methoxyacetoxy)propyl]-3-pyridyl}sulfonyl)urea and 1-(4,6-dimethoxypyrimidin-2-yl)-3-({2-[(1RS,2RS)-2-fluoro-1-(methoxyacetoxy)propyl]-3-pyridyl}sulfonyl)urea isomer pairs in a ratio of approximately 4:1",FICWGWVVIRLNRB-UHFFFAOYSA-N,herbicides (pyrimidinylsulfonylurea),COCC(=O)OC(C(C)F)c1ncccc1[S](=O)(=O)NC(=O)Nc2nc(OC)cc(OC)n2
fluchloralin,33245-39-5,"N-(2-chloroethyl)-2,6-dinitro-N-propyl-4-(trifluoromethyl)anilineorN-(2-chloroethyl)-Î±,Î±,Î±-trifluoro-2,6-dinitro-N-propyl-p-toluidine",MNFMIVVPXOGUMX-UHFFFAOYSA-N,herbicides (dinitroaniline),CCCN(CCCl)c1c(cc(cc1[N+]([O-])=O)C(F)(F)F)[N+]([O-])=O
fluchloraminopyr,2445980-81-2,"(2R)-2-[(4-amino-3,5-dichloro-6-fluoro-2-pyridyl)oxy]propanoic acid1979 Rules:(R)-2-[(4-amino-3,5-dichloro-6-fluoro-2-pyridyl)oxy]propionic acid",LEIWLFHGOGNSAD-UWTATZPHSA-N,herbicides (pyridyloxycarboxylic acid),C[C@H](C(=O)O)OC1=NC(=C(C(=C1Cl)N)Cl)F
fluchlordiniliprole,2129147-03-9,"3-bromo-4â²,6â²-dichloro-1-(3-chloro-2-pyridyl)-3â²-fluoro-2â²-(methylcarbamoyl)-1H-pyrazole-5-carboxanilide",RIKRAZXJZVPXNZ-UHFFFAOYSA-N,insecticides (diamide),CNC(=O)C1=C(C(=CC(=C1F)Cl)Cl)NC(=O)C2=CC(=NN2C3=C(C=CC=N3)Cl)Br
flucofuron,370-50-3,"1,3-bis[4-chloro-3-(trifluoromethyl)phenyl]urea1979 Rules:1,3-bis(4-chloro-Î±,Î±,Î±-trifluoro-m-tolyl)urea",ABOVRDBEJDIBMZ-UHFFFAOYSA-N,insecticides (urea),FC(F)(F)c1cc(NC(=O)Nc2ccc(Cl)c(c2)C(F)(F)F)ccc1Cl
flucycloxuron,113036-88-7,"reaction mixture comprising 50â80% N-({4-[({[(E)-(4-chlorophenyl)cyclopropylmethylidene]amino}oxy)methyl]phenyl}carbamoyl)-2,6-difluorobenzamide and 50â20% N-({4-[({[(Z)-(4-chlorophenyl)cyclopropylmethylidene]amino}oxy)methyl]phenyl}carbamoyl)-2,6-difluorobenzamide1979 Rules:reaction mixture comprising 50â80% 1-[Î±-({[(E)-4-chloro-Î±-cyclopropylbenzylidene]amino}oxy)-p-tolyl]-3-(2,6-difluorobenzoyl)urea and 50â20% 1-[Î±-({[(Z)-4-chloro-Î±-cyclopropylbenzylidene]amino}oxy)-p-tolyl]-3-(2,6-difluorobenzoyl)urea",PCKNFPQPGUWFHO-UHFFFAOYSA-N,acaricides (benzoylurea)insecticides (benzoylurea),Fc1cccc(F)c1C(=O)NC(=O)Nc2ccc(CO/N=C(C3CC3)/c4ccc(Cl)cc4)cc2
flucythrinate,915101-98-3,(Î±RS)-Î±-cyano-3-phenoxybenzyl (2S)-2-[4-(difluoromethoxy)phenyl]-3-methylbutanoate1979 Rules:(RS)-Î±-cyano-3-phenoxybenzyl (S)-2-[4-(difluoromethoxy)phenyl]-3-methylbutyrate,GBIHOLCMZGAKNG-CGAIIQECSA-N,acaricides (pyrethroid isovalerate ester)insecticides (pyrethroid isovalerate ester),CC(C)[C@@H](C1=CC=C(C=C1)OC(F)F)C(=O)OC(C#N)C2=CC(=CC=C2)OC3=CC=CC=C3
fludioxonil,131341-86-1,"4-(2,2-difluoro-1,3-benzodioxol-4-yl)-1H-pyrrole-3-carbonitrile",MUJOIMFVNIBMKC-UHFFFAOYSA-N,fungicides (phenylpyrrole),FC1(F)Oc2cccc(c2O1)c3c[nH]cc3C#N
fluenetil,4301-50-2,2-fluoroethyl biphenyl-4-ylacetate,XAERLJMOUYEBAB-UHFFFAOYSA-N,acaricides (urea),FCCOC(=O)Cc1ccc(cc1)c2ccccc2
fluenetil,4301-50-2,2-fluoroethyl biphenyl-4-ylacetate,XAERLJMOUYEBAB-UHFFFAOYSA-N,acaricides (urea),FCCOC(=O)Cc1ccc(cc1)c2ccccc2
fluensulfone,318290-98-1,"5-chlorothiazol-2-yl 3,4,4-trifluorobut-3-enyl sulfone",XSNMWAPKHUGZGQ-UHFFFAOYSA-N,nematicides (fluoroalkene),C1=C(SC(=N1)S(=O)(=O)CCC(=C(F)F)F)Cl
flufenacet,142459-58-3,"4â²-fluoro-N-isopropyl-2-{[5-(trifluoromethyl)-1,3,4-thiadiazol-2-yl]oxy}acetanilide",IANUJLZYFUDJIH-UHFFFAOYSA-N,herbicides (oxyacetamide),CC(C)N(C(=O)COc1sc(nn1)C(F)(F)F)c2ccc(F)cc2
flufenauxirim,3054208-46-4,6-amino-2-[2-fluoro-3-methoxy-4-(trifluoromethyl)phenyl]-5-methoxypyrimidine-4-carboxylic acid,WNQNYSQIBVZMHA-UHFFFAOYSA-N,herbicides (pyrimidinecarboxylic acid),COC1=C(C=CC(=C1F)C2=NC(=C(C(=N2)N)OC)C(=O)O)C(F)(F)F
flufenazopyr,3052252-60-2,"3-ethyl-6-[3-(trifluoromethyl)-1H-1,2,4-triazol-1-yl]-2-[3-(trifluoromethyl)phenoxy]pyridineor3-ethyl-6-[3-(trifluoromethyl)-1H-1,2,4-triazol-1-yl]-2-pyridyl Î±,Î±,Î±-trifluoro-m-tolyl ether",NNXPECFUILDCIL-UHFFFAOYSA-N,herbicides (unclassified),CCC1=C(N=C(C=C1)N2C=NC(=N2)C(F)(F)F)OC3=CC=CC(=C3)C(F)(F)F
flufenerim,170015-32-4,{5-chloro-6-[(RS)-1-fluoroethyl]pyrimidin-4-yl}{2-[4-(trifluoromethoxy)phenyl]ethyl}amine1979 Rules:{5-chloro-6-[(RS)-1-fluoroethyl]pyrimidin-4-yl}[4-(trifluoromethoxy)phenethyl]amine,GJEREQYJIQASAW-UHFFFAOYSA-N,insecticides (pyrimidinamine),CC(F)c1ncnc(NCCc2ccc(OC(F)(F)F)cc2)c1Cl
flufenican,78863-62-4,"2-[3-(trifluoromethyl)phenoxy]pyridine-3-carboxanilide1979 Rules:2-[(Î±,Î±,Î±-trifluoro-m-tolyl)oxy]nicotinanilide",VHLJOTFFKVPIAA-UHFFFAOYSA-N,herbicides (phenyl ether),FC(F)(F)c1cccc(Oc2ncccc2C(=O)Nc3ccccc3)c1
flufenoxadiazam,1839120-27-2,"2â²-fluoro-4-[5-(trifluoromethyl)-1,2,4-oxadiazol-3-yl]benzanilide",IEKSGOPPBDNFFP-UHFFFAOYSA-N,fungicides (phenylbenzamide),C1=CC=C(C(=C1)NC(=O)C2=CC=C(C=C2)C3=NOC(=N3)C(F)(F)F)F
flufenoximacil,2759011-88-4,"methyl (2R)-2-{[(E)-({2-chloro-4-fluoro-5-[3-methyl-2,6-dioxo-4-(trifluoromethyl)-3,6-dihydropyrimidin-1(2H)-yl]phenyl}methylidene)amino]oxy}propanoate1979 Rules:methyl (R)-2-{[(E)-({2-chloro-5-[3,6-dihydro-3-methyl-2,6-dioxo-4-(trifluoromethyl)pyrimidin-1(2H)-yl]-4-fluorophenyl}methylene)amino]oxy}propionate",ZZGYBWJUIGAFSS-FVYVAXIKSA-N,herbicides (N-phenylimide),C[C@H](C(=O)OC)O/N=C/C1=CC(=C(C=C1Cl)F)N2C(=O)C=C(N(C2=O)C)C(F)(F)F
flufenoxuron,101463-69-8,"N-({[4-[2-chloro-4-(trifluoromethyl)phenoxy]-2-fluorophenyl}carbamoyl)-2,6-difluorobenzamide1979 Rules:1-{4-[(2-chloro-Î±,Î±,Î±-trifluoro-p-tolyl)oxy]-2-fluorophenyl}-3-(2,6-difluorobenzoyl)urea",RYLHNOVXKPXDIP-UHFFFAOYSA-N,acaricides (benzoylurea)insecticides (benzoylurea),Fc1cc(Oc2ccc(cc2Cl)C(F)(F)F)ccc1NC(=O)NC(=O)c3c(F)cccc3F
flufenoxystrobin,918162-02-4,"methyl (2E)-2-(2-{[2-chloro-4-(trifluoromethyl)phenoxy]methyl}phenyl)-3-methoxyprop-2-enoate1979 Rules:methyl (2E)-2-(2-{[(2-chloro-Î±,Î±,Î±-trifluoro-p-tolyl)oxy]methyl}phenyl)-3-methoxyacrylate",MBHXIQDIVCJZTD-RVDMUPIBSA-N,acaricides (methoxyacrylate)fungicides (methoxyacrylate),CO/C=C(\C1=CC=CC=C1COC2=C(C=C(C=C2)C(F)(F)F)Cl)/C(=O)OC
flufenprox,107713-58-6,"1-(4-chlorophenoxy)-3-{[(2RS)-2-(4-ethoxyphenyl)-3,3,3-trifluoropropoxy]methyl}benzene",RURQAJURNPMSSK-UHFFFAOYSA-N,insecticides (pyrethroid ether),CCOc1ccc(cc1)C(COCc2cccc(Oc3ccc(Cl)cc3)c2)C(F)(F)F
flufenpyr,188490-07-5,"{2-chloro-5-[1,6-dihydro-5-methyl-6-oxo-4-(trifluoromethyl)pyridazin-1-yl]-4-fluorophenoxy}acetic acid",WFZSZAXUALBVNX-UHFFFAOYSA-N,herbicides (N-phenylimide),CC1=C(C=NN(C1=O)c2cc(OCC(O)=O)c(Cl)cc2F)C(F)(F)F
diflovidazin,162320-67-4,"3-(2-chlorophenyl)-6-(2,6-difluorophenyl)-1,2,4,5-tetrazine",SWBHWUYHHJCADA-UHFFFAOYSA-N,acaricides (tetrazine),Fc1cccc(F)c1c2nnc(nn2)c3ccccc3Cl
flufiprole,704886-18-0,"1-[2,6-dichloro-4-(trifluoromethyl)phenyl]-5-[(2-methylprop-2-en-1-yl)amino]-4-[(trifluoromethyl)sulfinyl]-1H-pyrazole-3-carbonitrile1979 Rules:1-(2,6-dichloro-Î±,Î±,Î±-trifluoro-p-tolyl)-5-[(2-methylallyl)amino]-4-[(trifluoromethyl)sulfinyl]-1H-pyrazole-3-carbonitrile",HVQHXBNMBZJPLK-UHFFFAOYSA-N,insecticides (phenylpyrazole),CC(=C)CNC1=C(C(=NN1C2=C(C=C(C=C2Cl)C(F)(F)F)Cl)C#N)S(=O)C(F)(F)F
fluhexafon,1097630-26-6,"(2RS)-{[1(4)-EZ]-4-(methoxyimino)cyclohexyl}[(3,3,3-trifluoropropyl)sulfonyl]acetonitrile",NGLCOYIAJMJYQI-UHFFFAOYSA-N,insecticides (unclassified),CON=C1CCC(CC1)C(C#N)S(=O)(=O)CCC(F)(F)F
fluindapyr,1383809-87-7,"3-(difluoromethyl)-N-[(3RS)-7-fluoro-2,3-dihydro-1,1,3-trimethyl-1H-inden-4-yl]-1-methyl-1H-pyrazole-4-carboxamide",XCGBHLLWJZOLEM-UHFFFAOYSA-N,fungicides (pyrazolecarboxamide),CC1CC(C2=C(C=CC(=C12)NC(=O)C3=CN(N=C3C(F)F)C)F)(C)C
flumethrin,69770-45-2,"(RS)-Î±-cyano-4-fluoro-3-phenoxybenzyl (1RS,3RS;1RS,3SR)-(EZ)-3-(Î²,4-dichlorostyryl)-2,2-dimethylcyclopropanecarboxylateor(RS)-Î±-cyano-4-fluoro-3-phenoxybenzyl (1RS)-cis-trans-(EZ)-3-(Î²,4-dichlorostyryl)-2,2-dimethylcyclopropanecarboxylate",YXWCBRDRVXHABN-UHFFFAOYSA-N,acaricides (pyrethroid),CC1(C)C(\C=C(Cl)\c2ccc(Cl)cc2)C1C(=O)OC(C#N)c3ccc(F)c(Oc4ccccc4)c3
flumetnicam,158062-71-6,4-(trifluoromethyl)pyridine-3-carboxamide1979 Rules:4-(trifluoromethyl)nicotinamide,JUIWZYBJXUPIKF-UHFFFAOYSA-N,insecticides (nicotinamide),C1=CN=CC(=C1C(F)(F)F)C(=O)N
flumetover,154025-04-4,"N-ethyl-3â²,4â²-dimethoxy-N-methyl-5-(trifluoromethyl)[1,1â²-biphenyl]-2-carboxamide1979 Rules:2-(3,4-dimethoxyphenyl)-N-ethyl-Î±,Î±,Î±-trifluoro-N-methyl-p-toluamide",XFOXDUJCOHBXRC-UHFFFAOYSA-N,fungicides (benzamide),CCN(C)C(=O)c1ccc(cc1c2ccc(OC)c(OC)c2)C(F)(F)F
flumetralin,62924-70-3,"N-[(2-chloro-6-fluorophenyl)methyl]-N-ethyl-2,6-dinitro-4-(trifluoromethyl)aniline1979 Rules:N-(2-chloro-6-fluorobenzyl)-N-ethyl-Î±,Î±,Î±-trifluoro-2,6-dinitro-p-toluidine",PWNAWOCHVWERAR-UHFFFAOYSA-N,plant growth regulators (growth inhibitor),CCN(Cc1c(F)cccc1Cl)c2c(cc(cc2[N+]([O-])=O)C(F)(F)F)[N+]([O-])=O
flumetsulam,98967-40-9,"2â²,6â²-difluoro-5-methyl[1,2,4]triazolo[1,5-a]pyrimidine-2-sulfonanilide",RXCPQSJAVKGONC-UHFFFAOYSA-N,herbicides (triazolopyrimidine),Cc1ccn2nc(nc2n1)[S](=O)(=O)Nc3c(F)cccc3F
flumetylsulforim,1616664-98-2,"5-fluoro-4-imino-3-methyl-1-[(4-methylphenyl)sulfonyl]-3,4-dihydropyrimidin-2(1H)-one1979 Rules:5-fluoro-3,4-dihydro-4-imino-3-methyl-1-tosylpyrimidin-2(1H)-one",KVUHRPLZWABERU-UHFFFAOYSA-N,fungicides (unclassified),CC1=CC=C(C=C1)S(=O)(=O)N2C=C(C(=N)N(C2=O)C)F
flumezin,25475-73-4,"2-methyl-4-[3-(trifluoromethyl)phenyl]-1,2,4-oxadiazinane-3,5-dione1979 Rules:2-methyl-4-(Î±,Î±,Î±-trifluoro-m-tolyl)-1,2,4-oxadiazinane-3,5-dione",FYEWDLAVQKIKQE-UHFFFAOYSA-N,herbicides (unclassified),CN1OCC(=O)N(C1=O)c2cccc(c2)C(F)(F)F
flumiclorac,87547-04-4,"[2-chloro-5-(cyclohex-1-ene-1,2-dicarboximido)-4-fluorophenoxy]acetic acid",GQQIAHNFBAFBCS-UHFFFAOYSA-N,herbicides (N-phenylimide),OC(=O)COc1cc(N2C(=O)C3=C(CCCC3)C2=O)c(F)cc1Cl
flumioxazin,103361-09-7,"N-[7-fluoro-3,4-dihydro-3-oxo-4-(prop-2-ynyl)-2H-1,4-benzoxazin-6-yl]cyclohex-1-ene-1,2-dicarboximide",FOUWCSDKDDHKQP-UHFFFAOYSA-N,herbicides (N-phenylimide),Fc1cc2OCC(=O)N(CC#C)c2cc1N3C(=O)C4=C(CCCC4)C3=O
flumipropyn,84478-52-4,"(RS)-N-{4-chloro-2-fluoro-5-[(1-methylprop-2-ynyl)oxy]phenyl}cyclohex-1-ene-1,2-dicarboximide",ONNQFZOZHDEENE-UHFFFAOYSA-N,herbicides (N-phenylimide),CC(Oc1cc(N2C(=O)C3=C(CCCC3)C2=O)c(F)cc1Cl)C#C
flumorph,211867-47-9,"(2EZ)-3-(3,4-dimethoxyphenyl)-3-(4-fluorophenyl)-1-(morpholin-4-yl)propenone [50% (E)-isomer, 50% (Z)-isomer]1979 Rules:(EZ)-4-[3-(3,4-dimethoxyphenyl)-3-(4-fluorophenyl)acryloyl]morpholine [50% (E)-isomer, 50% (Z)-isomer]",BKBSMMUEEAWFRX-UHFFFAOYSA-N,fungicides (cinnamamide),COC1=C(C=C(C=C1)C(=CC(=O)N2CCOCC2)C3=CC=C(C=C3)F)OC
fluometuron,2164-17-2,"1,1-dimethyl-3-[3-(trifluoromethyl)phenyl]urea1979 Rules:1,1-dimethyl-3-(Î±,Î±,Î±-trifluoro-m-tolyl)urea",RZILCCPWPBTYDO-UHFFFAOYSA-N,herbicides (phenylurea),CN(C)C(=O)Nc1cccc(c1)C(F)(F)F
fluopicolide,239110-15-7,"2,6-dichloro-N-{[3-chloro-5-(trifluoromethyl)-2-pyridyl]methyl}benzamide",GBOYJIHYACSLGN-UHFFFAOYSA-N,fungicides (benzamide),C1=CC(=C(C(=C1)Cl)C(=O)NCC2=C(C=C(C=N2)C(F)(F)F)Cl)Cl
fluopimomide,1309859-39-9,"N-{[3-chloro-5-(trifluoromethyl)-2-pyridyl]methyl}-2,3,5,6-tetrafluoro-4-methoxybenzamide1979 Rules:N-{[3-chloro-5-(trifluoromethyl)-2-pyridyl]methyl}-2,3,5,6-tetrafluoro-p-anisamide",DNJKFZQFTZJKDK-UHFFFAOYSA-N,bactericidesfungicides (benzamide),COC1=C(C(=C(C(=C1F)F)C(=O)NCC2=C(C=C(C=N2)C(F)(F)F)Cl)F)F
fluopyram,658066-35-4,"N-[2-[3-chloro-5-(trifluoromethyl)-2-pyridyl]ethyl]-2-(trifluoromethyl)benzamide1979 Rules:N-{2-[3-chloro-5-(trifluoromethyl)-2-pyridyl]ethyl}-Î±,Î±,Î±-trifluoro-o-toluamide",KVDJTXBXMWJJEF-UHFFFAOYSA-N,fungicides (pyridinylethylbenzamide)nematicides (pyridinylethylbenzamide),C1=CC=C(C(=C1)C(=O)NCCC2=C(C=C(C=N2)C(F)(F)F)Cl)C(F)(F)F
fluorbenside,405-30-1,4-chlorobenzyl 4-fluorophenyl sulfide,GBZXOIUBLKUSJR-UHFFFAOYSA-N,acaricides (diphenylsulfide),Fc1ccc(SCc2ccc(Cl)cc2)cc1
fluoridamid,47000-92-0,"4â²-methyl-3â²-{[(trifluoromethyl)sulfonyl]amino}acetanilide1979 Rules:4â²-methyl-3â²-(1,1,1-trifluoromethanesulfonamido)acetanilide",CUYDUAXYJJPSRK-UHFFFAOYSA-N,plant growth regulators (growth inhibitor),CC(=O)Nc1ccc(C)c(N[S](=O)(=O)C(F)(F)F)c1
fluoroacetamide,640-19-7,2-fluoroacetamide,FVTWJXMFYOXOKK-UHFFFAOYSA-N,rodenticides (halogenated alkanoic acid),NC(=O)CF
fluoroacetic%20acid,144-49-0,fluoroacetic acid,QEWYKACRFQMRMB-UHFFFAOYSA-N,rodenticides (halogenated alkanoic acid),OC(=O)CF
flurochloridone,61213-25-0,"mixture of 65â85% (3RS,4RS)-3-chloro-4-(chloromethyl)-1-(Î±,Î±,Î±-trifluoro-m-tolyl)-2-pyrrolidone and 35â15% (3RS,4SR)-3-chloro-4-(chloromethyl)-1-(Î±,Î±,Î±-trifluoro-m-tolyl)-2-pyrrolidone",OQZCSNDVOWYALR-UHFFFAOYSA-N,herbicides (N-phenyl heterocycle),FC(F)(F)c1cccc(c1)N2CC(CCl)C(Cl)C2=O
dfdt,475-26-3,"1,1,1-trichloro-2,2-bis(4-fluorophenyl)ethane",CLSXNIPAOWPLFR-UHFFFAOYSA-N,insecticides (organochlorine),Fc1ccc(cc1)C(c2ccc(F)cc2)C(Cl)(Cl)Cl
fluorodifen,15457-05-3,"4-nitrophenyl 2-nitro-4-(trifluoromethyl)phenyl ether1979 Rules:4-nitrophenyl Î±,Î±,Î±-trifluoro-2-nitro-p-tolyl ether",HHMCAJWVGYGUEF-UHFFFAOYSA-N,herbicides (diphenyl ether),[O-][N+](=O)c1ccc(Oc2ccc(cc2[N+]([O-])=O)C(F)(F)F)cc1
dfdt,475-26-3,"1,1,1-trichloro-2,2-bis(4-fluorophenyl)ethane",CLSXNIPAOWPLFR-UHFFFAOYSA-N,insecticides (organochlorine),Fc1ccc(cc1)C(c2ccc(F)cc2)C(Cl)(Cl)Cl
fluoroglycofen,77501-60-1,"({5-[2-chloro-4-(trifluoromethyl)phenoxy]-2-nitrobenzoyl}oxy)acetic acid1979 Rules:O-{5-[(2-chloro-Î±,Î±,Î±-trifluoro-p-tolyl)oxy]-2-nitrobenzoyl}glycolic acid",DHAHEVIQIYRFRG-UHFFFAOYSA-N,herbicides (diphenyl ether),OC(=O)COC(=O)c1cc(Oc2ccc(cc2Cl)C(F)(F)F)ccc1[N+]([O-])=O
fluoroimide,41205-21-4,"3,4-dichloro-1-(4-fluorophenyl)-1H-pyrrole-2,5-dione1979 Rules:2,3-dichloro-N-(4-fluorophenyl)maleimide",IPENDKRRWFURRE-UHFFFAOYSA-N,fungicides (maleimide),Fc1ccc(cc1)N2C(=O)C(=C(Cl)C2=O)Cl
fluoroimide,41205-21-4,"3,4-dichloro-1-(4-fluorophenyl)-1H-pyrrole-2,5-dione1979 Rules:2,3-dichloro-N-(4-fluorophenyl)maleimide",IPENDKRRWFURRE-UHFFFAOYSA-N,fungicides (maleimide),Fc1ccc(cc1)N2C(=O)C(=C(Cl)C2=O)Cl
fluoromidine,13577-71-4,"6-chloro-2-(trifluoromethyl)-3H-imidazo[4,5-b]pyridine",QJYOCYOOZHULNN-UHFFFAOYSA-N,herbicides (unclassified),FC(F)(F)c1[nH]c2cc(Cl)cnc2n1
fluoronitrofen,13738-63-1,"2,4-dichloro-6-fluorophenyl 4-nitrophenyl ether",MVHWKYHDYCGNQN-UHFFFAOYSA-N,herbicides (diphenyl ether),[O-][N+](=O)c1ccc(Oc2c(F)cc(Cl)cc2Cl)cc1
fluroxypyr,69377-81-7,"[(4-amino-3,5-dichloro-6-fluoro-2-pyridyl)oxy]acetic acid",MEFQWPUMEMWTJP-UHFFFAOYSA-N,herbicides (pyridyloxycarboxylic acid),Nc1c(Cl)c(F)nc(OCC(O)=O)c1Cl
fluothiuron,33439-45-1,"3-(3-chloro-4-{[chloro(difluoro)methyl]thio}phenyl)-1,1-dimethylurea",YFEUKKUPOVGUIW-UHFFFAOYSA-N,herbicides (phenylurea),CN(C)C(=O)Nc1ccc(SC(F)(F)Cl)c(Cl)c1
fluotrimazole,31251-03-3,"1-[3-(trifluoromethyl)trityl]-1H-1,2,4-triazole",LXMQMMSGERCRSU-UHFFFAOYSA-N,fungicides (triazole),FC(F)(F)c1cccc(c1)C(n2cncn2)(c3ccccc3)c4ccccc4
fluoxapiprolin,1360819-11-9,"2-{(5RS)-3-[2-(1-{[3,5-bis(difluoromethyl)-1H-pyrazol-1-yl]acetyl}-4-piperidyl)thiazol-4-yl]-4,5-dihydroisoxazol-5-yl}-3-chlorophenyl methanesulfonate",ZEXXEODAXHSRDJ-UHFFFAOYSA-N,fungicides (piperidinyl-thiazole-isoxazoline),CS(=O)(=O)OC1=C(C(=CC=C1)Cl)C2CC(=NO2)C3=CSC(=N3)C4CCN(CC4)C(=O)CN5C(=CC(=N5)C(F)F)C(F)F
fluoxastrobin,361377-29-9,"2-{[6-(2-chlorophenoxy)-5-fluoropyrimidin-4-yl]oxy}phenyl 5,6-dihydro-1,4,2-dioxazin-3-yl ketone O-(E)-methyloxime",UFEODZBUAFNAEU-NLRVBDNBSA-N,fungicides (dihydrodioxazine),CO\N=C(C1=NOCCO1)/c2ccccc2Oc3ncnc(Oc4ccccc4Cl)c3F
fluoxytioconazole,2046300-61-0,"4-({6-[(2RS)-2-(2,4-difluorophenyl)-1,1-difluoro-2-hydroxy-3-(5-mercapto-1H-1,2,4-triazol-1-yl)propyl]-3-pyridyl}oxy)benzonitrile",KZOZKFJGERLOJN-UHFFFAOYSA-N,fungicides (triazolinthione),C1=CC(=CC=C1C#N)OC2=CN=C(C=C2)C(C(CN3C(=S)N=CN3)(C4=C(C=C(C=C4)F)F)O)(F)F
flupentiofenox,1472050-04-6,"4-chloro-2-fluoro-5-[(RS)-(2,2,2-trifluoroethyl)sulfinyl]phenyl 5-[(trifluoromethyl)thio]pentyl ether",WVQAOADFBKKFRM-UHFFFAOYSA-N,acaricides (aryltrifluoroethylsulfide),C1=C(C(=CC(=C1S(=O)CC(F)(F)F)Cl)F)OCCCCCSC(F)(F)F
flupoxam,119126-15-7,"1-{4-chloro-3-[(2,2,3,3,3-pentafluoropropoxy)methyl]phenyl}-5-phenyl-1H-1,2,4-triazole-3-carboxamide1979 Rules:1-[4-chloro-Î±-(2,2,3,3,3-pentafluoropropoxy)-m-tolyl]-5-phenyl-1H-1,2,4-triazole-3-carboxamide",AOQMRUTZEYVDIL-UHFFFAOYSA-N,herbicides (triazolecarboxamide),NC(=O)c1nn(c2ccc(Cl)c(COCC(F)(F)C(F)(F)F)c2)c(n1)c3ccccc3
flupropacil,120890-70-2,"isopropyl 2-chloro-5-[3-methyl-2,6-dioxo-4-(trifluoromethyl)-3,6-dihydropyrimidin-1(2H)-yl]benzoate1979 Rules:isopropyl 2-chloro-5-[3,6-dihydro-3-methyl-2,6-dioxo-4-(trifluoromethyl)pyrimidin-1(2H)-yl]benzoate",OYJMHAFVOZPIOY-UHFFFAOYSA-N,herbicides (N-phenylimide),CC(C)OC(=O)c1cc(ccc1Cl)N2C(=O)C=C(N(C)C2=O)C(F)(F)F
flupropadine,81613-59-4,"1-{3-[3,5-bis(trifluoromethyl)phenyl]prop-2-ynyl}-4-tert-butylpiperidine1979 Rules:4-tert-butyl-1-[3-(Î±,Î±,Î±,Î±â²,Î±â²,Î±â²-hexafluoro-3,5-xylyl)prop-2-ynyl]piperidine",KCVJZJNNTBOLKH-UHFFFAOYSA-N,rodenticides (unclassified),CC(C)(C)C1CCN(CC1)CC#Cc2cc(cc(c2)C(F)(F)F)C(F)(F)F
flupropanate,756-09-2,"2,2,3,3-tetrafluoropropanoic acid1979 Rules:2,2,3,3-tetrafluoropropionic acid",PXRROZVNOOEPPZ-UHFFFAOYSA-N,herbicides (halogenated alkanoic acid),[O-]C(=O)C(F)(F)C(F)F
flupyradifurone,951659-40-8,"4-{[(6-chloro-3-pyridyl)methyl](2,2-difluoroethyl)amino}furan-2(5H)-one",QOIYTRGFOFZNKF-UHFFFAOYSA-N,insecticides (butenolide),C1C(=CC(=O)O1)N(CC2=CN=C(C=C2)Cl)CC(F)F
flupymezotiaz,3060345-81-2,"1-[(2-chlorothiazol-5-yl)methyl]-3-[3-(5-fluoropyrimidin-2-yl)phenyl]-9-methyl-4-oxo-4H-pyrido[1,2-a]pyrimidin-1-ium-2-olate",FEIQHNKQIWCAGV-UHFFFAOYSA-N,insecticides (mesoionic),CC1=CC=CN2C1=[N+](C(=C(C2=O)C3=CC(=CC=C3)C4=NC=C(C=N4)F)[O-])CC5=CN=C(S5)Cl
flupyrazofos,122431-24-7,"O,O-diethyl O-[1-phenyl-3-(trifluoromethyl)-1H-pyrazol-5-yl] phosphorothioate",JZUKGAJJLZRHGL-UHFFFAOYSA-N,insecticides (aryl organothiophosphate),CCOP(=S)(OCC)OC1=CC(=NN1C2=CC=CC=C2)C(F)(F)F
flupyrimin,1689566-03-7,"N-{(E)-1-[(6-chloro-3-pyridyl)methyl]-2(1H)-pyridylidene}-2,2,2-trifluoroacetamide",DHQKLWKZSFCKTA-YBFXNURJSA-N,insecticides (pyridylidene),Failed
flupyroxystrobin,114077-75-7,methyl (2E)-3-methoxy-2-(2-{[4-(trifluoromethyl)-2-pyridyl]oxy}phenyl)propenoate1979 Rules: methyl (E)-3-methoxy-2-(2-{[4-(trifluoromethyl)-2-pyridyl]oxy}phenyl)acrylate,SEEIKOSFZLBRHO-JLHYYAGUSA-N,insecticides (methoxyacrylate),CO/C=C(\C1=CC=CC=C1OC2=NC=CC(=C2)C(F)(F)F)/C(=O)OC
flupyrsulfuron,150315-10-9,"2-{[(4,6-dimethoxypyrimidin-2-yl)carbamoyl]sulfamoyl}-6-(trifluoromethyl)pyridine-3-carboxylic acid1979 Rules:2-{[(4,6-dimethoxypyrimidin-2-yl)carbamoyl]sulfamoyl}-6-(trifluoromethyl)nicotinic acid",HCNBYBFTNHEQQJ-UHFFFAOYSA-N,herbicides (pyrimidinylsulfonylurea),COc1cc(OC)nc(NC(=O)N[S](=O)(=O)c2nc(ccc2C(O)=O)C(F)(F)F)n1
fluquinconazole,136426-54-5,"3-(2,4-dichlorophenyl)-6-fluoro-2-(1H-1,2,4-triazol-1-yl)quinazolin-4(3H)-one",IJJVMEJXYNJXOJ-UHFFFAOYSA-N,fungicides (triazole),Fc1ccc2N=C(n3cncn3)N(C(=O)c2c1)c4ccc(Cl)cc4Cl
fluquinometoate,2408468-30-2,"2-methoxyethyl 7-chloro-1-cyclopropyl-6-fluoro-4-oxo-1,4-dihydroquinoline-3-carboxylate1979 Rules:2-methoxyethyl 7-chloro-1-cyclopropyl-6-fluoro-1,4-dihydro-4-oxoquinoline-3-carboxylate",JXNYQAJFIFYARB-UHFFFAOYSA-N,bactericides,COCCOC(=O)C1=CN(C2=CC(=C(C=C2C1=O)F)Cl)C3CC3
fluralaner,864731-61-3,"4-[(5RS)-5-(3,5-dichlorophenyl)-5-(trifluoromethyl)-4,5-dihydroisoxazol-3-yl]-2-methyl-N-{2-oxo-2-[(2,2,2-trifluoroethyl)amino]ethyl}benzamide1979 Rules:4-[(RS)-5-(3,5-dichlorophenyl)-4,5-dihydro-5-(trifluoromethyl)isoxazol-3-yl]-N-[2-oxo-2-(2,2,2-trifluoroethylamino)ethyl]-o-toluamide",MLBZKOGAMRTSKP-UHFFFAOYSA-N,acaricides (isoxazoline)insecticides (isoxazoline),CC1=C(C=CC(=C1)C2=NOC(C2)(C3=CC(=CC(=C3)Cl)Cl)C(F)(F)F)C(=O)NCC(=O)NCC(F)(F)F
flurazole,72850-64-7,benzyl 2-chloro-4-(trifluoromethyl)thiazole-5-carboxylate,MKQSWTQPLLCSOB-UHFFFAOYSA-N,herbicide safeners,FC(F)(F)c1nc(Cl)sc1C(=O)OCc2ccccc2
flurenol,467-69-6,9-hydroxyfluorene-9-carboxylic acid,GXAMYUGOODKVRM-UHFFFAOYSA-N,plant growth regulators (morphactin),OC(=O)[C@@]1(O)c2ccccc2c3ccccc13
flurenol,467-69-6,9-hydroxyfluorene-9-carboxylic acid,GXAMYUGOODKVRM-UHFFFAOYSA-N,plant growth regulators (morphactin),OC(=O)[C@@]1(O)c2ccccc2c3ccccc13
fluridone,59756-60-4,"1-methyl-3-phenyl-5-[3-(trifluoromethyl)phenyl]pyridin-4(1H)-one1979 Rules:1-methyl-3-phenyl-5-(Î±,Î±,Î±-trifluoro-m-tolyl)-4-pyridone",YWBVHLJPRPCRSD-UHFFFAOYSA-N,herbicides (diphenyl heterocycle),CN1C=C(c2ccccc2)C(=O)C(=C1)c3cccc(c3)C(F)(F)F
flurochloridone,61213-25-0,"mixture of 65â85% (3RS,4RS)-3-chloro-4-(chloromethyl)-1-(Î±,Î±,Î±-trifluoro-m-tolyl)-2-pyrrolidone and 35â15% (3RS,4SR)-3-chloro-4-(chloromethyl)-1-(Î±,Î±,Î±-trifluoro-m-tolyl)-2-pyrrolidone",OQZCSNDVOWYALR-UHFFFAOYSA-N,herbicides (N-phenyl heterocycle),FC(F)(F)c1cccc(c1)N2CC(CCl)C(Cl)C2=O
fluoromidine,13577-71-4,"6-chloro-2-(trifluoromethyl)-3H-imidazo[4,5-b]pyridine",QJYOCYOOZHULNN-UHFFFAOYSA-N,herbicides (unclassified),FC(F)(F)c1[nH]c2cc(Cl)cnc2n1
fluroxypyr,69377-81-7,"[(4-amino-3,5-dichloro-6-fluoro-2-pyridyl)oxy]acetic acid",MEFQWPUMEMWTJP-UHFFFAOYSA-N,herbicides (pyridyloxycarboxylic acid),Nc1c(Cl)c(F)nc(OCC(O)=O)c1Cl
flurprimidol,56425-91-3,(RS)-2-methyl-1-(pyrimidin-5-yl)-1-[4-(trifluoromethoxy)phenyl]propan-1-ol,VEVZCONIUDBCDC-UHFFFAOYSA-N,plant growth regulators (growth retardant),CC(C)C(O)(c1ccc(OC(F)(F)F)cc1)c2cncnc2
flursulamid,31506-34-0,N-butylperfluorooctanesulfonamide,UUZCNLZINSJLSR-UHFFFAOYSA-N,insecticides (perfluoroalkyl sulfonamide),CCCCNS(=O)(=O)C(C(C(C(C(C(C(C(F)(F)F)(F)F)(F)F)(F)F)(F)F)(F)F)(F)F)(F)F
flurtamone,96525-23-4,"(2RS)-5-(methylamino)-2-phenyl-4-(Î±,Î±,Î±-trifluoro-m-tolyl)furan-3(2H)-one",NYRMIJKDBAQCHC-UHFFFAOYSA-N,herbicides (diphenyl heterocycle),CNC1=C(C(=O)C(O1)c2ccccc2)c3cccc(c3)C(F)(F)F
flusilazole,85509-19-9,"1-{[bis(4-fluorophenyl)(methyl)silyl]methyl}-1H-1,2,4-triazole1979 Rules:bis(4-fluorophenyl)(methyl)(1H-1,2,4-triazol-1-ylmethyl)silane",FQKUGOMFVDPBIZ-UHFFFAOYSA-N,fungicides (triazole),C[Si](Cn1cncn1)(c2ccc(F)cc2)c3ccc(F)cc3
flusulfamide,106917-52-6,"2â²,4-dichloro-4â²-nitro-3-(trifluoromethyl)benzenesulfonanilide1979 Rules:2â²,4-dichloro-Î±,Î±,Î±-trifluoro-4â²-nitro-m-toluenesulfonanilide",GNVDAZSPJWCIQZ-UHFFFAOYSA-N,fungicides (benzenesulfonamide),[O-][N+](=O)c1ccc(N[S](=O)(=O)c2ccc(Cl)c(c2)C(F)(F)F)c(Cl)c1
flusulfinam,2428458-82-4,"2-fluoro-N-(5-methyl-1,3,4-oxadiazol-2-yl)-3-(propylsulfinyl])-4-(trifluoromethyl)benzamide",PWQIRGHRDYHXJS-UHFFFAOYSA-N,herbicides (unclassified),CCCS(=O)C1=C(C=CC(=C1F)C(=O)NC2=NN=C(O2)C)C(F)(F)F
diflovidazin,162320-67-4,"3-(2-chlorophenyl)-6-(2,6-difluorophenyl)-1,2,4,5-tetrazine",SWBHWUYHHJCADA-UHFFFAOYSA-N,acaricides (tetrazine),Fc1cccc(F)c1c2nnc(nn2)c3ccccc3Cl
fluthiacet,149253-65-6,"[(2-chloro-4-fluoro-5-{[(EZ)-5,6,7,8-tetrahydro-3-oxo-1H,3H-[1,3,4]thiadiazolo[3,4-a]pyridazin-1-ylidene]amino}phenyl)thio]acetic acid",XWROTTLWMHCFEC-UHFFFAOYSA-N,herbicides (N-phenylimide),C1CCN2C(=O)SC(=NC3=CC(=C(C=C3F)Cl)SCC(=O)O)N2C1
flufenacet,142459-58-3,"4â²-fluoro-N-isopropyl-2-{[5-(trifluoromethyl)-1,3,4-thiadiazol-2-yl]oxy}acetanilide",IANUJLZYFUDJIH-UHFFFAOYSA-N,herbicides (oxyacetamide),CC(C)N(C(=O)COc1sc(nn1)C(F)(F)F)c2ccc(F)cc2
flutianil,958647-10-4,"(2Z)-{[2-fluoro-5-(trifluoromethyl)phenyl]thio}[3-(2-methoxyphenyl)thiazolidin-2-ylidene]acetonitrile1979 Rules:(Z)-[3-(2-methoxyphenyl)thiazolidin-2-ylidene][(Î±,Î±,Î±,4-tetrafluoro-m-tolyl)thio]acetonitrile",KGXUEPOHGFWQKF-ZCXUNETKSA-N,fungicides (thiazolidine),COC1=CC=CC=C1N\2CCS/C2=C(/C#N)\SC3=C(C=CC(=C3)C(F)(F)F)F
flutolanil,66332-96-5,"3â²-isopropoxy-2-(trifluoromethyl)benzanilide1979 Rules:Î±,Î±,Î±-trifluoro-3â²-isopropoxy-o-toluanilide",PTCGDEVVHUXTMP-UHFFFAOYSA-N,fungicides (phenylbenzamide),CC(C)Oc1cccc(NC(=O)c2ccccc2C(F)(F)F)c1
flutriafol,76674-21-0,"(1RS)-1-(2-fluorophenyl)-1-(4-fluorophenyl)-2-(1H-1,2,4-triazol-1-yl)ethanol1979 Rules:(Î±RS)-2,4â²-difluoro-Î±-(1H-1,2,4-triazol-1-ylmethyl)benzhydryl alcohol",JWUCHKBSVLQQCO-UHFFFAOYSA-N,fungicides (triazole),OC(Cn1cncn1)(c2ccc(F)cc2)c3ccccc3F
fluvalinate,69409-94-5,"(Î±RS)-Î±-cyano-3-phenoxybenzyl N-[2-chloro-4-(trifluoromethyl)phenyl]-DL-valinate1979 Rules:(RS)-Î±-cyano-3-phenoxybenzyl N-(2-chloro-Î±,Î±,Î±-trifluoro-p-tolyl)-DL-valinate",INISTDXBRIBGOC-UHFFFAOYSA-N,acaricides (pyrethroid isovalerate ester)insecticides (pyrethroid isovalerate ester),CC(C)C(Nc1ccc(cc1Cl)C(F)(F)F)C(=O)OC(C#N)c2cccc(Oc3ccccc3)c2
tau-fluvalinate,102851-06-9,"(Î±RS)-Î±-cyano-3-phenoxybenzyl N-[2-chloro-4-(trifluoromethyl)phenyl]-D-valinate1979 Rules:(RS)-Î±-cyano-3-phenoxybenzyl N-(2-chloro-Î±,Î±,Î±-trifluoro-p-tolyl)-D-valinate",INISTDXBRIBGOC-XMMISQBUSA-N,acaricides (pyrethroid isovalerate ester)insecticides (pyrethroid isovalerate ester),CC(C)[C@@H](Nc1ccc(cc1Cl)C(F)(F)F)C(=O)OC(C#N)c2cccc(Oc3ccccc3)c2
fluxametamide,928783-29-3,"4-[(5RS)-5-(3,5-dichlorophenyl)-5-(trifluoromethyl)-4,5-dihydroisoxazol-3-yl]-N-[(EZ)-(methoxyimino)methyl]-2-methylbenzamide1979 Rules:4-[(RS)-5-(3,5-dichlorophenyl)-4,5-dihydro-5-(trifluoromethyl)isoxazol-3-yl]-N-[(EZ)-(methoxyimino)methyl]-o-toluamide",BPFUIWLQXNPZHI-UHFFFAOYSA-N,insecticides (isoxazoline),CC1=C(C=CC(=C1)C2=NOC(C2)(C3=CC(=CC(=C3)Cl)Cl)C(F)(F)F)C(=O)N=CNOC
fluxapyroxad,907204-31-3,"3-(difluoromethyl)-1-methyl-N-(3â²,4â²,5â²-trifluorobiphenyl-2-yl)-1H-pyrazole-4-carboxamide1979 Rules:3-(difluoromethyl)-1-methyl-2â²-(3,4,5-trifluorophenyl)-1H-pyrazole-4-carboxanilide",SXSGXWCSHSVPGB-UHFFFAOYSA-N,fungicides (pyrazolecarboxamide),CN1C=C(C(=N1)C(F)F)C(=O)NC2=CC=CC=C2C3=CC(=C(C(=C3)F)F)F
fluxofenim,88485-37-4,"4â²-chloro-2,2,2-trifluoroacetophenone (EZ)-O-(1,3-dioxolan-2-ylmethyl)oxime",UKSLKNUCVPZQCQ-UHFFFAOYSA-N,herbicide safeners,FC(F)(F)C(=N/OCC1OCCO1)/c2ccc(Cl)cc2
folpet,133-07-3,N-[(trichloromethyl)thio]phthalimide,HKIOYBQGHSTUDB-UHFFFAOYSA-N,fungicides (phthalimide),ClC(Cl)(Cl)SN1C(=O)c2ccccc2C1=O
folpet,133-07-3,N-[(trichloromethyl)thio]phthalimide,HKIOYBQGHSTUDB-UHFFFAOYSA-N,fungicides (phthalimide),ClC(Cl)(Cl)SN1C(=O)c2ccccc2C1=O
fomesafen,72178-02-0,"5-[2-chloro-4-(trifluoromethyl)phenoxy]-N-(methylsulfonyl)-2-nitrobenzamide1979 Rules:5-[(2-chloro-Î±,Î±,Î±-trifluoro-p-tolyl)oxy]-N-mesyl-2-nitrobenzamide",BGZZWXTVIYUUEY-UHFFFAOYSA-N,herbicides (diphenyl ether),[Na+].C[S](=O)(=O)[N-]C(=O)c1cc(Oc2ccc(cc2Cl)C(F)(F)F)ccc1[N+]([O-])=O
fonofos,944-22-9,(RS)-(O-ethyl S-phenyl ethylphosphonodithioate),KVGLBTYUCJYMND-UHFFFAOYSA-N,insecticides (phosphonothioate),CCO[P](=S)(CC)Sc1ccccc1
foramsulfuron,173159-57-4,"2-{[(4,6-dimethoxypyrimidin-2-yl)carbamoyl]sulfamoyl}-4-(formylamino)-N,N-dimethylbenzamide1979 Rules:1-(4,6-dimethoxypyrimidin-2-yl)-3-{[2-(dimethylcarbamoyl)-5-formamidophenyl]sulfonyl}urea",PXDNXJSDGQBLKS-UHFFFAOYSA-N,herbicides (pyrimidinylsulfonylurea),COc1cc(OC)nc(NC(=O)N[S](=O)(=O)c2c(NC=O)cccc2C(=O)N(C)C)n1
forchlorfenuron,68157-60-8,1-(2-chloro-4-pyridyl)-3-phenylurea,GPXLRLUVLMHHIK-UHFFFAOYSA-N,plant growth regulators (growth stimulator),Clc1cc(NC(=O)Nc2ccccc2)ccn1
formaldehyde,50-00-0,formaldehyde,WSFSSNUMVMOOMR-UHFFFAOYSA-N,bactericidesfungicides (unclassified),C=O
formetanate,22259-30-9,3-{[(EZ)-(dimethylamino)methylidene]amino}phenyl methylcarbamate1979 Rules:3-{[(EZ)-(dimethylamino)methylene]amino}phenyl methylcarbamate,RMFNNCGOSPBBAD-UHFFFAOYSA-N,acaricides (carbamate)insecticides (carbamate),[H+].[Cl-].CNC(=O)Oc1cccc(c1)N=CN(C)C
formothion,2540-82-1,"S-{2-[formyl(methyl)amino]-2-oxoethyl} O,O-dimethyl phosphorodithioate1979 Rules:S-{[formyl(methyl)carbamoyl]methyl} O,O-dimethyl phosphorodithioate",AIKKULXCBHRFOS-UHFFFAOYSA-N,acaricides (aliphatic amide organothiophosphate)insecticides (aliphatic amide organothiophosphate),CO[P](=S)(OC)SCC(=O)N(C)C=O
formparanate,17702-57-7,4-{[(EZ)-(dimethylamino)methylidene]amino}-3-methylphenyl methylcarbamate1979 Rules:4-{[(EZ)-(dimethylamino)methylene]amino}-m-tolyl methylcarbamate,NPCUJHYOBSHUJJ-UHFFFAOYSA-N,acaricides (carbamate)insecticides (carbamate),[Cl-].CNC(=O)Oc1ccc(N=C[NH+](C)C)c(C)c1
fosamine,59682-52-9,ethyl hydrogen carbamoylphosphonate,UCHDFLNGIZUADY-UHFFFAOYSA-N,herbicides (phosphonate)plant growth regulators (growth inhibitor),[NH4+].CCO[P]([O-])(=O)C(N)=O
fosetyl,15845-66-6,ethyl hydrogen phosphonate,VUERQRKTYBIULR-UHFFFAOYSA-N,fungicides (phosphonate)plant activators,CCO[P+](O)=O
fosmethilan,83733-82-8,"S-{[(2-chlorophenyl)(butyryl)amino]methyl} O,O-dimethyl phosphorodithioate1979 Rules:2â²-chloro-N-{[(dimethoxyphosphinothioyl)thio]methyl}butyranilide",MVBGKYGTNGPFHT-UHFFFAOYSA-N,insecticides (aliphatic organothiophosphate),CCCC(=O)N(CS[P](=S)(OC)OC)c1ccccc1Cl
fospirate,5598-52-7,"dimethyl 3,5,6-trichloro-2-pyridyl phosphate",XCBOKUAJQWDYNI-UHFFFAOYSA-N,insecticides (organophosphate),CO[P](=O)(OC)Oc1nc(Cl)c(Cl)cc1Cl
fosthiazate,98886-44-3,O-ethyl S-[(1RS)-1-methylpropyl] (RS)-(2-oxothiazolidin-3-yl)phosphonothioate1979 Rules:S-(RS)-sec-butyl O-ethyl (RS)-(2-oxothiazolidin-3-yl)phosphonothioate,DUFVKSUJRWYZQP-UHFFFAOYSA-N,nematicides (phosphoramidate),CCO[P](=O)(SC(C)CC)N1CCSC1=O
fosthietan,21548-32-3,"diethyl 1,3-dithietan-2-ylidenephosphoramidate",RHJOIOVESMTJEK-UHFFFAOYSA-N,insecticides (phosphoramidate)nematicides (phosphoramidate),CCO[P](=O)(OCC)N=C1SCS1
frontalin,28401-39-0,"(1S,5R)-1,5-dimethyl-6,8-dioxabicyclo[3.2.1]octane",AZWKCIZRVUVZPX-JGVFFNPUSA-N,insect attractants (Coleopteran),CC12CCCC(C)(OC1)O2
phthalide,27355-22-2,"4,5,6,7-tetrachlorophthalide",NMWKWBPNKPGATC-UHFFFAOYSA-N,fungicides (isobenzofuranone),Clc1c(Cl)c(Cl)c2C(=O)OCc2c1Cl
fuberidazole,3878-19-1,2-(2-furyl)-1H-benzimidazole,UYJUZNLFJAWNEZ-UHFFFAOYSA-N,fungicides (benzimidazole),[nH]1c2ccccc2nc1c3occc3
fucaojing,103427-73-2,"6-[(difluoromethyl)thio]-N2,N4-diisopropyl-1,3,5-triazine-2,4-diamine",NWUJLIRYNYNDAJ-UHFFFAOYSA-N,herbicides (alkylthiotriazine),CC(C)Nc1nc(NC(C)C)nc(SC(F)F)n1
fucaomi,104459-82-7,"methyl ({[(EZ)-1-{5-[2-chloro-4-(trifluoromethyl)phenoxy]-2-nitrophenyl}-2-methoxyethylidene]amino}oxy)acetate1979 Rules:methyl ({[(EZ)-1-{5-[(2-chloro-Î±,Î±,Î±-trifluoro-p-tolyl)oxy]-2-nitrophenyl}-2-methoxyethylidene]amino}oxy)acetate",GAIFAPDHLCPUMF-UHFFFAOYSA-N,herbicides (diphenyl ether),COC/C(=N/OCC(=O)OC)c1cc(Oc2ccc(cc2Cl)C(F)(F)F)ccc1[N+]([O-])=O
furan%20tebufenozide,467427-80-1,"(2RS)-Nâ²-tert-butyl-Nâ²-(3,5-dimethylbenzoyl)-2,3-dihydro-2,7-dimethyl-1-benzofuran-6-carbohydrazide",TUCSJFNYZJYLHE-UHFFFAOYSA-N,insecticides (diacylhydrazine),CC1CC2=C(O1)C(=C(C=C2)C(=O)NN(C(=O)C3=CC(=CC(=C3)C)C)C(C)(C)C)C
flufenoxystrobin,918162-02-4,"methyl (2E)-2-(2-{[2-chloro-4-(trifluoromethyl)phenoxy]methyl}phenyl)-3-methoxyprop-2-enoate1979 Rules:methyl (2E)-2-(2-{[(2-chloro-Î±,Î±,Î±-trifluoro-p-tolyl)oxy]methyl}phenyl)-3-methoxyacrylate",MBHXIQDIVCJZTD-RVDMUPIBSA-N,acaricides (methoxyacrylate)fungicides (methoxyacrylate),CO/C=C(\C1=CC=CC=C1COC2=C(C=C(C=C2)C(F)(F)F)Cl)/C(=O)OC
derivatives/ethoxyfen-ethyl,131086-42-5,"ethyl O-{2-chloro-5-[(2-chloro-Î±,Î±,Î±-trifluoro-p-tolyl)oxy]benzoyl}-L-lactate",LUZZPGJQJKMMDM-JTQLQIEISA-N,herbicides (diphenyl ether),CCOC(=O)[C@H](C)OC(=O)C1=C(C=CC(=C1)OC2=C(C=C(C=C2)C(F)(F)F)Cl)Cl
coumafuryl,117-52-2,3-[(1RS)-1-(2-furyl)-3-oxobutyl]-4-hydroxy-2H-chromen-2-one1979 Rules:3-[(RS)-1-(2-furyl)-3-oxobutyl]-4-hydroxycoumarin,JFIXKFSJCQNGEK-UHFFFAOYSA-N,rodenticides (coumarin),[Na+].CC(=O)CC([C-]1C(=O)Oc2ccccc2C1=O)c3occc3
funaihecaoling,103055-25-0,"methyl (2R)-2-({7-[2-chloro-4-(trifluoromethyl)phenoxy]-2-naphthyl}oxy)propanoate1979 Rules:methyl (2R)-2-({7-[(2-chloro-Î±,Î±,Î±-trifluoro-p-tolyl)oxy]-2-naphthyl}oxy)propionate",DKLGUDCGTHUULS-GFCCVEGCSA-N,herbicides (phenoxypropionic),C[C@H](C(=O)OC)OC1=CC2=C(C=CC(=C2)OC3=C(C=C(C=C3)C(F)(F)F)Cl)C=C1
fuphenthiourea,None,5-(2-chlorophenyl)-N-{[Nâ²-(2-nitrobenzoyl)hydrazino]thiocarbonyl}furan-2-carboxamide,ZPAFHLWRBWTHTL-UHFFFAOYSA-N,plant growth regulators (unclassified),C1=CC=C(C(=C1)C2=CC=C(O2)C(=O)NC(=S)NNC(=O)C3=CC=CC=C3[N+](=O)[O-])Cl
furalane,1708-41-4,"2-(2-furyl)-1,3-dioxolane",FCACHSUJEMZCMK-UHFFFAOYSA-N,plant growth regulators (unclassified),C1COC(O1)c2occc2
furalaxyl,57646-30-7,"methyl N-(2,6-dimethylphenyl)-N-(2-furylcarbonyl)-DL-alaninate1979 Rules:methyl N-(2-furoyl)-N-(2,6-xylyl)-DL-alaninate",CIEXPHRYOLIQQD-UHFFFAOYSA-N,fungicides (acylalanine),COC(=O)C(C)N(C(=O)c1occc1)c2c(C)cccc2C
furamethrin,23031-38-1,"[5-(prop-2-ynyl)furan-2-yl]methyl (1RS,3RS;1RS,3SR)-2,2-dimethyl-3-(2-methylprop-1-enyl)cyclopropanecarboxylate1979 Rules:5-(prop-2-ynyl)furfuryl (1RS,3RS;1RS,3SR)-2,2-dimethyl-3-(2-methylprop-1-enyl)cyclopropanecarboxylatepre-1969 name:5-propargylfurfuryl (Â±)-cis-trans-chrysanthemate",FSYXMFXBRJFYBS-UHFFFAOYSA-N,insecticides (pyrethroid),CC(C)=CC1C(C(=O)OCc2oc(CC#C)cc2)C1(C)C
furametpyr,123572-88-3,"(RS)-5-chloro-N-(1,3-dihydro-1,1,3-trimethylisobenzofuran-4-yl)-1,3-dimethyl-1H-pyrazole-4-carboxamide",NRTLIYOWLVMQBO-UHFFFAOYSA-N,fungicides (pyrazolecarboxamide),CC1OC(C)(C)c2cccc(NC(=O)c3c(C)nn(C)c3Cl)c12
furan%20tebufenozide,467427-80-1,"(2RS)-Nâ²-tert-butyl-Nâ²-(3,5-dimethylbenzoyl)-2,3-dihydro-2,7-dimethyl-1-benzofuran-6-carbohydrazide",TUCSJFNYZJYLHE-UHFFFAOYSA-N,insecticides (diacylhydrazine),CC1CC2=C(O1)C(=C(C=C2)C(=O)NN(C(=O)C3=CC(=CC(=C3)C)C)C(C)(C)C)C
furathiocarb,65907-30-4,"butyl 2,3-dihydro-2,2-dimethylbenzofuran-7-yl N,Nâ²-dimethyl-N,Nâ²-thiodicarbamate",HAWJXYBZNNRMNO-UHFFFAOYSA-N,insecticides (carbamate),CCCCOC(=O)N(C)SN(C)C(=O)Oc1cccc2CC(C)(C)Oc12
furcarbanil,28562-70-1,"2,5-dimethyl-3-furananilide1979 Rules:2,5-dimethyl-3-furanilide",XEPBBUCQCXXTGR-UHFFFAOYSA-N,fungicides (furancarboxamide),Cc1oc(C)c(c1)C(=O)Nc2ccccc2
furconazole,112839-33-5,"(2RS,5RS;2RS,5SR)-5-(2,4-dichlorophenyl)tetrahydro-5-(1H-1,2,4-triazol-1-ylmethyl)-2-furyl 2,2,2-trifluoroethyl ether",ULCWZQJLFZEXCS-UHFFFAOYSA-N,fungicides (triazole),FC(F)(F)COC1CCC(Cn2cncn2)(O1)c3ccc(Cl)cc3Cl
furconazole-cis,112839-32-4,"(2RS,5RS)-5-(2,4-dichlorophenyl)tetrahydro-5-(1H-1,2,4-triazol-1-ylmethyl)-2-furyl 2,2,2-trifluoroethyl ether",QNVJCXKFLJUJJI-DZYJZKBLSA-Nidentifier for no stereochemistry:ULCWZQJLFZEXCS-UHFFFAOYSA-N,fungicides (triazole),FC(F)(F)CO[C@H]1CC[C@@](Cn2cncn2)(O1)c3ccc(Cl)cc3Cl
furethrin,17080-02-3,"(RS)-3-(2-furylmethyl)-2-methyl-4-oxocyclopent-2-enyl (1RS,3RS;1RS,3SR)-2,2-dimethyl-3-(2-methylprop-1-enyl)cyclopropanecarboxylate1979 Rules:(RS)-3-furfuryl-2-methyl-4-oxocyclopent-2-enyl (1RS,3RS;1RS,3SR)-2,2-dimethyl-3-(2-methylprop-1-enyl)cyclopropanecarboxylate",BEYOLLQLGMGJDC-UHFFFAOYSA-N,insecticides (pyrethroid),CC(C)=CC1C(C(=O)OC2CC(=O)C(=C2C)Cc3occc3)C1(C)C
furfural,98-01-1,2-furaldehyde,HYBBIBNJHNGZAN-UHFFFAOYSA-N,fungicides (unclassified)nematicides (unclassified),O=Cc1occc1
furilazole,121776-33-8,"(RS)-3-(dichloroacetyl)-5-(2-furyl)-2,2-dimethyloxazolidine",MCNOFYBITGAAGM-UHFFFAOYSA-N,herbicide safeners,CC1(C)OC(CN1C(=O)C(Cl)Cl)c2occc2
furmecyclox,60568-05-0,"methyl N-cyclohexyl-2,5-dimethyl-3-furohydroxamate",QTDRLOKFLJJHTG-UHFFFAOYSA-N,fungicides (furamide),CON(C1CCCCC1)C(=O)c2cc(C)oc2C
furophanate,53878-17-4,methyl 2-{[(EZ)-furan-2-ylmethylidene]amino}phenyl)carbamothioyl]carbamate1979 Rules:methyl 4-[(EZ)-2-(furfurylideneamino)phenyl]-3-thioallophanate,TZUAKKVHNFEFBG-UHFFFAOYSA-N,fungicides (thiophanate),COC(=O)NC(=S)Nc1ccccc1N=Cc2occc2
furyloxyfen,80020-41-3,"5-[2-chloro-4-(trifluoromethyl)phenoxy]-2-nitrophenyl (3RS)-tetrahydro-3-furyl ether1979 Rules:5-[(2-chloro-Î±,Î±,Î±-trifluoro-p-tolyl)oxy]-2-nitrophenyl (RS)-tetrahydro-3-furyl ether",WYJOEQHHWHAJRB-UHFFFAOYSA-N,herbicides (diphenyl ether),[O-][N+](=O)c1ccc(Oc2ccc(cc2Cl)C(F)(F)F)cc1OC3CCOC3
galquin,2644770-30-7,"esters of 1,3,4,5-tetrahydroxycyclohexanecarboxylic acid with 3,4,5-trihydroxybenzoic acid and/or 3,4-dihydroxy-5-[(3,4,5-trihydroxybenzoyl)oxy]benzoic acid and/or 3-({3,4-dihydroxy-5-[(3,4,5-trihydroxybenzoyl)oxy]benzoyl}oxy)-4,5-dihydroxybenzoic acid",Failed,nematicides (unclassified)fungicides (unclassified),Failed
gamma-hch,58-89-9,"1Î±,2Î±,3Î²,4Î±,5Î±,6Î²-hexachlorocyclohexane",JLYXXMFPNIAWKQ-GNIYUCBRSA-N,acaricides (organochlorine)insecticides (organochlorine),ClC1C(Cl)C(Cl)C(Cl)C(Cl)C1Cl
gamma-cyhalothrin,76703-62-3,"(S)-Î±-cyano-3-phenoxybenzyl (1R,3R)-3-[(Z)-2-chloro-3,3,3-trifluoroprop-1-enyl]-2,2-dimethylcyclopropanecarboxylateRothamsted-style stereodescriptors:(S)-Î±-cyano-3-phenoxybenzyl (1R)-cis-3-[(Z)-2-chloro-3,3,3-trifluoroprop-1-enyl]-2,2-dimethylcyclopropanecarboxylate",ZXQYGBMAQZUVMI-GCMPRSNUSA-N,insecticides (pyrethroid),CC1(C)[C@@H](\C=C(/Cl)C(F)(F)F)[C@H]1C(=O)O[C@H](C#N)c2cccc(Oc3ccccc3)c2
gamma-hch,58-89-9,"1Î±,2Î±,3Î²,4Î±,5Î±,6Î²-hexachlorocyclohexane",JLYXXMFPNIAWKQ-GNIYUCBRSA-N,acaricides (organochlorine)insecticides (organochlorine),ClC1C(Cl)C(Cl)C(Cl)C(Cl)C1Cl
genit,97-16-5,"2,4-dichlorophenyl benzenesulfonate",OZFAFGSSMRRTDW-UHFFFAOYSA-N,acaricides (benzenesulfonate),Clc1ccc(O[S](=O)(=O)c2ccccc2)c(Cl)c1
gibberellic%20acid,77-06-5,"(3S,3aS,4S,4aS,7S,9aR,9bR,12S)-7,12-dihydroxy-3-methyl-6-methylene-2-oxoperhydro-4a,7-methano-9b,3-propenoazuleno[1,2-b]furan-4-carboxylic acidor(3S,3aR,4S,4aS,6S,8aR,8bR,11S)-6,11-dihydroxy-3-methyl-12-methylene-2-oxo-4a,6-ethano-3,8b-prop-1-enoperhydroindeno[1,2-b]furan-4-carboxylic acid",IXORZMNAPKEEDV-OBDJNFEBSA-N,plant growth regulators (gibberellin),CC12[C@@H](O)C=C[C@@]3(OC1=O)[C@@H]4CC[C@]5(O)C[C@]4(CC5=C)[C@H]([C@H]23)C(O)=O
gibberellic%20acid,77-06-5,"(3S,3aS,4S,4aS,7S,9aR,9bR,12S)-7,12-dihydroxy-3-methyl-6-methylene-2-oxoperhydro-4a,7-methano-9b,3-propenoazuleno[1,2-b]furan-4-carboxylic acidor(3S,3aR,4S,4aS,6S,8aR,8bR,11S)-6,11-dihydroxy-3-methyl-12-methylene-2-oxo-4a,6-ethano-3,8b-prop-1-enoperhydroindeno[1,2-b]furan-4-carboxylic acid",IXORZMNAPKEEDV-OBDJNFEBSA-N,plant growth regulators (gibberellin),CC12[C@@H](O)C=C[C@@]3(OC1=O)[C@@H]4CC[C@]5(O)C[C@]4(CC5=C)[C@H]([C@H]23)C(O)=O
gibberellins,8030-53-3,Failed,Failed,plant growth regulators (gibberellin),C[C@]12[C@@H](O)CC[C@@]3(OC1=O)[C@@H]4CC[C@H]5C[C@]4(CC5=C)[C@H]([C@H]23)C(O)=O.C[C@]67[C@@H](O)C=C[C@@]8(OC6=O)[C@@H]9CC[C@H]%10C[C@]9(CC%10=C)[C@H]([C@H]78)C(O)=O
gibberellins,8030-53-3,Failed,Failed,plant growth regulators (gibberellin),C[C@]12[C@@H](O)CC[C@@]3(OC1=O)[C@@H]4CC[C@H]5C[C@]4(CC5=C)[C@H]([C@H]23)C(O)=O.C[C@]67[C@@H](O)C=C[C@@]8(OC6=O)[C@@H]9CC[C@H]%10C[C@]9(CC%10=C)[C@H]([C@H]78)C(O)=O
gliftor,8065-71-2,"mixture of (2RS)-1-chloro-3-fluoropropan-2-ol and 1,3-difluoropropan-2-ol","1-chloro-3-fluoro-2-propanol:ZNKJYZHZWALQNX-UHFFFAOYSA-N1,3-difluoro-2-propanol:PVDLUGWWIOGCNH-UHFFFAOYSA-N",rodenticides (unclassified),OC(CF)CF.OC(CF)CCl
gliftor,8065-71-2,"mixture of (2RS)-1-chloro-3-fluoropropan-2-ol and 1,3-difluoropropan-2-ol","1-chloro-3-fluoro-2-propanol:ZNKJYZHZWALQNX-UHFFFAOYSA-N1,3-difluoro-2-propanol:PVDLUGWWIOGCNH-UHFFFAOYSA-N",rodenticides (unclassified),OC(CF)CF.OC(CF)CCl
chloralose,15879-93-3,"(R)-1,2-O-(2,2,2-trichloroethylidene)-Î±-D-glucofuranose",OJYGBLRPYBAHRT-IPQSZEQASA-N,avicidesbird repellentsrodenticides (unclassified),OCC(O)[C@H]1OC2O[C@@H](O[C@@H]2[C@H]1O)C(Cl)(Cl)Cl
glufosinate,51276-47-2,(2RS)-2-amino-4-[hydroxy(methyl)phosphinoyl]butanoic acid1979 Rules:(RS)-2-amino-4-[hydroxy(methyl)phosphinoyl]butyric acid,IAJOBQBIJHVGMQ-UHFFFAOYSA-N,herbicides (phosphinic acid),[NH4+].C[P](O)(=O)CCC(N)C([O-])=O
glufosinate-p,35597-44-5,(2S)-2-amino-4-[hydroxy(methyl)phosphinoyl]butanoic acid1979 Rules:(S)-2-amino-4-[hydroxy(methyl)phosphinoyl]butyric acid,IAJOBQBIJHVGMQ-BYPYZUCNSA-N,herbicides (phosphinic acid),N[C@@H](CC[P+](=O)CO)C(O)=O
glufosinate-p,35597-44-5,(2S)-2-amino-4-[hydroxy(methyl)phosphinoyl]butanoic acid1979 Rules:(S)-2-amino-4-[hydroxy(methyl)phosphinoyl]butyric acid,IAJOBQBIJHVGMQ-BYPYZUCNSA-N,herbicides (phosphinic acid),N[C@@H](CC[P+](=O)CO)C(O)=O
glyodin,556-22-9,"acetic acidâ2-heptadecyl-4,5-dihydroimidazole (1/1)1979 Rules:acetic acidâ2-heptadecyl-2-imidazoline (1/1)",DYMNZCGFRHLNMT-UHFFFAOYSA-N,fungicides (imidazoline),CCCCCCCCCCCCCCCCCC1=NCCN1.CC(O)=O
glyoxime,557-30-2,ethanedial dioxime1979 Rules:glyoxal dioxime,LJHFIVQEAFAURQ-UHFFFAOYSA-N,plant growth regulators (ethylene releaser),ON\C=C\N=O
glyphosate,1071-83-6,N-(phosphonomethyl)glycine,XDDAORKBJWWYJS-UHFFFAOYSA-N,herbicides (glycine derivative),OC(=O)CNC[P](O)(O)=O
glyphosine,2439-99-8,"N,N-bis(phosphonomethyl)glycine",OXHDYFKENBXUEM-UHFFFAOYSA-N,plant growth regulators (growth inhibitor),OC(=O)CN(C[P](O)(O)=O)C[P](O)(O)=O
gossyplure,50933-33-0,"1:1 mixture of (7Z,11E)- and (7Z,11Z)-hexadeca-7,11-dien-1-yl acetateor1:1 mixture of (Z,E)- and (Z,Z)-hexadeca-7,11-dien-1-yl acetate",BXJHOKLLMOYSRQ-GHFUGENESA-Nidentifier for mixture (not valid):FAWDISLMBWXNGG-BVNMUOCFSA-N,insect attractants (Lepidopteran),CCCC\C=C/CC\C=C/CCCCCCOC(C)=O
grandlure,11104-05-5,"mixture of cis-3,3-dimethyl-Î1,Î±-cyclohexaneacetaldehyde, trans-3,3-dimethyl-Î1,Î±-cyclohexaneacetaldehyde, cis-3,3-dimethyl-Î1,Î²-cyclohexaneethanol and (1R,2S)-2-isopropenyl-1-methylcyclobutaneethanolormixture of (E)-(3,3-dimethylcyclohexylidene)acetaldehyde, (Z)-(3,3-dimethylcyclohexylidene)acetaldehyde, (Z)-2-(3,3-dimethylcyclohexylidene)ethanol and 2-[(1R,2S)-2-isopropenyl-1-methylcyclobutyl]ethanol","(2E)-(3,3-dimethylcyclohexylidene)acetaldehyde:TYHKWUGMKWVPDI-WEVVVXLNSA-N(2Z)-(3,3-dimethylcyclohexylidene)acetaldehyde:TYHKWUGMKWVPDI-UITAMQMPSA-N(2Z)-2-(3,3-dimethylcyclohexylidene)ethanol:SHYLMMBHTKLAJS-UITAMQMPSA-N(1R,2S)-1-methyl-2-(1-methylethenyl)cyclobutaneethanol:SJKPJXGGNKMRPD-VHSXEESVSA-N",insect attractants (Coleopteran),CC(=C)[C@@H]1CC[C@]1(C)CCO.CC2(C)CCCC(/C2)=C/CO.CC3(C)CCCC(/C3)=C\C=O
griseofulvin,126-07-8,"(1â²S-trans)-
7-chloro-2â²,4,6-trimethoxy-6â²-methylspiro[benzofuran-2(3H),1â²-cyclohex-2â²-ene]-3,4â²-dioneor7-chloro-4,6-dimethoxycoumaran-3-one-2-spiro-1â²-(2â²-methoxy-6â²-methylcyclohex-2â²-en-4â²-one)",DDUHZTYCFQRHIY-RBHXEPJQSA-N,fungicides (antibiotic),COC1CC(=O)C[C@@H](C)[C@]12Oc3c(Cl)c(OC)cc(OC)c3C2=O
guazatine,108173-90-6,"reaction mixture containing 1,1â²-(iminodioctamethylene)diguanidine and numerous other guanidines and polyamines, resulting from the amidination of technical iminodi(octamethylene)diamine",Failed,bird repellentsfungicides (guanidine),NC(N)=NCCCCCCCCNCCCCCCCCN=C(N)N
guazatine,108173-90-6,"reaction mixture containing 1,1â²-(iminodioctamethylene)diguanidine and numerous other guanidines and polyamines, resulting from the amidination of technical iminodi(octamethylene)diamine",Failed,bird repellentsfungicides (guanidine),NC(N)=NCCCCCCCCNCCCCCCCCN=C(N)N
halacrinate,34462-96-9,7-bromo-5-chloro-8-quinolyl acrylate,YDNLKBDXQCHOTH-UHFFFAOYSA-N,fungicides (quinoline),Clc1cc(Br)c(OC(=O)C=C)c2ncccc12
halauxifen,943832-60-8,4-amino-3-chloro-6-(4-chloro-2-fluoro-3-methoxyphenyl)pyridine-2-carboxylic acidpre-1969 name:4-amino-3-chloro-6-(4-chloro-2-fluoro-3-methoxyphenyl)picolinic acid,KKLBEFSLWYDQFI-UHFFFAOYSA-N,herbicides (pyridinecarboxylic acid),COC1=C(C=CC(=C1F)C2=NC(=C(C(=C2)N)Cl)C(=O)O)Cl
halfenprox,111872-58-3,1-[(2-{4-[bromo(difluoro)methoxy]phenyl}-2-methylpropoxy)methyl]-3-phenoxybenzene,WIFXJBMOTMKRMM-UHFFFAOYSA-N,acaricides (pyrethroid ether)insecticides (pyrethroid ether),CC(C)(COCc1cccc(Oc2ccccc2)c1)c3ccc(OC(F)(F)Br)cc3
halofenozide,112226-61-6,N-tert-butyl-Nâ²-(4-chlorobenzoyl)benzohydrazide,CNKHSLKYRMDDNQ-UHFFFAOYSA-N,insecticides (diacylhydrazine),CC(C)(C)N(NC(=O)c1ccc(Cl)cc1)C(=O)c2ccccc2
halosafen,77227-69-1,"5-[2-chloro-6-fluoro-4-(trifluoromethyl)phenoxy]-N-(ethylsulfonyl)-2-nitrobenzamide1979 Rules:5-[(2-chloro-Î±,Î±,Î±,6-tetrafluoro-p-tolyl)oxy]-N-(ethylsulfonyl)-2-nitrobenzamide",QQOGZMUZAZWLJH-UHFFFAOYSA-N,herbicides (diphenyl ether),CC[S](=O)(=O)NC(=O)c1cc(Oc2c(F)cc(cc2Cl)C(F)(F)F)ccc1[N+]([O-])=O
halosulfuron,135397-30-7,"3-chloro-5-{[(4,6-dimethoxypyrimidin-2-yl)carbamoyl]sulfamoyl}-1-methyl-1H-pyrazole-4-carboxylic acid",LXKOADMMGWXPJQ-UHFFFAOYSA-N,herbicides (pyrimidinylsulfonylurea),COc1cc(OC)nc(NC(=O)N[S](=O)(=O)c2n(C)nc(Cl)c2C(O)=O)n1
haloxydine,2693-61-0,"3,5-dichloro-2,6-difluoropyridin-4-ol",MJAWMRVEIWPJRW-UHFFFAOYSA-N,herbicides (pyridinol),FC1=C(Cl)C(=O)C(=C(F)N1)Cl
haloxyfop,69806-34-4,(2RS)-2-(4-{[3-chloro-5-(trifluoromethyl)-2-pyridyl)oxy}phenoxy)propanoic acid1979 Rules:(RS)-2-(4-{[3-chloro-5-(trifluoromethyl)-2-pyridyl]oxy}phenoxy)propionic acid,GOCUAJYOYBLQRH-UHFFFAOYSA-N,herbicides (aryloxyphenoxypropionic),[Na+].CC(Oc1ccc(Oc2ncc(cc2Cl)C(F)(F)F)cc1)C([O-])=O
haloxyfop-p,95977-29-0,(2R)-2-(4-{[3-chloro-5-(trifluoromethyl)-2-pyridyl)oxy}phenoxy)propanoic acid1979 Rules:(R)-2-(4-{[3-chloro-5-(trifluoromethyl)-2-pyridyl]oxy}phenoxy)propionic acid,GOCUAJYOYBLQRH-MRVPVSSYSA-N,herbicides (aryloxyphenoxypropionic),C[C@H](C(=O)O)OC1=CC=C(C=C1)OC2=C(C=C(C=N2)C(F)(F)F)Cl
haloxyfop-p,95977-29-0,(2R)-2-(4-{[3-chloro-5-(trifluoromethyl)-2-pyridyl)oxy}phenoxy)propanoic acid1979 Rules:(R)-2-(4-{[3-chloro-5-(trifluoromethyl)-2-pyridyl]oxy}phenoxy)propionic acid,GOCUAJYOYBLQRH-MRVPVSSYSA-N,herbicides (aryloxyphenoxypropionic),C[C@H](C(=O)O)OC1=CC=C(C=C1)OC2=C(C=C(C=N2)C(F)(F)F)Cl
hexachloroacetone,116-16-5,hexachloroacetone1979 Rules:perchloroacetone,DOJXGHGHTWFZHK-UHFFFAOYSA-N,herbicides (unclassified),ClC(Cl)(Cl)C(=O)C(Cl)(Cl)Cl
hexachlorobenzene,118-74-1,hexachlorobenzene1979 Rules:perchlorobenzene,CKAPSXZOOQJIBF-UHFFFAOYSA-N,fungicides (organochlorine),Clc1c(Cl)c(Cl)c(Cl)c(Cl)c1Cl
hch,608-73-1,"1,2,3,4,5,6-hexachlorocyclohexane",JLYXXMFPNIAWKQ-UHFFFAOYSA-N,insecticides (organochlorine),ClC1C(Cl)C(Cl)C(Cl)C(Cl)C1Cl
gamma-hch,58-89-9,"1Î±,2Î±,3Î²,4Î±,5Î±,6Î²-hexachlorocyclohexane",JLYXXMFPNIAWKQ-GNIYUCBRSA-N,acaricides (organochlorine)insecticides (organochlorine),ClC1C(Cl)C(Cl)C(Cl)C(Cl)C1Cl
altretamine,645-05-6,"N2,N2,N4,N4,N6,N6-hexamethyl-1,3,5-triazine-2,4,6-triamine",UUVWYPNAQBNQJQ-UHFFFAOYSA-N,chemosterilants,CN(C)c1nc(nc(n1)N(C)C)N(C)C
hempa,680-31-9,hexamethylphosphoric triamide,GNOIPBMMFNIUFM-UHFFFAOYSA-N,chemosterilants,CN(C)[P](=O)(N(C)C)N(C)C
dieldrin,60-57-1,"(1R,4S,4aS,5R,6R,7S,8S,8aR)-1,2,3,4,10,10-hexachloro-1,4,4a,5,6,7,8,8a-octahydro-6,7-epoxy-1,4:5,8-dimethanonaphthaleneor1,2,3,4,10,10-hexachloro-6,7-epoxy-1,4,4a,5,6,7,8,8a-octahydro-endo-1,4-exo-5,8-dimethanonaphthalene",DFBKLUNHFCTMDC-PICURKEMSA-N,insecticides (chlorinated cyclodiene),ClC1=C(Cl)C2(Cl)C3C4CC(C5OC45)C3C1(Cl)C2(Cl)Cl
heptachlor,76-44-8,"1,4,5,6,7,8,8-heptachloro-3a,4,7,7a-tetrahydro-4,7-methanoindene",FRCCEHPWNOQAEU-UHFFFAOYSA-N,insecticides (chlorinated cyclodiene),ClC1C=CC2C1C3(Cl)C(=C(Cl)C2(Cl)C3(Cl)Cl)Cl
heptafluthrin,1130296-65-9,"2,3,5,6-tetrafluoro-4-(methoxymethyl)benzyl (1RS,3RS;1RS,3SR)-2,2-dimethyl-3-[(1Z)-3,3,3-trifluoroprop-1-enyl]cyclopropanecarboxylate",BKACAEJQMLLGAV-PLNGDYQASA-N,insecticides (pyrethroid),CC1(C(C1C(=O)OCC2=C(C(=C(C(=C2F)F)COC)F)F)/C=C\C(F)(F)F)C
heptamaloxyloglucan,870721-81-6,Î±-L-fucopyranosyl-(1â2)-Î²-D-galactopyranosyl-(1â2)-Î±-D-xylopyranosyl-(1â6)-[Î±-D-xylopyranosyl-(1â6)-Î²-D-glucopyranosyl-(1â4)]-Î²-D-glucopyranosyl-(1â4)-D-glucitol,RAUODYOTTYNEJP-WTQIIJSDSA-N,plant growth regulators (frost protectant),C[C@H]1[C@H]([C@H]([C@@H]([C@@H](O1)O[C@@H]2[C@H]([C@H]([C@H](O[C@H]2O[C@@H]3[C@H]([C@@H](CO[C@@H]3OC[C@@H]4[C@H]([C@@H]([C@H]([C@@H](O4)O[C@H]([C@@H](CO)O)[C@@H]([C@H](CO)O)O)O)O)O[C@H]5[C@@H]([C@H]([C@@H]([C@H](O5)CO[C@@H]6[C@@H]([C@H]([C@@H](CO6)O)O)O)O)O)O)O)O)CO)O)O)O)O)O
heptenophos,23560-59-0,"7-chlorobicyclo[3.2.0]hepta-2,6-dien-6-yl dimethyl phosphate",GBAWQJNHVWMTLU-UHFFFAOYSA-N,acaricides (organophosphate)insecticides (organophosphate),CO[P](=O)(OC)OC1=C(Cl)C2C=CCC12
heptopargil,73886-28-9,"(1RS,4RS)-bornan-2-one (E)-O-prop-2-ynyloxime",MMCPYGHDMRPDIT-XNRXHLJDSA-Nidentifier for no stereochemistry:RYOCQKYEVIJALB-UHFFFAOYSA-N,plant growth regulators (unclassified),CC1(C)C2CCC1(C)C(\C2)=N/OCC#C
herbimycin,70563-58-5,"(4E,6Z,8S,9S,10E,12S,13R,14S,16S,17R)-8,13,14,17-tetramethoxy-4,10,12,16-tetramethyl-3,20,22-trioxo-2-azabicyclo[16.3.1]docosa-1(21),4,6,10,18-pentaen-9-yl carbamate",MCAHMSDENAOJFZ-BVXDHVRPSA-N,herbicides (botanical),C[C@H]1C[C@@H]([C@@H]([C@H](/C=C(/[C@@H]([C@H](/C=C\C=C(\C(=O)NC2=CC(=O)C=C([C@@H]1OC)C2=O)/C)OC)OC(=O)N)\C)C)OC)OC
herbimycin,70563-58-5,"(4E,6Z,8S,9S,10E,12S,13R,14S,16S,17R)-8,13,14,17-tetramethoxy-4,10,12,16-tetramethyl-3,20,22-trioxo-2-azabicyclo[16.3.1]docosa-1(21),4,6,10,18-pentaen-9-yl carbamate",MCAHMSDENAOJFZ-BVXDHVRPSA-N,herbicides (botanical),C[C@H]1C[C@@H]([C@@H]([C@H](/C=C(/[C@@H]([C@H](/C=C\C=C(\C(=O)NC2=CC(=O)C=C([C@@H]1OC)C2=O)/C)OC)OC(=O)N)\C)C)OC)OC
heterophos,40626-35-5,(RS)-(O-ethyl O-phenyl S-propyl phosphorothioate),XRAFOYUFLGWMQB-UHFFFAOYSA-N,insecticides (phenyl organothiophosphate)nematicides (phenyl organothiophosphate),CCCS[P](=O)(OCC)Oc1ccccc1
hch,608-73-1,"1,2,3,4,5,6-hexachlorocyclohexane",JLYXXMFPNIAWKQ-UHFFFAOYSA-N,insecticides (organochlorine),ClC1C(Cl)C(Cl)C(Cl)C(Cl)C1Cl
hch,608-73-1,"1,2,3,4,5,6-hexachlorocyclohexane",JLYXXMFPNIAWKQ-UHFFFAOYSA-N,insecticides (organochlorine),ClC1C(Cl)C(Cl)C(Cl)C(Cl)C1Cl
hexachloroacetone,116-16-5,hexachloroacetone1979 Rules:perchloroacetone,DOJXGHGHTWFZHK-UHFFFAOYSA-N,herbicides (unclassified),ClC(Cl)(Cl)C(=O)C(Cl)(Cl)Cl
hexachlorobenzene,118-74-1,hexachlorobenzene1979 Rules:perchlorobenzene,CKAPSXZOOQJIBF-UHFFFAOYSA-N,fungicides (organochlorine),Clc1c(Cl)c(Cl)c(Cl)c(Cl)c1Cl
hexachlorobutadiene,87-68-3,"hexachlorobuta-1,3-diene1979 Rules:perchlorobuta-1,3-diene",RWNKSTSCBHKHTB-UHFFFAOYSA-N,fungicides (organochlorine),ClC(Cl)=C(Cl)C(Cl)=C(Cl)Cl
hexachlorophene,70-30-4,"2,2â²-methylenebis(3,4,6-trichlorophenol)",ACGUYXCXAPNIKK-UHFFFAOYSA-N,acaricides (phenol)bactericidesfungicides (phenol),Oc1c(Cl)cc(Cl)c(Cl)c1Cc2c(O)c(Cl)cc(Cl)c2Cl
hexaconazole,79983-71-4,"(RS)-2-(2,4-dichlorophenyl)-1-(1H-1,2,4-triazol-1-yl)hexan-2-ol",STMIIPIFODONDC-UHFFFAOYSA-N,fungicides (triazole),CCCCC(O)(Cn1cncn1)c2ccc(Cl)cc2Cl
hexaflumuron,86479-06-3,"N-{[3,5-dichloro-4-(1,1,2,2-tetrafluoroethoxy)phenyl]carbamoyl}-2,6-difluorobenzamide1979 Rules:1-[3,5-dichloro-4-(1,1,2,2-tetrafluoroethoxy)phenyl]-3-(2,6-difluorobenzoyl)urea",RGNPBRKPHBKNKX-UHFFFAOYSA-N,insecticides (benzoylurea),FC(F)C(F)(F)Oc1c(Cl)cc(NC(=O)NC(=O)c2c(F)cccc2F)cc1Cl
fentrifanil,62441-54-7,"N-[2-chloro-5-(trifluoromethyl)phenyl]-2,4-dinitro-6-(trifluoromethyl)aniline1979 Rules:N-(6-chloro-Î±,Î±,Î±-trifluoro-m-tolyl)-Î±,Î±,Î±-trifluoro-4,6-dinitro-o-toluidine",FVJQBZVCJVMBIP-UHFFFAOYSA-N,acaricides (unclassified)insecticides (unclassified),[O-][N+](=O)c1cc(Nc2cc(ccc2Cl)C(F)(F)F)c(c(c1)[N+]([O-])=O)C(F)(F)F
hexaflurate,17029-22-0,potassium hexafluoroarsenate,DITNVAZRXJOPSJ-UHFFFAOYSA-N,herbicides (arsenical),[K+].F[As-](F)(F)(F)(F)F
hexalure,23192-42-9,(Z)-hexadec-7-en-1-yl acetate,QVXFGVVYTKZLJN-KHPPLWFESA-N,insect attractants (Lepidopteran),CCCCCCCC\C=C/CCCCCCOC(C)=O
hexamide,3653-39-2,azepan-1-yl phenyl ketone1979 Rules:perhydroazepin-1-yl phenyl ketone,KZLCCMBSJDXNDG-UHFFFAOYSA-N,insect repellents,O=C(N1CCCCCC1)c2ccccc2
hexazinone,51235-04-2,"3-cyclohexyl-6-(dimethylamino)-1-methyl-1,3,5-triazine-2,4(1H,3H)-dione",CAWXEEYDBZRFPE-UHFFFAOYSA-N,herbicides (triazinone),CN(C)C1=NC(=O)N(C2CCCCC2)C(=O)N1C
hexylthiofos,41495-67-4,"(RS)-(O-cyclohexyl O,S-diethyl phosphorothioate)",ZJOCMGQZWCTWNX-UHFFFAOYSA-N,fungicides (organothiophosphate),CCO[P](=O)(OC1CCCCC1)SCC
hexythiazox,78587-05-0,"(4RS,5RS)-5-(4-chlorophenyl)-N-cyclohexyl-4-methyl-2-oxothiazolidine-3-carboxamide",KYOUEHWYDNYHAL-IOORBXIBSA-Nidentifier for no stereochemistry:XGWIJUOSCAQSSV-UHFFFAOYSA-N,acaricides (unclassified),C[C@H]1C(SC(=O)N1C(=O)NC2CCCCC2)c3ccc(Cl)cc3
aldrin,309-00-2,"(1R,4S,4aS,5S,8R,8aR)-1,2,3,4,10,10-hexachloro-1,4,4a,5,8,8a-hexahydro-1,4:5,8-dimethanonaphthalene",QBYJBZPUGVGKQQ-SJJAEHHWSA-N,insecticides (chlorinated cyclodiene),ClC1=C(Cl)C2(Cl)C3C4CC(C=C4)C3C1(Cl)C2(Cl)Cl
holosulf,21780-04-1,2-chloroethanesulfinic acid,RRSCOUPNURHZBJ-UHFFFAOYSA-N,plant growth regulators (ethylene releaser),C(CCl)S(=O)O
brassinolide-ethyl,82373-95-3,"(22R,23R,24S)-2Î±,3Î±,22,23-tetrahydroxy-7-oxa-7a,23a-dihomo-5Î±-ergostan-6-one",HJIKODJJEORHMZ-NNPZUXBVSA-N,plant activators,CC[C@H]([C@H]([C@@H]([C@@H](C)[C@H]1CC[C@@H]2[C@@]1(CC[C@H]3[C@H]2COC(=O)[C@@H]4[C@@]3(C[C@H]([C@H](C4)O)O)C)C)O)O)C(C)C
brassinolide-ethyl,82373-95-3,"(22R,23R,24S)-2Î±,3Î±,22,23-tetrahydroxy-7-oxa-7a,23a-dihomo-5Î±-ergostan-6-one",HJIKODJJEORHMZ-NNPZUXBVSA-N,plant activators,CC[C@H]([C@H]([C@@H]([C@@H](C)[C@H]1CC[C@@H]2[C@@]1(CC[C@H]3[C@H]2COC(=O)[C@@H]4[C@@]3(C[C@H]([C@H](C4)O)O)C)C)O)O)C(C)C
cypyrafluone,1855929-45-1,"1-[2-chloro-3-[(3-cyclopropyl-5-hydroxy-1-methyl-1H-pyrazol-4-yl)carbonyl]-6-(trifluoromethyl)phenyl]piperidin-2-one1979 Rules:1-{6-chloro-5-[(3-cyclopropyl-5-hydroxy-1-methyl-1H-pyrazol-4-yl)carbonyl]-Î±,Î±,Î±-trifluoro-o-tolyl}-2-piperidone",KEJFZFIWBXFTKG-UHFFFAOYSA-N,herbicides (benzoylpyrazole),Failed
huancaiwo,None,"acetone O-(12H-dibenzo[d,g][1,3]dioxocin-6-ylcarbonyl)oxime",ZXPDMFFPTPNTQZ-UHFFFAOYSA-N,herbicides (unclassified),CC(=NOC(=O)C1OC2=CC=CC=C2CC3=CC=CC=C3O1)C
dicyclanil,112636-83-6,"4,6-diamino-2-(cyclopropylamino)pyrimidine-5-carbonitrile",PKTIFYGCWCQRSX-UHFFFAOYSA-N,insecticides (aminopyrimidine),Nc1nc(NC2CC2)nc(N)c1C#N
huangcaoling,98565-18-5,[({2-[methyl(methylsulfonyl)amino]-2-oxoethyl}amino)methyl]phosphonic acid1979 Rules:[({[mesyl(methyl)carbamoyl]methyl}amino)methyl]phosphonic acid,HPDFFWOTIYEPLZ-UHFFFAOYSA-N,herbicides (glycine derivative),CN(C(=O)CNC[P](O)(O)=O)[S](C)(=O)=O
huanjunzuo,129586-32-9,"cis-1-(4-chlorophenyl)-2-(1H-1,2,4-triazol-1-yl)cycloheptanol",WSBKLNJAJZVBAF-FGYPTBLJSA-Nidentifier for no stereochemistry:WRGKWWRFSUGDPX-UHFFFAOYSA-N,fungicides (triazole),OC1(CCCCCC1n2cncn2)c3ccc(Cl)cc3
hydramethylnon,67485-29-4,"5,5-dimethyltetrahydropyrimidin-2(1H)-one {1,5-bis[4-(trifluoromethyl)styryl]penta-1,4-dien-3-ylidene}hydrazone1979 Rules:5,5-dimethylperhydropyrimidin-2-one 4-(trifluoromethyl)-Î±-[4-(trifluoromethyl)styryl]cinnamylidenehydrazone",IQVNEKKDSLOHHK-UHFFFAOYSA-N,insecticides (unclassified),CC1(C)CNC(=NC1)N\N=C(/C=C/c2ccc(cc2)C(F)(F)F)\C=C\c3ccc(cc3)C(F)(F)F
hydrargaphen,14235-86-0,"Î¼-(2,2â²-binaphthalene-3-sulfonyloxy)bis(phenylmercury)",KDNVJBRRDKAHDA-UHFFFAOYSA-L,bactericidesfungicides (mercury compound),O=[S](=O)(O[Hg]c1ccccc1)c2cc3ccccc3cc2Cc4cc5ccccc5cc4[S](=O)(=O)O[Hg]c6ccccc6
hydrated%20lime,1305-62-0,calcium hydroxide,AXCZMVOFGPJBDE-UHFFFAOYSA-L,algicides,[OH-].[OH-].[Ca++]
cyanamide,420-04-2,cyanamide,XZMCDFZZKTWFGF-UHFFFAOYSA-N,herbicides (unclassified)plant growth regulators (unclassified),NC#N
hydrogen%20cyanide,74-90-8,hydrogen cyanide,LELOWRISYMNNSU-UHFFFAOYSA-N,insecticides (fumigant)rodenticides (fumigant),C#N
hydroprene,41096-46-2,"ethyl (E,E)-(RS)-3,7,11-trimethyldodeca-2,4-dienoate",FYQGBXGJFWXIPP-UEVLXMDPSA-N,insecticides (juvenile hormone mimic),CCOC(=O)\C=C(C)\C=C\CC(C)CCCC(C)C
hydroprene,41096-46-2,"ethyl (E,E)-(RS)-3,7,11-trimethyldodeca-2,4-dienoate",FYQGBXGJFWXIPP-UEVLXMDPSA-N,insecticides (juvenile hormone mimic),CCOC(=O)\C=C(C)\C=C\CC(C)CCCC(C)C
hymexazol,10004-44-1,5-methylisoxazol-3-ol,KGVPNLBXJKTABS-UHFFFAOYSA-N,fungicides (isoxazole)plant growth regulators (growth stimulator),CC1=CC(=O)NO1
4-hydroxyphenethyl%20alcohol,501-94-0,4-(2-hydroxyethyl)phenol1979 Rules:4-hydroxyphenethyl alcohol,YCCILVSKPBXVIP-UHFFFAOYSA-N,plant growth regulators (cytokinin),OCCc1ccc(O)cc1
8-hydroxyquinoline%20sulfate,134-31-6,sulfuric acidâquinolin-8-ol (1/2)orbis(8-hydroxyquinolinium) sulfate,YYVFXSYQSOZCOQ-UHFFFAOYSA-N,bactericidesfungicides (quinoline),Oc1cccc2ccc[nH+]c12.Oc3cccc4ccc[nH+]c34.[O-][S]([O-])(=O)=O
hymexazol,10004-44-1,5-methylisoxazol-3-ol,KGVPNLBXJKTABS-UHFFFAOYSA-N,fungicides (isoxazole)plant growth regulators (growth stimulator),CC1=CC(=O)NO1
hyquincarb,56716-21-3,"5,6,7,8-tetrahydro-2-methyl-4-quinolyl dimethylcarbamate",UGDSMVBQVGFJGW-UHFFFAOYSA-N,insecticides (dimethylcarbamate),CC1=CC(=C2CCCCC2=N1)OC(=O)N(C)C
iaa,87-51-4,1H-indol-3-ylacetic acidorÎ²-indoleacetic acid,SEOVTRFCIGRIMH-UHFFFAOYSA-N,plant growth regulators (auxin),OC(=O)Cc1c[nH]c2ccccc12
iba,133-32-4,4-(1H-indol-3-yl)butanoic acid1979 Rules:4-(1H-indol-3-yl)butyric acid,JTEDVYBZBROSJT-UHFFFAOYSA-N,plant growth regulators (auxin),OC(=O)CCCc1c[nH]c2ccccc12
iprobenfos,26087-47-8,"S-benzyl O,O-diisopropyl phosphorothioate",FCOAHACKGGIURQ-UHFFFAOYSA-N,fungicides (phosphorothiolate)synergists,CC(C)O[P](=O)(OC(C)C)SCc1ccccc1
icafolin,2254752-27-5,"(2RS,4RS)-4-({[(5S)-3-(3,5-difluorophenyl)-5-vinyl-4,5-dihydroisoxazol-5-yl]carbonyl}amino)tetrahydrofuran-2-carboxylic acid containing 40â70% of the (2R,4R)-isomer and 60â30% of the (2S,4S)-isomer",XTBKUVKZQNKKJP-NHDUPRCSSA-N,herbicides (unclassified),Failed
icaridin,119515-38-7,(1RS)-1-methylpropyl (RS)-2-(2-hydroxyethyl)piperidine-1-carboxylate1979 Rules:(RS)-sec-butyl (RS)-2-(2-hydroxyethyl)piperidine-1-carboxylate,QLHULAHOXSSASE-UHFFFAOYSA-N,insect repellents,CCC(C)OC(=O)N1CCCCC1CCO
imazalil,35554-44-0,"allyl (RS)-1-(2,4-dichlorophenyl)-2-imidazol-1-ylethyl ether",PZBPKYOVPCNPJY-UHFFFAOYSA-N,fungicides (imidazole),Clc1ccc(C(Cn2ccnc2)OCC=C)c(Cl)c1
imazamethabenz,100728-84-5,"reaction mixture of 5-methyl-2-[(4RS)-4-isopropyl-4-methyl-5-oxo-4,5-dihydro-1H-imidazol-2-yl]benzoic acid and 4-methyl-2-[(4RS)-4-isopropyl-4-methyl-5-oxo-4,5-dihydro-1H-imidazol-2-yl]benzoic acid in the ratio 3:21979 Rules:reaction mixture of 6-[(RS)-4-isopropyl-4-methyl-5-oxo-2-imidazolin-2-yl]-m-toluic acid and 2-[(RS)-4-isopropyl-4-methyl-5-oxo-2-imidazolin-2-yl]-p-toluic acid in the ratio 3:2",4-methyl isomer:KFEFNHNXZQYTEW-UHFFFAOYSA-N5-methyl isomer:LUZQQSLTOCTPIN-UHFFFAOYSA-Nidentifier for mixture (not valid):LWMLXPWIAUSXBM-UHFFFAOYSA-N,herbicides (imidazolinone),CC(C)C1(C)N=C(NC1=O)c2cc(C)ccc2C(O)=O
imazapic,104098-48-8,2-[(4RS)-4-isopropyl-4-methyl-5-oxo-2-imidazolin-2-yl]-5-methylpyridine-3-carboxylic acid1979 Rules:2-[(RS)-4-isopropyl-4-methyl-5-oxo-2-imidazolin-2-yl]-5-methylnicotinic acid,PVSGXWMWNRGTKE-UHFFFAOYSA-N,herbicides (imidazolinone),CC(C)C1(C)N=C(NC1=O)c2ncc(C)cc2C(O)=O
imazamox,114311-32-9,2-[(4RS)-4-isopropyl-4-methyl-5-oxo-2-imidazolin-2-yl]-5-(methoxymethyl)pyridine-3-carboxylic acid1979 Rules:2-[(RS)-4-isopropyl-4-methyl-5-oxo-2-imidazolin-2-yl]-5-(methoxymethyl)nicotinic acid,NUPJIGQFXCQJBK-UHFFFAOYSA-N,herbicides (imidazolinone),COCc1cnc(C2=NC(C)(C(C)C)C(=O)N2)c(c1)C(O)=O
imazapic,104098-48-8,2-[(4RS)-4-isopropyl-4-methyl-5-oxo-2-imidazolin-2-yl]-5-methylpyridine-3-carboxylic acid1979 Rules:2-[(RS)-4-isopropyl-4-methyl-5-oxo-2-imidazolin-2-yl]-5-methylnicotinic acid,PVSGXWMWNRGTKE-UHFFFAOYSA-N,herbicides (imidazolinone),CC(C)C1(C)N=C(NC1=O)c2ncc(C)cc2C(O)=O
imazapyr,81334-34-1,2-[(4RS)-4-isopropyl-4-methyl-5-oxo-2-imidazolin-2-yl]pyridine-3-carboxylic acid1979 Rules:2-[(RS)-4-isopropyl-4-methyl-5-oxo-2-imidazolin-2-yl]nicotinic acid,CLQMBPJKHLGMQK-UHFFFAOYSA-N,herbicides (imidazolinone),CC(C)C1(C)N=C(NC1=O)c2ncccc2C(O)=O
imazaquin,81335-37-7,2-[(RS)-4-isopropyl-4-methyl-5-oxo-2-imidazolin-2-yl]quinoline-3-carboxylic acid,CABMTIJINOIHOD-UHFFFAOYSA-N,herbicides (imidazolinone),CC(C)C1(C)N=C(NC1=O)c2nc3ccccc3cc2C(O)=O
imazethapyr,81335-77-5,5-ethyl-2-[(4RS)-4-isopropyl-4-methyl-5-oxo-2-imidazolin-2-yl]pyridine-3-carboxylic acid1979 Rules:5-ethyl-2-[(RS)-4-isopropyl-4-methyl-5-oxo-2-imidazolin-2-yl]nicotinic acid,XVOKUMIPKHGGTN-UHFFFAOYSA-N,herbicides (imidazolinone),CCc1cnc(C2=NC(C)(C(C)C)C(=O)N2)c(c1)C(O)=O
imazosulfuron,122548-33-8,"2-chloro-N-[(4,6-dimethoxypyrimidin-2-yl)carbamoyl]imidazo[1,2-a]pyridine-3-sulfonamide1979 Rules:1-[(2-chloroimidazo[1,2-a]pyridin-3-yl)sulfonyl]-3-(4,6-dimethoxypyrimidin-2-yl)urea",NAGRVUXEKKZNHT-UHFFFAOYSA-N,herbicides (pyrimidinylsulfonylurea),COc1cc(OC)nc(NC(=O)N[S](=O)(=O)c2n3ccccc3nc2Cl)n1
imibenconazole,86598-92-7,"4-chlorobenzyl (EZ)-N-(2,4-dichlorophenyl)-2-(1H-1,2,4-triazol-1-yl)thioacetamidate",AGKSTYPVMZODRV-UHFFFAOYSA-N,fungicides (triazole),Clc1ccc(CSC(Cn2cncn2)=Nc3ccc(Cl)cc3Cl)cc1
imicyafos,140163-89-9,(RS)-{O-ethyl S-propyl (E)-[2-(cyanoimino)-3-ethylimidazolidin-1-yl]phosphonothioate},PPCUNNLZTNMXFO-ACCUITESSA-N,nematicides (phosphoramidate),Failed
imidacloprid,138261-41-3,(E)-1-[(6-chloro-3-pyridyl)methyl]-N-nitroimidazolidin-2-imine,YWTYJOPNNQFBPC-DLSJENCCNA-NStandard InChIKey (no stereo):YWTYJOPNNQFBPC-UHFFFAOYSA-N,insecticides (nitroguanidine),[O-][N+](=O)NC1=NCCN1Cc2ccc(Cl)nc2
imidaclothiz,105843-36-5,(EZ)-1-[(2-chlorothiazol-5-yl)methyl]-N-nitroimidazolidin-2-imine,OWRSHPAYDYCHSJ-UHFFFAOYSA-N,insecticides (nitroguanidine),[O-][N+](=O)NC1=NCCN1Cc2sc(Cl)nc2
iminoctadine,13516-27-3,"1,1â²-(iminodioctamethylene)diguanidineorbis(8-guanidinooctyl)amine",RONFGUROBZGJKP-UHFFFAOYSA-N,fungicides (guanidine),NC(N)=NCCCCCCCCNCCCCCCCCN=C(N)N
imiprothrin,72963-72-5,"reaction mixture of 20% [2,5-dioxo-3-(prop-2-ynyl)imidazolidin-1-yl]methyl (1R,3S)-2,2-dimethyl-3-(2-methylprop-1-enyl)cyclopropanecarboxylate and 80% [2,5-dioxo-3-(prop-2-ynyl)imidazolidin-1-yl]methyl (1R,3R)-2,2-dimethyl-3-(2-methylprop-1-enyl)cyclopropanecarboxylateRothamsted-style stereodescriptors:reaction mixture of 20% [2,5-dioxo-3-(prop-2-ynyl)imidazolidin-1-yl]methyl (1R)-cis-2,2-dimethyl-3-(2-methylprop-1-enyl)cyclopropanecarboxylate and 80% [2,5-dioxo-3-(prop-2-ynyl)imidazolidin-1-yl]methyl (1R)-trans-2,2-dimethyl-3-(2-methylprop-1-enyl)cyclopropanecarboxylate",VPRAQYXPZIFIOH-PYMCNQPYSA-N,insecticides (pyrethroid),CC(C)=CC1C(C(=O)OCN2C(=O)CN(CC#C)C2=O)C1(C)C
inabenfide,82211-24-3,4â²-chloro-2â²-[(Î±RS)-Î±-hydroxybenzyl]pyridine-4-carboxanilide1979 Rules:(RS)-4â²-chloro-2â²-(Î±-hydroxybenzyl)isonicotinanilide,PFDCOZXELJAUTR-UHFFFAOYSA-N,plant growth regulators (unclassified),OC(c1ccccc1)c2cc(Cl)ccc2NC(=O)c3ccncc3
indanofan,133220-30-1,"2-{[(2RS)-2-(3-chlorophenyl)oxiran-2-yl]methyl}-2-ethylindane-1,3-dione1979 Rules:(RS)-2-[2-(3-chlorophenyl)-2,3-epoxypropyl]-2-ethylindan-1,3-dione",PMAAYIYCDXGUAP-UHFFFAOYSA-N,herbicides (oxirane),CCC1(C(=O)C2=CC=CC=C2C1=O)CC3(CO3)C4=CC(=CC=C4)Cl
indazapyroxamet,1689545-27-4,N-(1-methylcyclopropyl)-2-(3-pyridyl)-2H-indazole-4-carboxamide,WNLDKUJBVKSZOA-UHFFFAOYSA-N,insecticides (unclassified),CC1(CC1)NC(=O)C2=CC=CC3=NN(C=C32)C4=CN=CC=C4
indaziflam,950782-86-2,"N2-[(1R,2S)-2,3-dihydro-2,6-dimethyl-1H-inden-1-yl]-6-[(1RS)-1-fluoroethyl]-1,3,5-triazine-2,4-diamine",YFONKFDEZLYQDH-BOURZNODSA-N,herbicides (alkylazine),C[C@H]1CC2=C([C@@H]1NC3=NC(=NC(=N3)N)C(C)F)C=C(C=C2)C
indolauxipyr,1628702-28-2,4-amino-3-chloro-5-fluoro-6-(7-fluoro-1H-indol-6-yl)pyridine-2-carboxylic acidpre-1969 name:4-amino-3-chloro-5-fluoro-6-(7-fluoro-1H-indol-6-yl)picolinic acid,CIPJEXPBJDLNIP-UHFFFAOYSA-N,herbicides (pyridinecarboxylic acid),C1=CC(=C(C2=C1C=CN2)F)C3=NC(=C(C(=C3F)N)Cl)C(=O)O
indoxacarb,173584-44-6,"methyl (S)-N-{[7-chloro-2,3,4a,5-tetrahydro-4a-(methoxycarbonyl)indeno[1,2-e][1,3,4]oxadiazin-2-yl]carbonyl}-4â²-(trifluoromethoxy)carbanilateormethyl (S)-7-chloro-2,3,4a,5-tetrahydro-2-{(methoxycarbonyl)[4-(trifluoromethoxy)phenyl]carbamoyl}indeno[1,2-e][1,3,4]oxadiazine-4a-carboxylate",VBCVPMMZEGZULK-NRFANRHFSA-N,insecticides (oxadiazine),COC(=O)N(C(=O)N1CO[C@]2(Cc3cc(Cl)ccc3C2=N1)C(=O)OC)c4ccc(OC(F)(F)F)cc4
inezin,21722-85-0,(RS)-(S-benzyl O-ethyl phenylphosphonothioate),PBOOGLULPGUHFZ-UHFFFAOYSA-N,fungicides (phosphonate),CCO[P](=O)(SCc1ccccc1)c2ccccc2
diatomaceous%20earth,61790-53-2,Failed,VYPSYNLAJGMNEJ-UHFFFAOYSA-N,insecticides (inorganic),O=[Si]=O
inpyrfluxam,1352994-67-2,"3-(difluoromethyl)-N-[(R)-2,3-dihydro-1,1,3-trimethyl-1H-inden-4-yl]-1-methyl-1H-pyrazole-4-carboxamide",YTCIYOXHHQLDEI-SNVBAGLBSA-N,fungicides (pyrazolecarboxamide),C[C@@H]1CC(C2=C1C(=CC=C2)NC(=O)C3=CN(N=C3C(F)F)C)(C)C
iodobonil,25671-45-8,"allyl 4-cyano-2,6-diiodophenyl carbonate",GGQDJKYTNRIKQS-UHFFFAOYSA-N,herbicides (hydroxybenzonitrile),C=CCOC(=O)OC1=C(C=C(C=C1I)C#N)I
iodocarb,55406-53-6,3-iodoprop-2-ynyl butylcarbamate,WYVVKGNFXHOCQV-UHFFFAOYSA-N,fungicides (carbamate),CCCCNC(=O)OCC#CI
jodfenphos,18181-70-9,"O-(2,5-dichloro-4-iodophenyl) O,O-dimethyl phosphorothioate",LFVLUOAHQIVABZ-UHFFFAOYSA-N,insecticides (phenyl organothiophosphate),CO[P](=S)(OC)Oc1cc(Cl)c(I)cc1Cl
methyl%20iodide,74-88-4,iodomethaneormethyl iodide,INQOMBQAUSQDDS-UHFFFAOYSA-N,fungicides (fumigant)herbicides (fumigant)insecticides (alkyl halide; fumigant)nematicides (alkyl halide; fumigant),CI
iodosulfuron,185119-76-0,"4-iodo-2-{[(4-methoxy-6-methyl-1,3,5-triazin-2-yl)carbamoyl]sulfamoyl}benzoic acid",MBFHUWCOCCICOK-UHFFFAOYSA-N,herbicides (triazinylsulfonylurea),CC1=NC(=NC(=N1)OC)NC(=O)NS(=O)(=O)C2=C(C=CC(=C2)I)C(=O)O
iofensulfuron,1144097-22-2,"2-iodo-N-[(4-methoxy-6-methyl-1,3,5-triazin-2-yl)carbamoyl]benzenesulfonamide1979 Rules:1-[(2-iodophenyl)sulfonyl]-3-(4-methoxy-6-methyl-1,3,5-triazin-2-yl)urea",VQHHIQJPQOLZGF-UHFFFAOYSA-N,herbicides (triazinylsulfonylurea),CC1=NC(=NC(=N1)OC)NC(=O)NS(=O)(=O)C2=CC=CC=C2I
ioxynil,1689-83-4,"4-hydroxy-3,5-diiodobenzonitrile",NRXQIUSYPAHGNM-UHFFFAOYSA-N,herbicides (hydroxybenzonitrile),Oc1c(I)cc(cc1I)C#N
ipazine,1912-25-0,"6-chloro-N2,N2-diethyl-N4-isopropyl-1,3,5-triazine-2,4-diamine",OWYWGLHRNBIFJP-UHFFFAOYSA-N,herbicides (chlorotriazine),CCN(CC)c1nc(Cl)nc(NC(C)C)n1
iodocarb,55406-53-6,3-iodoprop-2-ynyl butylcarbamate,WYVVKGNFXHOCQV-UHFFFAOYSA-N,fungicides (carbamate),CCCCNC(=O)OCC#CI
propham,122-42-9,isopropyl phenylcarbamate1979 Rules:isopropyl carbanilate,VXPLXMJHHKHSOA-UHFFFAOYSA-N,herbicides (carbamate)plant growth regulators (growth inhibitor),CC(C)OC(=O)Nc1ccccc1
ipconazole,125225-28-7,"(1RS,2SR,5RS;1RS,2SR,5SR)-2-(4-chlorobenzyl)-5-isopropyl-1-(1H-1,2,4-triazol-1-ylmethyl)cyclopentanol",QTYCMDBMOLSEAM-UHFFFAOYSA-N,fungicides (triazole),CC(C)C1CCC(Cc2ccc(Cl)cc2)C1(O)Cn3cncn3
ipfencarbazone,212201-70-2,"1-(2,4-dichlorophenyl)-2â²,4â²-difluoro-1,5-dihydro-N-isopropyl-5-oxo-4H-1,2,4-triazole-4-carboxanilide",DHYXNIKICPUXJI-UHFFFAOYSA-N,herbicides (azolylcarboxamide),CC(C)N(C1=C(C=C(C=C1)F)F)C(=O)N2C=NN(C2=O)C3=C(C=C(C=C3)Cl)Cl
ipfentrifluconazole,1417782-08-1,"(2RS)-2-[4-(4-chlorophenoxy)-2-(trifluoromethyl)phenyl]-3-methyl-1-(1H-1,2,4-triazol-1-yl)butan-2-ol1979 Rules:(2RS)-2-[4-(4-chlorophenoxy)-Î±,Î±,Î±-trifluoro-o-tolyl]-3-methyl-1-(1H-1,2,4-triazol-1-yl)butan-2-ol",SIIJJFOXEOHODQ-UHFFFAOYSA-N,fungicides (triazole),CC(C)C(CN1C=NC=N1)(C2=C(C=C(C=C2)OC3=CC=C(C=C3)Cl)C(F)(F)F)O
ipflufenoquin,1314008-27-9,"2-{2-[(7,8-difluoro-2-methyl-3-quinolyl)oxy]-6-fluorophenyl}propan-2-ol",DSXOWZNZGWXWMX-UHFFFAOYSA-N,fungicides (phenylpropanol),CC1=C(C=C2C=CC(=C(C2=N1)F)F)OC3=C(C(=CC=C3)F)C(C)(C)O
iprobenfos,26087-47-8,"S-benzyl O,O-diisopropyl phosphorothioate",FCOAHACKGGIURQ-UHFFFAOYSA-N,fungicides (phosphorothiolate)synergists,CC(C)O[P](=O)(OC(C)C)SCc1ccccc1
iprodione,36734-19-7,"3-(3,5-dichlorophenyl)-N-isopropyl-2,4-dioxoimidazolidine-1-carboxamide",ONUFESLQCSAYKA-UHFFFAOYSA-N,fungicides (dicarboximide),CC(C)NC(=O)N1CC(=O)N(C1=O)c2cc(Cl)cc(Cl)c2
iprovalicarb,140923-17-7,isopropyl [(1S)-2-methyl-1-{[(1RS)-1-p-tolylethyl]carbamoyl}propyl]carbamate,NWUWYYSKZYIQAE-WMCAAGNKSA-N,fungicides (valinamidecarbamate),CC1=CC=C(C=C1)C(C)NC(=O)[C@H](C(C)C)NC(=O)OC(C)C
iprymidam,30182-24-2,"6-chloro-N4-isopropylpyrimidine-2,4-diamine",UCOIYRGMDBGBOU-UHFFFAOYSA-N,herbicides (pyrimidinediamine),CC(C)NC1=CC(=NC(=N1)N)Cl
ipsdienol,35628-00-3,"(S)-2-methyl-6-methyleneocta-2,7-dien-4-ol",NHMKYUHMPXBMFI-SNVBAGLBSA-N,insect attractants (Coleopteran),CC(C)=C[C@@H](O)CC(=C)C=C
ipsenol,35628-05-8,(S)-2-methyl-6-methyleneoct-7-en-4-ol,RHAXCOKCIAVHPB-JTQLQIEISA-N,insect attractants (Coleopteran),CC(C)C[C@H](O)CC(=C)C=C
ipsp,5827-05-4,"S-[(ethylsulfinyl)methyl] O,O-diisopropyl phosphorodithioate",KOTOUBGHZHWCCJ-UHFFFAOYSA-N,insecticides (aliphatic organothiophosphate),CC[S](=O)CS[P](=S)(OC(C)C)OC(C)C
iptriazopyrid,1994348-72-9,"3-[(isopropylsulfonyl)methyl]-N-(5-methyl-1,3,4-oxadiazol-2-yl)-5-(trifluoromethyl)-[1,2,4]triazolo[4,3-a]pyridine-8-carboxamide",ODXFUPRPCAYZLK-UHFFFAOYSA-N,herbicides (unclassified),CC1=NN=C(O1)NC(=O)C2=CC=C(N3C2=NN=C3CS(=O)(=O)C(C)C)C(F)(F)F
proxan,108-25-8,O-isopropyl hydrogen dithiocarbonate,UOJYYXATTMQQNA-UHFFFAOYSA-N,herbicides (thiocarbonate),[K+].CC(C)OC([S-])=S
IR3535,52304-36-6,ethyl N-acetyl-N-butyl-Î²-alaninateorethyl 3-[acetyl(butyl)amino]propanoate,VZRKEAFHFMSHCD-UHFFFAOYSA-N,insect repellents,CCCCN(CCC(=O)OCC)C(C)=O
isamidofos,66602-87-7,(RS)-[O-ethyl S-[(N-methylcarbaniloyl)methyl] N-isopropylphosphoramidothioate],ULNWEXDKQHEUSK-UHFFFAOYSA-N,nematicides (aliphatic organothiophosphate),CCOP(=O)(NC(C)C)SCC(=O)N(C)C1=CC=CC=C1
isazofos,42509-80-8,"O-(5-chloro-1-isopropyl-1H-1,2,4-triazol-3-yl) O,O-diethyl phosphorothioate",XRHGWAGWAHHFLF-UHFFFAOYSA-N,insecticides (aryl organothiophosphate)nematicides (aryl organothiophosphate),CCO[P](=S)(OCC)Oc1nn(C(C)C)c(Cl)n1
isobenzan,297-78-9,"1,3,4,5,6,7,8,8-octachloro-1,3,3a,4,7,7a-hexahydro-4,7-methanoisobenzofuran",LRWHHSXTGZSMSN-UHFFFAOYSA-N,insecticides (chlorinated cyclodiene),ClC1OC(Cl)C2C1C3(Cl)C(=C(Cl)C2(Cl)C3(Cl)Cl)Cl
isocarbamid,30979-48-7,N-(2-methylpropyl)-2-oxoimidazolidine-1-carboxamide1979 Rules:N-isobutyl-2-oxoimidazolidine-1-carboxamide,SBYAVOHNDJTVPA-UHFFFAOYSA-N,herbicides (urea),CC(C)CNC(=O)N1CCNC1=O
isocarbamid,30979-48-7,N-(2-methylpropyl)-2-oxoimidazolidine-1-carboxamide1979 Rules:N-isobutyl-2-oxoimidazolidine-1-carboxamide,SBYAVOHNDJTVPA-UHFFFAOYSA-N,herbicides (urea),CC(C)CNC(=O)N1CCNC1=O
isocarbophos,24353-61-5,(RS)-{O-[2-(isopropoxycarbonyl)phenyl] O-methyl phosphoramidothioate}orisopropyl (RS)-O-[amino(methoxy)thiophosphoryl]salicylate,YFVOXLJXJBQDEF-UHFFFAOYSA-N,acaricides (phosphoramidate)insecticides (phosphoramidate),CO[P](N)(=S)Oc1ccccc1C(=O)OC(C)C
isocil,314-42-1,"5-bromo-3-isopropyl-6-methylpyrimidine-2,4(1H,3H)-dionepre-1969 name:5-bromo-3-isopropyl-6-methyluracil",PSYBGEADHLUXCS-UHFFFAOYSA-N,herbicides (uracil),CC(C)N1C(=O)NC(=C(Br)C1=O)C
isocycloseram,2061933-85-3,"mixture comprised of 80â100% 4-[(5S)-5-(3,5-dichloro-4-fluorophenyl)-5-(trifluoromethyl)-4,5-dihydroisoxazol-3-yl]-N-[(4R)-2-ethyl-3-oxoisoxazolidin-4-yl]-2-methylbenzamide and 20â0% of the (5R,4R), (5R,4S) and (5S,4S) isomers1979 Rules:mixture comprised of 80â100% 4-[(5S)-5-(3,5-dichloro-4-fluorophenyl)-4,5-dihydro-5-(trifluoromethyl)isoxazol-3-yl]-N-[(4R)-2-ethyl-3-oxoisoxazolidin-4-yl]-o-toluamide and 20â0% of the (5R,4R), (5R,4S) and (5S,4S) isomers",WLSQDEYDCAGPIR-GCJKJVERSA-N (major component),insecticides (isoxazoline),Failed
isodrin,465-73-6,"(1R,4S,4aS,5R,8S,8aR)-1,2,3,4,10,10-hexachloro-1,4,4a,5,8,8a-hexahydro-1,4:5,8-dimethanonaphthalene",QBYJBZPUGVGKQQ-DIFDVCDBSA-N,insecticides (chlorinated cyclodiene),ClC1=C(Cl)[C@]2(Cl)[C@H]3[C@H]4C[C@H](C=C4)[C@H]3[C@@]1(Cl)C2(Cl)Cl
isofenphos,25311-71-1,isopropyl (RS)-O-[ethoxy(isopropylamino)phosphinothioyl]salicylateor(RS)-{O-ethyl O-[2-(isopropoxycarbonyl)phenyl] isopropylphosphoramidothioate},HOQADATXFBOEGG-UHFFFAOYSA-N,insecticides (phosphoramidate),CCO[P](=S)(NC(C)C)Oc1ccccc1C(=O)OC(C)C
isofenphos-methyl,99675-03-3,(RS)-{O-[2-(isopropoxycarbonyl)phenyl] O-methyl isopropylphosphoramidothioate}orisopropyl (RS)-O-[(isopropylamino)methoxyphosphinothioyl]salicylate,IXTOWLKEARFCCP-UHFFFAOYSA-N,insecticides (phosphoramidate),CO[P](=S)(NC(C)C)Oc1ccccc1C(=O)OC(C)C
isofetamid,875915-78-9,"N-[1,1-dimethyl-2-(4-isopropoxy-2-methylphenyl)-2-oxoethyl]-3-methylthiophene-2-carboxamide1979 Rules:N-[1,1-dimethyl-2-(4-isopropoxy-o-tolyl)-2-oxoethyl]-3-methylthiophene-2-carboxamide",WMKZDPFZIZQROT-UHFFFAOYSA-N,fungicides (phenyloxoethyl thiopheneamide),CC1=C(SC=C1)C(=O)NC(C)(C)C(=O)C2=C(C=C(C=C2)OC(C)C)C
isoflualanam,2892524-05-7,"mixture of 85â100% methyl N-(4-{(5S)-5-[3,4-dichloro-5-(trifluoromethyl)phenyl]-5-(trifluoromethyl)-4,5-dihydroisoxazol-3-yl}-2-methylbenzoyl)-D-alaninate and 15â0% of the (5R)-D-, (5R)-L- and (5S)-L-isomers",HXCZZJLETFYKNP-FIKIJFGZSA-N,insecticides (isoxazoline),CC1=C(C=CC(=C1)C2=NO[C@@](C2)(C3=CC(=C(C(=C3)Cl)Cl)C(F)(F)F)C(F)(F)F)C(=O)N[C@H](C)C(=O)OC
isoflucypram,1255734-28-1,N-(5-chloro-2-isopropylbenzyl)-N-cyclopropyl-3-(difluoromethyl)-5-fluoro-1-methyl-1H-pyrazole-4-carboxamide,JEFUQUGZXLEHLD-UHFFFAOYSA-N,fungicides (pyrazolecarboxamide),CC(C)C1=C(C=C(C=C1)Cl)CN(C2CC2)C(=O)C3=C(N(N=C3C(F)F)C)F
isolan,119-38-0,1-isopropyl-3-methyl-1H-pyrazol-5-yl dimethylcarbamate,RNNBHZYEKNHLKT-UHFFFAOYSA-N,insecticides (dimethylcarbamate),CC(C)n1nc(C)cc1OC(=O)N(C)C
isomethiozin,57052-04-7,"6-tert-butyl-4-[(1EZ)-2-methylpropylidene]-3-(methylthio)-1,2,4-triazin-5(4H)-one1979 Rules:6-tert-butyl-4-[(EZ)-isobutylideneamino]-3-(methylthio)-1,2,4-triazin-5(4H)-one",MZTLOILRKLUURT-UHFFFAOYSA-N,herbicides (triazinone),CSC1=NN=C(C(=O)N1\N=C\C(C)C)C(C)(C)C
isonoruron,28805-78-9,"reaction mixture of 1,1-dimethyl-3-(octahydro-4,7-methanoinden-1-yl)urea and 1,1-dimethyl-3-(octahydro-4,7-methanoinden-2-yl)urea1979 Rules:reaction mixture of 1,1-dimethyl-3-(perhydro-4,7-methanoinden-1-yl)urea and 1,1-dimethyl-3-(perhydro-4,7-methanoinden-2-yl)urea",inden-1-yl isomer:QOBMKVRRANLSMZ-UHFFFAOYSA-Ninden-2-yl isomer:NGLIDQPGZSUZTI-UHFFFAOYSA-N,herbicides (urea),CN(C)C(=O)NC1CCC2C3CCC(C3)C12
izopamfos,83327-52-0,[3-(nonyloxy)propyl]ammonium methyl phosphonate,ITYHOSNLIFKCIV-UHFFFAOYSA-N,fungicides (phosphonate),Failed
isopolinate,3134-70-1,S-isopropyl azepane-1-carbothioate1979 Rules:S-isopropyl perhydroazepine-1-carbothioate,LMHHRCOWPQNFTF-UHFFFAOYSA-N,herbicides (thiocarbamate),CC(C)SC(=O)N1CCCCCC1
isoprocarb,2631-40-5,2-isopropylphenyl methylcarbamate1979 Rules:o-cumenyl methylcarbamate,QBSJMKIUCUGGNG-UHFFFAOYSA-N,insecticides (phenyl carbamate),CNC(=O)Oc1ccccc1C(C)C
isocil,314-42-1,"5-bromo-3-isopropyl-6-methylpyrimidine-2,4(1H,3H)-dionepre-1969 name:5-bromo-3-isopropyl-6-methyluracil",PSYBGEADHLUXCS-UHFFFAOYSA-N,herbicides (uracil),CC(C)N1C(=O)NC(=C(Br)C1=O)C
isopropalin,33820-53-0,"4-isopropyl-2,6-dinitro-N,N-dipropylaniline",NEKOXWSIMFDGMA-UHFFFAOYSA-N,herbicides (dinitroaniline),CCCN(CCC)c1c(cc(cc1[N+]([O-])=O)C(C)C)[N+]([O-])=O
fluazolate,174514-07-9,isopropyl 5-[4-bromo-1-methyl-5-(trifluoromethyl)-1H-pyrazol-3-yl]-2-chloro-4-fluorobenzoate,FKLQIONHGSFYJY-UHFFFAOYSA-N,herbicides (phenylpyrazole),CC(C)OC(=O)c1cc(c(F)cc1Cl)c2nn(C)c(c2Br)C(F)(F)F
isoprothiolane,50512-35-1,"diisopropyl 1,3-dithiolan-2-ylidenemalonate",UFHLMYOGRXOCSL-UHFFFAOYSA-N,fungicides (dithiolane)insecticides (dithiolane),CC(C)OC(=O)C(C(=O)OC(C)C)=C1SCCS1
isoproturon,34123-59-6,"3-(4-isopropylphenyl)-1,1-dimethylurea1979 Rules:3-p-cumenyl-1,1-dimethylurea",PUIYMUZLKQOUOZ-UHFFFAOYSA-N,algicidesherbicides (phenylurea),CC(C)c1ccc(NC(=O)N(C)C)cc1
isopyrazam,881685-58-1,"reaction mixture of 70â100% 2 syn-isomers 3-(difluoromethyl)-1-methyl-N-[(1RS,4SR,9RS)-1,2,3,4-tetrahydro-9-isopropyl-1,4-methanonaphthalen-5-yl]-1H-pyrazole-4-carboxamide and 30â0% 2 anti-isomers 3-(difluoromethyl)-1-methyl-N-[(1RS,4SR,9SR)-1,2,3,4-tetrahydro-9-isopropyl-1,4-methanonaphthalen-5-yl]-1H-pyrazole-4-carboxamide",XTDZGXBTXBEZDN-UHFFFAOYSA-N,fungicides (pyrazolecarboxamide),CC(C)C1C2CCC1C3=C2C=CC=C3NC(=O)C4=CN(N=C4C(F)F)C
isopyrimol,55283-69-7,(RS)-1-(4-chlorophenyl)-2-methyl-1-pyrimidin-5-ylpropan-1-ol,RKLCNSACPVMCDV-UHFFFAOYSA-N,plant growth regulators (growth inhibitor),CC(C)C(O)(c1ccc(Cl)cc1)c2cncnc2
isothioate,36614-38-7,"S-[2-(isopropylthio)ethyl] O,O-dimethyl phosphorodithioate",SPCNPOWOBZQWJK-UHFFFAOYSA-N,insecticides (aliphatic organothiophosphate),CO[P](=S)(OC)SCCSC(C)C
isotianil,224049-04-1,"3,4-dichloro-2â²-cyanoisothiazole-5-carboxanilide",WLPCAERCXQSYLQ-UHFFFAOYSA-N,fungicides (thiadiazolecarboxamide)plant activators,C1=CC=C(C(=C1)C#N)NC(=O)C2=C(C(=NS2)Cl)Cl
isouron,55861-78-4,"3-(5-tert-butylisoxazol-3-yl)-1,1-dimethylurea",JLLJHQLUZAKJFH-UHFFFAOYSA-N,herbicides (urea),CN(C)C(=O)Nc1cc(on1)C(C)(C)C
isovaledione,70017-93-5,"3-(3,5-dichlorophenyl)-1-(3-methylbutanoyl)imidazolidine-2,4-dione1979 Rules:3-(3,5-dichlorophenyl)-1-isovalerylimidazolidine-2,4-dione",GPUHJQHXIFJPGN-UHFFFAOYSA-N,fungicides (dicarboximide),CC(C)CC(=O)N1CC(=O)N(C1=O)c2cc(Cl)cc(Cl)c2
isoxaben,82558-50-7,"N-[3-(1-ethyl-1-methylpropyl)isoxazol-5-yl]-2,6-dimethoxybenzamide",PMHURSZHKKJGBM-UHFFFAOYSA-N,herbicides (benzamide),CCC(C)(CC)c1cc(NC(=O)c2c(OC)cccc2OC)on1
isoxacarbole,142993-75-7,ethyl 5-cyclopropyl-4-[2-(methylsulfonyl)-4-(trifluoromethyl)benzoyl]isoxazole-3-carboxylate,QYZXWMYCMLQDKT-UHFFFAOYSA-N,herbicides (isoxazole),CCOC(=O)C1=NOC(=C1C(=O)C2=C(C=C(C=C2)C(F)(F)F)S(=O)(=O)C)C3CC3
isoxachlortole,141112-06-3,4-chloro-2-(methylsulfonyl)phenyl 5-cyclopropylisoxazol-4-yl ketone1979 Rules:4-chloro-2-mesylphenyl 5-cyclopropylisoxazol-4-yl ketone,LNGRZPZKVUBWQV-UHFFFAOYSA-N,herbicides (isoxazole),CS(=O)(=O)C1=C(C=CC(=C1)Cl)C(=O)C2=C(ON=C2)C3CC3
isoxadifen,209866-92-2,"4,5-dihydro-5,5-diphenylisoxazole-3-carboxylic acid",ITGSCCPVERXFGN-UHFFFAOYSA-N,herbicide safeners,OC(=O)C1=NOC(C1)(c2ccccc2)c3ccccc3
isoxafenacil,1949837-17-5,"ethyl (5RS)-3-(2-chloro-4-fluoro-5-(3-methyl-2,6-dioxo-4-(trifluoromethyl)-3,6-dihydropyrimidin-1(2H)-yl)phenyl)-5-methyl-4,5-dihydroisoxazole-5-carboxylate",ZFQQLFKHTMIGJX-UHFFFAOYSA-N,herbicides (N-phenylimide),CCOC(=O)C1(CC(=NO1)C2=CC(=C(C=C2Cl)F)N3C(=O)C=C(N(C3=O)C)C(F)(F)F)C
isoxaflutole,141112-29-0,"5-cyclopropylisoxazol-4-yl 2-(methylsulfonyl)-4-(trifluoromethyl)phenyl ketone1979 Rules:5-cyclopropylisoxazol-4-yl Î±,Î±,Î±-trifluoro-2-mesyl-p-tolyl ketone",OYIKARCXOQLFHF-UHFFFAOYSA-N,herbicides (isoxazole),C[S](=O)(=O)c1cc(ccc1C(=O)c2cnoc2C3CC3)C(F)(F)F
isoxapyrifop,87757-18-4,"(2RS)-2-{4-[(3,5-dichloro-2-pyridyl)oxy]phenoxy}-1-(isoxazolidin-2-yl)propan-1-one1979 Rules:(RS)-2-(2-{4-[(3,5-dichloro-2-pyridyl)oxy]phenoxy}propionyl)isoxazolidine",ANFHKXSOSRDDRQ-UHFFFAOYSA-N,herbicides (aryloxyphenoxypropionic),CC(Oc1ccc(Oc2ncc(Cl)cc2Cl)cc1)C(=O)N3CCCO3
isoxathion,18854-01-8,"O,O-diethyl O-(5-phenylisoxazol-3-yl) phosphorothioate",SDMSCIWHRZJSRN-UHFFFAOYSA-N,insecticides (aryl organothiophosphate),CCO[P](=S)(OCC)Oc1cc(on1)c2ccccc2
isouron,55861-78-4,"3-(5-tert-butylisoxazol-3-yl)-1,1-dimethylurea",JLLJHQLUZAKJFH-UHFFFAOYSA-N,herbicides (urea),CN(C)C(=O)Nc1cc(on1)C(C)(C)C
ivermectin,70288-86-7,"extended von Baeyer nomenclature: mixture of (10E,14E,16E)-(1R,4S,5â²S,6R,6â²R,8R,12S,13S,20R,21R,24S)-6â²-[(S)-sec-butyl]-21,24-dihydroxy-5â²,11,13,22-tetramethyl-2-oxo-(3,7,19-trioxatetracyclo[15.6.1.14,8.020,24]pentacosa-10,14,16,22-tetraene)-6-spiro-2â²-(tetrahydropyran)-12-yl 2,6-dideoxy-4-O-(2,6-dideoxy-3-O-methyl-Î±-L-arabino-hexopyranosyl)-3-O-methyl-Î±-L-arabino-hexopyranoside and (10E,14E,16E)-(1R,4S,5â²S,6R,6â²R,8R,12S,13S,20R,21R,24S)-21,24-dihydroxy-6â²-isopropyl-5â²,11,13,22-tetramethyl-2-oxo-(3,7,19-trioxatetracyclo[15.6.1.14,8.020,24]pentacosa-10,14,16,22-tetraene)-6-spiro-2â²-(tetrahydropyran)-12-yl 2,6-dideoxy-4-O-(2,6-dideoxy-3-O-methyl-Î±-L-arabino-hexopyranosyl)-3-O-methyl-Î±-L-arabino-hexopyranosideorbridged fused ring systems nomenclature: mixture of (2aE,4E,8E)-(5â²S,6S,6â²R,7S,11R,13R,15S,17aR,20R,20aR,20bS)-6â²-[(S)-sec-butyl]-3â²,4â²,5â²,6,6â²,7,10,11,14,15,17a,20,20a,20b-tetradecahydro-20,20b-dihydroxy-5â²,6,8,19-tetramethyl-17-oxospiro[11,15-methano-2H,13H,17H-furo[4,3,2-pq][2,6]benzodioxacyclooctadecin-13,2â²-[2H]pyran]-7-yl 2,6-dideoxy-4-O-(2,6-dideoxy-3-O-methyl-Î±-L-arabino-hexopyranosyl)-3-O-methyl-Î±-L-arabino-hexopyranoside and (2aE,4E,8E)-(5â²S,6S,6â²R,7S,11R,13R,15S,17aR,20R,20aR,20bS)-3â²,4â²,5â²,6,6â²,7,10,11,14,15,17a,20,20a,20b-tetradecahydro-20,20b-dihydroxy-6â²-isopropyl-5â²,6,8,19-tetramethyl-17-oxospiro[11,15-methano-2H,13H,17H-furo[4,3,2-pq][2,6]benzodioxacyclooctadecin-13,2â²-[2H]pyran]-7-yl 2,6-dideoxy-4-O-(2,6-dideoxy-3-O-methyl-Î±-L-arabino-hexopyranosyl)-3-O-methyl-Î±-L-arabino-hexopyranoside","22,23-dihydroavermectin B1a (6â²-(S)-sec-butyl):AZSNMRSAGSSBNP-XPNPUAGNSA-N22,23-dihydroavermectin B1b (6â²-isopropyl):VARHUCVRRNANBD-PVVXTEPVSA-Nidentifier for mixture (not valid):SPBDXSGPUHCETR-JFUDTMANSA-N",acaricides (avermectin)insecticides (avermectin),CCC(C)[C@H]1O[C@]2(CC[C@@H]1C)C[C@@H]3C[C@@H](C/C=C(C)/[C@@H](O[C@H]4C[C@H](OC)[C@@H](O[C@H]5C[C@H](OC)[C@@H](O)[C@H](C)O5)[C@H](C)O4)[C@@H](C)/C=C/C=C/6CO[C@@H]7[C@H](O)C(=C[C@@H](C(=O)O3)[C@]67O)C)O2.CO[C@H]8C[C@@H](O[C@@H](C)[C@@H]8O)O[C@H]9[C@H](C)O[C@H](C[C@@H]9OC)O[C@H]\%10[C@@H](C)/C=C/C=C/%11CO[C@@H]%12[C@H](O)C(=C[C@@H](C(=O)O[C@H]%13C[C@@H](C/C=C%10C)O[C@@]%14(CC[C@H](C)[C@H](O%14)C(C)C)C%13)[C@]%11%12O)C
isoxaben,82558-50-7,"N-[3-(1-ethyl-1-methylpropyl)isoxazol-5-yl]-2,6-dimethoxybenzamide",PMHURSZHKKJGBM-UHFFFAOYSA-N,herbicides (benzamide),CCC(C)(CC)c1cc(NC(=O)c2c(OC)cccc2OC)on1
izopamfos,83327-52-0,[3-(nonyloxy)propyl]ammonium methyl phosphonate,ITYHOSNLIFKCIV-UHFFFAOYSA-N,fungicides (phosphonate),Failed
izopamfos,83327-52-0,[3-(nonyloxy)propyl]ammonium methyl phosphonate,ITYHOSNLIFKCIV-UHFFFAOYSA-N,fungicides (phosphonate),Failed
japonilure,64726-91-6,"(1Z,5R)-5-dec-1-enyltetrahydrofuran-2-one",QTGIYXFCSKXKMO-XPSMFNQNSA-N,insect attractants (Coleopteran),CCCCCCCC\C=C/[C@H]1CCC(=O)O1
japothrins,10597-73-6,"(5-allyl-2-furyl)methyl (1RS,3RS;1RS,3SR)-2,2-dimethyl-3-(2-methylprop-1-en-1-yl)cyclopropanecarboxylate1979 Rules:5-allylfurfuryl (1RS,3RS;1RS,3SR)-2,2-dimethyl-3-(2-methylprop-1-enyl)cyclopropanecarboxylate",QVDCSEPAJNGCBF-UHFFFAOYSA-N,insecticides (pyrethroid),CC(C)=CC1C(C(=O)OCc2oc(CC=C)cc2)C1(C)C
jasmolin%20i,4466-14-2,"(Z)-(S)-2-methyl-4-oxo-3-(pent-2-enyl)cyclopent-2-enyl (1R,3R)-2,2-dimethyl-3-(2-methylprop-1-enyl)cyclopropanecarboxylateRothamsted-style stereodescriptors:(Z)-(S)-2-methyl-4-oxo-3-(pent-2-enyl)cyclopent-2-enyl (1R)-trans-2,2-dimethyl-3-(2-methylprop-1-enyl)cyclopropanecarboxylatepre-1969 name:(+)-cis-2-methyl-4-oxo-3-(pent-2-enyl)cyclopent-2-enyl (+)-trans-chrysanthemate",NZKIRHFOLVYKFT-VUMXUWRFSA-N,insecticides (pyrethrin),CC/C=C/CC1=C(C)C(CC1=O)OC(=O)C2C(C=C(C)C)C2(C)C
jasmolin%20ii,1172-63-0,"(Z)-(S)-2-methyl-4-oxo-3-(pent-2-enyl)cyclopent-2-enyl (E)-(1R,3R)-3-(2-methoxycarbonylprop-1-enyl)-2,2-dimethylcyclopropanecarboxylateRothamsted-style stereodescriptors:(Z)-(S)-2-methyl-4-oxo-3-(pent-2-enyl)cyclopent-2-enyl (E)-(1R)-trans-3-(2-methoxycarbonylprop-1-enyl)-2,2-dimethylcyclopropanecarboxylatepre-1969 name:(+)-cis-2-methyl-4-oxo-3-(pent-2-enyl)cyclopent-2-enyl pyrethrate",WKNSDDMJXANVMK-XIGJTORUSA-N,insecticides (pyrethrin),CC\C=C\CC1=C(C)C(CC1=O)OC(=O)C2C(\C=C(/C)C(=O)OC)C2(C)C
jasmonic%20acid,6894-38-8,"(1R,2R)-3-oxo-2-(Z)-pent-2-enylcyclopentylacetic acid",ZNJFBWYDHIGLCU-HWKXXFMVSA-N,plant growth regulators (growth inhibitor),CC\C=C/C[C@@H]1[C@H](CCC1=O)CC(O)=O
jiahuangchongzong,None,4-[4-chloro-Î±-{(1EZ)-[(1EZ)-(1-methylpropylidene)]hydrazinylidene}benzyl]phenyl methanesulfonate1979 Rules:4-({Î±-{(EZ)-[(EZ)-sec-butylidene]hydrazono}-4-chlorobenzyl)phenyl methanesulfonate,JGYYKLXQSLVGSS-UHFFFAOYSA-N,insecticides (unclassified),CCC(=NN=C(C1=CC=C(C=C1)OS(=O)(=O)C)C2=CC=C(C=C2)Cl)C
jiajizengxiaolin,33576-92-0,"O,O-dimethyl O-phenyl phosphorothioate",PZZAINQLAOZPRL-UHFFFAOYSA-N,synergists,CO[P](=S)(OC)Oc1ccccc1
jiaxiangjunzhi,850881-30-0,"methyl (2E)-2-(2-{[(3,4-dimethyl-2-oxo-2H-chromen-7-yl)oxy]methyl}phenyl)-3-methoxyprop-2-enoate1979 Rules:methyl (2E)-2-(2-{[(3,4-dimethyl-2-oxo-2H-chromen-7-yl)oxy]methyl}phenyl)-3-methoxyacrylate",AOZYNCYSQLZALW-DEDYPNTBSA-N,fungicides (methoxyacrylate),CC1=C(C(=O)OC2=C1C=CC(=C2)OCC3=CC=CC=C3/C(=C\OC)/C(=O)OC)C
jiecaowan,22052-63-7,"2-(dichloromethyl)-2-methyl-1,3-dioxolane",OHXLAOJLJWLEIP-UHFFFAOYSA-N,herbicide safeners,CC1(OCCO1)C(Cl)Cl
jiecaoxi,97454-00-7,"N-allyl-N-[(allylcarbamoyl)methyl]-2,2-dichloroacetamide",ZAWPDPLWGKAAHU-UHFFFAOYSA-N,herbicide safeners,ClC(Cl)C(=O)N(CC=C)CC(=O)NCC=C
validamycin,37248-47-8,"(1R,2R,3S,4S,6R)-2,3-dihydroxy-6-(hydroxymethyl)-4-{[(1S,4R,5S,6S)-4,5,6-trihydroxy-3-(hydroxymethyl)cyclohex-2-en-1-yl]amino}cyclohexyl Î²-D-glucopyranoside",JARYYMUOCXVXNK-CSLFJTBJSA-N,fungicides (glucopyranoside),OC[C@H]1C[C@H](N[C@H]2C=C(CO)[C@@H](O)[C@H](O)[C@H]2O)[C@H](O)[C@@H](O)[C@@H]1O[C@@H]3O[C@H](CO)[C@@H](O)[C@H](O)[C@H]3O
jodfenphos,18181-70-9,"O-(2,5-dichloro-4-iodophenyl) O,O-dimethyl phosphorothioate",LFVLUOAHQIVABZ-UHFFFAOYSA-N,insecticides (phenyl organothiophosphate),CO[P](=S)(OC)Oc1cc(Cl)c(I)cc1Cl
juvenile%20hormone%20i,13804-51-8,"methyl (2E,6E,10Z)-10,11-epoxy-7-ethyl-3,11-dimethyl-2,6-tridecadienoate",RQIDGZHMTWSMMC-TZNPKLQUSA-N,insecticides (juvenile hormone),CC\C(CCC1OC1(C)CC)=C/CC\C(C)=C\C(=O)OC
juvenile%20hormone%20ii,34218-61-6,"methyl (2E,6E,10Z)-10,11-epoxy-3,7,11-trimethyl-2,6-tridecadienoate",CPVQJXZBSGXTGJ-TZDLBHCHSA-N,insecticides (juvenile hormone),CC[C@]1([C@H](O1)CC/C(=C/CC/C(=C/C(=O)OC)/C)/C)C
juvenile%20hormone%20iii,22963-93-5,"methyl (2E,6E,10R)-10,11-epoxy-3,7,11-trimethyl-2,6-dodecadienoate",QVJMXSGZTCGLHZ-HONBPKQLSA-N,insecticides (juvenile hormone),COC(=O)/C=C(C)/CC/C=C(C)/CC[C@H]1OC1(C)C
kadethrin,58769-20-3,"(5-benzyl-3-furyl)methyl (1R,3S)-3-[(E)-(2-oxo-dihydro-3(2H)-thienylidene)methyl]-2,2-dimethylcyclopropanecarboxylateRothamsted-style stereodescriptors:(5-benzyl-3-furyl)methyl (1R)-cis-3-[(E)-(2-oxo-dihydro-3(2H)-thienylidene)methyl]-2,2-dimethylcyclopropanecarboxylate",UGWALRUNBSBTGI-ZKMZRDRYSA-N,insecticides (pyrethroid),CC1(C)[C@H](\C=C2/CCSC2=O)C1C(=O)OCc3coc(Cc4ccccc4)c3
kappa-bifenthrin,439680-76-9,"(2-methylbiphenyl-3-yl)methyl (1R,3R)-3-[(Z)-2-chloro-3,3,3-trifluoroprop-1-enyl]-2,2-dimethylcyclopropanecarboxylateRothamsted-style stereodescriptors:(2-methylbiphenyl-3-yl)methyl (1R)-cis-3-[(Z)-2-chloro-3,3,3-trifluoroprop-1-enyl]-2,2-dimethylcyclopropanecarboxylate",OMFRMAHOUUJSGP-IRHGGOMRSA-N,insecticides (pyrethroid),CC1=C(C=CC=C1C2=CC=CC=C2)COC(=O)[C@@H]3[C@@H](C3(C)C)/C=C(/C(F)(F)F)\Cl
kappa-tefluthrin,391634-71-2,"2,3,5,6-tetrafluoro-4-methylbenzyl (1R,3R)-3-[(Z)-2-chloro-3,3,3-trifluoroprop-1-enyl]-2,2-dimethylcyclopropanecarboxylateRothamsted-style stereodescriptors:2,3,5,6-tetrafluoro-4-methylbenzyl (1R)-cis-3-[(Z)-2-chloro-3,3,3-trifluoroprop-1-enyl]-2,2-dimethylcyclopropanecarboxylate",ZFHGXWPMULPQSE-UKSCLKOJSA-N,insecticides (pyrethroid),CC1=C(C(=C(C(=C1F)F)COC(=O)[C@@H]2[C@@H](C2(C)C)/C=C(/C(F)(F)F)\Cl)F)F
karbutilate,4849-32-5,"3-[(dimethylcarbamoyl)amino]phenyl tert-butylcarbamate1979 Rules:3-(3,3-dimethylureido)phenyl tert-butylcarbamate",OWNAXTAAAQTBSP-UHFFFAOYSA-N,herbicides (phenylurea),CN(C)C(=O)Nc1cccc(OC(=O)NC(C)(C)C)c1
karetazan,81051-65-2,"2-(4-chlorophenyl)-1-ethyl-6-methyl-4-oxo-1,4-dihydropyridine-3-carboxylic acid1979 Rules:2-(4-chlorophenyl)-1-ethyl-1,4-dihydro-6-methyl-4-oxonicotinic acid",GQFJDWYHPRLNHR-UHFFFAOYSA-N,plant growth regulators (gametocide),CCN1C(=CC(=O)C(=C1C2=CC=C(C=C2)Cl)C(=O)O)C
kasugamycin,6980-18-3,"1L-1,3,4/2,5,6-1-deoxy-2,3,4,5,6-pentahydroxycyclohexyl 2-amino-2,3,4,6-tetradeoxy-4-(Î±-iminoglycino)-Î±-D-arabino-hexopyranosideor[5-amino-2-methyl-6-(2,3,4,5,6-pentahydroxycyclohexyloxy)tetrahydropyran-3-yl]amino-Î±-iminoacetic acid",PVTHJAPFENJVNC-MHRBZPPQSA-N,bactericidesfungicides (hexopyranoside),[Cl-].C[C@H]1O[C@H](OC2[C@H](O)[C@@H](O)C(O)[C@H](O)[C@@H]2O)[C@@H](N)C[C@@H]1N=C(N)C(O)=O.[H+]
kejunlin,1068-22-0,"ammonium O,O-diethyl phosphorodithioate",HFRHTRKMBOQLLL-UHFFFAOYSA-N,fungicides (organothiophosphate),[NH4+].CCO[P]([S-])(=S)OCC
kelevan,4234-79-1,"ethyl 5-(1,2,3,4,6,7,8,9,10,10-decachloro-5-hydroxypentacyclo[5.3.0.02,6.03,9.04,8]dec-5-yl)-4-oxovalerate",POSKOXIJDWDKPH-UHFFFAOYSA-N,insecticides (chlorinated cyclodiene),CCOC(=O)CCC(=O)CC1(O)C2(Cl)C3(Cl)C4(Cl)C(Cl)(Cl)C5(Cl)C3(Cl)C1(Cl)C5(Cl)C24Cl
ketospiradox,209790-31-8,"1-[(2â²,3â²-dihydro-5â²,8â²-dimethyl-1â²,1â²-dioxidospiro[1,3-dioxolane-2,4â²-thiochromen]-6â²-yl)carbonyl]-2,6-dioxocyclohexane",UNPABTKSZYKCBK-UHFFFAOYSA-N,herbicides (triketone),CC1=CC(=C(C2=C1S(=O)(=O)CCC23OCCO3)C)C(=O)C4C(=O)CCCC4=O
diatomaceous%20earth,61790-53-2,Failed,VYPSYNLAJGMNEJ-UHFFFAOYSA-N,insecticides (inorganic),O=[Si]=O
kinetin,525-79-1,N-(2-furylmethyl)-7H-purin-6-amine1979 Rules:N-furfuryladenine,QANMHLXAZMSUEX-UHFFFAOYSA-N,plant growth regulators (cytokinin),C(Nc1ncnc2nc[nH]c12)c3occc3
kinoprene,42588-37-4,"prop-2-ynyl (E,E)-(RS)-3,7,11-trimethyldodeca-2,4-dienoate",FZRBKIRIBLNOAM-WHVZTFIZSA-N,insecticides (juvenile hormone mimic),CC(C)CCCC(C)C\C=C\C(C)=C\C(=O)OCC#C
kinoprene,42588-37-4,"prop-2-ynyl (E,E)-(RS)-3,7,11-trimethyldodeca-2,4-dienoate",FZRBKIRIBLNOAM-WHVZTFIZSA-N,insecticides (juvenile hormone mimic),CC(C)CCCC(C)C\C=C\C(C)=C\C(=O)OCC#C
benalaxyl-m,98243-83-5,"methyl N-(2,6-dimethylphenyl)-N-(phenylacetyl)-D-alaninate1979 Rules:methyl N-(phenylacetyl)-N-(2,6-xylyl)-D-alaninate",CJPQIRJHIZUAQP-MRXNPFEDSA-N,fungicides (acylalanine),CC1=C(C(=CC=C1)C)N([C@H](C)C(=O)OC)C(=O)CC2=CC=CC=C2
kresoxim-methyl,143390-89-0,methyl (2E)-(methoxyimino){2-[(o-tolyloxy)methyl]phenyl}acetate1979 Rules:methyl (E)-(methoxyimino)[Î±-(o-tolyloxy)-o-tolyl]acetate,ZOTBXTZVPHCKPN-HTXNQAPBSA-N,fungicides (oximinoacetate),CO\N=C(C(=O)OC)/c1ccccc1COc2ccccc2C
kuicaoxi,None,ethyl (2RS)-2-{{(2RS)-2-{4-[(6-chloroquinoxalin-2-yl)oxy]phenoxy}propanoyl]oxy}-3-methylbut-3-enoate1979 Rules:ethyl (2RS)-2-{{(2RS)-2-{4-[(6-chloroquinoxalin-2-yl)oxy]phenoxy}propionyl]oxy}-3-methylbut-3-enoate,DJSHNWJVTGYEGI-UHFFFAOYSA-N,herbicides (aryloxyphenoxypropionic),CCOC(=O)C(C(=C)C)OC(=O)C(C)OC1=CC=C(C=C1)OC2=CN=C3C=C(C=CC3=N2)Cl
lactofen,77501-63-4,"(1RS)-2-ethoxy-1-methyl-2-oxoethyl 5-[2-chloro-4-(trifluoromethyl)phenoxy]-2-nitrobenzoate1979 Rules:ethyl O-{5-[(2-chloro-Î±,Î±,Î±-trifluoro-p-tolyl)oxy]-2-nitrobenzoyl}-DL-lactate",CONWAEURSVPLRM-UHFFFAOYSA-N,herbicides (diphenyl ether),CCOC(=O)C(C)OC(=O)c1cc(Oc2ccc(cc2Cl)C(F)(F)F)ccc1[N+]([O-])=O
lambda-cyhalothrin,91465-08-6,"reaction product comprising equal quantities of (R)-Î±-cyano-3-phenoxybenzyl (1S,3S)-3-[(Z)-2-chloro-3,3,3-trifluoroprop-1-enyl]-2,2-dimethylcyclopropanecarboxylate and (S)-Î±-cyano-3-phenoxybenzyl (1R,3R)-3-[(Z)-2-chloro-3,3,3-trifluoroprop-1-enyl]-2,2-dimethylcyclopropanecarboxylateRothamsted-style stereodescriptors:reaction product comprising equal quantities of (R)-Î±-cyano-3-phenoxybenzyl (1S)-cis-3-[(Z)-2-chloro-3,3,3-trifluoroprop-1-enyl]-2,2-dimethylcyclopropanecarboxylate and (S)-Î±-cyano-3-phenoxybenzyl (1R)-cis-3-[(Z)-2-chloro-3,3,3-trifluoroprop-1-enyl]-2,2-dimethylcyclopropanecarboxylate",BFPGVJIMBRLFIR-GUCBCRIZSA-Nidentifier for no stereochemistry:ZXQYGBMAQZUVMI-UHFFFAOYSA-N,insecticides (pyrethroid),CC1(C)[C@@H](\C=C(/Cl)C(F)(F)F)[C@H]1C(=O)OC(C#N)c2cccc(Oc3ccccc3)c2
lancotrione,1486617-21-3,"2-{2-chloro-3-[2-(1,3-dioxolan-2-yl)ethoxy]-4-(methylsulfonyl)benzoyl}-3-hydroxycyclohex-2-en-1-one1979 Rules:2-{2-chloro-3-[2-(1,3-dioxolan-2-yl)ethoxy]-4-mesylbenzoyl}-3-hydroxycyclohex-2-en-1-one",YYRPFCKCSGLKJS-UHFFFAOYSA-N,herbicides (triketone),Failed
latilure,25312-34-9,"(2RS,3E)-4-[(1RS)-2,6,6-trimethylcyclohex-2-en-1-yl]but-3-en-2-ol",PWDOJWCZWKWKSE-BQYQJAHWSA-N,insect attractants (Dipteran),CC(O)/C=C/C1C(=CCCC1(C)C)C
lead%20arsenate,7784-40-9,lead arsenateorlead hydrogen arsenate,GDGMAFUMUYGVFK-UHFFFAOYSA-L,insecticides (arsenical)plant growth regulators (unclassified),[Pb++].O[As]([O-])([O-])=O
ledprona,2433753-68-3,Failed,YROCNOMGGCXEN-KVQQXCGEBA-N (Sense)JITAZDZERUFLGA-RJPZJKRDBA-N (Antisense),insecticides (RNAi),Failed
lenacil,2164-08-1,"3-cyclohexyl-6,7-dihydro-1H-cyclopenta[d]pyrimidine-2,4(3H,5H)-dione1979 Rules:3-cyclohexyl-1,5,6,7-tetrahydrocyclopentapyrimidine-2,4(3H)-dione",ZTMKADLOSYKWCA-UHFFFAOYSA-N,herbicides (uracil),O=C1NC2=C(CCC2)C(=O)N1C3CCCCC3
lepimectin,863549-51-3,"extended von Baeyer nomenclature: mixture of 80â100% (10E,14E,16E)-(1R,4S,5â²S,6R,6â²R,8R,12R,13S,20R,21R,24S)-6â²-ethyl-21,24-dihydroxy- 5â²,11,13,22-tetramethyl-2-oxo-(3,7,19-trioxatetracyclo[15.6.1.14,8.020,24]pentacosa-10,14,16,22-tetraene)-6-spiro-2â²-(tetrahydropyran)-12-yl (Z)-2-(methoxyimino)-2-phenylacetate and 20â0% (10E,14E,16E)-(1R,4S,5â²S,6R,6â²R,8R,12R,13S,20R,21R,24S)-21,24-dihydroxy-5â²,6â²,11,13,22-pentamethyl-2-oxo-(3,7,19-trioxatetracyclo[15.6.1.14,8.020,24]pentacosa-10,14,16,22-tetraene)-6-spiro-2â²-(tetrahydropyran)-12-yl (Z)-2-(methoxyimino)-2-phenylacetateorbridged fused ring systems nomenclature: mixture of 80â100% (2aE,4E,8E)-(5â²S,6S,6â²R,7R,11R,13R,15S,17aR,20R,20aR,20bS)-6â²-ethyl-3â²,4â²,5â²,6,6â²,7,10,11,14,15,17a,20,20a,20b-tetradecahydro-20,20b-dihydroxy-5â²,6,8,19-tetramethyl-17-oxospiro[11,15-methano-2H,13H,17H-furo[4,3,2-pq][2,6]benzodioxacyclooctadecin-13,2â²-[2H]pyran]-7-yl (Z)-2-(methoxyimino)-2-phenylacetate and 20â0% (2aE,4E,8E)-(5â²S,6S,6â²R,7R,11R,13R,15S,17aR,20R,20aR,20bS)-3â²,4â²,5â²,6,6â²,7,10,11,14,15,17a,20,20a,20b-tetradecahydro-20,20b-dihydroxy-5â²,6,6â²,8,19-pentamethyl-17-oxospiro[11,15-methano-2H,13H,17H-furo[4,3,2-pq][2,6]benzodioxacyclooctadecin-13,2â²-[2H]pyran]-7-yl (Z)-2-(methoxyimino)-2-phenylacetate",6â²-ethyl:HICUREFSAIZXFQ-JOWPUVSESA-N6â²-methyl:ARIWUAYYZGKZQD-WLLLSCRYSA-Nidentifier for mixture (not valid):DJQANAALJYNDCA-NJLPFFLASA-N,insecticides (milbemycin),Failed
leptophos,21609-90-5,"(RS)-[O-(4-bromo-2,5-dichlorophenyl) O-methyl phenylphosphonothioate]",CVRALZAYCYJELZ-UHFFFAOYSA-N,insecticides (phosphonothioate),CO[P](=S)(Oc1cc(Cl)c(Br)cc1Cl)c2ccccc2
glufosinate-p,35597-44-5,(2S)-2-amino-4-[hydroxy(methyl)phosphinoyl]butanoic acid1979 Rules:(S)-2-amino-4-[hydroxy(methyl)phosphinoyl]butyric acid,IAJOBQBIJHVGMQ-BYPYZUCNSA-N,herbicides (phosphinic acid),N[C@@H](CC[P+](=O)CO)C(O)=O
bifenazate,149877-41-8,isopropyl 3-(4-methoxybiphenyl-3-yl)carbazateorisopropyl [2-(4-methoxybiphenyl-3-yl)hydrazino]formate,VHLKTXFWDRXILV-UHFFFAOYSA-N,acaricides (hydrazide),COc1ccc(cc1NNC(=O)OC(C)C)c2ccccc2
calcium%20polysulfide,1344-81-6,calcium polysulfide,Failed,fungicides (polysulfide)insecticides (inorganic),S.[Ca++]
d-limonene,5989-27-5,"(R)-4-isopropenyl-1-methylcyclohexeneorp-mentha-1,8-diene",XMGQYMWWDOXHJM-JTQLQIEISA-N,insecticides (botanical),CC(=C)[C@@H]1CCC(=CC1)C
gamma-hch,58-89-9,"1Î±,2Î±,3Î²,4Î±,5Î±,6Î²-hexachlorocyclohexane",JLYXXMFPNIAWKQ-GNIYUCBRSA-N,acaricides (organochlorine)insecticides (organochlorine),ClC1C(Cl)C(Cl)C(Cl)C(Cl)C1Cl
lineatin,65035-34-9,"(1R,2S,5R,7R)-1,3,3-trimethyl-4,6-dioxatricyclo[3.3.1.02,7]nonane(1R,4S,5R,7R)-3,3,7-trimethyl-2,9-dioxatricyclo[3.3.1.04,7]nonane",SHTFZHTWSLHVEB-BDNRQGISSA-N,insect attractants (Coleopteran),C[C@]12C[C@@H]3[C@H]1C(O[C@H](C2)O3)(C)C
linuron,330-55-2,"3-(3,4-dichlorophenyl)-1-methoxy-1-methylurea",XKJMBINCVNINCA-UHFFFAOYSA-N,herbicides (phenylurea),CON(C)C(=O)Nc1ccc(Cl)c(Cl)c1
lirimfos,38260-63-8,"O-(6-ethoxy-2-isopropylpyrimidin-4-yl) O,O-dimethyl phosphorothioate",IIJPGEXICYPSKQ-UHFFFAOYSA-N,insecticides (aryl organothiophosphate),CCOC1=CC(=NC(=N1)C(C)C)OP(=S)(OC)OC
litlure,60799-74-8,"mixture of (9Z,11E)-tetradeca-9,11-dien-1-yl acetate and (9Z,12E)-tetradeca-9,12-dien-1-yl acetateormixture of (E,Z)-tetradeca-9,11-dien-1-yl acetate and (E,Z)-tetradeca-9,12-dien-1-yl acetate","(9Z,11E)-9,11-tetradecadienyl acetate:RFEQLTBBKNKGGJ-DEQVHDEQSA-N(9Z,12E)-9,12-tetradecadienyl acetate:ZZGJZGSVLNSDPG-FDTUMDBZSA-Nidentifier for mixture (not valid):FNUMYEALEWCIOB-DSECXBNPSA-N",insect attractants (Lepidopteran),Failed
looplure,14959-86-5,(Z)-dodec-7-en-1-yl acetate,MUZGQHWTRUVFLG-SREVYHEPSA-N,insect attractants (Lepidopteran),CCCC\C=C/CCCCCCOC(C)=O
lotilaner,1369852-71-0,"5-[(5S)-4,5-dihydro-5-(3,4,5-trichlorophenyl)-5-(trifluoromethyl)isoxazol-3-yl]-3-methyl-N-{2-oxo-2-[(2,2,2-trifluoroethyl)amino]ethyl}thiophene-2-carboxamide",HDKWFBCPLKNOCK-SFHVURJKSA-N,acaricides (isoxazoline)insecticides (isoxazoline),CC1=C(SC(=C1)C2=NO[C@@](C2)(C3=CC(=C(C(=C3)Cl)Cl)Cl)C(F)(F)F)C(=O)NCC(=O)NCC(F)(F)F
lufenuron,103055-07-8,"N-({2,5-dichloro-4-[(2RS)-1,1,2,3,3,3-hexafluoropropoxy]phenyl}carbamoyl)-2,6-difluorobenzamide1979 Rules:(RS)-1-[2,5-dichloro-4-(1,1,2,3,3,3-hexafluoropropoxy)phenyl]-3-(2,6-difluorobenzoyl)urea",PWPJGUXAGUPAHP-UHFFFAOYSA-N,insecticides (benzoylurea),FC(C(F)(F)F)C(F)(F)Oc1cc(Cl)c(NC(=O)NC(=O)c2c(F)cccc2F)cc1Cl
cyhalodiamide,1262605-53-7,"3-chloro-N2-(1-cyano-1-methylethyl)-N1-{2-methyl-4-[1,2,2,2-tetrafluoro-1-(trifluoromethyl)ethyl]phenyl}phthalamide1979 Rules:3-chloro-Nâ²-(1-cyano-1-methylethyl)-N-{4-[1,2,2,2-tetrafluoro-1-(trifluoromethyl)ethyl]-o-tolyl}phthalamide",NNRSYETYEADPBW-UHFFFAOYSA-N,insecticides (diamide),CC1=C(C=CC(=C1)C(C(F)(F)F)(C(F)(F)F)F)NC(=O)C2=C(C(=CC=C2)Cl)C(=O)NC(C)(C)C#N
clacyfos,215655-76-8,"(1RS)-1-(dimethoxyphosphinoyl)ethyl (2,4-dichlorophenoxy)acetate",UUHXXNQVWVFJLW-UHFFFAOYSA-N,herbicides (phenoxyacetic),CC(OC(=O)COC1=C(C=C(C=C1)Cl)Cl)P(=O)(OC)OC
triclopyricarb,902760-40-1,"methyl N-methoxy-2-{[(3,5,6-trichloro-2-pyridyl)oxy]methyl}carbanilate",QFNFRZHOXWNWAQ-UHFFFAOYSA-N,fungicides (methoxycarbamate),COC(=O)N(C1=CC=CC=C1COC2=NC(=C(C=C2Cl)Cl)Cl)OC
meperfluthrin,915288-13-0,"2,3,5,6-tetrafluoro-4-(methoxymethyl)benzyl (1R,3S)-3-(2,2-dichlorovinyl)-2,2-dimethylcyclopropanecarboxylateRothamsted-style stereodescriptors:2,3,5,6-tetrafluoro-4-(methoxymethyl)benzyl (1R)-trans-3-(2,2-dichlorovinyl)-2,2-dimethylcyclopropanecarboxylate",MWFQAAWRPDRKDG-KOLCDFICSA-N,insecticides (pyrethroid),CC1([C@@H]([C@H]1C(=O)OCC2=C(C(=C(C(=C2F)F)COC)F)F)C=C(Cl)Cl)C
clacyfos,215655-76-8,"(1RS)-1-(dimethoxyphosphinoyl)ethyl (2,4-dichlorophenoxy)acetate",UUHXXNQVWVFJLW-UHFFFAOYSA-N,herbicides (phenoxyacetic),CC(OC(=O)COC1=C(C=C(C=C1)Cl)Cl)P(=O)(OC)OC
lythidathion,2669-32-1,"S-[(5-ethoxy-2-oxo-1,3,4-thiadiazol-3(2H)-yl)methyl] O,O-dimethyl phosphorodithioate1979 Rules:S-[(5-ethoxy-2,3-dihydro-2-oxo-1,3,4-thiadiazol-3-yl)methyl] O,O-dimethyl phosphorodithioate",FPMIAGPUNXEUCZ-UHFFFAOYSA-N,insecticides (arylalkyl organothiophosphate),CCOC1=NN(CS[P](=S)(OC)OC)C(=O)S1
disulfoton,298-04-4,"O,O-diethyl S-[2-(ethylthio)ethyl] phosphorodithioate",DOFZAZXDOSGAJZ-UHFFFAOYSA-N,acaricides (aliphatic organothiophosphate)insecticides (aliphatic organothiophosphate),CCO[P](=S)(OCC)SCCSCC
thiometon,640-15-3,"S-[2-(ethylthio)ethyl] O,O-dimethyl phosphorodithioate",OPASCBHCTNRLRM-UHFFFAOYSA-N,acaricides (aliphatic organothiophosphate)insecticides (aliphatic organothiophosphate),CCSCCS[P](=S)(OC)OC
maa,124-58-3,methylarsonic acid,QYPPRTNMGCREIM-UHFFFAOYSA-N,herbicides (arsenical),C[As](O)(O)=O
magnesium%20phosphide,12057-74-8,magnesium phosphide,HJAZRTRSNIABRI-UHFFFAOYSA-N,rodenticides (inorganic),[Mg++].[Mg++].[Mg++].[P-3].[P-3]
malathion,121-75-5,diethyl [(dimethoxyphosphinothioyl)thio]succinate,JXSJBGJIGXNWCI-UHFFFAOYSA-N,acaricides (aliphatic organothiophosphate)insecticides (aliphatic organothiophosphate),CCOC(=O)CC(S[P](=S)(OC)OC)C(=O)OCC
malathion,121-75-5,diethyl [(dimethoxyphosphinothioyl)thio]succinate,JXSJBGJIGXNWCI-UHFFFAOYSA-N,acaricides (aliphatic organothiophosphate)insecticides (aliphatic organothiophosphate),CCOC(=O)CC(S[P](=S)(OC)OC)C(=O)OCC
maleic%20hydrazide,123-33-1,"1,2-dihydropyridazine-3,6-dioneand tautomer6-hydroxy-2H-pyridazin-3-one",BGRDGMRNKXEXQD-UHFFFAOYSA-N,plant growth regulators (gametocide; growth inhibitor),O=C1NNC(=O)C=C1
malonoben,10537-47-0,"2-(3,5-di-tert-butyl-4-hydroxybenzylidene)malononitrile",MZOPWQKISXCCTP-UHFFFAOYSA-N,insecticides (unclassified),CC(C)(C)c1cc(C=C(C#N)C#N)cc(c1O)C(C)(C)C
maltodextrin,9050-36-6,Failed,Failed,insecticides (unclassified),OC[C@@H](O)[C@@H](O)[C@H](O)[C@@H](O)C=O
mama,2321-53-1,ammonium hydrogen methylarsonate,MLWMZTRCXNCAPF-UHFFFAOYSA-N,herbicides (arsenical),[NH4+].C[As](O)([O-])=O
manam,15339-36-3,manganese bis(dimethylcarbamodithioate)1979 Rules:manganese bis(dimethyldithiocarbamate),KQUQKVGNBPTEFO-UHFFFAOYSA-L,fungicides (dimethyldithiocarbamate),[Mn++].CN(C)C([S-])=S.CN(C)C([S-])=S
mancopper,53988-93-5,ethylenebis(dithiocarbamate) mixed metal complex containing c. 13.7% manganese and c. 4% copper,Failed,fungicides (copper compound; alkylenebis(dithiocarbamate)),[Mn++].[Cu++].[S-]C(=S)NCCNC([S-])=S.[S-]C(=S)NCCNC([S-])=S
mancozeb,8018-01-7,manganese ethylenebis(dithiocarbamate) (polymeric) complex with zinc salt,Failed,fungicides (alkylenebis(dithiocarbamate); zinc compound),[Mn++].[Zn++].[S-]C(=S)NCCNC([S-])=S.[S-]C(=S)NCCNC([S-])=S
mandestrobin,173662-97-0,"(2RS)-2-{2-[(2,5-dimethylphenoxy)methyl]phenyl}-2-methoxy-N-methylacetamide1979 Rules:(RS)-2-methoxy-N-methyl-2-[Î±-(2,5-xylyloxy)-o-tolyl]acetamide",PDPWCKVFIFAQIQ-UHFFFAOYSA-N,fungicides (methoxyacetamide),CC1=CC(=C(C=C1)C)OCC2=CC=CC=C2C(C(=O)NC)OC
mandipropamid,374726-62-2,(2RS)-2-(4-chlorophenyl)-N-{2-[3-methoxy-4-(prop-2-ynyloxy)phenyl]ethyl}-2-(prop-2-ynyloxy)acetamide1979 Rules:(RS)-2-(4-chlorophenyl)-N-[3-methoxy-4-(prop-2-ynyloxy)phenethyl]-2-(prop-2-ynyloxy)acetamide,KWLVWJPJKJMCSH-UHFFFAOYSA-N,fungicides (mandelamide),COC1=C(C=CC(=C1)CCNC(=O)C(C2=CC=C(C=C2)Cl)OCC#C)OCC#C
maneb,12427-38-2,manganese ethylenebis(dithiocarbamate) (polymeric),Failed,fungicides (alkylenebis(dithiocarbamate)),[Mn++].[S-]C(=S)NCCNC([S-])=S
matrine,519-02-8,"(7aS,13aR,13bR,13cS)-dodecahydro-1H,5H,10H-dipyrido[2,1-f:3â²,2â²,1â²-ij][1,6]naphthyridin-10-one",ZSBXGIUJOOQZMP-JLNYLFASSA-N,insecticides (alkaloid),O=C1CCC[C@@H]2[C@H]3CCCN4CCC[C@@H](CN12)[C@@H]34
mazidox,7219-78-5,tetramethylphosphorodiamidic azideortetramethylazidophosphonic diamide,UCFRFUMJIKZSBD-UHFFFAOYSA-N,insecticides (phosphorotriamide),CN(C)P(=O)(N=[N+]=[N-])N(C)C
chloroacetic%20acid,79-11-8,chloroacetic acid,FOCAUTSVDIKZOP-UHFFFAOYSA-N,herbicides (halogenated alkanoic acid),OC(=O)CCl
swep,1918-18-9,"methyl (3,4-dichlorophenyl)carbamate1979 Rules:methyl 3,4-dichlorocarbanilate",WOZQBERUBLYCEG-UHFFFAOYSA-N,herbicides (carbamate),COC(=O)Nc1ccc(Cl)c(Cl)c1
1-methylcyclopropene,3100-04-7,1-methylcyclopropene,SHDPRTQPPWIEJG-UHFFFAOYSA-N,plant growth regulators (ethylene inhibitor),CC1=CC1
1-methylcyclopropene,3100-04-7,1-methylcyclopropene,SHDPRTQPPWIEJG-UHFFFAOYSA-N,plant growth regulators (ethylene inhibitor),CC1=CC1
mcpa,94-74-6,(4-chloro-2-methylphenoxy)acetic acid1979 Rules:[(4-chloro-o-tolyl)oxy]acetic acid,WHKUVVPPKQRRBV-UHFFFAOYSA-N,herbicides (phenoxyacetic),Cc1cc(Cl)ccc1OCC(O)=O
mcpa,94-74-6,(4-chloro-2-methylphenoxy)acetic acid1979 Rules:[(4-chloro-o-tolyl)oxy]acetic acid,WHKUVVPPKQRRBV-UHFFFAOYSA-N,herbicides (phenoxyacetic),Cc1cc(Cl)ccc1OCC(O)=O
mcpa-thioethyl,25319-90-8,S-ethyl (4-chloro-2-methylphenoxy)thioacetate1979 Rules:S-ethyl [(4-chloro-o-tolyl)oxy]thioacetate,AZFKQCNGMSSWDS-UHFFFAOYSA-N,herbicides (phenoxyacetic),CCSC(=O)COc1ccc(Cl)cc1C
mcpb,94-81-5,4-(4-chloro-2-methylphenoxy)butanoic acid1979 Rules:4-[(4-chloro-o-tolyl)oxy]butyric acid,LLWADFLAOKUBDR-UHFFFAOYSA-N,herbicides (phenoxybutyric),Cc1cc(Cl)ccc1OCCCC(O)=O
mcpb,94-81-5,4-(4-chloro-2-methylphenoxy)butanoic acid1979 Rules:4-[(4-chloro-o-tolyl)oxy]butyric acid,LLWADFLAOKUBDR-UHFFFAOYSA-N,herbicides (phenoxybutyric),Cc1cc(Cl)ccc1OCCCC(O)=O
mecoprop,93-65-2,(2RS)-2-(4-chloro-2-methylphenoxy)propanoic acid1979 Rules:(RS)-2-[(4-chloro-o-tolyl)oxy]propionic acid,WNTGYJSOUMFZEP-UHFFFAOYSA-N,herbicides (phenoxypropionic),CC(Oc1ccc(Cl)cc1C)C(O)=O
mebenil,7055-03-0,2-methylbenzanilide1979 Rules:o-toluanilide,MZNCVTCEYXDDIS-UHFFFAOYSA-N,fungicides (phenylbenzamide),Cc1ccccc1C(=O)Nc2ccccc2
mecarbam,2595-54-2,"ethyl {[(diethoxyphosphinothioyl)thio]acetyl}methylcarbamate1979 Rules:S-{[(ethoxycarbonyl)methylcarbamoyl]methyl} O,O-diethyl phosphorodithioate",KLGMSAOQDHLCOS-UHFFFAOYSA-N,acaricides (aliphatic amide organothiophosphate)insecticides (aliphatic amide organothiophosphate),CCOC(=O)N(C)C(=O)CS[P](=S)(OCC)OCC
mecarbinzid,27386-64-7,methyl (1-{[2-(methylthio)ethyl]carbamoyl}-1H-benzimidazol-2-yl)carbamate,ZCAHBOURBFRXOT-UHFFFAOYSA-N,fungicides (benzimidazole),COC(=O)NC1=NC2=CC=CC=C2N1C(=O)NCCSC
mecarphon,29173-31-7,methyl (RS)-({[methoxy(methyl)phosphinothioyl]thio}acetyl)methylcarbamate1979 Rules:(RS)-(S-{[(methoxycarbonyl)methylcarbamoyl]methyl} O-methyl methylphosphonodithioate),PUTUPQVEMBRCAG-UHFFFAOYSA-N,insecticides (phosphonothioate)nematicides (phosphonothioate),COC(=O)N(C)C(=O)CS[P](C)(=S)OC
mecoprop,93-65-2,(2RS)-2-(4-chloro-2-methylphenoxy)propanoic acid1979 Rules:(RS)-2-[(4-chloro-o-tolyl)oxy]propionic acid,WNTGYJSOUMFZEP-UHFFFAOYSA-N,herbicides (phenoxypropionic),CC(Oc1ccc(Cl)cc1C)C(O)=O
mecoprop-p,16484-77-8,(2R)-2-(4-chloro-2-methylphenoxy)propanoic acid1979 Rules:(R)-2-[(4-chloro-o-tolyl)oxy]propionic acid,WNTGYJSOUMFZEP-SSDOTTSWSA-N,herbicides (phenoxypropionic),C[C@@H](Oc1ccc(Cl)cc1C)C(O)=O
medimeform,69618-84-4,"(EZ)-Nâ²-(2,4-dimethylphenyl)-N,N-dimethylformimidamide hydrochloride1979 Rules:(EZ)-N1,N1-dimethyl-N2-(2,4-xylyl)formamidine hydrochloride",QGIQXBSZVXYNQA-UHFFFAOYSA-N,acaricides (formamidine)insecticides (formamidine),CC1=CC(=C(C=C1)N=CN(C)C)C.Cl
medinoterb,3996-59-6,"6-tert-butyl-3-methyl-2,4-dinitrophenol1979 Rules:6-tert-butyl-2,4-dinitro-m-cresol",LJGZUMNXGLDTFF-UHFFFAOYSA-N,herbicides (dinitrophenol),Cc1c(cc(c(O)c1[N+]([O-])=O)C(C)(C)C)[N+]([O-])=O
medlure,13929-18-5,(RS)-sec-butyl 4(or 5)-chloro-2-methylcyclohexanecarboxylate,4-chloro isomer:CVDTYSSDCJAEQU-UHFFFAOYSA-N5-chloro isomer:JRRZGLONQJCBTE-UHFFFAOYSA-Nidentifier for mixture (not valid):ZZZRZSOTRLRALD-UHFFFAOYSA-N,insect attractants (Dipteran),Failed
mefenacet,73250-68-7,"2-(1,3-benzothiazol-2-yloxy)-N-methylacetanilide",XIGAUIHYSDTJHW-UHFFFAOYSA-N,herbicides (oxyacetamide),CN(C(=O)COc1sc2ccccc2n1)c3ccccc3
metalaxyl-m,70630-17-0,"methyl N-(2,6-dimethylphenyl)-N-(methoxyacetyl)-D-alaninate1979 Rules:methyl N-(methoxyacetyl)-N-2,6-xylyl-D-alaninate",ZQEIXNIJLIKNTD-GFCCVEGCSA-N,fungicides (acylalanine),CC1=C(C(=CC=C1)C)N([C@H](C)C(=O)OC)C(=O)COC
mefenpyr,135591-00-3,"(RS)-1-(2,4-dichlorophenyl)-5-methyl-2-pyrazoline-3,5-dicarboxylic acid",XEJNEDVTJPXRSM-UHFFFAOYSA-N,herbicide safeners,CC1(CC(=NN1C2=C(C=C(C=C2)Cl)Cl)C(=O)O)C(=O)O
mefentrifluconazole,1417782-03-6,"(2RS)-2-[4-(4-chlorophenoxy)-2-(trifluoromethyl)phenyl]-1-(1H-1,2,4-triazol-1-yl)propan-2-ol1979 Rules:(2RS)-2-[4-(4-chlorophenoxy)-Î±,Î±,Î±-trifluoro-o-tolyl]-1-(1H-1,2,4-triazol-1-yl)propan-2-ol",JERZEQUMJNCPRJ-UHFFFAOYSA-N,fungicides (triazole),CC(CN1C=NC=N1)(C2=C(C=C(C=C2)OC3=CC=C(C=C3)Cl)C(F)(F)F)O
mefluidide,53780-34-0,"2â²,4â²-dimethyl-5â²-{[(trifluoromethyl)sulfonyl]amino}acetanilide1979 Rules:2â²,4â²-dimethyl-5â²-(1,1,1-trifluoromethanesulfonamido)acetanilide",OKIBNKKYNPBDRS-UHFFFAOYSA-N,herbicides (trifluoromethanesulfonanilide)plant growth regulators (growth retardant),CC(=O)Nc1cc(N[S](=O)(=O)C(F)(F)F)c(C)cc1C
megatomoic%20acid,23400-52-4,"(3E,5Z)-tetradeca-3,5-dienoic acidor(Z,E)-tetradeca-3,5-dienoic acid",YRUMHTHCEZRHTN-XAZJVICWSA-N,insect attractants (Coleopteran),CCCCCCCC/C=C\C=C\CC(=O)O
triacontanol,593-50-0,triacontan-1-ol,REZQBEBOWJAQKS-UHFFFAOYSA-N,plant growth regulators (growth stimulator),CCCCCCCCCCCCCCCCCCCCCCCCCCCCCCO
dicoumarol,66-76-2,"3,3â²-methylenebis(4-hydroxy-2H-chromen-2-one)1979 Rules:3,3â²-methylenebis(4-hydroxycoumarin)",DOBMPNYZJYQDGZ-UHFFFAOYSA-N,rodenticides (coumarin),C1=CC=C2C(=C1)C(=C(C(=O)O2)CC3=C(C4=CC=CC=C4OC3=O)O)O
2-methoxyethylmercury%20chloride,123-88-6,(2-methoxyethyl)mercuric chloride2005 Rules:chlorido(2-methoxyethyl)mercuryor(2-methoxyethyl)mercury(II) chloride,VJTAZCKMHINUKO-UHFFFAOYSA-M,fungicides (mercury compound),[Cl-].COCC[Hg+]
menazon,78-57-9,"S-[(4,6-diamino-1,3,5-triazin-2-yl)methyl] O,O-dimethyl phosphorodithioate",SUYHYHLFUHHVJQ-UHFFFAOYSA-N,insecticides (arylalkyl organothiophosphate),CO[P](=S)(OC)SCc1nc(N)nc(N)n1
"p-menthane-3,8-diol",42822-86-6,"p-menthane-3,8-diolor2-(2-hydroxypropan-2-yl)-5-methylcyclohexan-1-ol",LMXFTMYMHGYJEI-UHFFFAOYSA-N,insect repellents,CC1CCC(C(O)C1)C(C)(C)O
"p-menthane-3,8-diol",42822-86-6,"p-menthane-3,8-diolor2-(2-hydroxypropan-2-yl)-5-methylcyclohexan-1-ol",LMXFTMYMHGYJEI-UHFFFAOYSA-N,insect repellents,CC1CCC(C(O)C1)C(C)(C)O
fenitrothion,122-14-5,"O,O-dimethyl O-(3-methyl-4-nitrophenyl) phosphorothioate1979 Rules:O,O-dimethyl O-(4-nitro-m-tolyl) phosphorothioate",ZNOLGFHPUIJIMJ-UHFFFAOYSA-N,insecticides (phenyl organothiophosphate),CO[P](=S)(OC)Oc1ccc(c(C)c1)[N+]([O-])=O
mepanipyrim,110235-47-7,N-[4-methyl-6-(prop-1-ynyl)pyrimidin-2-yl]aniline,CIFWZNRJIBNXRE-UHFFFAOYSA-N,fungicides (anilinopyrimidine),CC#Cc1cc(C)nc(Nc2ccccc2)n1
meperfluthrin,915288-13-0,"2,3,5,6-tetrafluoro-4-(methoxymethyl)benzyl (1R,3S)-3-(2,2-dichlorovinyl)-2,2-dimethylcyclopropanecarboxylateRothamsted-style stereodescriptors:2,3,5,6-tetrafluoro-4-(methoxymethyl)benzyl (1R)-trans-3-(2,2-dichlorovinyl)-2,2-dimethylcyclopropanecarboxylate",MWFQAAWRPDRKDG-KOLCDFICSA-N,insecticides (pyrethroid),CC1([C@@H]([C@H]1C(=O)OCC2=C(C(=C(C(=C2F)F)COC)F)F)C=C(Cl)Cl)C
mephenate,2620-53-3,4-chlorophenyl methylcarbamate,WMMQJAQJAPXWDO-UHFFFAOYSA-N,herbicide safeners,CNC(=O)Oc1ccc(Cl)cc1
mephosfolan,950-10-7,"diethyl [(2EZ,4RS)-4-methyl-1,3-dithiolan-2-ylidene]phosphoramidate",LTQSAUHRSCMPLD-UHFFFAOYSA-N,insecticides (phosphoramidate),CCO[P](=O)(OCC)N=C1SCC(C)S1
mepiquat,15302-91-7,"1,1-dimethylpiperidinium",NNCAWEWCFVZOGF-UHFFFAOYSA-N,plant growth regulators (growth inhibitor),[Cl-].C[N+]1(C)CCCCC1
mepitriflufenpyr,214706-53-3,"5-chloro-7-(4-methylpiperidino)-6-(2,4,6-trifluorophenyl)[1,2,4]triazolo[1,5-a]pyrimidine",ASMNSUBMNZQTTG-UHFFFAOYSA-N,fungicides (triazolopyrimidine),CC1CCN(CC1)C2=C(C(=NC3=NC=NN23)Cl)C4=C(C=C(C=C4F)F)F
mepronil,55814-41-0,3â²-isopropoxy-2-methylbenzanilide1979 Rules:3â²-isopropoxy-o-toluanilide,BCTQJXQXJVLSIG-UHFFFAOYSA-N,fungicides (phenylbenzamide),CC(C)Oc1cccc(NC(=O)c2ccccc2C)c1
meptyldinocap,131-72-6 (major component),"mixture of 75â100% 2,4-dinitro 6-[(2RS)-octan-2-yl]phenyl (2E)-but-2-enoate and 25â0% 2,4-dinitro 6-[(2RS)-octan-2-yl]phenyl (2Z)-but-2-enoate1979 Rules:mixture of 75â100% (RS)-2-(1-methylheptyl)-4,6-dinitrophenyl crotonate and 25â0% (RS)-2-(1-methylheptyl)-4,6-dinitrophenyl isocrotonate",crotonate (major component):NIOPZPCMRQGZCE-WEVVVXLNSA-Nisocrotonate (minor component):NIOPZPCMRQGZCE-UITAMQMPSA-N,fungicides (dinitrophenyl crotonate),Failed
methiocarb,2032-65-7,"3,5-dimethyl-4-(methylthio)phenyl methylcarbamate1979 Rules:4-(methylthio)-3,5-xylyl methylcarbamate",YFBPRJGDJKVWAH-UHFFFAOYSA-N,acaricides (phenyl carbamate)bird repellentsinsecticides (phenyl carbamate)molluscicides,CNC(=O)Oc1cc(C)c(SC)c(C)c1
demeton-o,298-03-3,"O,O-diethyl O-[2-(ethylthio)ethyl] phosphorothioate",DGLIBALSRMUQDD-UHFFFAOYSA-N,acaricides (aliphatic organothiophosphate)insecticides (aliphatic organothiophosphate),CCO[P](=S)(OCC)OCCSCC
demeton-s,126-75-0,"O,O-diethyl S-[2-(ethylthio)ethyl] phosphorothioate",GRPRVIYRYGLIJU-UHFFFAOYSA-N,acaricides (aliphatic organothiophosphate)insecticides (aliphatic organothiophosphate),CCO[P](=O)(OCC)SCCSCC
malathion,121-75-5,diethyl [(dimethoxyphosphinothioyl)thio]succinate,JXSJBGJIGXNWCI-UHFFFAOYSA-N,acaricides (aliphatic organothiophosphate)insecticides (aliphatic organothiophosphate),CCOC(=O)CC(S[P](=S)(OC)OC)C(=O)OCC
mercuric%20chloride,7487-94-7,mercuric chloride (deprecated)2005 Rules:dichloridomercuryormercury(II) chlorideormercury(2+) chloride,LWJROJCJINYWOX-UHFFFAOYSA-L,fungicides (mercury compound),[Cl-].[Cl-].[Hg++]
mercuric%20oxide,21908-53-2,mercury(II) oxideormercury(2+) oxideormercuric oxide,UKWHYYKOEPRTIC-UHFFFAOYSA-N,fungicides (mercury compound),O=[Hg]
mercurous%20chloride,7546-30-7,mercurous chloride (deprecated)2005 Rules:dimercury dichlorideor(dimercury) dichlorideordimercury(2+) chloride,ZOMNIUBKTOKEHS-UHFFFAOYSA-L,fungicides (mercury compound)insecticides (inorganic),[Cl-].[Hg+]
merphos,150-50-5,tributyl phosphorotrithioite,KLAPGAOQRZTCBI-UHFFFAOYSA-N,plant growth regulators (defoliant),CCCCSP(SCCCC)SCCCC
tribufos,78-48-8,"S,S,S-tributyl phosphorotrithioate",ZOKXUAHZSKEQSS-UHFFFAOYSA-N,plant growth regulators (defoliant)synergists,CCCCS[P](=O)(SCCCC)SCCCC
mesoprazine,1824-09-5,"6-chloro-N2-isopropyl-N4-(3-methoxypropyl)-1,3,5-triazine-2,4-diamine",PMYBBBROJPQQQV-UHFFFAOYSA-N,herbicides (chlorotriazine),COCCCNc1nc(Cl)nc(NC(C)C)n1
mesosulfuron,400852-66-6,"2-{[(4,6-dimethoxypyrimidin-2-yl)carbamoyl]sulfamoyl}-4-{[(methylsulfonyl)amino]methyl}benzoic acid1979 Rules:2-{[(4,6-dimethoxypyrimidin-2-yl)carbamoyl]sulfamoyl}-Î±-methanesulfonamido-p-toluic acid",MAYMYMXYWIVVOK-UHFFFAOYSA-N,herbicides (pyrimidinylsulfonylurea),COC1=CC(=NC(=N1)NC(=O)NS(=O)(=O)C2=C(C=CC(=C2)CNS(=O)(=O)C)C(=O)O)OC
mesotrione,104206-82-8,"2-[4-(methylsulfonyl)-2-nitrobenzoyl]cyclohexane-1,3-dione1979 Rules:2-(4-mesyl-2-nitrobenzoyl)cyclohexane-1,3-dione",KPUREKXXPHOJQT-UHFFFAOYSA-N,herbicides (triketone),C[S](=O)(=O)c1ccc(C(=O)C2C(=O)CCCC2=O)c(c1)[N+]([O-])=O
mesulfen,135-58-0,"2,7-dimethylthianthrene",AHXDSVSZEZHDLV-UHFFFAOYSA-N,acaricides (aromatic hydrocarbon),Cc1ccc2Sc3ccc(C)cc3Sc2c1
mesulfenfos,3761-41-9,"O,O-dimethyl O-[3-methyl-4-(methylsulfinyl)phenyl] phosphorothioate1979 Rules:O,O-dimethyl O-[4-(methylsulfinyl)-m-tolyl] phosphorothioate",DLAPIMGBBDILHJ-UHFFFAOYSA-N,insecticides (phenyl organothiophosphate),CO[P](=S)(OC)Oc1ccc(c(C)c1)[S](C)=O
mesulfen,135-58-0,"2,7-dimethylthianthrene",AHXDSVSZEZHDLV-UHFFFAOYSA-N,acaricides (aromatic hydrocarbon),Cc1ccc2Sc3ccc(C)cc3Sc2c1
cresol,1319-77-3,cresol,o-cresol:QWVGKYWNOKOFNN-UHFFFAOYSA-Nm-cresol:RLSSMJSEOOYNOY-UHFFFAOYSA-Np-cresol:IWDCLRJOBJJRNH-UHFFFAOYSA-N,bactericidesfungicides (phenol)herbicides (phenol),Cc1ccc(O)cc1
metaflumizone,139968-49-3,"mixture of 90â100% 2-{(1E)-2-(4-cyanophenyl)-1-[3-(trifluoromethyl)phenyl]ethylidene}-4â²-(trifluoromethoxy)hydrazinecarboxanilide and 10â0% 2-{(1Z)-2-(4-cyanophenyl)-1-[3-(trifluoromethyl)phenyl]ethylidene}-4â²-(trifluoromethoxy)hydrazinecarboxanilide1979 Rules:mixture of 90â100% (E)-2â²-[2-(4-cyanophenyl)-1-(Î±,Î±,Î±-trifluoro-m-tolyl)ethylidene]-4-(trifluoromethoxy)carbanilohydrazide and 10â0% (Z)-2â²-[2-(4-cyanophenyl)-1-(Î±,Î±,Î±-trifluoro-m-tolyl)ethylidene]-4-(trifluoromethoxy)carbanilohydrazide",major component (E)-isomer:MIFOMMKAVSCNKQ-QNKGDIEWSA-Nminor component (Z)-isomer:MIFOMMKAVSCNKQ-HWIUFGAZSA-N,insecticides (semicarbazone),Failed
metalaxyl,57837-19-1,"methyl N-(2,6-dimethylphenyl)-N-(methoxyacetyl)-DL-alaninate1979 Rules:methyl N-(methoxyacetyl)-N-2,6-xylyl-DL-alaninate",ZQEIXNIJLIKNTD-UHFFFAOYSA-N,fungicides (acylalanine),COCC(=O)N(C(C)C(=O)OC)c1c(C)cccc1C
metalaxyl-m,70630-17-0,"methyl N-(2,6-dimethylphenyl)-N-(methoxyacetyl)-D-alaninate1979 Rules:methyl N-(methoxyacetyl)-N-2,6-xylyl-D-alaninate",ZQEIXNIJLIKNTD-GFCCVEGCSA-N,fungicides (acylalanine),CC1=C(C(=CC=C1)C)N([C@H](C)C(=O)OC)C(=O)COC
metalaxyl-m,70630-17-0,"methyl N-(2,6-dimethylphenyl)-N-(methoxyacetyl)-D-alaninate1979 Rules:methyl N-(methoxyacetyl)-N-2,6-xylyl-D-alaninate",ZQEIXNIJLIKNTD-GFCCVEGCSA-N,fungicides (acylalanine),CC1=C(C(=CC=C1)C)N([C@H](C)C(=O)OC)C(=O)COC
metaldehyde,108-62-3,"2,4,6,8-tetramethyl-1,3,5,7-tetraoxocaneor2,4,6,8-tetramethyl-1,3,5,7-tetraoxacyclooctane",GKKDCARASOJPNG-UHFFFAOYSA-N,molluscicides,CC1OC(C)OC(C)OC(C)O1
metam,144-54-7,methyldithiocarbamic acid,HYVVJDQGXFXBRZ-UHFFFAOYSA-N,fungicides (dithiocarbamate)herbicides (dithiocarbamate)nematicides (dithiocarbamate),[Na+].CNC([S-])=S
metamifop,256412-89-2,"(2R)-2-{4-[(6-chloro-1,3-benzoxazol-2-yl)oxy]phenoxy}-2â²-fluoro-N-methylpropananilide1979 Rules:(R)-2-{4-[(6-chloro-1,3-benzoxazol-2-yl)oxy]phenoxy}-2â²-fluoro-N-methylpropionanilide",ADDQHLREJDZPMT-CQSZACIVSA-N,herbicides (aryloxyphenoxypropionic),C[C@H](C(=O)N(C)C1=CC=CC=C1F)OC2=CC=C(C=C2)OC3=NC4=C(O3)C=C(C=C4)Cl
metamitron,41394-05-2,"4-amino-4,5-dihydro-3-methyl-6-phenyl-1,2,4-triazin-5-oneor4-amino-3-methyl-6-phenyl-1,2,4-triazin-5(4H)-one",VHCNQEUWZYOAEV-UHFFFAOYSA-N,herbicides (triazinone),CC1=NN=C(c2ccccc2)C(=O)N1N
parathion-methyl,298-00-0,"O,O-dimethyl O-(4-nitrophenyl) phosphorothioate",RLBIQVVOMOPOHC-UHFFFAOYSA-N,insecticides (phenyl organothiophosphate),CO[P](=S)(OC)Oc1ccc(cc1)[N+]([O-])=O
metarylpicoxamid,2376210-14-7,"(2S,3S)-3-(o-tolyl)butan-2-yl N-{[4-methoxy-3-(propanoyloxy)-2-pyridyl]carbonyl}-L-alaninate1979 Rules:(1S,2S)-1-methyl-2-(o-tolyl)propyl N-{[4-methoxy-3-(propionyloxy)-2-pyridyl]carbonyl}-L-alaninate",CAUHWGTUUBORAX-IKGGRYGDSA-N,fungicides (picolinamide),CCC(=O)OC1=C(C=CN=C1C(=O)N[C@@H](C)C(=O)O[C@@H](C)[C@@H](C)C2=CC=CC=C2C)OC
mcpa,94-74-6,(4-chloro-2-methylphenoxy)acetic acid1979 Rules:[(4-chloro-o-tolyl)oxy]acetic acid,WHKUVVPPKQRRBV-UHFFFAOYSA-N,herbicides (phenoxyacetic),Cc1cc(Cl)ccc1OCC(O)=O
metazachlor,67129-08-2,"2-chloro-2â²,6â²-dimethyl-N-(1H-pyrazol-1-ylmethyl)acetanilide",STEPQTYSZVCJPV-UHFFFAOYSA-N,herbicides (chloroacetamide),Cc1cccc(C)c1N(Cn2cccn2)C(=O)CCl
metazosulfuron,868680-84-6,"3-chloro-4-[(5RS)-5,6-dihydro-5-methyl-1,4,2-dioxazin-3-yl]-N-[(4,6-dimethoxypyrimidin-2-yl)carbamoyl]-1-methyl-1H-pyrazole-5-sulfonamide1979 Rules:1-({3-chloro-4-[(5RS)-5,6-dihydro-5-methyl-1,4,2-dioxazin-3-yl]-1-methyl-1H-pyrazol-5-yl}sulfonyl)-3-(4,6-dimethoxypyrimidin-2-yl)urea",IXWKBUKANTXHJH-UHFFFAOYSA-N,herbicides (pyrimidinylsulfonylurea),CC1CON=C(O1)C2=C(N(N=C2Cl)C)S(=O)(=O)NC(=O)NC3=NC(=CC(=N3)OC)OC
metazoxolon,5707-73-3,(EZ)-4-[(3-chlorophenyl)hydrazono]-3-methylisoxazol-5(4H)-one,PANCLGUYZXWRPW-UHFFFAOYSA-N,fungicides (oxazole)anthelmintic,CC\1=NOC(=O)C1=N\Nc2cccc(Cl)c2
metcamifen,129531-12-0,2-methoxy-N-({4-[(methylcarbamoyl)amino]phenyl}sulfonyl)benzamide1979 Rules:N-{[4-(3-methylureido)phenyl]sulfonyl}-o-anisamide,JCHMGYRXQDASJE-UHFFFAOYSA-N,herbicide safeners,CNC(=O)NC1=CC=C(C=C1)S(=O)(=O)NC(=O)C2=CC=CC=C2OC
metconazole,125116-23-6,"(1RS,5RS;1RS,5SR)-5-(4-chlorobenzyl)-2,2-dimethyl-1-(1H-1,2,4-triazol-1-ylmethyl)cyclopentanol",XWPZUHJBOLQNMN-UHFFFAOYSA-N,fungicides (triazole),CC1(C)CCC(Cc2ccc(Cl)cc2)C1(O)Cn3cncn3
metepa,57-39-6,"(2RS,2â²RS,2â³RS)-tris(2-methylaziridin-1-yl)phosphine oxide",AVUYXHYHTTVPRX-UHFFFAOYSA-N,chemosterilants,CC1CN1[P](=O)(N2CC2C)N3CC3C
metflurazon,23576-23-0,"4-chloro-5-(dimethylamino)-2-[3-(trifluoromethyl)phenyl]pyridazin-3(2H)-one1979 Rules:4-chloro-5-(dimethylamino)-2-(Î±,Î±,Î±-trifluoro-m-tolyl)pyridazin-3(2H)-one",CYQMVKQKBFFDOO-UHFFFAOYSA-N,herbicides (pyridazinone),CN(C)C1=C(Cl)C(=O)N(N=C1)c2cccc(c2)C(F)(F)F
methabenzthiazuron,18691-97-9,"1-(1,3-benzothiazol-2-yl)-1,3-dimethylurea",RRVIAQKBTUQODI-UHFFFAOYSA-N,algicidesherbicides (urea),CNC(=O)N(C)c1sc2ccccc2n1
methacrifos,62610-77-9,methyl (2E)-3-[(dimethoxyphosphinothioyl)oxy]-2-methylprop-2-enoate1979 Rules:methyl (E)-3-[(dimethoxyphosphinothioyl)oxy]-2-methylacrylate,NTAHCMPOMKHKEU-AATRIKPKSA-N,acaricides (aliphatic organothiophosphate)insecticides (aliphatic organothiophosphate),COC(=O)C(/C)=C/O[P](=S)(OC)OC
methalpropalin,57801-46-4,"N-(2-methylprop-2-enyl)-2,6-dinitro-N-propyl-4-(trifluoromethyl)aniline1979 Rules:Î±,Î±,Î±-trifluoro-N-(2-methylallyl)-2,6-dinitro-N-propyl-p-toluidine",DRWWMFAZIDKURY-UHFFFAOYSA-N,herbicides (dinitroaniline),CCCN(CC(=C)C)C1=C(C=C(C=C1[N+](=O)[O-])C(F)(F)F)[N+](=O)[O-]
metam,144-54-7,methyldithiocarbamic acid,HYVVJDQGXFXBRZ-UHFFFAOYSA-N,fungicides (dithiocarbamate)herbicides (dithiocarbamate)nematicides (dithiocarbamate),[Na+].CNC([S-])=S
methamidophos,10265-92-6,"(RS)-(O,S-dimethyl phosphoramidothioate)",NNKVPIKMPCQWCG-UHFFFAOYSA-N,acaricides (phosphoramidate)insecticides (phosphoramidate),CO[P](N)(=O)SC
methasulfocarb,66952-49-6,4-[(methylcarbamoyl)thio]phenyl methanesulfonate1979 Rules:S-[4-(mesyloxy)phenyl] methyl(thiocarbamate),IXJOSTZEBSTPAG-UHFFFAOYSA-N,fungicides (thiocarbamate),CNC(=O)Sc1ccc(O[S](C)(=O)=O)cc1
methazole,20354-26-1,"2-(3,4-dichlorophenyl)-4-methyl-1,2,4-oxadiazolidine-3,5-dione",LRUUNMYPIBZBQH-UHFFFAOYSA-N,herbicides (unclassified),CN1C(=O)ON(C1=O)c2ccc(Cl)c(Cl)c2
metcyclofenstrobin,2490157-71-4,methyl (2Z)-2-(5-cyclohexyl-2-methylphenoxy)-3-methoxyacrylateormethyl (Z)-[(5-cyclohexyl-o-tolyl)oxy]-3-methoxyacrylate,OCIRCFJCEQNJDN-ATVHPVEESA-N,fungicides (phenoxypropenoate),CC1=C(C=C(C=C1)C2CCCCC2)O/C(=C\OC)/C(=O)OC
methfuroxam,28730-17-8,"2,4,5-trimethyl-3-furananilide1979 Rules:2,4,5-trimethyl-3-furanilide",ZWJNEYVWPYIKMB-UHFFFAOYSA-N,fungicides (furancarboxamide),Cc1oc(C)c(C(=O)Nc2ccccc2)c1C
methabenzthiazuron,18691-97-9,"1-(1,3-benzothiazol-2-yl)-1,3-dimethylurea",RRVIAQKBTUQODI-UHFFFAOYSA-N,algicidesherbicides (urea),CNC(=O)N(C)c1sc2ccccc2n1
methidathion,950-37-8,"S-[(5-methoxy-2-oxo-1,3,4-thiadiazol-3(2H)-yl)methyl] O,O-dimethyl phosphorodithioate1979 Rules:S-[(2,3-dihydro-5-methoxy-2-oxo-1,3,4-thiadiazol-3-yl)methyl] O,O-dimethyl phosphorodithioate",MEBQXILRKZHVCX-UHFFFAOYSA-N,insecticides (arylalkyl organothiophosphate),COC1=NN(CS[P](=S)(OC)OC)C(=O)S1
methiobencarb,18357-78-3,S-(4-methoxybenzyl) diethylcarbamothioate1979 Rules:S-(4-methoxybenzyl) diethyl(thiocarbamate),BUHNESFUCHPWED-UHFFFAOYSA-N,herbicides (thiocarbamate),CCN(CC)C(=O)SCc1ccc(OC)cc1
methiocarb,2032-65-7,"3,5-dimethyl-4-(methylthio)phenyl methylcarbamate1979 Rules:4-(methylthio)-3,5-xylyl methylcarbamate",YFBPRJGDJKVWAH-UHFFFAOYSA-N,acaricides (phenyl carbamate)bird repellentsinsecticides (phenyl carbamate)molluscicides,CNC(=O)Oc1cc(C)c(SC)c(C)c1
methiopyrisulfuron,441050-97-1,methyl 2-({[4-methoxy-6-(methylthio)pyrimidin-2-yl]carbamoyl}sulfamoyl)benzoate1979 Rules:1-[2-(methoxycarbonyl)benzenesulfonyl]-3-[4-methoxy-6-(methylthio)pyrimidin-2-yl]urea,OUGVRUOROTYZSS-UHFFFAOYSA-N,herbicides (pyrimidinylsulfonylurea),COC1=CC(=NC(=N1)NC(=O)NS(=O)(=O)C2=CC=CC=C2C(=O)OC)SC
methiotepa,76-96-0,"(2RS,2â²RS,2â³RS)-tris(2-methylaziridin-1-yl)phosphine sulfide",MLFGIRNMAOXTHS-UHFFFAOYSA-N,chemosterilants,CC1CN1[P](=S)(N2CC2C)N3CC3C
methiozolin,403640-27-7,"2,6-difluorobenzyl (RS)-[4,5-dihydro-5-methyl-3-(3-methyl-2-thienyl)isoxazol-5-yl]methyl etheror(5RS)-5-{[(2,6-difluorobenzyl)oxy]methyl}]-4,5-dihydro-5-methyl-3-(3-methyl-2-thienyl)isoxazole",OPEJGICLTMWFNQ-UHFFFAOYSA-N,herbicides (benzyl ether),CC1=C(SC=C1)C2=NOC(C2)(C)COCC3=C(C=CC=C3F)F
methiuron,21540-35-2,"1,1-dimethyl-3-(3-methylphenyl)thiourea1979 Rules:1,1-dimethyl-3-m-tolylthiourea",MMCJEAKINANSOL-UHFFFAOYSA-N,herbicides (phenylthiourea),CN(C)C(=S)Nc1cccc(C)c1
methocrotophos,25601-84-7,(2E)-4-[methoxy(methyl)amino]-4-oxobut-2-en-2-yl dimethyl phosphate1979 Rules:(E)-2-[methoxy(methyl)carbamoyl]-1-methylvinyl dimethyl phosphate,WEDGYOKZJHBCGP-VOTSOKGWSA-N,insecticides (organophosphate),CON(C)C(=O)\C=C(/C)O[P](=O)(OC)OC
metolcarb,1129-41-5,m-tolyl methylcarbamate,VOEYXMAFNDNNED-UHFFFAOYSA-N,acaricides (phenyl carbamate)insecticides (phenyl carbamate),CNC(=O)Oc1cccc(C)c1
methometon,1771-07-9,"6-methoxy-N2,N4-bis(3-methoxypropyl)-1,3,5-triazine-2,4-diamine",FWJLFUVWQAXWLE-UHFFFAOYSA-N,herbicides (methoxytriazine),COCCCNc1nc(NCCCOC)nc(OC)n1
methomyl,16752-77-5,methyl (EZ)-N-[(methylcarbamoyl)oxy]thioacetimidate,UHXUZOCRWCRNSJ-UHFFFAOYSA-N,insecticides (oxime carbamate),CNC(=O)O\N=C(/C)SC
methoprene,40596-69-8,"isopropyl (E,E)-(RS)-11-methoxy-3,7,11-trimethyldodeca-2,4-dienoate",NFGXHKASABOEEW-LDRANXPESA-N,insecticides (juvenile hormone mimic),COC(C)(C)CCCC(C)C\C=C\C(C)=C\C(=O)OC(C)C
methoprene,40596-69-8,"isopropyl (E,E)-(RS)-11-methoxy-3,7,11-trimethyldodeca-2,4-dienoate",NFGXHKASABOEEW-LDRANXPESA-N,insecticides (juvenile hormone mimic),COC(C)(C)CCCC(C)C\C=C\C(C)=C\C(=O)OC(C)C
methoprotryne,841-06-5,"N2-isopropyl-N4-(3-methoxypropyl)-6-(methylthio)-1,3,5-triazine-2,4-diamine",DDUIUBPJPOKOMV-UHFFFAOYSA-N,herbicides (alkylthiotriazine),COCCCNc1nc(NC(C)C)nc(SC)n1
methoprotryne,841-06-5,"N2-isopropyl-N4-(3-methoxypropyl)-6-(methylthio)-1,3,5-triazine-2,4-diamine",DDUIUBPJPOKOMV-UHFFFAOYSA-N,herbicides (alkylthiotriazine),COCCCNc1nc(NC(C)C)nc(SC)n1
methoquin-butyl,19764-43-3,butyl 3-methylquinoline-4-carboxylateorbutyl 3-methylcinchoninate,HBVUDJVVVFGZMB-UHFFFAOYSA-N,insect repellents,CCCCOC(=O)c1c(C)cnc2ccccc12
methothrin,34388-29-9,"4-(methoxymethyl)benzyl (1RS,3RS;1RS,3SR)-2,2-dimethyl-3-(2-methylprop-1-enyl)cyclopropanecarboxylate",GQNBIMLHUAWKHJ-UHFFFAOYSA-N,insecticides (pyrethroid),COCc1ccc(COC(=O)C2C(C=C(C)C)C2(C)C)cc1
methoxychlor,72-43-5,"2,2â²-[(2,2,2-trichloroethane-1,1-diyl)di(4,1-phenylene)] dimethyl ether1979 Rules:1,1,1-trichloro-2,2-bis(4-methoxyphenyl)ethane",IAKOZHOLGAGEJT-UHFFFAOYSA-N,insecticides (organochlorine),COc1ccc(cc1)C(c2ccc(OC)cc2)C(Cl)(Cl)Cl
2-methoxyethylmercury%20chloride,123-88-6,(2-methoxyethyl)mercuric chloride2005 Rules:chlorido(2-methoxyethyl)mercuryor(2-methoxyethyl)mercury(II) chloride,VJTAZCKMHINUKO-UHFFFAOYSA-M,fungicides (mercury compound),[Cl-].COCC[Hg+]
methoxyfenozide,161050-58-4,"Nâ²-tert-butyl-Nâ²-(3,5-dimethylbenzoyl)-3-methoxy-2-methylbenzohydrazide",QCAWEPFNJXQPAN-UHFFFAOYSA-N,insecticides (diacylhydrazine),COc1cccc(C(=O)NN(C(=O)c2cc(C)cc(C)c2)C(C)(C)C)c1C
methoxyphenone,41295-28-7,"4-methoxy-3,3â²-dimethylbenzophenone",BWPYBAJTDILQPY-UHFFFAOYSA-N,herbicides (benzophenone),COc1ccc(cc1C)C(=O)c2cccc(C)c2
methyl%20apholate,3527-55-7,"2,2,4,4,6,6-hexakis[(2RS)-2-methylaziridin-1-yl]-1,3,5,2Î»5,4Î»5,6Î»5-triazatriphosphinine",NGZPBOGBIKWFQY-UHFFFAOYSA-N,chemosterilants,CC1CN1[P]2(=N[P](=N[P](=N2)(N3CC3C)N4CC4C)(N5CC5C)N6CC6C)N7CC7C
methyl%20bromide,74-83-9,methyl bromideorbromomethane,GZUXJHMPEANEGY-UHFFFAOYSA-N,fungicides (fumigant)herbicides (fumigant)insecticides (alkyl halide; fumigant)nematicides (alkyl halide; fumigant),CBr
methyl%20eugenol,93-15-2,"4-allyl-1,2-phenylene dimethyl ether1979 Rules:4-allylveratrole",ZYEMGPIYFIJGTP-UHFFFAOYSA-N,insect attractants (Dipteran),COc1ccc(CC=C)cc1OC
methyl%20iodide,74-88-4,iodomethaneormethyl iodide,INQOMBQAUSQDDS-UHFFFAOYSA-N,fungicides (fumigant)herbicides (fumigant)insecticides (alkyl halide; fumigant)nematicides (alkyl halide; fumigant),CI
isofenphos-methyl,99675-03-3,(RS)-{O-[2-(isopropoxycarbonyl)phenyl] O-methyl isopropylphosphoramidothioate}orisopropyl (RS)-O-[(isopropylamino)methoxyphosphinothioyl]salicylate,IXTOWLKEARFCCP-UHFFFAOYSA-N,insecticides (phosphoramidate),CO[P](=S)(NC(C)C)Oc1ccccc1C(=O)OC(C)C
methyl%20isothiocyanate,556-61-6,methyl isothiocyanate,LGDSHSYDSCRFAB-UHFFFAOYSA-N,fungicides (fumigant)herbicides (fumigant)insecticides (fumigant)nematicides (fumigant),CN=C=S
parathion-methyl,298-00-0,"O,O-dimethyl O-(4-nitrophenyl) phosphorothioate",RLBIQVVOMOPOHC-UHFFFAOYSA-N,insecticides (phenyl organothiophosphate),CO[P](=S)(OC)Oc1ccc(cc1)[N+]([O-])=O
methylacetophos,2088-72-4,"S-[(ethoxycarbonyl)methyl] O,O-dimethyl phosphorothioateorethyl [(dimethoxyphosphinoyl)thio]acetate",LIXQYRZDAFGLSQ-UHFFFAOYSA-N,insecticides (aliphatic organothiophosphate),CCOC(=O)CS[P](=O)(OC)OC
methylchloroform,71-55-6,"1,1,1-trichloroethane",UOCLXMDMGBRAIB-UHFFFAOYSA-N,insecticides (alkyl halide; fumigant),CC(Cl)(Cl)Cl
1-methylcyclopropene,3100-04-7,1-methylcyclopropene,SHDPRTQPPWIEJG-UHFFFAOYSA-N,plant growth regulators (ethylene inhibitor),CC1=CC1
metam,144-54-7,methyldithiocarbamic acid,HYVVJDQGXFXBRZ-UHFFFAOYSA-N,fungicides (dithiocarbamate)herbicides (dithiocarbamate)nematicides (dithiocarbamate),[Na+].CNC([S-])=S
methyldymron,42609-73-4,1-methyl-3-(1-methyl-1-phenylethyl)-1-phenylurea,FMINYZXVCTYSNY-UHFFFAOYSA-N,herbicides (phenylurea),CN(C(=O)NC(C)(C)c1ccccc1)c2ccccc2
methylene%20chloride,75-09-2,dichloromethane,YMWUJEATGCHHMB-UHFFFAOYSA-N,insecticides (alkyl halide; fumigant),ClCCl
demeton-o-methyl,867-27-6,"O-[2-(ethylthio)ethyl] O,O-dimethyl phosphorothioate",ZVZQKNVMDKSGGF-UHFFFAOYSA-N,acaricides (aliphatic organothiophosphate)insecticides (aliphatic organothiophosphate),CCSCCO[P](=S)(OC)OC
oxydemeton-methyl,301-12-2,"S-[2-(ethylsulfinyl)ethyl] O,O-dimethyl phosphorothioate",PMCVMORKVPSKHZ-UHFFFAOYSA-N,insecticides (aliphatic organothiophosphate),CC[S](=O)CCS[P](=O)(OC)OC
demeton-s-methyl,919-86-8,"S-[2-(ethylthio)ethyl] O,O-dimethyl phosphorothioate",WEBQKRLKWNIYKK-UHFFFAOYSA-N,acaricides (aliphatic organothiophosphate)insecticides (aliphatic organothiophosphate),CCSCCS[P](=O)(OC)OC
methylmercury%20benzoate,3626-13-9,benzoato(methanido)mercuryormethylmercury(II) benzoateormethylmercury(2+) benzoateormethylmercuric benzoate,WKDZZKIPDBZSRW-UHFFFAOYSA-M,fungicides (mercury compound),C[Hg]OC(=O)c1ccccc1
methylmercury%20dicyandiamide,502-39-6,1-cyano-3-(methylmercurio)guanidine,JVJUWCMBRUMDDQ-UHFFFAOYSA-N,fungicides (mercury compound),C[Hg+].C(#N)N=C(N)[NH-]
methylneodecanamide,105726-67-8,"2,2,2-trialkyl-N-methylacetamide",Failed,insect repellents,CCCC(CC)(CCC)C(=O)NC
fenitrothion,122-14-5,"O,O-dimethyl O-(3-methyl-4-nitrophenyl) phosphorothioate1979 Rules:O,O-dimethyl O-(4-nitro-m-tolyl) phosphorothioate",ZNOLGFHPUIJIMJ-UHFFFAOYSA-N,insecticides (phenyl organothiophosphate),CO[P](=S)(OC)Oc1ccc(c(C)c1)[N+]([O-])=O
azinphos-methyl,86-50-0,"O,O-dimethyl S-[(4-oxo-1,2,3-benzotriazin-3(4H)-yl)methyl] phosphorodithioate1979 Rules:S-[(3,4-dihydro-4-oxo-1,2,3-benzotriazin-3-yl)methyl] O,O-dimethyl phosphorodithioate",CJJOSEISRRTUQB-UHFFFAOYSA-N,acaricides (arylalkyl organothiophosphate)insecticides (arylalkyl organothiophosphate),CO[P](=S)(OC)SCN1N=Nc2ccccc2C1=O
methiozolin,403640-27-7,"2,6-difluorobenzyl (RS)-[4,5-dihydro-5-methyl-3-(3-methyl-2-thienyl)isoxazol-5-yl]methyl etheror(5RS)-5-{[(2,6-difluorobenzyl)oxy]methyl}]-4,5-dihydro-5-methyl-3-(3-methyl-2-thienyl)isoxazole",OPEJGICLTMWFNQ-UHFFFAOYSA-N,herbicides (benzyl ether),CC1=C(SC=C1)C2=NOC(C2)(C)COCC3=C(C=CC=C3F)F
metiram,9006-42-2,zinc ammoniate ethylenebis(dithiocarbamate) - poly(ethylenethiuram disulfide),Failed,fungicides (alkylenebis(dithiocarbamate); zinc compound),[Zn++].[S-]C(=S)NCCNC([S-])=S
metiram,9006-42-2,zinc ammoniate ethylenebis(dithiocarbamate) - poly(ethylenethiuram disulfide),Failed,fungicides (alkylenebis(dithiocarbamate); zinc compound),[Zn++].[S-]C(=S)NCCNC([S-])=S
metobenzuron,111578-32-6,"(RS)-1-methoxy-3-{4-[(2-methoxy-2,4,4-trimethylchroman-7-yl)oxy]phenyl}-1-methylurea",BXKKQFGRMSOANI-UHFFFAOYSA-N,herbicides (phenylurea),CC1(CC(OC2=C1C=CC(=C2)OC3=CC=C(C=C3)NC(=O)N(C)OC)(C)OC)C
metobromuron,3060-89-7,3-(4-bromophenyl)-1-methoxy-1-methylurea,WLFDQEVORAMCIM-UHFFFAOYSA-N,herbicides (phenylurea),CON(C)C(=O)Nc1ccc(Br)cc1
metofluthrin,240494-70-6,"2,3,5,6-tetrafluoro-4-(methoxymethyl)benzyl (1RS,3RS;1RS,3SR)-2,2-dimethyl-3-[(EZ)-prop-1-enyl]cyclopropanecarboxylate",KVIZNNVXXNFLMU-UHFFFAOYSA-N,insecticides (pyrethroid),COCc1c(F)c(F)c(COC(=O)C2C(\C=C\C)C2(C)C)c(F)c1F
epsilon-metofluthrin,240494-71-7,"2,3,5,6-tetrafluoro-4-(methoxymethyl)benzyl (1R,3R)-2,2-dimethyl-3-[(Z)-prop-1-enyl]cyclopropanecarboxylateRothamsted-style stereodescriptors:2,3,5,6-tetrafluoro-4-(methoxymethyl)benzyl (1R)-trans-2,2-dimethyl-3-[(Z)-prop-1-enyl]cyclopropanecarboxylate",KVIZNNVXXNFLMU-DUVUQDDDSA-N,insecticides (pyrethroid),C/C=C\[C@@H]1[C@H](C1(C)C)C(=O)OCC2=C(C(=C(C(=C2F)F)COC)F)F
metolachlor,51218-45-2,2-chloro-2â²-ethyl-N-[(1RS)-2-methoxy-1-methylethyl]-6â²-methylacetanilide,WVQBLGZPHOPPFO-UHFFFAOYSA-N,herbicides (chloroacetamide),CCc1cccc(C)c1N(C(C)COC)C(=O)CCl
s-metolachlor,87392-12-9,reaction mixture of 80â100% 2-chloro-2â²-ethyl-N-[(1S)-2-methoxy-1-methylethyl]-6â²-methylacetanilide and 20â0% 2-chloro-2â²-ethyl-N-[(1R)-2-methoxy-1-methylethyl]-6â²-methylacetanilide,major component (S)-isomer:WVQBLGZPHOPPFO-LBPRGKRZSA-Nminor component (R)-isomer:WVQBLGZPHOPPFO-GFCCVEGCSA-N,herbicides (chloroacetamide),Failed
metolcarb,1129-41-5,m-tolyl methylcarbamate,VOEYXMAFNDNNED-UHFFFAOYSA-N,acaricides (phenyl carbamate)insecticides (phenyl carbamate),CNC(=O)Oc1cccc(C)c1
metomeclan,81949-88-4,"(3RS)-1-(3,5-dichlorophenyl)-3-(methoxymethyl)pyrrolidine-2,5-dione1979 Rules:(3RS)-N-(3,5-dichlorophenyl)-2-(methoxymethyl)succinimide",GKRWQTZYSYFMOV-UHFFFAOYSA-N,fungicides (dicarboximide),COCC1CC(=O)N(C1=O)c2cc(Cl)cc(Cl)c2
tribenuron,106040-48-6,"2-{[(4-methoxy-6-methyl-1,3,5-triazin-2-yl)methylcarbamoyl]sulfamoyl}benzoic acid",BQZXUHDXIARLEO-UHFFFAOYSA-N,herbicides (triazinylsulfonylurea),COc1nc(C)nc(n1)N(C)C(=O)N[S](=O)(=O)c2ccccc2C(O)=O
metominostrobin,133408-50-1,(2E)-2-(methoxyimino)-N-methyl-2-(2-phenoxyphenyl)acetamide,HIIRDDUVRXCDBN-OBGWFSINSA-N,fungicides (oximinoacetamide),CNC(=O)C(=N/OC)\c1ccccc1Oc2ccccc2
metosulam,139528-85-1,"2â²,6â²-dichloro-5,7-dimethoxy-3â²-methyl[1,2,4]triazolo[1,5-a]pyrimidine-2-sulfonanilide",VGHPMIFEKOFHHQ-UHFFFAOYSA-N,herbicides (triazolopyrimidine),COc1cc(OC)n2nc(nc2n1)[S](=O)(=O)Nc3c(Cl)ccc(C)c3Cl
metoxadiazone,60589-06-2,"5-methoxy-3-(2-methoxyphenyl)-1,3,4-oxadiazol-2(3H)-one",LTMQQEMGRMBUSL-UHFFFAOYSA-N,insecticides (oxadiazolone),COC1=NN(C(=O)O1)c2ccccc2OC
metoxuron,19937-59-8,"3-(3-chloro-4-methoxyphenyl)-1,1-dimethylurea",DSRNRYQBBJQVCW-UHFFFAOYSA-N,herbicides (phenylurea)plant growth regulators (defoliant),COc1ccc(NC(=O)N(C)C)cc1Cl
metproxybicyclone,1848207-89-5,"(1RS,5SR)-3-[2-methoxy-4-(prop-1-yn-1-yl)phenyl]-4-oxobicyclo[3.2.1]oct-2-en-2-yl methyl carbonate",BLGCYYLLSINBMU-UHFFFAOYSA-N,herbicides (carbocyclic aryl-dione),CC#CC1=CC(=C(C=C1)C2=C(C3CCC(C3)C2=O)OC(=O)OC)OC
metrafenone,220899-03-6,"3â²-bromo-2,3,4,6â²-tetramethoxy-2â²,6-dimethylbenzophenone",AMSPWOYQQAWRRM-UHFFFAOYSA-N,fungicides (arylphenyl ketone),COc1ccc(Br)c(C)c1C(=O)c2c(C)cc(OC)c(OC)c2OC
metiram,9006-42-2,zinc ammoniate ethylenebis(dithiocarbamate) - poly(ethylenethiuram disulfide),Failed,fungicides (alkylenebis(dithiocarbamate); zinc compound),[Zn++].[S-]C(=S)NCCNC([S-])=S
metribuzin,21087-64-9,"4-amino-6-tert-butyl-3-(methylthio)-1,2,4-triazin-5(4H)-one1979 Rules:4-amino-6-tert-butyl-4,5-dihydro-3-(methylthio)-1,2,4-triazin-5-one",FOXFZRUHNHCZPX-UHFFFAOYSA-N,herbicides (triazinone),CSC1=NN=C(C(=O)N1N)C(C)(C)C
trichlorfon,52-68-6,"dimethyl [(1RS)-2,2,2-trichloro-1-hydroxyethyl]phosphonate",NFACJZMKEDPNKN-UHFFFAOYSA-N,acaricides (phosphonate)insecticides (phosphonate),CO[P](=O)(OC)C(O)C(Cl)(Cl)Cl
trichlorfon,52-68-6,"dimethyl [(1RS)-2,2,2-trichloro-1-hydroxyethyl]phosphonate",NFACJZMKEDPNKN-UHFFFAOYSA-N,acaricides (phosphonate)insecticides (phosphonate),CO[P](=O)(OC)C(O)C(Cl)(Cl)Cl
metsulfovax,21452-18-6,"2,4-dimethylthiazole-5-carboxanilide",UDSJPFPDKCMYBD-UHFFFAOYSA-N,fungicides (anilide),Cc1sc(C(=O)Nc2ccccc2)c(C)n1
metsulfuron,79510-48-8,"2-{[(4-methoxy-6-methyl-1,3,5-triazin-2-yl)carbamoyl]sulfamoyl}benzoic acid",UWHURBUBIHUHSU-UHFFFAOYSA-N,herbicides (triazinylsulfonylurea),COc1nc(C)nc(NC(=O)N[S](=O)(=O)c2ccccc2C(O)=O)n1
metyltetraprole,1472649-01-6,"1-[2-({[1-(4-chlorophenyl)-1H-pyrazol-3-yl]oxy}methyl)-3-methylphenyl]-1,4-dihydro-4-methyl-5H-tetrazol-5-one",XUQQRGKFXLAPNV-UHFFFAOYSA-N,fungicides (tetrazolinone),CC1=C(C(=CC=C1)N2C(=O)N(N=N2)C)COC3=NN(C=C3)C4=CC=C(C=C4)Cl
mevalocidin,887028-34-4,3-hydroxy-4-(hydroxymethyl)-3-methylpent-4-enoic acid,RRBDLSHMQFWBHK-UHFFFAOYSA-N,herbicides (unclassified),CC(CC(=O)O)(C(=C)CO)O
mevinphos,7786-34-7,methyl (EZ)-3-[(dimethoxyphosphinoyl)oxy]but-2-enoate,GEPDYQSQVLXLEU-UHFFFAOYSA-N,acaricides (organophosphate)insecticides (organophosphate),COC(=O)\C=C(/C)O[P](=O)(OC)OC
mexacarbate,315-18-4,"4-(dimethylamino)-3,5-dimethylphenyl methylcarbamate1979 Rules:4-(dimethylamino)-3,5-xylyl methylcarbamate",YNEVBPNZHBAYOA-UHFFFAOYSA-N,insecticides (phenyl carbamate),CNC(=O)Oc1cc(C)c(N(C)C)c(C)c1
MGK-264,113-48-4,"N-(2-ethylhexyl)bicyclo[2.2.1]hept-5-ene-2,3-dicarboximide1979 Rules:N-(2-ethylhexyl)-8,9,10-trinorborn-5-ene-2,3-dicarboximide",WLLGXSLBOPFWQV-UHFFFAOYSA-N,synergists,CCCCC(CC)CN1C(=O)C2C3CC(C=C3)C2C1=O
xmc,2655-14-3,"3,5-dimethylphenyl methylcarbamate1979 Rules:3,5-xylyl methylcarbamate",CVQODEWAPZVVBU-UHFFFAOYSA-N,insecticides (phenyl carbamate),CNC(=O)Oc1cc(C)cc(C)c1
mieshuan,51594-83-3,3-pyridylmethyl (4-nitrophenyl)carbamate1979 Rules:3-pyridylmethyl 4-nitrocarbanilate,NEJBEZATSQIMQM-UHFFFAOYSA-N,rodenticides (unclassified),[O-][N+](=O)c1ccc(NC(=O)OCc2cccnc2)cc1
pentmethrin,79302-84-4,"(1RS,2EZ)-1-cyano-2-methylpent-2-enyl (1RS,3RS;1RS,3SR)-3-(2,2-dichlorovinyl)-2,2-dimethylcyclopropanecarboxylate",WKWOGKNOZXPLBT-UHFFFAOYSA-N,insecticides (pyrethroid),CC\C=C(/C)C(OC(=O)C1C(C=C(Cl)Cl)C1(C)C)C#N
milbemectin,1799297-76-9,"extended von Baeyer nomenclature: mixture of 70% (10E,14E,16E)-(1R,4S,5â²S,6R,6â²R,8R,13R,20R,21R,24S)-6â²-ethyl-21,24-dihydroxy-5â²,11,13,22-tetramethyl-(3,7,19-trioxatetracyclo[15.6.1.14,8.020,24]pentacosa-10,14,16,22-tetraene)-6-spiro-2â²-(tetrahydropyran)-2-one and 30% (10E,14E,16E)-(1R,4S,5â²S,6R,6â²R,8R,13R,20R,21R,24S)-21,24-dihydroxy-5â²,6â²,11,13,22-pentamethyl-(3,7,19-trioxatetracyclo[15.6.1.14,8.020,24]pentacosa-10,14,16,22-tetraene)-6-spiro-2â²-(tetrahydropyran)-2-oneorbridged fused ring systems nomenclature: mixture of 70% (2aE,4E,8E)-(5â²S,6R,6â²R,11R,13R,15S,17aR,20R,20aR,20bS)-6â²-ethyl-3â²,4â²,5â²,6,6â²,7,10,11,14,15,17a,20,20a,20b-tetradecahydro-20,20b-dihydroxy-5â²,6,8,19-tetramethylspiro[11,15-methano-2H,13H,17H-furo[4,3,2-pq][2,6]benzodioxacyclooctadecin-13,2â²-[2H]pyran]-17-one and 30% (2aE,4E,8E)-(5â²S,6R,6â²R,11R,13R,15S,17aR,20R,20aR,20bS)-3â²,4â²,5â²,6,6â²,7,10,11,14,15,17a,20,20a,20b-tetradecahydro-20,20b-dihydroxy-5â²,6,6â²,8,19-pentamethylspiro[11,15-methano-2H,13H,17H-furo[4,3,2-pq][2,6]benzodioxacyclooctadecin-13,2â²-[2H]pyran]-17-one",milbemycin A4 (6â²-ethyl):VOZIAWLUULBIPN-LRBNAKOISA-Nmilbemycin A3 (6â²-methyl):ZLBGSRMUSVULIE-GSMJGMFJSA-Nidentifier for mixture (not valid):GYDJYANDMLXRJG-YVBHUIOZSA-N,acaricides (milbemycin),Failed
milbemycin%20oxime,129496-10-2,"extended von Baeyer nomenclature: mixture of 70% (10E,14E,16E)-(1R,4S,5â²S,6R,6â²R,8R,13R,20R,24S)-6â²-ethyl-24-hydroxy-5â²,11,13,22-tetramethyl-(3,7,19-trioxatetracyclo[15.6.1.14,8.020,24]pentacosa-10,14,16,22-tetraene)-6-spiro-2â²-(tetrahydropyran)-2,21-dione 21-(EZ)-oxime and 30% (10E,14E,16E)-(1R,4S,5â²S,6R,6â²R,8R,13R,20R,24S)-24-hydroxy-5â²,6â²,11,13,22-pentamethyl-(3,7,19-trioxatetracyclo[15.6.1.14,8.020,24]pentacosa-10,14,16,22-tetraene)-6-spiro-2â²-(tetrahydropyran)-2,21-dione 21-(EZ)-oximeorbridged fused ring systems nomenclature: mixture of 70% (2aE,4E,8E)-(5â²S,6R,6â²R,11R,13R,15S,17aR,20aR,20bS)-6â²-ethyl-3â²,4â²,5â²,6â²,10,11,14,15,20a,20b-decahydro-20b-hydroxy-5â²,6,8,19-tetramethylspiro[11,15-methano-2H,13H,17H-furo[4,3,2-pq][2,6]benzodioxacyclooctadecin-13,2â²-[2H]pyran]-17,20(6H,17aH)-dione 20-(EZ)-oxime and 30% (2aE,4E,8E)-(5â²S,6R,6â²R,11R,13R,15S,17aR,20aR,20bS)-3â²,4â²,5â²,6â²,10,11,14,15,20a,20b-decahydro-20b-hydroxy-5â²,6,6â²,8,19-pentamethylspiro[11,15-methano-2H,13H,17H-furo[4,3,2-pq][2,6]benzodioxacyclooctadecin-13,2â²-[2H]pyran]-17,20(6H,17aH)-dione 20-(EZ)-oxime",6â²-ethyl:YCAZFHUABUMOIM-OWOPNLEVSA-N6â²-methyl:VDBGCWFGLMXRIK-FJZHFHHPSA-Nidentifier for mixture (not valid):CKVMAPHTVCTEMM-GSYGMDRSSA-N,acaricides (milbemycin),Failed
milneb,3773-49-7,"4,4â²,6,6â²-tetramethyl-3,3â²-ethylenedi-1,3,5-thiadiazinane-2-thione",JZFICWYCTCCINF-UHFFFAOYSA-N,fungicides (alkylenebis(dithiocarbamate)),CC1NC(C)N(CCN2C(C)NC(C)SC2=S)C(=S)S1
pyriminostrobin,1257598-43-8,"methyl (2E)-2-[2-({[2-(2,4-dichloroanilino)-6-(trifluoromethyl)pyrimidin-4-yl]oxy}methyl)phenyl]-3-methoxyprop-2-enoate1979 Rules:methyl (E)-2-(Î±-{[2-(2,4-dichloroanilino)-6-(trifluoromethyl)pyrimidin-4-yl]oxy}-o-tolyl)-3-methoxyacrylate",YYXSCUSVVALMNW-FOWTUZBSSA-N,acaricides (methoxyacrylate),CO/C=C(\C1=CC=CC=C1COC2=NC(=NC(=C2)C(F)(F)F)NC3=C(C=C(C=C3)Cl)Cl)/C(=O)OC
mipafox,371-86-8,"N,Nâ²-diisopropylphosphorodiamidic fluoride",UOSHUBFBCPGQAY-UHFFFAOYSA-N,acaricides (phosphorodiamide)insecticides (phosphorodiamide),CC(C)N[P](F)(=O)NC(C)C
isoprocarb,2631-40-5,2-isopropylphenyl methylcarbamate1979 Rules:o-cumenyl methylcarbamate,QBSJMKIUCUGGNG-UHFFFAOYSA-N,insecticides (phenyl carbamate),CNC(=O)Oc1ccccc1C(C)C
mirex,2385-85-5,"dodecachloropentacyclo[5.3.0.02,6.03,9.04,8]decaneorperchloropentacyclo[5.3.0.02,6.03,9.04,8]decane",GVYLCNUFSHDAAW-UHFFFAOYSA-N,insecticides (chlorinated cyclodiene),ClC1(Cl)C2(Cl)C3(Cl)C4(Cl)C(Cl)(Cl)C5(Cl)C3(Cl)C1(Cl)C5(Cl)C24Cl
methyl%20isothiocyanate,556-61-6,methyl isothiocyanate,LGDSHSYDSCRFAB-UHFFFAOYSA-N,fungicides (fumigant)herbicides (fumigant)insecticides (fumigant)nematicides (fumigant),CN=C=S
mivorilaner,1414642-93-5,"3-[(5S)-5-(3,5-dichloro-4-fluorophenyl)-5-(trifluoromethyl)-4,5-dihydro-1,2-oxazol-3-yl]-N-{2-[(2,2-difluoroethyl)amino]-2-oxoethyl}-5,6-dihydro-4H-cyclopenta[c]thiophene-1-carboxamide3-[(5S)-5-(3,5-dichloro-4-fluorophenyl)-5-(trifluoromethyl)-4H-1,2-oxazol-3-yl]-N-[2-(2,2-difluoroethylamino)-2-oxoethyl]-5,6-dihydro-4H-cyclopenta[c]thiophene-3-carboxamide",OFGKIOOXISVXEC-NRFANRHFSA-N,acaricides (isoxazoline)insecticides (isoxazoline),C1CC2=C(SC(=C2C1)C(=O)NCC(=O)NCC(F)F)C3=NO[C@@](C3)(C4=CC(=C(C(=C4)Cl)F)Cl)C(F)(F)F
mnaf,5903-13-9,2-fluoro-N-methyl-N-1-naphthylacetamide,ADRPZEYTIFWCBC-UHFFFAOYSA-N,acaricides (halogenated alkanoic acid),CN(C(=O)CF)c1cccc2ccccc12
methylneodecanamide,105726-67-8,"2,2,2-trialkyl-N-methylacetamide",Failed,insect repellents,CCCC(CC)(CCC)C(=O)NC
modoflaner,1331922-53-2,"6-fluoro-N-(2-fluoro-3-{[4-(heptafluoropropan-2-yl)-2-iodo-6-(trifluoromethyl)phenyl]carbamoyl}phenyl)pyridine-3-carboxamide6-fluoro-N-[2-fluoro-3-[[4-(1,1,1,2,3,3,3-heptafluoropropan-2-yl)-2-iodo-6-(trifluoromethyl)phenyl]carbamoyl]phenyl]pyridine-3-carboxamide",IUJSREIEVDNHMT-UHFFFAOYSA-N,acaricides (meta-diamide)insecticides (meta-diamide),C1=CC(=C(C(=C1)NC(=O)C2=CN=C(C=C2)F)F)C(=O)NC3=C(C=C(C=C3I)C(C(F)(F)F)(C(F)(F)F)F)C(F)(F)F
moguchun,3391-86-4,(3RS)-oct-1-en-3-ol,VSMOENVRRABVKN-UHFFFAOYSA-N,insect attractants (Dipteran),CCCCCC(O)C=C
molinate,2212-67-1,S-ethyl azepane-1-carbothioate1979 Rules:S-ethyl perhydroazepine-1-carbothioate,DEDOPGXGGQYYMW-UHFFFAOYSA-N,herbicides (thiocarbamate),CCSC(=O)N1CCCCCC1
derivatives/thiosultap-monosodium,29547-00-0,"sodium hydrogen S,Sâ²-[2-(dimethylamino)trimethylene] di(thiosulfate)",MBNMHBAJUNHZRE-UHFFFAOYSA-M,insecticides (nereistoxin analogue),[Na+].CN(C)C(CS[S](O)(=O)=O)CS[S]([O-])(=O)=O
momfluorothrin,609346-29-4,"2,3,5,6-tetrafluoro-4-(methoxymethyl)benzyl (1RS,3RS;1RS,3SR)-3-[(EZ)-2-cyanoprop-1-enyl]-2,2-dimethylcyclopropanecarboxylate",DPJITPZADZSLBP-UHFFFAOYSA-N,insecticides (pyrethroid),CC(=CC1C(C1(C)C)C(=O)OCC2=C(C(=C(C(=C2F)F)COC)F)F)C#N
epsilon-momfluorothrin,1065124-65-3,"2,3,5,6-tetrafluoro-4-(methoxymethyl)benzyl (1R,3R)-3-[(Z)-2-cyanoprop-1-enyl]-2,2-dimethylcyclopropanecarboxylateRothamsted-style stereodescriptors:2,3,5,6-tetrafluoro-4-(methoxymethyl)benzyl (1R)-trans-3-[(Z)-2-cyanoprop-1-enyl]-2,2-dimethylcyclopropanecarboxylate",DPJITPZADZSLBP-DQXQJKBJSA-N,insecticides (pyrethroid),C/C(=C/[C@@H]1[C@H](C1(C)C)C(=O)OCC2=C(C(=C(C(=C2F)F)COC)F)F)/C#N
monalide,7287-36-7,"4â²-chloro-2,2-dimethylpentananilide1979 Rules:4â²-chloro-2,2-dimethylvaleranilide",KXGYBSNVFXBPNO-UHFFFAOYSA-N,herbicides (anilide),CCCC(C)(C)C(=O)Nc1ccc(Cl)cc1
monisouron,55807-46-0,1-(5-tert-butylisoxazol-3-yl)-3-methylurea,GUGLRTKPJBGNAF-UHFFFAOYSA-N,herbicides (urea),CNC(=O)Nc1cc(on1)C(C)(C)C
monisouron,55807-46-0,1-(5-tert-butylisoxazol-3-yl)-3-methylurea,GUGLRTKPJBGNAF-UHFFFAOYSA-N,herbicides (urea),CNC(=O)Nc1cc(on1)C(C)(C)C
semiamitraz,33089-74-6,"(EZ)-N-(2,4-dimethylphenyl)-Nâ²-methylformimidamide1979 Rules:(EZ)-N1-methyl-N2-(2,4-xylyl)formamidine",JIIOLEGNERQDIP-UHFFFAOYSA-N,acaricides (formamidine)insecticides (formamidine),[H+].[Cl-].CN=CNc1ccc(C)cc1C
chloroacetic%20acid,79-11-8,chloroacetic acid,FOCAUTSVDIKZOP-UHFFFAOYSA-N,herbicides (halogenated alkanoic acid),OC(=O)CCl
monocrotophos,6923-22-4,dimethyl (2E)-4-(methylamino)-4-oxobut-2-en-2-yl phosphate1979 Rules:dimethyl (E)-1-methyl-2-(methylcarbamoyl)vinyl phosphate,KRTSDMXIXPKRQR-AATRIKPKSA-N,acaricides (organophosphate)insecticides (organophosphate),CNC(=O)\C=C(/C)O[P](=O)(OC)OC
monolinuron,1746-81-2,3-(4-chlorophenyl)-1-methoxy-1-methylurea,LKJPSUCKSLORMF-UHFFFAOYSA-N,herbicides (phenylurea),CON(C)C(=O)Nc1ccc(Cl)cc1
derivatives/thiosultap-monosodium,29547-00-0,"sodium hydrogen S,Sâ²-[2-(dimethylamino)trimethylene] di(thiosulfate)",MBNMHBAJUNHZRE-UHFFFAOYSA-M,insecticides (nereistoxin analogue),[Na+].CN(C)C(CS[S](O)(=O)=O)CS[S]([O-])(=O)=O
sulfiram,95-05-6,tetraethylthiuram monosulfide,CTPKSRZFJSJGML-UHFFFAOYSA-N,acaricides (dithiocarbamate),CCN(CC)C(=S)SC(=S)N(CC)CC
monosulfuron,155860-63-2,N-[(4-methylpyrimidin-2-yl)carbamoyl]-2-nitrobenzenesulfonamide,DPIRXVCCFDCYGI-UHFFFAOYSA-N,herbicides (pyrimidinylsulfonylurea),CC1=NC(=NC=C1)NC(=O)NS(=O)(=O)C2=CC=CC=C2[N+](=O)[O-]
monosulfuron-ester,175076-90-1,methyl 2-{[(4-methylpyrimidin-2-yl)carbamoyl]sulfamoyl}benzoate,VGBNSONMEGTIDX-UHFFFAOYSA-N,herbicides (pyrimidinylsulfonylurea),CC1=NC(=NC=C1)NC(=O)NS(=O)(=O)C2=CC=CC=C2C(=O)OC
derivatives/thiosultap-monosodium,29547-00-0,"sodium hydrogen S,Sâ²-[2-(dimethylamino)trimethylene] di(thiosulfate)",MBNMHBAJUNHZRE-UHFFFAOYSA-M,insecticides (nereistoxin analogue),[Na+].CN(C)C(CS[S](O)(=O)=O)CS[S]([O-])(=O)=O
monuron,150-68-5,"3-(4-chlorophenyl)-1,1-dimethylurea",BMLIZLVNXIYGCK-UHFFFAOYSA-N,herbicides (phenylurea),CN(C)C(=O)Nc1ccc(Cl)cc1
derivatives/monuron%20tca,140-41-0,"3-(4-chlorophenyl)-1,1-dimethylurea - trichloroacetic acid (1:1)or3-(4-chlorophenyl)-1,1-dimethyluronium trichloroacetate",DUQGREMIROGTTD-UHFFFAOYSA-N,herbicides (phenylurea),CN(C)C(=O)Nc1ccc(Cl)cc1.OC(=O)C(Cl)(Cl)Cl
morfamquat,7411-47-4,"1,1â²-bis{[(3,5-dimethylmorpholino)carbonyl]methyl}-4,4â²-bipyridiniumor1,1â²-bis{[(3,5-dimethylmorpholino)carbonyl]methyl}-4,4â²-bipyridyldiylium",UBAQQOLXBOKEHR-UHFFFAOYSA-N,herbicides (quaternary ammonium),CC1COCC(N1C(=O)C[N+]2=CC=C(C=C2)C3=CC=[N+](C=C3)CC(=O)N4C(COCC4C)C)C
moroxydine,3731-59-7,N-carbamimidoylmorpholine-4-carboximidamideor4-morpholinecarboximidoylguanidine,KJHOZAZQWVKILO-UHFFFAOYSA-N,fungicides (guanidine),[H+].[Cl-].NC(N)=NC(=N)N1CCOCC1
morphothion,144-41-2,"O,O-dimethyl S-[(morpholinocarbonyl)methyl] phosphorodithioate",NTHGWXIWFHGPLK-UHFFFAOYSA-N,insecticides (aliphatic amide organothiophosphate),CO[P](=S)(OC)SCC(=O)N1CCOCC1
morzid,2168-68-5,4-[bis(aziridin-1-yl)phosphinothioyl]morpholine,RQOLZRKNRJWASP-UHFFFAOYSA-N,chemosterilants,S=[P](N1CCOCC1)(N2CC2)N3CC3
moxidectin,113507-06-5,"extended von Baeyer nomenclature: (10E,14E,16E)-(1R,4S,5â²S,6R,6â²S,8R,13R,20R,21R,24S)-6â²-[(1E)-1,3-dimethylbut-1-enyl]-21,24-dihydroxy-5â²,11,13,22-tetramethyl-(3,7,19-trioxatetracyclo[15.6.1.14,8.020,24]pentacosa-10,14,16,22-tetraene)-6-spiro-2â²-(tetrahydropyran)-2,4â²-dione 4â²-(E)-(O-methyloxime)orbridged fused ring systems nomenclature: (2aE,4E,8E)-(5â²S,6R,6â²S,11R,13R,15S,17aR,20R,20aR,20bS)-6â²-[(1E)-1,3-dimethylbut-1-enyl]-5â²,6â²,10,11,14,15,17a,20,20a,20b-decahydro-20,20b-dihydroxy-5â²,6,8,19-tetramethylspiro[11,15-methano-2H,13H,17H-furo[4,3,2-pq][2,6]benzodioxacyclooctadecin-13,2â²-[2H]pyran]-4â²,17(3â²H,6H)-dione 4â²-(E)-(O-methyloxime)",YZBLFMPOMVTDJY-LSGXYNIPSA-N,acaricides (milbemycin)insecticides (milbemycin),CO\N=C\1C[C@]2(C[C@@H]3C[C@@H](C\C=C(/C)C[C@@H](C)/C=C/C=C/4CO[C@@H]5[C@H](O)C(=C[C@@H](C(=O)O3)[C@]45O)C)O2)OC([C@H]1C)C(/C)=C/C(C)C
xylylcarb,2425-10-7,"3,4-dimethylphenyl methylcarbamate1979 Rules:3,4-xylyl methylcarbamate",WCJYTPVNMWIZCG-UHFFFAOYSA-N,insecticides (phenyl carbamate),CNC(=O)Oc1ccc(C)c(C)c1
msma,2163-80-6,sodium hydrogen methylarsonate,JITOKQVGRJSHHA-UHFFFAOYSA-M,herbicides (arsenical),[Na+].C[As](O)([O-])=O
metolcarb,1129-41-5,m-tolyl methylcarbamate,VOEYXMAFNDNNED-UHFFFAOYSA-N,acaricides (phenyl carbamate)insecticides (phenyl carbamate),CNC(=O)Oc1cccc(C)c1
a-multistriatin,59014-03-8,"(1S,2R,4S,5R)-5-ethyl-2,4-dimethyl-6,8-dioxabicyclo[3.2.1]octane",YMBRJMLOGNZRFY-UTINFBMNSA-N,insect attractants (Coleopteran),CC[C@]12[C@H](C[C@H]([C@H](O1)CO2)C)C
muscalure,27519-02-4,(Z)-tricos-9-ene,IGOWHGRNPLFNDJ-ZPHPHTNESA-N,insect attractants (Dipteran),CCCCCCCCCCCCC\C=C/CCCCCCCC
myclobutanil,88671-89-0,"(RS)-2-(4-chlorophenyl)-2-(1H-1,2,4-triazol-1-ylmethyl)hexanenitrile",HZJKXKUJVSEEFU-UHFFFAOYSA-N,fungicides (triazole),CCCCC(Cn1cncn1)(C#N)c2ccc(Cl)cc2
myclozolin,54864-61-8,"(RS)-3-(3,5-dichlorophenyl)-5-(methoxymethyl)-5-methyloxazolidine-2,4-dione",FTCOKXNKPOUEFH-UHFFFAOYSA-N,fungicides (dicarboximide),COCC1(C)OC(=O)N(C1=O)c2cc(Cl)cc(Cl)c2
triacontanol,593-50-0,triacontan-1-ol,REZQBEBOWJAQKS-UHFFFAOYSA-N,plant growth regulators (growth stimulator),CCCCCCCCCCCCCCCCCCCCCCCCCCCCCCO
a-naphthaleneacetic%20acids,1-isomer: 86-87-32-isomer: 581-96-4,1-naphthylacetic acid and/or 2-naphthylacetic acid,1-isomer:PRPINYUDVPFIRX-UHFFFAOYSA-N2-isomer:VIBOGIYPPWLDTI-UHFFFAOYSA-N,plant growth regulators (auxin),Failed
naphthaleneacetamide,86-86-2,2-(1-naphthyl)acetamide,XFNJVKMNNVCYEK-UHFFFAOYSA-N,plant growth regulators (auxin),NC(=O)Cc1cccc2ccccc12
nabam,142-59-6,disodium ethylenebis(dithiocarbamate),UQJQVUOTMVCFHX-UHFFFAOYSA-L,algicidesfungicides (alkylenebis(dithiocarbamate)),[Na+].[Na+].[S-]C(=S)NCCNC([S-])=S
nafoxametamide,2922827-79-8,"4-{(5RS)-5-[3-chloro-5-(trifluoromethyl)phenyl]-5-(trifluoromethyl)-4,5-dihydroisoxazol-3-yl}-N-[(EZ)-(methoxyimino)methyl]-1-naphthamide",ASDVQSREIKRZHG-UHFFFAOYSA-N,insecticides (isoxazoline),CON=CNC(=O)C1=CC=C(C2=CC=CC=C21)C3=NOC(C3)(C4=CC(=CC(=C4)Cl)C(F)(F)F)C(F)(F)F
naftalofos,1491-41-4,"2-[(diethoxyphosphoryl)oxy]-1H-benzo[de]isoquinoline-1,3(2H)-dione1979 Rules:diethyl [(naphthalimido)oxy]phosphonate",QNSIFYWAPWSAIJ-UHFFFAOYSA-N,insecticides (organophosphate),CCO[P](=O)(OCC)ON1C(=O)c2cccc3cccc(C1=O)c23
naled,300-76-5,"(RS)-1,2-dibromo-2,2-dichloroethyl dimethyl phosphate",BUYMVQAILCEWRR-UHFFFAOYSA-N,acaricides (organophosphate)insecticides (organophosphate),CO[P](=O)(OC)OC(Br)C(Cl)(Cl)Br
naphthalene,91-20-3,naphthalene,UFWIBTONFRDIAS-UHFFFAOYSA-N,insecticides (aromatic hydrocarbon),c1ccc2ccccc2c1
naphthaleneacetamide,86-86-2,2-(1-naphthyl)acetamide,XFNJVKMNNVCYEK-UHFFFAOYSA-N,plant growth regulators (auxin),NC(=O)Cc1cccc2ccccc12
a-naphthaleneacetic%20acids,1-isomer: 86-87-32-isomer: 581-96-4,1-naphthylacetic acid and/or 2-naphthylacetic acid,1-isomer:PRPINYUDVPFIRX-UHFFFAOYSA-N2-isomer:VIBOGIYPPWLDTI-UHFFFAOYSA-N,plant growth regulators (auxin),Failed
naphthalic%20anhydride,81-84-5,"naphthalene-1,8-dicarboxylic anhydride",GRSMWKLPSNHDHA-UHFFFAOYSA-N,herbicide safeners,O=C1OC(=O)c2cccc3cccc1c23
naftalofos,1491-41-4,"2-[(diethoxyphosphoryl)oxy]-1H-benzo[de]isoquinoline-1,3(2H)-dione1979 Rules:diethyl [(naphthalimido)oxy]phosphonate",QNSIFYWAPWSAIJ-UHFFFAOYSA-N,insecticides (organophosphate),CCO[P](=O)(OCC)ON1C(=O)c2cccc3cccc(C1=O)c23
1-naphthol,90-15-3,1-naphthol,KJCVRFUGPWSIIH-UHFFFAOYSA-N,plant growth regulators (auxin),Oc1cccc2ccccc12
naphthoxyacetic%20acids,1-isomer: 2976-75-22-isomer: 120-23-0,(1-naphthyloxy)acetic acid and/or (2-naphthyloxy)acetic acid,1-isomer:GHRYSOFWKRRLMI-UHFFFAOYSA-N2-isomer:RZCJYMOBWVJQGV-UHFFFAOYSA-N,plant growth regulators (auxin),Failed
a-naphthaleneacetic%20acids,1-isomer: 86-87-32-isomer: 581-96-4,1-naphthylacetic acid and/or 2-naphthylacetic acid,1-isomer:PRPINYUDVPFIRX-UHFFFAOYSA-N2-isomer:VIBOGIYPPWLDTI-UHFFFAOYSA-N,plant growth regulators (auxin),Failed
"naphthylindane-1,3-diones",1786-03-4,"2-(1-naphthyl)indane-1,3-dione1979 Rules:2-(1-naphthyl)indan-1,3-dione",CVLPPWGDNNZTRW-UHFFFAOYSA-N,rodenticides (indandione),O=C1C(C(=O)c2ccccc12)c3cccc4ccccc34
naphthoxyacetic%20acids,1-isomer: 2976-75-22-isomer: 120-23-0,(1-naphthyloxy)acetic acid and/or (2-naphthyloxy)acetic acid,1-isomer:GHRYSOFWKRRLMI-UHFFFAOYSA-N2-isomer:RZCJYMOBWVJQGV-UHFFFAOYSA-N,plant growth regulators (auxin),Failed
naproanilide,52570-16-8,(2RS)-2-(2-naphthyloxy)propananilide1979 Rules:(RS)-2-(2-naphthyloxy)propionanilide,LVKTWOXHRYGDMM-UHFFFAOYSA-N,herbicides (acetamide),CC(Oc1ccc2ccccc2c1)C(=O)Nc3ccccc3
napropamide,15299-99-7,"(2RS)-N,N-diethyl-2-(1-naphthyloxy)propanamide1979 Rules:(RS)-N,N-diethyl-2-(1-naphthyloxy)propionamide",WXZVAROIGSFCFJ-UHFFFAOYSA-N,herbicides (acetamide),CCN(CC)C(=O)C(C)Oc1cccc2ccccc12
napropamide-m,41643-35-0,"(2R)-N,N-diethyl-2-(1-naphthyloxy)propanamide1979 Rules:(R)-N,N-diethyl-2-(1-naphthyloxy)propionamide",WXZVAROIGSFCFJ-CYBMUJFWSA-N,herbicides (acetamide),CCN(CC)C(=O)[C@@H](C)OC1=CC=CC2=CC=CC=C21
naptalam,132-66-1,N-1-naphthylphthalamic acid,JXTHEWSKYLZVJC-UHFFFAOYSA-N,herbicides (arylcarboxylic acid),OC(=O)c1ccccc1C(=O)Nc2cccc3ccccc23
natamycin,7681-93-8,"(8E,14E,16E,18E,20E)-(1R,3S,5R,7R,12R,22R,24S,25R,26S)-22-(3-amino-3,6-dideoxy-Î²-D-mannopyranosyloxy)-1,3,26-trihydroxy-12-methyl-10-oxo-6,11,28-trioxatricyclo[22.3.1.05,7]octacosa-8,14,16,18,20-pentaene-25-carboxylic acid",NCXMLFZGDNKEPB-FFPOYIOWSA-N,fungicides (macrocyclic lactone),C[C@@H]1C/C=C/C=C/C=C/C=C/[C@@H](C[C@H]2[C@@H]([C@H](C[C@](O2)(C[C@H](C[C@@H]3[C@H](O3)/C=C/C(=O)O1)O)O)O)C(=O)O)O[C@H]4[C@H]([C@H]([C@@H]([C@H](O4)C)O)N)O
flursulamid,31506-34-0,N-butylperfluorooctanesulfonamide,UUZCNLZINSJLSR-UHFFFAOYSA-N,insecticides (perfluoroalkyl sulfonamide),CCCCNS(=O)(=O)C(C(C(C(C(C(C(C(F)(F)F)(F)F)(F)F)(F)F)(F)F)(F)F)(F)F)(F)F
neburon,555-37-3,"1-butyl-3-(3,4-dichlorophenyl)-1-methylurea",CCGPUGMWYLICGL-UHFFFAOYSA-N,herbicides (phenylurea),CCCCN(C)C(=O)Nc1ccc(Cl)c(Cl)c1
neburon,555-37-3,"1-butyl-3-(3,4-dichlorophenyl)-1-methylurea",CCGPUGMWYLICGL-UHFFFAOYSA-N,herbicides (phenylurea),CCCCN(C)C(=O)Nc1ccc(Cl)c(Cl)c1
endrin,72-20-8,"(1R,4S,4aS,5S,6S,7R,8R,8aR)-1,2,3,4,10,10-hexachloro-1,4,4a,5,6,7,8,8a-octahydro-6,7-epoxy-1,4:5,8-dimethanonaphthaleneor1,2,3,4,10,10-hexachloro-6,7-epoxy-1,4,4a,5,6,7,8,8a-octahydro-exo-1,4-exo-5,8-dimethanonaphthalene",DFBKLUNHFCTMDC-GKRDHZSOSA-N,avicidesinsecticides (chlorinated cyclodiene),ClC1=C(Cl)C2(Cl)C3C4CC(C5OC45)C3C1(Cl)C2(Cl)Cl
anabasine,494-52-0,3-[(2S)-2-piperidyl]pyridine,MTXSIJUGVMTTMU-JTQLQIEISA-N,insecticides (alkaloid),C1CC[C@H](NC1)c2cccnc2
phosnichlor,5826-76-6,"O-(4-chloro-3-nitrophenyl) O,O-dimethyl phosphorothioate",UFNIXJPHHIPRFX-UHFFFAOYSA-N,insecticides (phenyl organothiophosphate),CO[P](=S)(OC)Oc1ccc(Cl)c(c1)[N+]([O-])=O
nitrofen,1836-75-5,"2,4-dichlorophenyl 4-nitrophenyl ether",XITQUSLLOSKDTB-UHFFFAOYSA-N,herbicides (diphenyl ether),[O-][N+](=O)c1ccc(Oc2ccc(Cl)cc2Cl)cc1
niclosamide,50-65-7,"2â²,5-dichloro-2-hydroxy-4â²-nitrobenzanilide1979 Rules:2â²,5-dichloro-4â²-nitrosalicylanilide",RJMUSRYZPJIFPJ-UHFFFAOYSA-N,molluscicides,Oc1ccc(Cl)cc1C(=O)Nc2ccc(cc2Cl)[N+]([O-])=O
boscalid,188425-85-6,2-chloro-N-(4â²-chlorobiphenyl-2-yl)pyridine-3-carboxamide1979 Rules:2-chloro-2â²-(4-chlorophenyl)nicotinanilide,WYEMLYFITZORAB-UHFFFAOYSA-N,fungicides (pyridinecarboxamide),Clc1ccc(cc1)c2ccccc2NC(=O)c3cccnc3Cl
nicofluprole,1771741-86-6,"2-chloro-N-cyclopropyl-5-(1-{2,6-dichloro-4-[1,2,2,2-tetrafluoro-1-(trifluoromethyl)ethyl]phenyl}-1H-pyrazol-4-yl)-N-methylpyridine-3-carboxamide1979 Rules:2-chloro-N-cyclopropyl-5-(1-{2,6-dichloro-4-[1,2,2,2-tetrafluoro-1-(trifluoromethyl)ethyl]phenyl}-1H-pyrazol-4-yl)-N-methylnicotinamide",RPBDWSJEUSGUGU-UHFFFAOYSA-N,insecticides (unclassified),CN(C1CC1)C(=O)C2=C(N=CC(=C2)C3=CN(N=C3)C4=C(C=C(C=C4Cl)C(C(F)(F)F)(C(F)(F)F)F)Cl)Cl
nicosulfuron,111991-09-4,"2-{[(4,6-dimethoxypyrimidin-2-yl)carbamoyl]sulfamoyl}-N,N-dimethylpyridine-3-carboxamide1979 Rules:2-{[(4,6-dimethoxypyrimidin-2-yl)carbamoyl]sulfamoyl}-N,N-dimethylnicotinamideor1-(4,6-dimethoxypyrimidin-2-yl)-3-{[3-(dimethylcarbamoyl)-2-pyridyl]sulfonyl}urea",RTCOGUMHFFWOJV-UHFFFAOYSA-N,herbicides (pyrimidinylsulfonylurea),COc1cc(OC)nc(NC(=O)N[S](=O)(=O)c2ncccc2C(=O)N(C)C)n1
nicotine,54-11-5,3-[(2S)-1-methylpyrrolidin-2-yl]pyridine,SNICXCGAKADSCV-JTQLQIEISA-N,insecticides (alkaloid),CN1CCC[C@H]1c2cccnc2
nifluridide,61444-62-0,"2â²-amino-2,2,3,3-tetrafluoro-3â²-nitro-5â²-(trifluoromethyl)propananilide1979 Rules:2â²-amino-2,2,3,3-tetrafluoro-3â²-nitro-5â²-(trifluoromethyl)propionanilide",YUANPWFOQAEKNA-UHFFFAOYSA-N,acaricides (unclassified)insecticides (unclassified),Nc1c(NC(=O)C(F)(F)C(F)F)cc(cc1[N+]([O-])=O)C(F)(F)F
nikkomycins,None,Failed,Failed,acaricides (antibiotic),Failed
ningnanmycin,156410-09-2,"(2S,3S,4S,5R,6R)-6-[4-amino-2-oxopyrimidin-1(2H)-yl]tetrahydro-4,5-dihydroxy-3-{[(2S)-3-hydroxy-2-{[(methylamino)acetyl]amino}propanoyl]amino}-2H-pyran-2-carboxamide",AMNAZJFEONUVTD-KEWDHRJRSA-N,bactericidesfungicides (antibiotic)virucides,CNCC(=O)N[C@@H](CO)C(=O)N[C@H]1[C@@H]([C@H]([C@@H](O[C@@H]1C(=O)N)N2C=CC(=NC2=O)N)O)O
ningnanmycin,156410-09-2,"(2S,3S,4S,5R,6R)-6-[4-amino-2-oxopyrimidin-1(2H)-yl]tetrahydro-4,5-dihydroxy-3-{[(2S)-3-hydroxy-2-{[(methylamino)acetyl]amino}propanoyl]amino}-2H-pyran-2-carboxamide",AMNAZJFEONUVTD-KEWDHRJRSA-N,bactericidesfungicides (antibiotic)virucides,CNCC(=O)N[C@@H](CO)C(=O)N[C@H]1[C@@H]([C@H]([C@@H](O[C@@H]1C(=O)N)N2C=CC(=NC2=O)N)O)O
nitrofen,1836-75-5,"2,4-dichlorophenyl 4-nitrophenyl ether",XITQUSLLOSKDTB-UHFFFAOYSA-N,herbicides (diphenyl ether),[O-][N+](=O)c1ccc(Oc2ccc(Cl)cc2Cl)cc1
nipyraclofen,99662-11-0,"1-[2,6-dichloro-4-(trifluoromethyl)phenyl]-4-nitro-1H-pyrazol-5-ylamine1979 Rules:1-(2,6-dichloro-Î±,Î±,Î±-trifluoro-p-tolyl)-4-nitro-1H-pyrazol-5-ylamine",OVQJTYOXWVHPTA-UHFFFAOYSA-N,herbicides (phenylpyrazole),Nc1n(ncc1[N+]([O-])=O)c2c(Cl)cc(cc2Cl)C(F)(F)F
nipyraclofen,99662-11-0,"1-[2,6-dichloro-4-(trifluoromethyl)phenyl]-4-nitro-1H-pyrazol-5-ylamine1979 Rules:1-(2,6-dichloro-Î±,Î±,Î±-trifluoro-p-tolyl)-4-nitro-1H-pyrazol-5-ylamine",OVQJTYOXWVHPTA-UHFFFAOYSA-N,herbicides (phenylpyrazole),Nc1n(ncc1[N+]([O-])=O)c2c(Cl)cc(cc2Cl)C(F)(F)F
nitenpyram,150824-47-8,(1E)-N1-[(6-chloro-3-pyridyl)methyl]-N1-ethyl-Nâ²1-methyl-2-nitrovinylidenediamine1979 Rules:(E)-N-[(6-chloro-3-pyridyl)methyl]-N-ethyl-Nâ²-methyl-2-nitrovinylidenediamine,CFRPSFYHXJZSBI-DHZHZOJOSA-N,insecticides (nitromethylene),CCN(Cc1ccc(Cl)nc1)\C(NC)=C\[N+]([O-])=O
nithiazine,58842-20-9,"(EZ)-2-(nitromethylene)-1,3-thiazinane",LZTIMERBDGGAJD-UHFFFAOYSA-N,insecticides (nitromethylene),[O-][N+](=O)\C=C1/NCCCS1
nitralin,4726-14-1,"4-(methylsulfonyl)-2,6-dinitro-N,N-dipropylaniline1979 Rules:4-mesyl-2,6-dinitro-N,N-dipropylaniline",UMKANAFDOQQUKE-UHFFFAOYSA-N,herbicides (dinitroaniline),CCCN(CCC)c1c(cc(cc1[N+]([O-])=O)[S](C)(=O)=O)[N+]([O-])=O
nitrapyrin,1929-82-4,2-chloro-6-(trichloromethyl)pyridine,DCUJJWWUNKIJPH-UHFFFAOYSA-N,bactericidesnitrification inhibitors,Clc1cccc(n1)C(Cl)(Cl)Cl
nitrilacarb,29672-19-3,"1-{[(EZ)-(4-cyano-2,2-dimethylbutylidene)amino]oxy}-N-methylformamide1979 Rules:(EZ)-4,4-dimethyl-5-{[(methylcarbamoyl)oxy]imino}valeronitrile",FWISWWONCDDGEX-UHFFFAOYSA-N,insecticides (oxime carbamate),CNC(=O)O/N=C/C(C)(C)CCC#N
nitrofen,1836-75-5,"2,4-dichlorophenyl 4-nitrophenyl ether",XITQUSLLOSKDTB-UHFFFAOYSA-N,herbicides (diphenyl ether),[O-][N+](=O)c1ccc(Oc2ccc(Cl)cc2Cl)cc1
nitrofluorfen,42874-01-1,"2-chloro-4-(trifluoromethyl)phenyl 4-nitrophenyl ether1979 Rules:2-chloro-Î±,Î±,Î±-trifluoro-p-tolyl 4-nitrophenyl ether",ZGGSVBWJVIXBHV-UHFFFAOYSA-N,herbicides (diphenyl ether),[O-][N+](=O)c1ccc(Oc2ccc(cc2Cl)C(F)(F)F)cc1
nitrostyrene,950-00-5,4-[(EZ)-2-nitroprop-1-enyl]phenyl thiocyanate,UHRMSMOCULMYMJ-UHFFFAOYSA-N,fungicides (unclassified),C/C(=C/c1ccc(SC#N)cc1)[N+]([O-])=O
nitrothal-isopropyl,10552-74-6,diisopropyl 5-nitroisophthalate,VJAWBEFMCIINFU-UHFFFAOYSA-N,fungicides (unclassified),CC(C)OC(=O)c1cc(cc(c1)[N+]([O-])=O)C(=O)OC(C)C
ningnanmycin,156410-09-2,"(2S,3S,4S,5R,6R)-6-[4-amino-2-oxopyrimidin-1(2H)-yl]tetrahydro-4,5-dihydroxy-3-{[(2S)-3-hydroxy-2-{[(methylamino)acetyl]amino}propanoyl]amino}-2H-pyran-2-carboxamide",AMNAZJFEONUVTD-KEWDHRJRSA-N,bactericidesfungicides (antibiotic)virucides,CNCC(=O)N[C@@H](CO)C(=O)N[C@H]1[C@@H]([C@H]([C@@H](O[C@@H]1C(=O)N)N2C=CC(=NC2=O)N)O)O
norbormide,991-42-4,"5-(Î±-hydroxy-Î±-2-pyridylbenzyl)-7-(Î±-2-pyridylbenzylidene)-8,9,10-trinorborn-5-ene-2,3-dicarboximideor5-(Î±-hydroxy-Î±-2-pyridylbenzyl)-7-(Î±-2-pyridylbenzylidene)bicyclo[2.2.1]hept-5-ene-2,3-dicarboximide",DNTHHIVFNQZZRD-UHFFFAOYSA-N,rodenticides (unclassified),[H+].[Cl-].OC(c1ccccc1)(c2ccccn2)C3=CC4C5C(C3\C4=C(\c6ccccc6)c7ccccn7)C(=O)NC5=O
norbormide,991-42-4,"5-(Î±-hydroxy-Î±-2-pyridylbenzyl)-7-(Î±-2-pyridylbenzylidene)-8,9,10-trinorborn-5-ene-2,3-dicarboximideor5-(Î±-hydroxy-Î±-2-pyridylbenzyl)-7-(Î±-2-pyridylbenzylidene)bicyclo[2.2.1]hept-5-ene-2,3-dicarboximide",DNTHHIVFNQZZRD-UHFFFAOYSA-N,rodenticides (unclassified),[H+].[Cl-].OC(c1ccccc1)(c2ccccn2)C3=CC4C5C(C3\C4=C(\c6ccccc6)c7ccccn7)C(=O)NC5=O
nootkatone,4674-50-4,"(4R,4aS,6R)-4,4a-dimethyl-6-(prop-1-en-2-yl)-4,4a,5,6,7,8-hexahydronaphthalen-2(3H)-one",WTOYNNBCKUYIKC-JMSVASOKSA-N,insect repellents,CC1CC(=O)C=C2CCC(CC12C)C(C)=C
noruron,18530-56-8,"1,1-dimethyl-3-[(3aRS,4SR,5RS,7SR,7aRS)-octahydro-4,7-methanoinden-5-yl]urea1979 Rules:1,1-dimethyl-3-[(3aRS,4SR,5RS,7SR,7aRS)-perhydro-4,7-methanoinden-5-yl]urea",BAAIIMGFNWRSOU-BQJBRYQSSA-Nidentifier for no stereochemistry:YGLMVCVJLXREAK-UHFFFAOYSA-N,herbicides (urea),CN(C)C(=O)NC1CC2CC1C3CCCC23
norflurazon,27314-13-2,"4-chloro-5-(methylamino)-2-[3-(trifluoromethyl)phenyl]pyridazin-3(2H)-one1979 Rules:4-chloro-5-(methylamino)-2-(Î±,Î±,Î±-trifluoro-m-tolyl)pyridazin-3(2H)-one",NVGOPFQZYCNLDU-UHFFFAOYSA-N,herbicides (N-phenyl heterocycle),CNC1=C(Cl)C(=O)N(N=C1)c2cccc(c2)C(F)(F)F
nornicotine,494-97-3,3-[(2S)-pyrrolidin-2-yl]pyridine,MYKUKUCHPMASKF-VIFPVBQESA-N,insecticides (alkaloid),C1CNC(C1)c2cccnc2
noruron,18530-56-8,"1,1-dimethyl-3-[(3aRS,4SR,5RS,7SR,7aRS)-octahydro-4,7-methanoinden-5-yl]urea1979 Rules:1,1-dimethyl-3-[(3aRS,4SR,5RS,7SR,7aRS)-perhydro-4,7-methanoinden-5-yl]urea",BAAIIMGFNWRSOU-BQJBRYQSSA-Nidentifier for no stereochemistry:YGLMVCVJLXREAK-UHFFFAOYSA-N,herbicides (urea),CN(C)C(=O)NC1CC2CC1C3CCCC23
novaluron,116714-46-6,"N-({3-chloro-4-[(2RS)-1,1,2-trifluoro-2-(trifluoromethoxy)ethoxy]phenyl}carbamoyl)-2,6-difluorobenzamide1979 Rules:(RS)-1-{3-chloro-4-[1,1,2-trifluoro-2-(trifluoromethoxy)ethoxy]phenyl}-3-(2,6-difluorobenzoyl)urea",NJPPVKZQTLUDBO-UHFFFAOYSA-N,insecticides (benzoylurea),FC(OC(F)(F)F)C(F)(F)Oc1ccc(NC(=O)NC(=O)c2c(F)cccc2F)cc1Cl
noviflumuron,121451-02-3,"N-({3,5-dichloro-2-fluoro-4-[(2RS)-1,1,2,3,3,3-hexafluoropropoxy]phenyl}carbamoyl)-2,6-difluorobenzamide1979 Rules:1-{3,5-dichloro-2-fluoro-4-[(RS)-1,1,2,3,3,3-hexafluoropropoxy]phenyl}-3-(2,6-difluorobenzoyl)urea",YTYGAJLZOJPJGH-UHFFFAOYSA-N,insecticides (benzoylurea),FC(C(F)(F)F)C(F)(F)Oc1c(Cl)cc(NC(=O)NC(=O)c2c(F)cccc2F)c(F)c1Cl
naptalam,132-66-1,N-1-naphthylphthalamic acid,JXTHEWSKYLZVJC-UHFFFAOYSA-N,herbicides (arylcarboxylic acid),OC(=O)c1ccccc1C(=O)Nc2cccc3ccccc23
nuarimol,63284-71-9,(RS)-(2-chlorophenyl)(4-fluorophenyl)(pyrimidin-5-yl)methanol1979 Rules:(Î±RS)-2-chloro-4â²-fluoro-Î±-(pyrimidin-5-yl)benzhydryl alcohol,SAPGTCDSBGMXCD-UHFFFAOYSA-N,fungicides (pyrimidine carbinol),OC(c1ccc(F)cc1)(c2cncnc2)c3ccccc3Cl
japonilure,64726-91-6,"(1Z,5R)-5-dec-1-enyltetrahydrofuran-2-one",QTGIYXFCSKXKMO-XPSMFNQNSA-N,insect attractants (Coleopteran),CCCCCCCC\C=C/[C@H]1CCC(=O)O1
och,4024-81-1,perchlorocyclohex-2-en-1-one,CZLVPINBLDRZCJ-UHFFFAOYSA-N,fungicides (unclassified)herbicides (unclassified),ClC1=C(Cl)C(Cl)(Cl)C(Cl)(Cl)C(Cl)(Cl)C1=O
octachlorodipropyl%20ether,127-90-2,"bis[(2RS)-2,3,3,3-tetrachloropropyl] ether",LNJXZKBHJZAIKQ-UHFFFAOYSA-N,synergists,ClC(CC(Cl)(Cl)Cl)OC(Cl)CC(Cl)(Cl)Cl
octhilinone,26530-20-1,2-octylisothiazol-3(2H)-one,JPMIIZHYYWMHDT-UHFFFAOYSA-N,bactericidesfungicides (isothiazolone),CCCCCCCCN1SC=CC1=O
2-(octylthio)ethanol,3547-33-9,2-(octylthio)ethanol,KXPXKNBDCUOENF-UHFFFAOYSA-N,insect repellents,CCCCCCCCSCCO
o-dichlorobenzene,95-50-1,o-dichlorobenzene,RFFLAFLAYFXFSW-UHFFFAOYSA-N,herbicides (organochlorine),Clc1ccccc1Cl
ofurace,58810-48-3,"2-chloro-2â²,6â²-dimethyl-N-[(3RS)-2-oxotetrahydro-3-furyl]acetanilide1979 Rules:(RS)-Î±-(2-chloro-N-2,6-xylylacetamido)-Î³-butyrolactone",OWDLFBLNMPCXSD-UHFFFAOYSA-N,fungicides (butyrolactone),Cc1cccc(C)c1N(C2CCOC2=O)C(=O)CCl
omethoate,1113-02-6,"O,O-dimethyl S-[2-(methylamino)-2-oxoethyl] phosphorothioate1979 Rules:O,O-dimethyl S-[(methylcarbamoyl)methyl] phosphorothioate",PZXOQEXFMJCDPG-UHFFFAOYSA-N,acaricides (aliphatic amide organothiophosphate)insecticides (aliphatic amide organothiophosphate),CNC(=O)CS[P](=O)(OC)OC
2-phenylphenol,90-43-7,biphenyl-2-ol,LLEMOWNGBBNAJR-UHFFFAOYSA-N,fungicides (phenol),Oc1ccccc1c2ccccc2
orbencarb,34622-58-7,S-(2-chlorobenzyl) diethylcarbamothioate1979 Rules:S-(2-chlorobenzyl) diethyl(thiocarbamate),LLLFASISUZUJEQ-UHFFFAOYSA-N,herbicides (thiocarbamate),CCN(CC)C(=O)SCc1ccccc1Cl
orfralure,28079-04-1,(Z)-dodec-8-en-1-yl acetate,SUCYDSJQVVGOIW-WAYWQWQTSA-N,insect attractants (Lepidopteran),CCC\C=C/CCCCCCCOC(C)=O
orbencarb,34622-58-7,S-(2-chlorobenzyl) diethylcarbamothioate1979 Rules:S-(2-chlorobenzyl) diethyl(thiocarbamate),LLLFASISUZUJEQ-UHFFFAOYSA-N,herbicides (thiocarbamate),CCN(CC)C(=O)SCc1ccccc1Cl
o-dichlorobenzene,95-50-1,o-dichlorobenzene,RFFLAFLAYFXFSW-UHFFFAOYSA-N,herbicides (organochlorine),Clc1ccccc1Cl
orthonil,21342-85-8,(2RS)-2-chloro-3-(3-chloro-2-methylphenyl)propanenitrile1979 Rules:(2RS)-2-chloro-3-(3-chloro-o-tolyl)propiononitrile,YYJUXSGXHHPBTK-UHFFFAOYSA-N,plant growth regulators (auxin),Cc1c(Cl)cccc1CC(Cl)C#N
orthosulfamuron,213464-77-8,"2-({[(4,6-dimethoxypyrimidin-2-yl)carbamoyl]sulfamoyl}amino)-N,N-dimethylbenzamide1979 Rules:1-(4,6-dimethoxypyrimidin-2-yl)-3-{[2-(dimethylcarbamoyl)phenyl]sulfamoyl}urea",UCDPMNSCCRBWIC-UHFFFAOYSA-N,herbicides (pyrimidinylsulfonylurea),CN(C)C(=O)C1=CC=CC=C1NS(=O)(=O)NC(=O)NC2=NC(=CC(=N2)OC)OC
oryctalure,56196-53-3,ethyl (RS)-4-methyloctanoate,GXARNRCIGKRBAP-UHFFFAOYSA-N,insect attractants (Coleopteran),CCCCC(C)CCC(=O)OCC
orysastrobin,248593-16-0,"(2E)-2-(methoxyimino)-2-{2-[(3E,5E,6E)-5-(methoxyimino)-4,6-dimethyl-2,8-dioxa-3,7-diazanona-3,6-dien-1-yl]phenyl}-N-methylacetamide",JHIPUJPTQJYEQK-ZLHHXESBSA-N,fungicides (oximinoacetamide),C/C(=N\OC)/C(=N\OC)/C(=N/OCC1=CC=CC=C1/C(=N\OC)/C(=O)NC)/C
oryzalin,19044-88-3,"3,5-dinitro-N4,N4-dipropylsulfanilamide",UNAHYJYOSSSJHH-UHFFFAOYSA-N,herbicides (dinitroaniline),CCCN(CCC)c1c(cc(cc1[N+]([O-])=O)[S](N)(=O)=O)[N+]([O-])=O
osthol,484-12-8,7-methoxy-8-(3-methylbut-2-enyl)-2H-chromen-2-one1979 Rules:7-methoxy-8-(3-methylbut-2-enyl)coumarin,MBRLOUHOWLUMFF-UHFFFAOYSA-N,fungicides (botanical),COc1ccc2C=CC(=O)Oc2c1CC=C(C)C
osthol,484-12-8,7-methoxy-8-(3-methylbut-2-enyl)-2H-chromen-2-one1979 Rules:7-methoxy-8-(3-methylbut-2-enyl)coumarin,MBRLOUHOWLUMFF-UHFFFAOYSA-N,fungicides (botanical),COc1ccc2C=CC(=O)Oc2c1CC=C(C)C
ostramone,26532-95-6,mixture of (11E)-tetradec-11-en-1-yl acetate and (11Z)-tetradec-11-en-1-yl acetate,(11E)-isomer:YJINQJFQLQIYHX-SNAWJCMRSA-N(11Z)-isomer:YJINQJFQLQIYHX-PLNGDYQASA-Nidentifier for no stereochemistry:YJINQJFQLQIYHX-UHFFFAOYSA-N,insect attractants (Lepidopteran),CC/C=C/CCCCCCCCCCOC(C)=O
chlorfenson,80-33-1,4-chlorophenyl 4-chlorobenzenesulfonate,RZXLPPRPEOUENN-UHFFFAOYSA-N,acaricides (benzenesulfonate),Clc1ccc(O[S](=O)(=O)c2ccc(Cl)cc2)cc1
chlorfenson,80-33-1,4-chlorophenyl 4-chlorobenzenesulfonate,RZXLPPRPEOUENN-UHFFFAOYSA-N,acaricides (benzenesulfonate),Clc1ccc(O[S](=O)(=O)c2ccc(Cl)cc2)cc1
oxabetrinil,1099049-62-3,"(Z)-[(1,3-dioxolan-2-ylmethoxy)imino](phenyl)acetonitrile",WFVUIONFJOAYPK-SDNWHVSQSA-N,herbicide safeners,C1COC(O1)CO/N=C(\C#N)/C2=CC=CC=C2
oxadiargyl,39807-15-3,"5-tert-butyl-3-[2,4-dichloro-5-(prop-2-ynyloxy)phenyl]-1,3,4-oxadiazol-2(3H)-one",DVOODWOZJVJKQR-UHFFFAOYSA-N,herbicides (N-phenyloxadiazolone),CC(C)(C)C1=NN(C(=O)O1)c2cc(OCC#C)c(Cl)cc2Cl
oxadiazon,19666-30-9,"5-tert-butyl-3-(2,4-dichloro-5-isopropoxyphenyl)-1,3,4-oxadiazol-2(3H)-one",CHNUNORXWHYHNE-UHFFFAOYSA-N,herbicides (N-phenyloxadiazolone),CC(C)Oc1cc(N2N=C(OC2=O)C(C)(C)C)c(Cl)cc1Cl
oxadixyl,77732-09-3,"2-methoxy-2â²,6â²-dimethyl-N-(2-oxooxazolidin-3-yl)acetanilide",UWVQIROCRJWDKL-UHFFFAOYSA-N,fungicides (oxazolidinone),COCC(=O)N(N1CCOC1=O)c2c(C)cccc2C
oxalic%20acid,144-62-7,oxalic acid,MUBZPKHOEPUJKR-UHFFFAOYSA-N,acaricides (unclassified),OC(=O)C(O)=O
oxamate,60254-65-1,hexyl diethyloxamate,MHDYJJCYEVKSPT-UHFFFAOYSA-N,insect repellents,CCCCCCOC(=O)C(=O)N(CC)CC
oxamyl,23135-22-0,"methyl (EZ)-2-(dimethylamino)-N-[(methylcarbamoyl)oxy]-2-oxothioacetimidate1979 Rules:S-methyl Nâ²,Nâ²-dimethyl-N-[(methylcarbamoyl)oxy]thiooxamimidate",KZAUOCCYDRDERY-UHFFFAOYSA-N,acaricides (oxime carbamate)insecticides (oxime carbamate)nematicides (oxime carbamate),CNC(=O)O\N=C(SC)\C(=O)N(C)C
oxapyrazon,4489-31-0,"(5-bromo-1,6-dihydro-6-oxo-1-phenylpyridazin-4-yl)oxamic acid",XRGQIRXQFSJBKJ-UHFFFAOYSA-N,herbicides (pyridazinone),OC(=O)C(=O)NC1=C(Br)C(=O)N(N=C1)c2ccccc2
oxapyrazon,4489-31-0,"(5-bromo-1,6-dihydro-6-oxo-1-phenylpyridazin-4-yl)oxamic acid",XRGQIRXQFSJBKJ-UHFFFAOYSA-N,herbicides (pyridazinone),OC(=O)C(=O)NC1=C(Br)C(=O)N(N=C1)c2ccccc2
oxasulfuron,144651-06-9,"oxetan-3-yl 2-{[(4,6-dimethylpyrimidin-2-yl)carbamoyl]sulfamoyl}benzoate",IOXAXYHXMLCCJJ-UHFFFAOYSA-N,herbicides (pyrimidinylsulfonylurea),Cc1cc(C)nc(NC(=O)N[S](=O)(=O)c2ccccc2C(=O)OC3COC3)n1
oxathiapiprolin,1003318-67-9,"(5RS)-5-(2,6-difluorophenyl)-4,5-dihydro-3-[2-(1-{[5-methyl-3-(trifluoromethyl)-1H-pyrazol-1-yl]acetyl}-4-piperidyl)thiazol-4-yl]isoxazole",IAQLCKZJGNTRDO-UHFFFAOYSA-N,fungicides (piperidinyl-thiazole-isoxazoline),CC1=CC(=NN1CC(=O)N2CCC(CC2)C3=NC(=CS3)C4=NOC(C4)C5=C(C=CC=C5F)F)C(F)(F)F
oxaziclomefone,153197-14-9,"3-[1-(3,5-dichlorophenyl)-1-methylethyl]-3,4-dihydro-6-methyl-5-phenyl-2H-1,3-oxazin-4-one",FCOHEOSCARXMMS-UHFFFAOYSA-N,herbicides (diphenyl heterocycle),CC1=C(C(=O)N(CO1)C(C)(C)C2=CC(=CC(=C2)Cl)Cl)C3=CC=CC=C3
oxazosulfyl,1616678-32-0,"ethyl 2-{5-[(trifluoromethyl)sulfonyl]-1,3-benzoxazol-2-yl}-3-pyridyl sulfone",PTQBEFQWTBZMED-UHFFFAOYSA-N,insecticides (unclassified),CCS(=O)(=O)C1=C(N=CC=C1)C2=NC3=C(O2)C=CC(=C3)S(=O)(=O)C(F)(F)F
oxine-copper,10380-28-6,"bis(quinolin-8-olato-O,N)copper(II)orcupric quinoline 8-oxide",YXLXNENXOJSQEI-UHFFFAOYSA-L,fungicides (copper compound),[Cu++].[O-]c1cccc2cccnc12.[O-]c3cccc4cccnc34
oxine-copper,10380-28-6,"bis(quinolin-8-olato-O,N)copper(II)orcupric quinoline 8-oxide",YXLXNENXOJSQEI-UHFFFAOYSA-L,fungicides (copper compound),[Cu++].[O-]c1cccc2cccnc12.[O-]c3cccc4cccnc34
oxolinic%20acid,14698-29-4,"5-ethyl-5,8-dihydro-8-oxo[1,3]dioxolo[4,5-g]quinoline-7-carboxylic acid",KYGZCKSPAKDVKC-UHFFFAOYSA-N,bactericides,CCN1C=C(C(O)=O)C(=O)c2cc3OCOc3cc12
oxpoconazole,134074-64-9,"(2RS)-2-[3-(4-chlorophenyl)propyl]-3-(1H-imidazole-1-carbonyl)-2,4,4-trimethyloxazolidine1979 Rules:(RS)-2-[3-(4-chlorophenyl)propyl]-3-(imidazol-1-ylcarbonyl)-2,4,4-trimethyloxazolidine",FJBGIXKIXPUXBY-UHFFFAOYSA-N,fungicides (imidazole),CC1(COC(N1C(=O)N2C=CN=C2)(C)CCCC3=CC=C(C=C3)Cl)C
oxycarboxin,5259-88-1,"5,6-dihydro-2-methyl-1,4-oxathiin-3-carboxanilide 4,4-dioxide",AMEKQAFGQBKLKX-UHFFFAOYSA-N,fungicides (oxathiincarboxamide),CC1=C(C(=O)Nc2ccccc2)[S](=O)(=O)CCO1
oxydemeton-methyl,301-12-2,"S-[2-(ethylsulfinyl)ethyl] O,O-dimethyl phosphorothioate",PMCVMORKVPSKHZ-UHFFFAOYSA-N,insecticides (aliphatic organothiophosphate),CC[S](=O)CCS[P](=O)(OC)OC
oxydeprofos,2674-91-1,"S-[(1RS)-2-(ethylsulfinyl)-1-methylethyl] O,O-dimethyl phosphorothioate",JAYZFNIOOYPIAH-UHFFFAOYSA-N,acaricides (aliphatic organothiophosphate)insecticides (aliphatic organothiophosphate),CC[S](=O)CC(C)S[P](=O)(OC)OC
oxydisulfoton,2497-07-6,"O,O-diethyl S-[2-(ethylsulfinyl)ethyl] phosphorodithioate",UPUGLJYNCXXUQV-UHFFFAOYSA-N,acaricides (aliphatic organothiophosphate)insecticides (aliphatic organothiophosphate),CCO[P](=S)(OCC)SCC[S](=O)CC
zeatin,1637-39-4,(E)-2-methyl-4-(7H-purin-6-ylamino)but-2-en-1-ol,UZKQTCBAMSWPJD-FARCUNLSSA-N,plant growth regulators (cytokinin),CC(\CO)=C/CNc1ncnc2nc[nH]c12
oxyfenthiin,34407-87-9,"2,3-dihydro-5-phenyl-1,4-dithiine 1,1,4,4-tetraoxide",GABNAHQQEVWYNS-UHFFFAOYSA-N,fungicides (unclassified),C1CS(=O)(=O)C(=CS1(=O)=O)C2=CC=CC=C2
oxyfenthiin,34407-87-9,"2,3-dihydro-5-phenyl-1,4-dithiine 1,1,4,4-tetraoxide",GABNAHQQEVWYNS-UHFFFAOYSA-N,fungicides (unclassified),C1CS(=O)(=O)C(=CS1(=O)=O)C2=CC=CC=C2
oxyfluorfen,42874-03-3,"2-chloro-4-(trifluoromethyl)phenyl 3-ethoxy-4-nitrophenyl ether1979 Rules:2-chloro-Î±,Î±,Î±-trifluoro-p-tolyl 3-ethoxy-4-nitrophenyl ether",OQMBBFQZGJFLBU-UHFFFAOYSA-N,algicidesherbicides (diphenyl ether),CCOc1cc(Oc2ccc(cc2Cl)C(F)(F)F)ccc1[N+]([O-])=O
oxymatrine,16837-52-8,"(4R,7aS,13aR,13bR,13cS)-dodecahydro-10-oxo-1H,5H,10H-dipyrido[2,1-f:3â²,2â²,1â²-ij][1,6]naphthyridin-4-ium-4-olate",XVPBINOPNYFXID-LHDUFFHYSA-N,insecticides (alkaloid),[O-][N+]12CCC[C@H]3CN4[C@H](CCCC4=O)[C@@H](CCC1)[C@@H]23
oxytetracycline,79-57-2,"(4S,4aR,5S,5aR,6S,12aS)-4-(dimethylamino)-1,4,4a,5,5a,6,11,12a-octahydro-3,5,6,10,12,12a-hexahydroxy-6-methyl-1,11-dioxonaphthacene-2-carboxamide",IWVCMVBTMGNXQD-PXOLEDIWSA-N,bactericides,O.O.[Na+].[Na+].CN(C)[C@H]1[C@@H]2[C@@H](O)[C@H]3[C-](C(=O)c4c([O-])cccc4[C@@]3(C)O)C(=O)[C@]2(O)C(=O)\C(=C(N)/O)C1=O
chinomethionat,2439-01-2,"6-methyl-1,3-dithiolo[4,5-b]quinoxalin-2-oneorS,S-(6-methylquinoxaline-2,3-diyl) dithiocarbonate",FBQQHUGEACOBDN-UHFFFAOYSA-N,acaricides (quinoxaline)fungicides (quinoxaline),Cc1ccc2nc3SC(=O)Sc3nc2c1
chloridazon,1698-60-8,5-amino-4-chloro-2-phenylpyridazin-3(2H)-one,WYKYKTKDBLFHCY-UHFFFAOYSA-N,herbicides (pyridazinone),NC1=C(Cl)C(=O)N(N=C1)c2ccccc2
paclobutrazol,76738-62-0,"(2RS,3RS)-1-(4-chlorophenyl)-4,4-dimethyl-2-(1H-1,2,4-triazol-1-yl)pentan-3-ol",RMOGWMIKYWRTKW-UHFFFAOYSA-N,plant growth regulators (growth retardant),CC(C)(C)[C@@H](O)C(Cc1ccc(Cl)cc1)n2cncn2.CC(C)(C)[C@H](O)C(Cc3ccc(Cl)cc3)n4cncn4
paichongding,948994-16-9,"(5RS,7RS;5RS,7SR)-1-[(6-chloro-3-pyridyl)methyl]-1,2,3,5,6,7-hexahydro-7-methyl-8-nitroimidazo[1,2-a]pyridin-5-yl propyl ether",MOTGVPXRLDDMSK-UHFFFAOYSA-N,insecticides (nitromethylene),CCCOC1CC(C(=C2N1CCN2CC3=CN=C(C=C3)Cl)[N+](=O)[O-])C
allethrin,584-79-2,"(1RS)-3-allyl-2-methyl-4-oxocyclopent-2-enyl (1RS,3RS;1RS,3SR)-2,2-dimethyl-3-(2-methylprop-1-enyl)cyclopropanecarboxylatepre-1969 name:(Â±)-3-allyl-2-methyl-4-oxocyclopent-2-enyl (Â±)-cis-trans-chrysanthemate",ZCVAOQKBXKSDMS-UHFFFAOYSA-N,insecticides (pyrethroid),CC(C)=CC1C(C(=O)OC2CC(=O)C(=C2C)CC=C)C1(C)C
phenthoate,2597-03-7,ethyl (2RS)-[(dimethoxyphosphinothioyl)thio]phenylacetate,XAMUDJHXFNRLCY-UHFFFAOYSA-N,insecticides (arylalkyl organothiophosphate),CCOC(=O)C(S[P](=S)(OC)OC)c1ccccc1
p-dichlorobenzene,106-46-7,p-dichlorobenzene,OCJBOOLMMGQPQU-UHFFFAOYSA-N,insecticides (organochlorine),Clc1ccc(Cl)cc1
parafluron,7159-99-1,"1,1-dimethyl-3-[4-(trifluoromethyl)phenyl]urea1979 Rules:1,1-dimethyl-3-(Î±,Î±,Î±-trifluoro-p-tolyl)urea",CDHBAZHPEVDWMO-UHFFFAOYSA-N,herbicides (phenylurea),CN(C)C(=O)Nc1ccc(cc1)C(F)(F)F
paraquat,4685-14-7,"1,1â²-dimethyl-4,4â²-bipyridinium",INFDPOAKFNIJBF-UHFFFAOYSA-N,herbicides (quaternary ammonium),C[n+]1ccc(cc1)c2cc[n+](C)cc2
parathion,56-38-2,"O,O-diethyl O-(4-nitrophenyl) phosphorothioate",LCCNCVORNKJIRZ-UHFFFAOYSA-N,acaricides (phenyl organothiophosphate)insecticides (phenyl organothiophosphate),CCO[P](=S)(OCC)Oc1ccc(cc1)[N+]([O-])=O
parathion-methyl,298-00-0,"O,O-dimethyl O-(4-nitrophenyl) phosphorothioate",RLBIQVVOMOPOHC-UHFFFAOYSA-N,insecticides (phenyl organothiophosphate),CO[P](=S)(OC)Oc1ccc(cc1)[N+]([O-])=O
parinol,17781-31-6,bis(4-chlorophenyl)-3-pyridylmethanol,NBNTWDUNCHRWMT-UHFFFAOYSA-N,fungicides (pyridine carbinol),OC(c1ccc(Cl)cc1)(c2ccc(Cl)cc2)c3cccnc3
paris%20green,12002-03-8,copper(II) acetoarseniteor(acetato)trimetaarsenitodicopper,BNKLJOYAQLEMKB-UHFFFAOYSA-J,insecticides (arsenical)molluscicidesrodenticides (arsenical),[Cu++].[Cu++].[Cu++].[Cu++].CC([O-])=O.CC([O-])=O.[O-][As]=O.[O-][As]=O.[O-][As]=O.[O-][As]=O.[O-][As]=O.[O-][As]=O
quintozene,82-68-8,pentachloronitrobenzene,LKPLKUMXSAEKID-UHFFFAOYSA-N,fungicides (aromatic),[O-][N+](=O)c1c(Cl)c(Cl)c(Cl)c(Cl)c1Cl
pentachlorophenol,87-86-5,pentachlorophenol,IZUPBVBPLAPZRR-UHFFFAOYSA-N,fungicides (phenol)herbicides (phenol)insecticides (phenol)molluscicidesplant growth regulators (defoliant),Oc1c(Cl)c(Cl)c(Cl)c(Cl)c1Cl
p-dichlorobenzene,106-46-7,p-dichlorobenzene,OCJBOOLMMGQPQU-UHFFFAOYSA-N,insecticides (organochlorine),Clc1ccc(Cl)cc1
prohydrojasmon,158474-72-7,"propyl (1RS,2RS)-(3-oxo-2-pentylcyclopentyl)acetate containing 10Â±2% propyl (1RS,2SR)-(3-oxo-2-pentylcyclopentyl)acetate",major components: IPDFPNNPBMREIF-UHFFFAOYSA-N,plant growth regulators (growth inhibitor),Failed
pebulate,1114-71-2,S-propyl butyl(ethyl)carbamothioate1979 Rules:S-propyl butyl(ethyl)thiocarbamate,SGEJQUSYQTVSIU-UHFFFAOYSA-N,herbicides (thiocarbamate),CCCCN(CC)C(=O)SCCC
dinex,131-89-5,"2-cyclohexyl-4,6-dinitrophenol",QJYHUJAGJUHXJN-UHFFFAOYSA-N,acaricides (dinitrophenol)insecticides (dinitrophenol),Oc1c(cc(cc1[N+]([O-])=O)[N+]([O-])=O)C2CCCCC2
pefurazoate,101903-30-4,pent-4-enyl (2RS)-2-[(2-furylmethyl)(imidazol-1-ylcarbonyl)amino]butanoate1979 Rules:pent-4-enyl (2RS)-2-[furfuryl(imidazol-1-ylcarbonyl)amino]butyrate,WBTYBAGIHOISOQ-UHFFFAOYSA-N,fungicides (imidazole),CCC(N(Cc1occc1)C(=O)n2ccnc2)C(=O)OCCCC=C
pelargonic%20acid,112-05-0,nonanoic acid,FBUKVWPVBMHYJY-UHFFFAOYSA-N,herbicides (aliphatic acid),CCCCCCCCC(O)=O
penconazole,66246-88-6,"(RS)-1-[2-(2,4-dichlorophenyl)pentyl]-1H-1,2,4-triazole",WKBPZYKAUNRMKP-UHFFFAOYSA-N,fungicides (triazole),CCCC(Cn1cncn1)c2ccc(Cl)cc2Cl
pencycuron,66063-05-6,1-(4-chlorobenzyl)-1-cyclopentyl-3-phenylurea,OGYFATSSENRIKG-UHFFFAOYSA-N,fungicides (phenylurea),Clc1ccc(CN(C2CCCC2)C(=O)Nc3ccccc3)cc1
pendiclofenate,3028468-74-5,"pentane-1,5-diyl bis[(2,4-dichlorophenoxy)acetate]",LVVARMMJHALASP-UHFFFAOYSA-N,herbicides (phenoxyacetate),C1=CC(=C(C=C1Cl)Cl)OCC(=O)OCCCCCOC(=O)COC2=C(C=C(C=C2)Cl)Cl
pendimethalin,40487-42-1,"N-(1-ethylpropyl)-3,4-dimethyl-2,6-dinitroaniline1979 Rules:N-(1-ethylpropyl)-2,6-dinitro-3,4-xylidine",CHIFOSRWCNZCFN-UHFFFAOYSA-N,herbicides (dinitroaniline),CCC(CC)Nc1c(cc(C)c(C)c1[N+]([O-])=O)[N+]([O-])=O
plifenate,21757-82-4,"(1RS)-2,2,2-trichloro-1-(3,4-dichlorophenyl)ethyl acetate",FSGNOVKGEXRRHD-UHFFFAOYSA-N,insecticides (unclassified),CC(=O)OC(c1ccc(Cl)c(Cl)c1)C(Cl)(Cl)Cl
penflufen,494793-67-8,"2â²-[(RS)-1,3-dimethylbutyl]-5-fluoro-1,3-dimethyl-1H-pyrazole-4-carboxanilide",GOFJDXZZHFNFLV-UHFFFAOYSA-N,fungicides (pyrazolecarboxamide),CC1=NN(C(=C1C(=O)NC2=CC=CC=C2C(C)CC(C)C)F)C
penfluron,35367-31-8,"2,6-difluoro-N-{[4-(trifluoromethyl)phenyl]carbamoyl}benzamide1979 Rules:1-(2,6-difluorobenzoyl)-3-(Î±,Î±,Î±-trifluoro-p-tolyl)urea",JTHMHWAHAKLCKT-UHFFFAOYSA-N,chemosterilantsinsecticides (benzoylurea),Fc1cccc(F)c1C(=O)NC(=O)Nc2ccc(cc2)C(F)(F)F
pendimethalin,40487-42-1,"N-(1-ethylpropyl)-3,4-dimethyl-2,6-dinitroaniline1979 Rules:N-(1-ethylpropyl)-2,6-dinitro-3,4-xylidine",CHIFOSRWCNZCFN-UHFFFAOYSA-N,herbicides (dinitroaniline),CCC(CC)Nc1c(cc(C)c(C)c1[N+]([O-])=O)[N+]([O-])=O
penoxsulam,219714-96-2,"3-(2,2-difluoroethoxy)-N-(5,8-dimethoxy[1,2,4]triazolo[1,5-c]pyrimidin-2-yl)-Î±,Î±,Î±-trifluorotoluene-2-sulfonamide",SYJGKVOENHZYMQ-UHFFFAOYSA-N,herbicides (triazolopyrimidine),COc1cnc(OC)n2nc(N[S](=O)(=O)c3c(OCC(F)F)cccc3C(F)(F)F)nc12
pentachlorophenol,87-86-5,pentachlorophenol,IZUPBVBPLAPZRR-UHFFFAOYSA-N,fungicides (phenol)herbicides (phenol)insecticides (phenol)molluscicidesplant growth regulators (defoliant),Oc1c(Cl)c(Cl)c(Cl)c(Cl)c1Cl
pentanochlor,2307-68-8,"(2RS)-3â²-chloro-2,4â²-dimethylpentananilide1979 Rules:(RS)-3â²-chloro-2,4â²-dimethylvaleranilide",WGVWLKXZBUVUAM-UHFFFAOYSA-N,herbicides (anilide),CCCC(C)C(=O)Nc1ccc(C)c(Cl)c1
penthiopyrad,183675-82-3,"(RS)-N-[2-(1,3-dimethylbutyl)-3-thienyl]-1-methyl-3-(trifluoromethyl)-1H-pyrazole-4-carboxamide",PFFIDZXUXFLSSR-UHFFFAOYSA-N,fungicides (pyrazolecarboxamide),CC(C)CC(C)C1=C(C=CS1)NC(=O)C2=CN(N=C2C(F)(F)F)C
pentmethrin,79302-84-4,"(1RS,2EZ)-1-cyano-2-methylpent-2-enyl (1RS,3RS;1RS,3SR)-3-(2,2-dichlorovinyl)-2,2-dimethylcyclopropanecarboxylate",WKWOGKNOZXPLBT-UHFFFAOYSA-N,insecticides (pyrethroid),CC\C=C(/C)C(OC(=O)C1C(C=C(Cl)Cl)C1(C)C)C#N
pentoxazone,110956-75-7,"3-[4-chloro-5-(cyclopentyloxy)-2-fluorophenyl]-5-isopropylideneoxazolidine-2,4-dione",JZPKLLLUDLHCEL-UHFFFAOYSA-N,herbicides (N-phenylimide),CC(=C1C(=O)N(C(=O)O1)C2=CC(=C(C=C2F)Cl)OC3CCCC3)C
perbutin,None,"1,3-benzodioxol-5-ylmethyl but-2-ynyl ether1979 Rules:but-2-ynyl piperonyl ether",JGRBQLMBYFIVEZ-UHFFFAOYSA-N,synergists,CC#CCOCC1=CC2=C(C=C1)OCO2
mirex,2385-85-5,"dodecachloropentacyclo[5.3.0.02,6.03,9.04,8]decaneorperchloropentacyclo[5.3.0.02,6.03,9.04,8]decane",GVYLCNUFSHDAAW-UHFFFAOYSA-N,insecticides (chlorinated cyclodiene),ClC1(Cl)C2(Cl)C3(Cl)C4(Cl)C(Cl)(Cl)C5(Cl)C3(Cl)C1(Cl)C5(Cl)C24Cl
perfluidone,37924-13-3,"1,1,1-trifluoro-2â²-methyl-4â²-(phenylsulfonyl)methanesulfonanilide",WHTBVLXUSXVMEV-UHFFFAOYSA-N,herbicides (trifluoromethanesulfonanilide),Cc1cc(ccc1N[S](=O)(=O)C(F)(F)F)[S](=O)(=O)c2ccccc2
permethrin,52645-53-1,"3-phenoxybenzyl (1RS,3RS;1RS,3SR)-3-(2,2-dichlorovinyl)-2,2-dimethylcyclopropanecarboxylate",RLLPVAHGXHCWKJ-UHFFFAOYSA-N,acaricides (pyrethroid)insecticides (pyrethroid)insect repellents,CC1(C)[C@@H](C=C(Cl)Cl)[C@H]1C(=O)OCc2cccc(Oc3ccccc3)c2
ethyl-ddd,72-56-0,"1,1-dichloro-2,2-bis(4-ethylphenyl)ethane",QFMDFTQOJHFVNR-UHFFFAOYSA-N,insecticides (organochlorine),CCc1ccc(cc1)C(C(Cl)Cl)c2ccc(CC)cc2
pethoxamid,106700-29-2,2-chloro-N-(2-ethoxyethyl)-N-(2-methyl-1-phenylprop-1-enyl)acetamide,CSWIKHNSBZVWNQ-UHFFFAOYSA-N,herbicides (chloroacetamide),CCOCCN(C(=O)CCl)C(=C(C)C)c1ccccc1
propoxur,114-26-1,2-isopropoxyphenyl methylcarbamate,ISRUGXGCCGIOQO-UHFFFAOYSA-N,acaricides (phenyl carbamate)insecticides (phenyl carbamate),CNC(=O)Oc1ccccc1OC(C)C
phenamacril,3336-69-4,ethyl (2EZ)-3-amino-2-cyano-3-phenylprop-2-enoate1979 Rules:ethyl (2EZ)-3-amino-2-cyano-3-phenylacrylate,YKRQBWKLHCEKQH-UHFFFAOYSA-N,fungicides (aminocyanoacrylate),CCOC(=O)C(=C(C1=CC=CC=C1)N)C#N
phenamacril,3336-69-4,ethyl (2EZ)-3-amino-2-cyano-3-phenylprop-2-enoate1979 Rules:ethyl (2EZ)-3-amino-2-cyano-3-phenylacrylate,YKRQBWKLHCEKQH-UHFFFAOYSA-N,fungicides (aminocyanoacrylate),CCOC(=O)C(=C(C1=CC=CC=C1)N)C#N
fenaminosulf,140-56-7,sodium (EZ)-4-(dimethylamino)benzenediazosulfonate,IWDQPCIQCXRBQP-UHFFFAOYSA-M,bactericidesfungicides (unclassified),[Na+].CN(C)c1ccc(cc1)N=N[S]([O-])(=O)=O
phenazine%20oxide,304-81-4,phenazine 5-oxide,FFISWZPYNKWIRR-UHFFFAOYSA-N,bactericides,[O-][n+]1c2ccccc2nc3ccccc13
fenethacarb,30087-47-9,"3,5-diethylphenyl methylcarbamate",HUNDISMVCBSIKO-UHFFFAOYSA-N,insecticides (phenyl carbamate),CCc1cc(CC)cc(OC(=O)NC)c1
phenisopham,57375-63-0,3-[(isopropoxyformyl)amino]phenyl ethyl(phenyl)carbamate1979 Rules:3-[(isopropoxycarbonyl)amino]phenyl N-ethylcarbanilate,PWEOEHNGYFXZLI-UHFFFAOYSA-N,herbicides (phenyl carbamate),CCN(C(=O)Oc1cccc(NC(=O)OC(C)C)c1)c2ccccc2
phenkapton,2275-14-1,"S-{[(2,5-dichlorophenyl)thio]methyl} O,O-diethyl phosphorodithioate",GGNLTHFTYNDYNK-UHFFFAOYSA-N,acaricides (aliphatic organothiophosphate)insecticides (aliphatic organothiophosphate),CCO[P](=S)(OCC)SCSc1cc(Cl)ccc1Cl
phenmedipham,13684-63-4,3-[(methoxyformyl)amino]phenyl (3-methylphenyl)carbamate1979 Rules:3-[(methoxycarbonyl)amino]phenyl 3-methylcarbanilate,IDOWTHOLJBTAFI-UHFFFAOYSA-N,herbicides (phenyl carbamate),COC(=O)Nc1cccc(OC(=O)Nc2cccc(C)c2)c1
phenmedipham-ethyl,13684-44-1,3-[(ethoxyformyl)amino]phenyl (3-methylphenyl)carbamate1979 Rules:3-[(ethoxycarbonyl)amino]phenyl 3-methylcarbanilate,MVEFZZKZBYQFPP-UHFFFAOYSA-N,herbicides (phenyl carbamate),CCOC(=O)NC1=CC(=CC=C1)OC(=O)NC2=CC=CC(=C2)C
phenobenzuron,3134-12-1,"N-(3,4-dichlorophenyl)-N-(dimethylcarbamoyl)benzamide1979 Rules:1-benzoyl-1-(3,4-dichlorophenyl)-3,3-dimethylurea",QQXXYTVEGCOZRF-UHFFFAOYSA-N,herbicides (phenylurea),CN(C)C(=O)N(c1ccc(Cl)c(Cl)c1)C(=O)c2ccccc2
mcpa-thioethyl,25319-90-8,S-ethyl (4-chloro-2-methylphenoxy)thioacetate1979 Rules:S-ethyl [(4-chloro-o-tolyl)oxy]thioacetate,AZFKQCNGMSSWDS-UHFFFAOYSA-N,herbicides (phenoxyacetic),CCSC(=O)COc1ccc(Cl)cc1C
phenothrin,26002-80-2,"3-phenoxybenzyl (1RS,3RS;1RS,3SR)-2,2-dimethyl-3-(2-methylprop-1-enyl)cyclopropanecarboxylatepre-1969 name:3-phenoxybenzyl (Â±)-cis-trans-chrysanthemate",SBNFWQZLDJGRLK-UHFFFAOYSA-N,insecticides (pyrethroid),CC(C)=CC1C(C(=O)OCc2cccc(Oc3ccccc3)c2)C1(C)C
phenproxide,49828-75-3,4-chloro-3-(propylsulfinyl)phenyl 4-nitrophenyl ether,SVZDUAFLNFAGIA-UHFFFAOYSA-N,acaricides (diphenyl ether),CCC[S](=O)c1cc(Oc2ccc(cc2)[N+]([O-])=O)ccc1Cl
phenthoate,2597-03-7,ethyl (2RS)-[(dimethoxyphosphinothioyl)thio]phenylacetate,XAMUDJHXFNRLCY-UHFFFAOYSA-N,insecticides (arylalkyl organothiophosphate),CCOC(=O)C(S[P](=S)(OC)OC)c1ccccc1
8-phenylmercurioxyquinoline,14354-56-4,phenylmercury(II) quinolin-8-olateorphenylmercury(2+) quinolin-8-olateorphenylmercuric quinolin-8-olate,FSRHNWZLCJXDBK-UHFFFAOYSA-M,fungicides (mercury compound),C1=CC=C(C=C1)[Hg+].C1=CC2=C(C(=C1)[O-])N=CC=C2
phenylmercuriurea,2279-64-3,(phenylmercurio)urea2005 Rules:phenyl(ureaato-ÎºN)mercury,UNQDVBLGFWIFGX-UHFFFAOYSA-M,fungicides (mercury compound),NC(=O)N[Hg]c1ccccc1
phenylmercury%20acetate,62-38-4,phenylmercuric acetate2005 Rules:(acetato-ÎºO)(phenyl)mercury,XEBWQGVWTUSTLN-UHFFFAOYSA-M,fungicides (mercury compound)herbicides (inorganic),CC(=O)O[Hg]c1ccccc1
phenylmercury%20chloride,100-56-1,phenylmercuric chloride2005 Rules:chlorido(phenyl)mercury,AWGTVRDHKJQFAX-UHFFFAOYSA-M,fungicides (mercury compound),Cl[Hg]c1ccccc1
phenylmercury%20derivative%20of%20pyrocatechol,None,o-(phenylmercuriooxy)phenolorphenylmercuric pyrocatecholate,IGENIDGVUSKDCC-UHFFFAOYSA-M,fungicides (mercury compound),C1=CC=C(C=C1)[Hg]OC2=CC=CC=C2O
phenylmercury%20nitrate,55-68-5,phenylmercury(II) nitrateorphenylmercury(2+) nitrateorphenylmercuric nitrate,PDTFCHSETJBPTR-UHFFFAOYSA-N,fungicides (mercury compound),[O-][N+](=O)O[Hg]c1ccccc1
phenylmercury%20salicylate,28086-13-7,benzenido(2-hydroxybenzoato)mercuryorphenylmercury(II) salicylateorphenylmercury(2+) salicylateorphenylmercuric salicylate,YQRBOMYQIMHOLM-UHFFFAOYSA-M,fungicides (mercury compound),Oc1ccccc1C(=O)O[Hg]c2ccccc2
2-phenylphenol,90-43-7,biphenyl-2-ol,LLEMOWNGBBNAJR-UHFFFAOYSA-N,fungicides (phenol),Oc1ccccc1c2ccccc2
phorate,298-02-2,"O,O-diethyl S-[(ethylthio)methyl] phosphorodithioate",BULVZWIRKLYCBC-UHFFFAOYSA-N,acaricides (aliphatic organothiophosphate)insecticides (aliphatic organothiophosphate)nematicides (aliphatic organothiophosphate),CCO[P](=S)(OCC)SCSCC
phosacetim,4104-14-7,"O,O-bis(4-chlorophenyl) (EZ)-N-acetimidoylphosphoramidothioate",XIBXUAZIZXDFTG-UHFFFAOYSA-N,rodenticides (phosphoramidate),CC(N)=N[P](=S)(Oc1ccc(Cl)cc1)Oc2ccc(Cl)cc2
phosalone,2310-17-0,"S-[(6-chloro-2,3-dihydro-2-oxo-1,3-benzoxazol-3-yl)methyl] O,O-diethyl phosphorodithioate",IOUNQDKNJZEDEP-UHFFFAOYSA-N,acaricides (arylalkyl organothiophosphate)insecticides (arylalkyl organothiophosphate),CCO[P](=S)(OCC)SCN1C(=O)Oc2cc(Cl)ccc12
huangcaoling,98565-18-5,[({2-[methyl(methylsulfonyl)amino]-2-oxoethyl}amino)methyl]phosphonic acid1979 Rules:[({[mesyl(methyl)carbamoyl]methyl}amino)methyl]phosphonic acid,HPDFFWOTIYEPLZ-UHFFFAOYSA-N,herbicides (glycine derivative),CN(C(=O)CNC[P](O)(O)=O)[S](C)(=O)=O
phosacetim,4104-14-7,"O,O-bis(4-chlorophenyl) (EZ)-N-acetimidoylphosphoramidothioate",XIBXUAZIZXDFTG-UHFFFAOYSA-N,rodenticides (phosphoramidate),CC(N)=N[P](=S)(Oc1ccc(Cl)cc1)Oc2ccc(Cl)cc2
phosacetim,4104-14-7,"O,O-bis(4-chlorophenyl) (EZ)-N-acetimidoylphosphoramidothioate",XIBXUAZIZXDFTG-UHFFFAOYSA-N,rodenticides (phosphoramidate),CC(N)=N[P](=S)(Oc1ccc(Cl)cc1)Oc2ccc(Cl)cc2
phostin,49538-99-0,"O,O-diethyl S-(tricyclohexylstannyl) phosphorodithioate1979 Rules:tricyclohexyl[(diethoxyphosphinothioyl)thio]stannane",NXIUFVXDTRMRKG-UHFFFAOYSA-M,acaricides (organothiophosphate; organotin),CCOP(=S)(OCC)S[Sn](C1CCCCC1)(C2CCCCC2)C3CCCCC3
phosdiphen,36519-00-3,"bis(2,4-dichlorophenyl) ethyl phosphate",HEMINMLPKZELPP-UHFFFAOYSA-N,fungicides (organophosphate),CCO[P](=O)(Oc1ccc(Cl)cc1Cl)Oc2ccc(Cl)cc2Cl
fosetyl,15845-66-6,ethyl hydrogen phosphonate,VUERQRKTYBIULR-UHFFFAOYSA-N,fungicides (phosphonate)plant activators,CCO[P+](O)=O
phosfolan,947-02-4,"diethyl 1,3-dithiolan-2-ylidenephosphoramidate",ILBONRFSLATCRE-UHFFFAOYSA-N,insecticides (phosphoramidate),CCO[P](=O)(OCC)N=C1SCCS1
phosfolan-methyl,5120-23-0,"dimethyl 1,3-dithiolan-2-ylidenephosphoramidate",CWXVDJFKMQCYFG-UHFFFAOYSA-N,insecticides (phosphoramidate),CO[P](=O)(OC)N=C1SCCS1
phosglycin,105084-66-0,"O,O-diethyl [(dipropylcarbamoyl)methyl]ethylphosphoramidothioate",CGNIOVDMKMGGSL-UHFFFAOYSA-N,insecticides (phosphoramidate),CCCN(CCC)C(=O)CN(CC)[P](=S)(OCC)OCC
phosmet,732-11-6,"O,O-dimethyl S-(phthalimidomethyl) phosphorodithioate",LMNZTLDVJIUSHT-UHFFFAOYSA-N,acaricides (arylalkyl organothiophosphate)insecticides (arylalkyl organothiophosphate),CO[P](=S)(OC)SCN1C(=O)c2ccccc2C1=O
phosnichlor,5826-76-6,"O-(4-chloro-3-nitrophenyl) O,O-dimethyl phosphorothioate",UFNIXJPHHIPRFX-UHFFFAOYSA-N,insecticides (phenyl organothiophosphate),CO[P](=S)(OC)Oc1ccc(Cl)c(c1)[N+]([O-])=O
dimethoate,60-51-5,"O,O-dimethyl S-[2-(methylamino)-2-oxoethyl] phosphorodithioate1979 Rules:O,O-dimethyl S-[(methylcarbamoyl)methyl] phosphorodithioate",MCWXGJITAZMZEV-UHFFFAOYSA-N,acaricides (aliphatic amide organothiophosphate)insecticides (aliphatic amide organothiophosphate)nematicides (aliphatic organothiophosphate),CNC(=O)CS[P](=S)(OC)OC
phosphamidon,13171-21-6,(2EZ)-3-chloro-4-(diethylamino)-4-oxobut-2-en-2-yl dimethyl phosphate1979 Rules:(EZ)-2-chloro-2-(diethylcarbamoyl)-1-methylvinyl dimethyl phosphate,RGCLLPNLLBQHPF-UHFFFAOYSA-N,insecticides (organophosphate)nematicides (organophosphate),CCN(CC)C(=O)\C(Cl)=C(/C)O[P](=O)(OC)OC
phosphine,7803-51-2,phosphine,XYFCBTPGUUZFHI-UHFFFAOYSA-N,insecticides (fumigant)rodenticides (fumigant),P
glufosinate-p,35597-44-5,(2S)-2-amino-4-[hydroxy(methyl)phosphinoyl]butanoic acid1979 Rules:(S)-2-amino-4-[hydroxy(methyl)phosphinoyl]butyric acid,IAJOBQBIJHVGMQ-BYPYZUCNSA-N,herbicides (phosphinic acid),N[C@@H](CC[P+](=O)CO)C(O)=O
phosphocarb,126069-54-3,(RS)-2-{[ethoxy(propylthio)phosphinoyl]oxy}phenyl methylcarbamate,CFGPESLNPCIKIX-UHFFFAOYSA-N,nematicides (phenyl organothiophosphate),CCCSP(=O)(OCC)OC1=CC=CC=C1OC(=O)NC
phosphorus,7723-14-0,phosphorus,OAICVXFJPJFONN-UHFFFAOYSA-N,rodenticides (inorganic),[P]
tebupirimfos,96182-53-5,(RS)-[O-(2-tert-butylpyrimidin-5-yl) O-ethyl O-isopropyl phosphorothioate],AWYOMXWDGWUJHS-UHFFFAOYSA-N,insecticides (aryl organothiophosphate),CCO[P](=S)(OC(C)C)Oc1cnc(nc1)C(C)(C)C
phostin,49538-99-0,"O,O-diethyl S-(tricyclohexylstannyl) phosphorodithioate1979 Rules:tricyclohexyl[(diethoxyphosphinothioyl)thio]stannane",NXIUFVXDTRMRKG-UHFFFAOYSA-M,acaricides (organothiophosphate; organotin),CCOP(=S)(OCC)S[Sn](C1CCCCC1)(C2CCCCC2)C3CCCCC3
phoxim,14816-18-3,"O,O-diethyl {[(Î±-cyanobenzylidene)amino]oxy}phosphonothioate",ATROHALUCMTWTB-UHFFFAOYSA-N,acaricides (organothiophosphate)insecticides (organothiophosphate),CCO[P](=S)(OCC)O\N=C(C#N)\c1ccccc1
phoxim-methyl,14816-16-1,"O,O-dimethyl {[(Î±-cyanobenzylidene)amino]oxy}phosphonothioate",QQVNWNVUGXNUJN-UHFFFAOYSA-N,insecticides (organothiophosphate),CO[P](=S)(OC)O\N=C(C#N)/c1ccccc1
phthalide,27355-22-2,"4,5,6,7-tetrachlorophthalide",NMWKWBPNKPGATC-UHFFFAOYSA-N,fungicides (isobenzofuranone),Clc1c(Cl)c(Cl)c2C(=O)OCc2c1Cl
phosmet,732-11-6,"O,O-dimethyl S-(phthalimidomethyl) phosphorodithioate",LMNZTLDVJIUSHT-UHFFFAOYSA-N,acaricides (arylalkyl organothiophosphate)insecticides (arylalkyl organothiophosphate),CO[P](=S)(OC)SCN1C(=O)c2ccccc2C1=O
tetramethrin,7696-12-0,"cyclohex-1-ene-1,2-dicarboximidomethyl (1RS,3RS;1RS,3SR)-2,2-dimethyl-3-(2-methylprop-1-enyl)cyclopropanecarboxylatepre-1969 name:cyclohex-1-ene-1,2-dicarboximidomethyl (Â±)-cis-trans-chrysanthemate",CXBMCYHAMVGWJQ-UHFFFAOYSA-N,insecticides (pyrethroid),CC(C)=C[C@@H]1[C@@H](C(=O)OCN2C(=O)C3=C(CCCC3)C2=O)C1(C)C
picarbutrazox,500207-04-5,tert-butyl {6-[({(Z)-[(1-methyl-1H-tetrazol-5-yl)(phenyl)methylene]amino}oxy)methyl]-2-pyridyl}carbamate,URHWNXDZOULUHC-ULJHMMPZSA-N,fungicides (tetrazolyloxime),CC(C)(C)OC(=O)NC1=CC=CC(=N1)CO/N=C(/C2=CC=CC=C2)\C3=NN=NN3C
icaridin,119515-38-7,(1RS)-1-methylpropyl (RS)-2-(2-hydroxyethyl)piperidine-1-carboxylate1979 Rules:(RS)-sec-butyl (RS)-2-(2-hydroxyethyl)piperidine-1-carboxylate,QLHULAHOXSSASE-UHFFFAOYSA-N,insect repellents,CCC(C)OC(=O)N1CCCCC1CCO
picloram,1918-02-1,"4-amino-3,5,6-trichloropyridine-2-carboxylic acidpre-1969 name:4-amino-3,5,6-trichloropicolinic acid",NQQVFXUMIDALNH-UHFFFAOYSA-N,herbicides (pyridinecarboxylic acid),Nc1c(Cl)c(Cl)nc(C(O)=O)c1Cl
picolinafen,137641-05-5,"4â²-fluoro-6-[3-(trifluoromethyl)phenoxy]pyridine-2-carboxanilide1979 Rules:4â²-fluoro-6-[(Î±,Î±,Î±-trifluoro-m-tolyl)oxy]pyridine-2-carboxanilide",CWKFPEBMTGKLKX-UHFFFAOYSA-N,herbicides (phenyl ether),C1=CC(=CC(=C1)OC2=CC=CC(=N2)C(=O)NC3=CC=C(C=C3)F)C(F)(F)F
picoxystrobin,117428-22-5,methyl (2E)-3-methoxy-2-[2-({[6-(trifluoromethyl)-2-pyridyl]oxy}methyl)phenyl]prop-2-enoate1979 Rules:methyl (2E)-3-methoxy-2-(Î±-{[6-(trifluoromethyl)-2-pyridyl]oxy}-o-tolyl)acrylate,IBSNKSODLGJUMQ-SDNWHVSQSA-N,fungicides (methoxyacrylate),CO/C=C(\C1=CC=CC=C1COC2=CC=CC(=N2)C(F)(F)F)/C(=O)OC
natamycin,7681-93-8,"(8E,14E,16E,18E,20E)-(1R,3S,5R,7R,12R,22R,24S,25R,26S)-22-(3-amino-3,6-dideoxy-Î²-D-mannopyranosyloxy)-1,3,26-trihydroxy-12-methyl-10-oxo-6,11,28-trioxatricyclo[22.3.1.05,7]octacosa-8,14,16,18,20-pentaene-25-carboxylic acid",NCXMLFZGDNKEPB-FFPOYIOWSA-N,fungicides (macrocyclic lactone),C[C@@H]1C/C=C/C=C/C=C/C=C/[C@@H](C[C@H]2[C@@H]([C@H](C[C@](O2)(C[C@H](C[C@@H]3[C@H](O3)/C=C/C(=O)O1)O)O)O)C(=O)O)O[C@H]4[C@H]([C@H]([C@@H]([C@H](O4)C)O)N)O
pindone,83-26-1,"2-(2,2-dimethylpropanoyl)indane-1,3-dione1979 Rules:2-pivaloylindan-1,3-dione",RZKYEQDPDZUERB-UHFFFAOYSA-N,rodenticides (indandione),CC(C)(C)C(=O)C1C(=O)c2ccccc2C1=O
pinoxaden,243973-20-8,"8-(2,6-diethyl-4-methylphenyl)-7-oxo-1,2,4,5-tetrahydro-7H-pyrazolo[1,2-d][1,4,5]oxadiazepin-9-yl 2,2-dimethylpropanoate1979 Rules:8-(2,6-diethyl-p-tolyl)-1,2,4,5-tetrahydro-7-oxo-7H-pyrazolo[1,2-d][1,4,5]oxadiazepin-9-yl 2,2-dimethylpropionate",MGOHCFMYLBAPRN-UHFFFAOYSA-N,herbicides (phenylpyrazoline),CCc1cc(C)cc(CC)c1C2=C(OC(=O)C(C)(C)C)N3CCOCCN3C2=O
pioxaniliprole,2368920-61-8,"N-[2-(tert-butylcarbamoyl)-4-chloro-6-methylphenyl]-1-(3-chloro-2-pyridyl)-3-[(1,1-dioxo-1Î»6-thietan-3-yl)oxy]-1H-pyrazole-5-carboxamide",HHQJTWVMZLKJIY-UHFFFAOYSA-N,insecticides (diamide),CC1=CC(=CC(=C1NC(=O)C2=CC(=NN2C3=C(C=CC=N3)Cl)OC4CS(=O)(=O)C4)C(=O)NC(C)(C)C)Cl
piperalin,3478-94-2,"3-[(2RS)-2-methylpiperidino]propyl 3,4-dichlorobenzoate",BZGLBXYQOMFXAU-UHFFFAOYSA-N,fungicides (piperidine),CC1CCCCN1CCCOC(=O)c2ccc(Cl)c(Cl)c2
piperflanilide,2615135-05-0,"N-[3-({2-bromo-6-(difluoromethoxy)-4-[1,2,2,2-tetrafluoro-1-(trifluoromethyl)ethyl]phenyl}carbamoyl)-2-fluorophenyl]-2,2-difluoro-N-methyl-1,3-benzodioxole-5-carboxamide",BUCVOTBQHDVWAP-UHFFFAOYSA-N,insecticides (meta-diamide),CN(C1=CC=CC(=C1F)C(=O)NC2=C(C=C(C=C2Br)C(C(F)(F)F)(C(F)(F)F)F)OC(F)F)C(=O)C3=CC4=C(C=C3)OC(O4)(F)F
piperonyl%20butoxide,51-03-6,"5-[2-(2-butoxyethoxy)ethoxymethyl]-6-propyl-1,3-benzodioxole1979 Rules:2-(2-butoxyethoxy)ethyl 6-propylpiperonyl ether",FIPWRIJSWJWJAI-UHFFFAOYSA-N,synergists,CCCCOCCOCCOCc1cc2OCOc2cc1CCC
piperonyl%20cyclonene,119-89-1,"(5RS)-5-(1,3-benzodioxol-5-yl)-3-hexylcyclohex-2-en-1-one",JBVNWTXRFKZNBQ-UHFFFAOYSA-N,synergists,CCCCCCC1=CC(=O)CC(C1)c2ccc3OCOc3c2
piperophos,24151-93-7,"S-{[(2-methylpiperidino)carbonyl]methyl} O,O-dipropyl phosphorodithioate",UNLYSVIDNRIVFJ-UHFFFAOYSA-N,herbicides (alpha-thioacetamide),CCCO[P](=S)(OCCC)SCC(=O)N1CCCCC1C
piproctanyl,69309-47-3,"(RS)-1-allyl-1-(3,7-dimethyloctyl)piperidinium",NTHCPJMKRGXODE-UHFFFAOYSA-N,plant growth regulators (growth inhibitor),CC(C)CCCC(C)CC[N+]1(CCCCC1)CC=C
piproctanyl,69309-47-3,"(RS)-1-allyl-1-(3,7-dimethyloctyl)piperidinium",NTHCPJMKRGXODE-UHFFFAOYSA-N,plant growth regulators (growth inhibitor),CC(C)CCCC(C)CC[N+]1(CCCCC1)CC=C
piprotal,5281-13-0,"5-{bis[2-(2-butoxyethoxy)ethoxy]methyl}-1,3-benzodioxoleor1-bis[2-(2-butoxyethoxy)ethoxy]methyl-3,4-methylenedioxybenzene",XNRCGJVOJYKMSA-UHFFFAOYSA-N,synergists,CCCCOCCOCCOC(OCCOCCOCCCC)c1ccc2OCOc2c1
pirimetaphos,31377-69-2,(RS)-[2-(diethylamino)-6-methylpyrimidin-4-yl methyl methylphosphoramidate],HEUHRGXVQSOSHP-UHFFFAOYSA-N,insecticides (phosphoramidate),CCN(CC)C1=NC(=CC(=N1)OP(=O)(NC)OC)C
pirimicarb,23103-98-2,"2-(dimethylamino)-5,6-dimethylpyrimidin-4-yl dimethylcarbamate",YFGYUFNIOHWBOB-UHFFFAOYSA-N,insecticides (dimethylcarbamate),CN(C)C(=O)Oc1nc(nc(C)c1C)N(C)C
pyrinuron,53558-25-1,1-(4-nitrophenyl)-3-(3-pyridylmethyl)urea,CLKZWXHKFXZIMA-UHFFFAOYSA-N,rodenticides (unclassified),[O-][N+](=O)c1ccc(NC(=O)NCc2cccnc2)cc1
pirimioxyphos,55996-32-2,"O,O-diethyl O-(2-methoxy-6-methylpyrimidin-4-yl) phosphorothioate",JPAJTPFDIZFTJN-UHFFFAOYSA-N,insecticides (aryl organothiophosphate),CCOP(=S)(OCC)OC1=NC(=NC(=C1)C)OC
pirimiphos-ethyl,23505-41-1,"O-[2-(diethylamino)-6-methylpyrimidin-4-yl] O,O-diethyl phosphorothioate",TZBPRYIIJAJUOY-UHFFFAOYSA-N,insecticides (aryl organothiophosphate),CCO[P](=S)(OCC)Oc1cc(C)nc(n1)N(CC)CC
pirimiphos-methyl,29232-93-7,"O-[2-(diethylamino)-6-methylpyrimidin-4-yl] O,O-dimethyl phosphorothioate",QHOQHJPRIBSPCY-UHFFFAOYSA-N,acaricides (aryl organothiophosphate)insecticides (aryl organothiophosphate),CCN(CC)c1nc(C)cc(O[P](=S)(OC)OC)n1
pindone,83-26-1,"2-(2,2-dimethylpropanoyl)indane-1,3-dione1979 Rules:2-pivaloylindan-1,3-dione",RZKYEQDPDZUERB-UHFFFAOYSA-N,rodenticides (indandione),CC(C)(C)C(=O)C1C(=O)c2ccccc2C1=O
pindone,83-26-1,"2-(2,2-dimethylpropanoyl)indane-1,3-dione1979 Rules:2-pivaloylindan-1,3-dione",RZKYEQDPDZUERB-UHFFFAOYSA-N,rodenticides (indandione),CC(C)(C)C(=O)C1C(=O)c2ccccc2C1=O
plifenate,21757-82-4,"(1RS)-2,2,2-trichloro-1-(3,4-dichlorophenyl)ethyl acetate",FSGNOVKGEXRRHD-UHFFFAOYSA-N,insecticides (unclassified),CC(=O)OC(c1ccc(Cl)c(Cl)c1)C(Cl)(Cl)Cl
phenylmercury%20acetate,62-38-4,phenylmercuric acetate2005 Rules:(acetato-ÎºO)(phenyl)mercury,XEBWQGVWTUSTLN-UHFFFAOYSA-M,fungicides (mercury compound)herbicides (inorganic),CC(=O)O[Hg]c1ccccc1
"p-menthane-3,8-diol",42822-86-6,"p-menthane-3,8-diolor2-(2-hydroxypropan-2-yl)-5-methylcyclohexan-1-ol",LMXFTMYMHGYJEI-UHFFFAOYSA-N,insect repellents,CC1CCC(C(O)C1)C(C)(C)O
phosmet,732-11-6,"O,O-dimethyl S-(phthalimidomethyl) phosphorodithioate",LMNZTLDVJIUSHT-UHFFFAOYSA-N,acaricides (arylalkyl organothiophosphate)insecticides (arylalkyl organothiophosphate),CO[P](=S)(OC)SCN1C(=O)c2ccccc2C1=O
polycarbamate,64440-88-6,dizinc bis(dimethyldithiocarbamate)ethylenebis(dithiocarbamate) (polymeric),Failed,fungicides (alkylenebis(dithiocarbamate); zinc compound),[Zn++].[Zn++].CN(C)C([S-])=S.CN(C)C([S-])=S.[S-]C(=S)NCCNC([S-])=S
camphechlor,8001-35-2,reaction mixture of chlorinated camphenes containing 67â69% chlorine,Failed,acaricides (organochlorine)insecticides (organochlorine),ClCC1(CCl)C(=C)C2(Cl)C(Cl)C(Cl)C1(Cl)C2(Cl)Cl
ethoxyquin,91-53-2,"ethyl 2,2,4-trimethyl-1,2-dihydro-6-quinolyl ether1979 Rules:1,2-dihydro-2,2,4-trimethyl-6-quinolyl ethyl ether",DECIPOUIJURFOJ-UHFFFAOYSA-N,fungicides (quinoline),CCOc1ccc2NC(C)(C)C=C(C)c2c1
polyoxin B,19396-06-6,"{[(2S,3S,4S)-2-amino-5-(carbamoyloxy)-3,4-dihydroxypentanoyl]amino}{(2R,3S,4R,5R)-3,4-dihydroxy-5-[5-(hydroxymethyl)-2,4-dioxo-3,4-dihydropyrimidin-1(2H)-yl]oxolan-2-yl}acetic acidor5-(2-amino-5-O-carbamoyl-2-deoxy-L-xylonamido)-1,5-dideoxy-1-(1,2,3,4-tetrahydro-5-hydroxymethyl-2,4-dioxopyrimidinyl)-Ã-D-allofuranuronic acid",YFZNSPMAOIVQRP-YVKGXWRCSA-N,fungicides (polyoxin B),N[C@@H]([C@H](O)[C@@H](O)COC(N)=O)C(=O)N[C@@H]([C@H]1O[C@H](C(O)C1O)N2C=C(CO)C(=O)NC2=O)C(O)=O
polyoxorim,22976-86-9,"5-[(2-amino-5-O-carbamoyl-2-deoxy-L-xylonoyl)amino]-1-(5-carboxy-1,2,3,4-tetrahydro-2,4-dioxopyrimidin-1-yl)-1,5-dideoxy-Î²-D-allofuranuronic acid",JPFWJDMDPLEUBD-ITJAGOAWSA-N,fungicides (polyoxin),[Zn].N[C@@H]([C@H](O)[C@@H](O)COC(N)=O)C(=O)N[C@@H]([C@H]1O[C@H]([C@H](O)[C@@H]1O)N2C=C(C(O)=O)C(=O)NC2=O)C(O)=O
polyoxins,11113-80-7,Failed,Failed,fungicides (polyoxin),NC(C=O)[C@H]1O[C@H]([C@H](O)[C@@H]1O)N2C=C(C(O)=O)C(=O)NC2=O
polyoxorim,22976-86-9,"5-[(2-amino-5-O-carbamoyl-2-deoxy-L-xylonoyl)amino]-1-(5-carboxy-1,2,3,4-tetrahydro-2,4-dioxopyrimidin-1-yl)-1,5-dideoxy-Î²-D-allofuranuronic acid",JPFWJDMDPLEUBD-ITJAGOAWSA-N,fungicides (polyoxin),[Zn].N[C@@H]([C@H](O)[C@@H](O)COC(N)=O)C(=O)N[C@@H]([C@H]1O[C@H]([C@H](O)[C@@H]1O)N2C=C(C(O)=O)C(=O)NC2=O)C(O)=O
metiram,9006-42-2,zinc ammoniate ethylenebis(dithiocarbamate) - poly(ethylenethiuram disulfide),Failed,fungicides (alkylenebis(dithiocarbamate); zinc compound),[Zn++].[S-]C(=S)NCCNC([S-])=S
polythialan,114067-78-6,"N,N-dimethyl-1,2,3,4,5-pentathiocan-7-amine",KKJUPNGICOCCDW-UHFFFAOYSA-N,insecticides (nereistoxin analogue),CN(C)C1CSSSSSC1
potassium%20arsenite,10124-50-2,potassium arseniteorpotassium metaarsenite,HEQWEGCSZXMIJQ-UHFFFAOYSA-M,herbicides (arsenical)insecticides (arsenical)rodenticides (arsenical),[K+].[O-][As]([O-])[O-]
potassium%20azide,20762-60-1,potassium azide,TZLVRPLSVNESQC-UHFFFAOYSA-N,fungicides (inorganic)herbicides (inorganic),[N-]=[N+]=[N-].[K+]
potassium%20cyanate,590-28-3,potassium cyanate,GKKCIDNWFBPDBW-UHFFFAOYSA-M,herbicides (inorganic),[K+].[O-]C#N
potassium%20ethylxanthate,140-89-6,potassium O-ethyl dithiocarbonate,JCBJVAJGLKENNC-UHFFFAOYSA-M,nitrification inhibitors,[K+].CCOC([S-])=S
potassium%20naphthenate,None,potassium naphthenate,Failed,plant growth regulators (auxin),Failed
potassium%20polysulfide,37199-66-9,potassium polysulfide,Failed,fungicides (polysulfide),S.[K+]
potassium%20thiocyanate,333-20-0,potassium thiocyanate,ZNNZYHKDIALBAK-UHFFFAOYSA-M,fungicides (inorganic)insecticides (inorganic),[K+].[S-]C#N
pp-ddt,50-29-3,"1,1,1-trichloro-2,2-bis(4-chlorophenyl)ethane",YVGGHNCTFXOJCH-UHFFFAOYSA-N,insecticides (organochlorine),Clc1ccc(cc1)C(c2ccc(Cl)cc2)C(Cl)(Cl)Cl
prallethrin,23031-36-9,"(1RS)-2-methyl-4-oxo-3-(prop-2-ynyl)cyclopent-2-enyl (1RS,3RS;1RS,3SR)-2,2-dimethyl-3-(2-methylprop-1-enyl)cyclopropanecarboxylate",SMKRKQBMYOFFMU-UHFFFAOYSA-N,insecticides (pyrethroid),CC(C)=C[C@H]1[C@H](C(=O)OC2CC(=O)C(=C2C)CC#C)C1(C)C
precocene%20i,17598-02-6,"7-methoxy-2,2-dimethyl-2H-chromene",CPTJXGLQLVPIGP-UHFFFAOYSA-N,insecticides (precocene),COc1ccc2C=CC(C)(C)Oc2c1
precocene%20ii,644-06-4,"6,7-dimethoxy-2,2-dimethyl-2H-chromene",PTIDGSWTMLSGAH-UHFFFAOYSA-N,insecticides (precocene),COc1cc2OC(C)(C)C=Cc2cc1OC
precocene%20iii,65383-73-5,"7-ethoxy-6-methoxy-2,2-dimethyl-2H-chromene",RFJPSAYWKBGVAW-UHFFFAOYSA-N,insecticides (precocene),CCOc1cc2OC(C)(C)C=Cc2cc1OC
pretilachlor,51218-49-6,"2-chloro-2â²,6â²-diethyl-N-(2-propoxyethyl)acetanilide",YLPGTOIOYRQOHV-UHFFFAOYSA-N,herbicides (chloroacetamide),CCCOCCN(C(=O)CCl)c1c(CC)cccc1CC
primidophos,39247-96-6,"O-{2-[acetyl(ethyl)amino]-6-methylpyrimidin-4-yl} O,O-diethyl phosphorothioate1979 Rules:O,O-diethyl O-[2-(N-ethylacetamido)-6-methylpyrimidin-4-yl] phosphorothioate",FBFCWTCMDMUSDI-UHFFFAOYSA-N,insecticides (aryl organothiophosphate),CCN(C1=NC(=CC(=N1)OP(=S)(OCC)OCC)C)C(=O)C
primisulfuron,113036-87-6,"2-({[4,6-bis(difluoromethoxy)pyrimidin-2-yl]carbamoyl}sulfamoyl)benzoic acid1979 Rules:1-[4,6-bis(difluoromethoxy)pyrimidin-2-yl]-3-[2-(carboxyphenyl)sulfonyl]urea",GPGLBXMQFQQXDV-UHFFFAOYSA-N,herbicides (pyrimidinylsulfonylurea),OC(=O)c1ccccc1[S](=O)(=O)NC(=O)Nc2nc(OC(F)F)cc(OC(F)F)n2
probenazole,27605-76-1,"3-(allyloxy)-1Î»6,2-benzisothiazole-1,1-dione1979 Rules:3-(allyloxy)-1,2-benzisothiazole 1,1-dioxide",WHHIPMZEDGBUCC-UHFFFAOYSA-N,bactericidesfungicides (benzoisothiazole)plant activators,C=CCOC1=N[S](=O)(=O)c2ccccc12
prochloraz,67747-09-5,"N-propyl-N-[2-(2,4,6-trichlorophenoxy)ethyl]imidazole-1-carboxamide",TVLSRXXIMLFWEO-UHFFFAOYSA-N,fungicides (imidazole),CCCN(CCOc1c(Cl)cc(Cl)cc1Cl)C(=O)n2ccnc2
prochlorosulfone,3023924-34-4,"4-{2-chloro-3-[(5-methyl-2-oxo-1,3,4-oxadiazol-3(2H)-yl)methyl]-4-(methylsulfonyl)benzoyl}-3-cyclopropyl-1-methyl-1H-pyrazol-5-yl 5-chloro-1,3-dimethyl-1H-pyrazole-4-carboxylateor4-[2-chloro-Î±-(5-methyl-2-oxo-1H-pyrazol-1-yl)-4-mesyl-m-toluoyl]-3-cyclopropyl-1-methyl-1H-pyrazol-5-yl 5-chloro-1,3-dimethyl-1H-pyrazole-4-carboxylate",JLRSCYKBRWKRBL-UHFFFAOYSA-N,herbicides (benzoylpyrazole),CC1=NN(C(=C1C(=O)OC2=C(C(=NN2C)C3CC3)C(=O)C4=C(C(=C(C=C4)S(=O)(=O)C)CN5C(=O)OC(=N5)C)Cl)Cl)C
proclonol,14088-71-2,"bis(4-chlorophenyl)cyclopropylmethanolpre-1969 name:4,4â²-dichloro-Î±-cyclopropylbenzhydrol",BKAYSPSVVJBHHK-UHFFFAOYSA-N,acaricides (diphenylcarbinol),OC(C1CC1)(c2ccc(Cl)cc2)c3ccc(Cl)cc3
procyazine,32889-48-8,"2-{[4-chloro-6-(cyclopropylamino)-1,3,5-triazin-2-yl]amino}-2-methylpropanenitrile1979 Rules:2-{[4-chloro-6-(cyclopropylamino)-1,3,5-triazin-2-yl]amino}-2-methylpropiononitrile",WUZNHSBFPPFULJ-UHFFFAOYSA-N,herbicides (chlorotriazine),CC(C)(Nc1nc(Cl)nc(NC2CC2)n1)C#N
procymidone,32809-16-8,"3-(3,5-dichlorophenyl)-1,5-dimethyl-3-azabicyclo[3.1.0]hexane-2,4-dione1979 Rules:N-(3,5-dichlorophenyl)-1,2-dimethylcyclopropane-1,2-dicarboximide",QXJKBPAVAHBARF-UHFFFAOYSA-N,fungicides (dicarboximide),CC12CC1(C)C(=O)N(C2=O)c3cc(Cl)cc(Cl)c3
prodiamine,29091-21-2,"2,6-dinitro-N1,N1-dipropyl-4-(trifluoromethyl)benzene-1,3-diamine1979 Rules:2,6-dinitro-N1,N1-dipropyl-4-(trifluoromethyl)-m-phenylenediamine",RSVPPPHXAASNOL-UHFFFAOYSA-N,herbicides (dinitroaniline),CCCN(CCC)c1c(cc(c(N)c1[N+]([O-])=O)C(F)(F)F)[N+]([O-])=O
profenofos,41198-08-7,(RS)-[O-(4-bromo-2-chlorophenyl) O-ethyl S-propyl phosphorothioate],QYMMJNLHFKGANY-UHFFFAOYSA-N,insecticides (phenyl organothiophosphate),CCCS[P](=O)(OCC)Oc1ccc(Br)cc1Cl
profluazol,190314-43-3,"1,2â²-dichloro-4â²-fluoro-5â²-[(6S,7aR)-6-fluoro-2,3,5,6,7,7a-hexahydro-1,3-dioxo-1H-pyrrolo[1,2-c]imidazol-2-yl]methanesulfonanilide",CHEDHKBPPDKBQF-UPONEAKYSA-N,herbicides (N-phenylimide),C1[C@@H](CN2[C@H]1C(=O)N(C2=O)C3=C(C=C(C(=C3)NS(=O)(=O)CCl)Cl)F)F
profluralin,26399-36-0,"N-(cyclopropylmethyl)-2,6-dinitro-N-propyl-4-(trifluoromethyl)aniline1979 Rules:N-(cyclopropylmethyl)-Î±,Î±,Î±-trifluoro-2,6-dinitro-N-propyl-p-toluidine",ITVQAKZNYJEWKS-UHFFFAOYSA-N,herbicides (dinitroaniline),CCCN(CC1CC1)c2c(cc(cc2[N+]([O-])=O)C(F)(F)F)[N+]([O-])=O
profluthrin,223419-20-3,"2,3,5,6-tetrafluoro-4-methylbenzyl (1RS,3RS;1RS,3SR)-2,2-dimethyl-3-[(EZ)-prop-1-enyl]cyclopropanecarboxylate",AGMMRUPNXPWLGF-UHFFFAOYSA-N,insecticides (pyrethroid),CC=CC1C(C1(C)C)C(=O)OCC2=C(C(=C(C(=C2F)F)C)F)F
profoxydim,139001-49-3,(5RS)-2-((EZ)-1-{[(2RS)-2-(4-chlorophenoxy)propoxy]imino}butyl)-3-hydroxy-5-[(3RS)-thian-3-yl]cyclohex-2-en-1-one,KRQUFUKTQHISJB-UHFFFAOYSA-N,herbicides (cyclohexanedione oxime),CCCC(=NOCC(C)OC1=CC=C(C=C1)Cl)C2=C(CC(CC2=O)C3CCCSC3)O
derivatives/thiosultap-diammonium,355831-86-6 (formerly 173390-74-4),"diammonium S,Sâ²-[2-(dimethylamino)trimethylene] di(thiosulfate)",YQKLOPKXMOUKKA-UHFFFAOYSA-N,insecticides (nereistoxin analogue),CN(C)C(CSS(=O)(=O)[O-])CSS(=O)(=O)[O-].[NH4+].[NH4+]
proglinazine,68228-20-6,"N-[4-chloro-6-(isopropylamino)-1,3,5-triazin-2-yl]glycine",XCXCBWSRDOSZRU-UHFFFAOYSA-N,herbicides (chlorotriazine),CC(C)NC1=NC(=NC(=N1)NCC(=O)O)Cl
prohexadione,88805-35-0,"3,5-dioxo-4-propanoylcyclohexanecarboxylic acid1979 Rules:3,5-dioxo-4-propionylcyclohexanecarboxylic acid",BUCOQPHDYUOJSI-UHFFFAOYSA-N,plant growth regulators (growth inhibitor),CCC(=O)C1C(=O)CC(CC1=O)C(O)=O
prohydrojasmon,158474-72-7,"propyl (1RS,2RS)-(3-oxo-2-pentylcyclopentyl)acetate containing 10Â±2% propyl (1RS,2SR)-(3-oxo-2-pentylcyclopentyl)acetate",major components: IPDFPNNPBMREIF-UHFFFAOYSA-N,plant growth regulators (growth inhibitor),Failed
promacyl,34264-24-9,5-methyl-m-cumenyl butyryl(methyl)carbamateor3-isopropyl-5-methylphenyl butyryl(methyl)carbamate,DXEMHWAAAJAXBG-UHFFFAOYSA-N,acaricides (phenyl carbamate)insecticides (phenyl carbamate),CCCC(=O)CNC(=O)Oc1cc(C)cc(c1)C(C)C
promecarb,2631-37-0,5-methyl-m-cumenyl methylcarbamateor3-isopropyl-5-methylphenyl methylcarbamate,DTAPQAJKAFRNJB-UHFFFAOYSA-N,insecticides (phenyl carbamate),CNC(=O)Oc1cc(C)cc(c1)C(C)C
prometon,1610-18-0,"N2,N4-diisopropyl-6-methoxy-1,3,5-triazine-2,4-diamine",ISEUFVQQFVOBCY-UHFFFAOYSA-N,herbicides (methoxytriazine),COc1nc(NC(C)C)nc(NC(C)C)n1
prometryn,7287-19-6,"N2,N4-diisopropyl-6-(methylthio)-1,3,5-triazine-2,4-diamine",AAEVYOVXGOFMJO-UHFFFAOYSA-N,herbicides (alkylthiotriazine),CSc1nc(NC(C)C)nc(NC(C)C)n1
prometryn,7287-19-6,"N2,N4-diisopropyl-6-(methylthio)-1,3,5-triazine-2,4-diamine",AAEVYOVXGOFMJO-UHFFFAOYSA-N,herbicides (alkylthiotriazine),CSc1nc(NC(C)C)nc(NC(C)C)n1
promurit,5836-73-7,"(1EZ)-3-(3,4-dichlorophenyl)triaz-1-ene-1-carbothioamideor(EZ)-[(3,4-dichlorophenyl)diazo]thiourea",BOQUJWASRWDQOS-UHFFFAOYSA-N,rodenticides (thiourea),NC(=S)N=NNc1ccc(Cl)c(Cl)c1
pronitridine,1373256-33-7,"Complex reaction product consisting of oligomeric reacted species of N-cyanoguanidine. The molecules in the intended active ingredient can be grouped into three distinct classes: triazonyl:N-cyanoguanidine adducts, urea:N-cyanoguanidine adducts and oligomeric N-cyanoguanidine adducts. Any of these three classes could be present at up to 10%, with an overall active ingredient concentration not exceeding 19%.",Failed,nitrification inhibitors,Failed
propyzamide,23950-58-5,"3,5-dichloro-N-(1,1-dimethylprop-2-ynyl)benzamide",PHNUZKMIPFFYSO-UHFFFAOYSA-N,herbicides (benzamide),CC(C)(NC(=O)c1cc(Cl)cc(Cl)c1)C#C
propachlor,1918-16-7,2-chloro-N-isopropylacetanilide,MFOUDYKPLGXPGO-UHFFFAOYSA-N,herbicides (chloroacetamide),CC(C)N(C(=O)CCl)c1ccccc1
propaphos,7292-16-2,4-(methylthio)phenyl dipropyl phosphate,PWYIUEFFPNVCMW-UHFFFAOYSA-N,insecticides (organophosphate),CCCO[P](=O)(OCCC)Oc1ccc(SC)cc1
propamidine,104-32-5,"4,4â²-(trimethylenedioxy)dibenzamidineorÎ±,Ï-(4,4â²-diamidinodiphenoxy)propane",WTFXJFJYEJZMFO-UHFFFAOYSA-N,fungicides (amidine),[H+].[H+].[Cl-].[Cl-].NC(=N)c1ccc(OCCCOc2ccc(cc2)C(N)=N)cc1
propamocarb,24579-73-5,propyl [3-(dimethylamino)propyl]carbamate,WZZLDXDUQPOXNW-UHFFFAOYSA-N,fungicides (carbamate),[Cl-].CCCOC(=O)NCCC[NH+](C)C
propanil,709-98-8,"3â²,4â²-dichloropropananilide1979 Rules:3â²,4â²-dichloropropionanilide",LFULEKSKNZEWOE-UHFFFAOYSA-N,herbicides (anilide),CCC(=O)Nc1ccc(Cl)c(Cl)c1
propaphos,7292-16-2,4-(methylthio)phenyl dipropyl phosphate,PWYIUEFFPNVCMW-UHFFFAOYSA-N,insecticides (organophosphate),CCCO[P](=O)(OCCC)Oc1ccc(SC)cc1
propaquizafop,111479-05-1,2-[(isopropylideneamino)oxy]ethyl (2R)-2-{4-[(6-chloroquinoxalin-2-yl)oxy]phenoxy}propanoate1979 Rules:2-[(isopropylideneamino)oxy]ethyl (R)-2-{4-[(6-chloroquinoxalin-2-yl)oxy]phenoxy}propionate,FROBCXTULYFHEJ-OAHLLOKOSA-N,herbicides (aryloxyphenoxypropionic),CC(Oc1ccc(Oc2cnc3cc(Cl)ccc3n2)cc1)C(=O)OCCON=C(C)C
propargite,2312-35-8,"(1RS,2RS;1RS,2SR)-2-(4-tert-butylphenoxy)cyclohexyl prop-2-ynyl sulfitepre-1969 name:(Â±)-2-(4-tert-butylphenoxy)cyclohexyl propargyl sulfite",ZYHMJXZULPZUED-UHFFFAOYSA-N,acaricides (sulfite ester),CC(C)(C)c1ccc(OC2CCCCC2O[S](=O)OCC#C)cc1
proparthrin,27223-49-0,"[2-methyl-5-(prop-2-ynyl)-3-furyl]methyl (1RS,3RS;1RS,3SR)-2,2-dimethyl-3-(2-methylprop-1-enyl)cyclopropanecarboxylatepre-1969 name:(2-methyl-5-propargyl-3-furyl)methyl (Â±)-cis-trans-chrysanthemate",WXBHKHTWAPLUSQ-UHFFFAOYSA-N,insecticides (pyrethroid),CC(C)=CC1C(C(=O)OCc2cc(CC#C)oc2C)C1(C)C
propazine,139-40-2,"6-chloro-N2,N4-diisopropyl-1,3,5-triazine-2,4-diamine",WJNRPILHGGKWCK-UHFFFAOYSA-N,herbicides (chlorotriazine),CC(C)Nc1nc(Cl)nc(NC(C)C)n1
propetamphos,31218-83-4,isopropyl (2E)-3-{[(RS)-(ethylamino)methoxyphosphinothioyl]oxy}but-2-enoate1979 Rules:isopropyl 3-{[(ethylamino)methoxyphosphinothioyl]oxy}isocrotonate,BZNDWPRGXNILMS-VQHVLOKHSA-N,acaricides (phosphoramidate)insecticides (phosphoramidate),CCN[P](=S)(OC)OC(/C)=C\C(=O)OC(C)C
propham,122-42-9,isopropyl phenylcarbamate1979 Rules:isopropyl carbanilate,VXPLXMJHHKHSOA-UHFFFAOYSA-N,herbicides (carbamate)plant growth regulators (growth inhibitor),CC(C)OC(=O)Nc1ccccc1
propiconazole,60207-90-1,"(2RS,4RS;2RS,4SR)-1-{[2-(2,4-dichlorophenyl)-4-propyl-1,3-dioxolan-2-yl]methyl}-1H-1,2,4-triazole",STJLVHWMYQXCPB-UHFFFAOYSA-N,fungicides (triazole),CCCC1COC(Cn2cncn2)(O1)c3ccc(Cl)cc3Cl
icaridin,119515-38-7,(1RS)-1-methylpropyl (RS)-2-(2-hydroxyethyl)piperidine-1-carboxylate1979 Rules:(RS)-sec-butyl (RS)-2-(2-hydroxyethyl)piperidine-1-carboxylate,QLHULAHOXSSASE-UHFFFAOYSA-N,insect repellents,CCC(C)OC(=O)N1CCCCC1CCO
propineb,12071-83-9,polymeric zinc propylenebis(dithiocarbamate),Failed,fungicides (alkylenebis(dithiocarbamate); zinc compound)acaricides (alkylenebis(dithiocarbamate)),[Zn++]|1|[S-]C(=S)NCC(C)NC([S-]|1)=S
propisochlor,86763-47-5,2-chloro-2â²-ethyl-N-(isopropoxymethyl)-6â²-methylacetanilide,KZNDFYDURHAESM-UHFFFAOYSA-N,herbicides (chloroacetamide),CCc1cccc(C)c1N(COC(C)C)C(=O)CCl
propoxur,114-26-1,2-isopropoxyphenyl methylcarbamate,ISRUGXGCCGIOQO-UHFFFAOYSA-N,acaricides (phenyl carbamate)insecticides (phenyl carbamate),CNC(=O)Oc1ccccc1OC(C)C
propoxycarbazone,145026-81-9,"methyl 2-{[4-methyl-5-oxo-3-propoxy-4,5-dihydro-(1H-1,2,4-triazole-1-carbonyl)]sulfamoyl}benzoate1979 Rules:methyl 2-[(4,5-dihydro-4-methyl-5-oxo-3-propoxy-1H-1,2,4-triazole-1-carboxamido)sulfonyl]benzoate",JTHMVYBOQLDDIY-UHFFFAOYSA-N,herbicides (sulfonylaminocarbonyltriazolinone),CCCOC1=NN(C(=O)N1C)C(=O)NS(=O)(=O)C2=CC=CC=C2C(=O)OC
propyl%20isome,83-59-0,"dipropyl (5RS,6RS,7RS)-5,6,7,8-tetrahydro-7-methylnaphtho[2,3-d]-1,3-dioxole-5,6-dicarboxylateordipropyl (1RS,2RS,3RS)-1,2,3,4-tetrahydro-3-methyl-6,7-methylenedioxynaphthalene-1,2-dicarboxylate",UEKQGZQLUMSLNW-UHFFFAOYSA-N,synergists,CCCOC(=O)C1C(C)Cc2cc3OCOc3cc2C1C(=O)OCCC
propyrisulfuron,570415-88-2,"2-chloro-N-[(4,6-dimethoxypyrimidin-2-yl)carbamoyl]-6-propylimidazo[1,2-b]pyridazine-3-sulfonamide1979 Rules:1-[(2-chloro-6-propylimidazo[1,2-b]pyridazin-3-yl)sulfonyl]-3-(4,6-dimethoxypyrimidin-2-yl)urea",PYCINWWWERDNKE-UHFFFAOYSA-N,herbicides (pyrimidinylsulfonylurea),CCCC1=NN2C(=NC(=C2S(=O)(=O)NC(=O)NC3=NC(=CC(=N3)OC)OC)Cl)C=C1
propyzamide,23950-58-5,"3,5-dichloro-N-(1,1-dimethylprop-2-ynyl)benzamide",PHNUZKMIPFFYSO-UHFFFAOYSA-N,herbicides (benzamide),CC(C)(NC(=O)c1cc(Cl)cc(Cl)c1)C#C
proquinazid,189278-12-4,6-iodo-2-propoxy-3-propylquinazolin-4(3H)-one,FLVBXVXXXMLMOX-UHFFFAOYSA-N,fungicides (quinazolinone),CCCN1C(=O)C2=C(C=CC(=C2)I)N=C1OCCC
psoralen,66-97-7,"7H-furo[3,2-g]chromen-7-one",ZCCUUQDIBDJBTK-UHFFFAOYSA-N,plant growth regulators (growth stimulator),O=C1Oc2cc3occc3cc2C=C1
prosulfalin,51528-03-1,"N-{[4-(dipropylamino)-3,5-dinitrophenyl]sulfonyl}-S,S-dimethylsulfimide",LKVOXDJKFRBRQV-UHFFFAOYSA-N,herbicides (dinitroaniline),CCCN(CCC)c1c(cc(cc1[N+]([O-])=O)[S](=O)(=O)N=[S](C)C)[N+]([O-])=O
prosulfocarb,52888-80-9,S-benzyl dipropylcarbamothioate1979 Rules:S-benzyl dipropyl(thiocarbamate),NQLVQOSNDJXLKG-UHFFFAOYSA-N,herbicides (thiocarbamate),CCCN(CCC)C(=O)SCc1ccccc1
prosulfuron,94125-34-5,"N-[(4-methoxy-6-methyl-1,3,5-triazin-2-yl)carbamoyl]-2-(3,3,3-trifluoropropyl)benzenesulfonamide1979 Rules:1-(4-methoxy-6-methyl-1,3,5-triazin-2-yl)-3-{[2-(3,3,3-trifluoropropyl)phenyl]sulfonyl}urea",LTUNNEGNEKBSEH-UHFFFAOYSA-N,herbicides (triazinylsulfonylurea),COc1nc(C)nc(NC(=O)N[S](=O)(=O)c2ccccc2CCC(F)(F)F)n1
prothidathion,20276-83-9,"O,O-diethyl S-[(5-isopropoxy-2-oxo-1,3,4-thiadiazol-3(2H)-yl)methyl] phosphorodithioate1979 Rules:S-[(2,3-dihydro-5-isopropoxy-2-oxo-1,3,4-thiadiazol-3-yl)methyl] O,O-diethyl phosphorodithioate",LQHMZSQJOYPNND-UHFFFAOYSA-N,acaricides (arylalkyl organothiophosphate)insecticides (arylalkyl organothiophosphate),CCOP(=S)(OCC)SCN1C(=O)SC(=N1)OC(C)C
prothiocarb,19622-08-3,S-ethyl [3-(dimethylamino)propyl]carbamothioate1979 Rules:S-ethyl [3-(dimethylamino)propyl]thiocarbamate,YRRBXJLFCBCKNW-UHFFFAOYSA-N,fungicides (carbamate),[Cl-].CCSC(=O)NCCC[NH+](C)C
prothioconazole,178928-70-6,"(RS)-2-[2-(1-chlorocyclopropyl)-3-(2-chlorophenyl)-2-hydroxypropyl]-2,4-dihydro-1,2,4-triazole-3-thione",MNHVNIJQQRJYDH-UHFFFAOYSA-N,fungicides (triazolinthione),OC(CN1NC=NC1=S)(Cc2ccccc2Cl)C3(Cl)CC3
prothiofos,34643-46-4,"(RS)-[O-(2,4-dichlorophenyl) O-ethyl S-propyl phosphorodithioate]",FITIWKDOCAUBQD-UHFFFAOYSA-N,insecticides (phenyl organothiophosphate),CCCS[P](=S)(OCC)Oc1ccc(Cl)cc1Cl
prothoate,2275-18-5,"O,O-diethyl S-[2-(isopropylamino)-2-oxoethyl] phosphorodithioate1979 Rules:O,O-diethyl S-[(isopropylcarbamoyl)methyl] phosphorodithioate",QTXHFDHVLBDJIO-UHFFFAOYSA-N,acaricides (aliphatic amide organothiophosphate)insecticides (aliphatic amide organothiophosphate),CCO[P](=S)(OCC)SCC(=O)NC(C)C
protrifenbute,119544-94-4,5-[(4RS)-4-(4-chlorophenyl)-4-cyclopropylbutyl]-2-fluorophenyl phenyl ether,QDFVXXBCJYNKKC-UHFFFAOYSA-N,insecticides (pyrethroid ether),Fc1ccc(CCCC(C2CC2)c3ccc(Cl)cc3)cc1Oc4ccccc4
proxan,108-25-8,O-isopropyl hydrogen dithiocarbonate,UOJYYXATTMQQNA-UHFFFAOYSA-N,herbicides (thiocarbonate),[K+].CC(C)OC([S-])=S
primidophos,39247-96-6,"O-{2-[acetyl(ethyl)amino]-6-methylpyrimidin-4-yl} O,O-diethyl phosphorothioate1979 Rules:O,O-diethyl O-[2-(N-ethylacetamido)-6-methylpyrimidin-4-yl] phosphorothioate",FBFCWTCMDMUSDI-UHFFFAOYSA-N,insecticides (aryl organothiophosphate),CCN(C1=NC(=CC(=N1)OP(=S)(OCC)OCC)C)C(=O)C
prynachlor,21267-72-1,(RS)-2-chloro-N-(1-methylprop-2-ynyl)acetanilide,DGPBHERUGBOSFZ-UHFFFAOYSA-N,herbicides (chloroacetamide),CC(C#C)N(C(=O)CCl)c1ccccc1
psoralen,66-97-7,"7H-furo[3,2-g]chromen-7-one",ZCCUUQDIBDJBTK-UHFFFAOYSA-N,plant growth regulators (growth stimulator),O=C1Oc2cc3occc3cc2C=C1
psoralen,66-97-7,"7H-furo[3,2-g]chromen-7-one",ZCCUUQDIBDJBTK-UHFFFAOYSA-N,plant growth regulators (growth stimulator),O=C1Oc2cc3occc3cc2C=C1
pydanon,22571-07-9,"(RS)-(hexahydro-4-hydroxy-3,6-dioxopyridazin-4-yl)acetic acid",BKVRQJSQZDTXCG-UHFFFAOYSA-N,herbicides (pyridazinone)plant growth regulators (unclassified),C1C(=O)NNC(=O)C1(CC(=O)O)O
pydiflumetofen,1228284-64-7,"3-(difluoromethyl)-N-methoxy-1-methyl-N-[(RS)-1-methyl-2-(2,4,6-trichlorophenyl)ethyl]-1H-pyrazole-4-carboxamide",DGOAXBPOVUPPEB-UHFFFAOYSA-N,fungicides (pyrazolecarboxamide),CC(CC1=C(C=C(C=C1Cl)Cl)Cl)N(C(=O)C2=CN(N=C2C(F)F)C)OC
pyflubumide,926914-55-8,"1,3,5-trimethyl-N-(2-methyl-1-oxopropyl)-3â²-(2-methylpropyl)-4â²-[2,2,2-trifluoro-1-methoxy-1-(trifluoromethyl)ethyl]-1H-pyrazole-4-carboxanilide1979 Rules:3â²-isobutyl-N-isobutyryl-1,3,5-trimethyl-4â²-[2,2,2-trifluoro-1-methoxy-1-(trifluoromethyl)ethyl]-1H-pyrazole-4-carboxanilide",DZVWKNFPXMUIFA-UHFFFAOYSA-N,acaricides (carboxanilide),CC1=C(C(=NN1C)C)C(=O)N(C2=CC(=C(C=C2)C(C(F)(F)F)(C(F)(F)F)OC)CC(C)C)C(=O)C(C)C
pymetrozine,123312-89-0,"(E)-4,5-dihydro-6-methyl-4-[(3-pyridylmethylene)amino]-1,2,4-triazin-3(2H)-one",QHMTXANCGGJZRX-WUXMJOGZSA-N,insecticides (pyridine azomethine),CC1=NNC(=O)N(C1)\N=C\c2cccnc2
pyracarbolid,24691-76-7,"3,4-dihydro-6-methyl-2H-pyran-5-carboxanilide",YPCALTGLHFLNGA-UHFFFAOYSA-N,fungicides (anilide),CC1=C(CCCO1)C(=O)Nc2ccccc2
pyraclofos,89784-60-1 (formerly 77458-01-6),(RS)-{O-[1-(4-chlorophenyl)-1H-pyrazol-4-yl] O-ethyl S-propyl phosphorothioate},QHGVXILFMXYDRS-UHFFFAOYSA-N,insecticides (aryl organothiophosphate),CCCSP(=O)(OCC)OC1=CN(N=C1)C2=CC=C(C=C2)Cl
pyraclonil,158353-15-2,"1-(3-chloro-4,5,6,7-tetrahydropyrazolo[1,5-a]pyridin-2-yl)-5-[methyl(prop-2-ynyl)amino]-1H-pyrazole-4-carbonitrile",IHHMUBRVTJMLQO-UHFFFAOYSA-N,herbicides (pyrazolopyrazole),CN(CC#C)C1=C(C=NN1C2=NN3CCCCC3=C2Cl)C#N
pyraclostrobin,175013-18-0,methyl 2-({[1-(4-chlorophenyl)-1H-pyrazol-3-yl]oxy}methyl)-N-methoxycarbanilate,HZRSNVGNWUDEFX-UHFFFAOYSA-N,fungicides (methoxycarbamate),CON(C(=O)OC)c1ccccc1COc2ccn(n2)c3ccc(Cl)cc3
pyraflufen,129630-17-7,{2-chloro-5-[4-chloro-5-(difluoromethoxy)-1-methyl-1H-pyrazol-3-yl]-4-fluorophenoxy}acetic acid,YXIIPOGUBVYZIW-UHFFFAOYSA-N,herbicides (phenylpyrazole),CN1C(=C(C(=N1)C2=CC(=C(C=C2F)Cl)OCC(=O)O)Cl)OC(F)F
pyrafluprole,315208-17-4,"1-[2,6-dichloro-4-(trifluoromethyl)phenyl]-4-[(fluoromethyl)thio]-5-[(pyrazin-2-ylmethyl)amino]-1H-pyrazole-3-carbonitrile1979 Rules:1-(2,6-dichloro-Î±,Î±,Î±-trifluoro-p-tolyl)-4-[(fluoromethyl)thio]-5-[(pyrazinylmethyl)amino]-1H-pyrazole-3-carbonitrile",DDIQWGKUSJOETH-UHFFFAOYSA-N,insecticides (phenylpyrazole),C1=CN=C(C=N1)CNC2=C(C(=NN2C3=C(C=C(C=C3Cl)C(F)(F)F)Cl)C#N)SCF
pyramat,2532-49-2,6-methyl-2-propylpyrimidin-4-yl dimethylcarbamate,HRLNKILMCKNVPD-UHFFFAOYSA-N,insecticides (dimethylcarbamate),CCCc1nc(C)cc(OC(=O)N(C)C)n1
pyrametostrobin,915410-70-7,"methyl 2-{[(1,4-dimethyl-3-phenyl-1H-pyrazol-5-yl)oxy]methyl}-N-methoxycarbanilate",DWTVBEZBWMDXIY-UHFFFAOYSA-N,fungicides (methoxycarbamate),CC1=C(N(N=C1C2=CC=CC=C2)C)OCC3=CC=CC=C3N(C(=O)OC)OC
pyraoxystrobin,862588-11-2,methyl (2E)-2-[2-({[3-(4-chlorophenyl)-1-methyl-1H-pyrazol-5-yl]oxy}methyl)phenyl]-3-methoxyprop-2-enoate1979 Rules:methyl (2E)-2-(Î±-{[3-(4-chlorophenyl)-1-methyl-1H-pyrazol-5-yl]oxy}-o-tolyl)-3-methoxyacrylate,URXNNPCNKVAQRA-XMHGGMMESA-N,fungicides (methoxyacrylate),CN1C(=CC(=N1)C2=CC=C(C=C2)Cl)OCC3=CC=CC=C3/C(=C\OC)/C(=O)OC
pyrapropoyne,1803108-03-3,(Z)-N-{2-[3-chloro-5-(cyclopropylethynyl)-2-pyridyl]-2-(isopropoxyimino)ethyl}-3-(difluoromethyl)-1-methyl-1H-pyrazole-4-carboxamide,HIFFCWPIDUPFTA-QRQIAZFYSA-N,fungicides (pyrazolecarboxamide),CC(C)O/N=C(/CNC(=O)C1=CN(N=C1C(F)F)C)\C2=C(C=C(C=N2)C#CC3CC3)Cl
pyraquinate,2378093-62-8,"4-{[3-(3-chlorophenyl)-1,5-dimethyl-2,4-dioxo-1,2,3,4-tetrahydroquinazolin-6-yl]carbonyl}-1,3-dimethyl-1H-pyrazol-5-yl diethylcarbamate1979 Rules:4-{[3-(m-chlorophenyl)-1,2,3,4-tetrahydro-1,5-dimethyl-2,4-dioxoquinazolin-6-yl]carbonyl}-1,3-dimethyl-1H-pyrazol-5-yl diethylcarbamate",QCETYWAAOPFNSO-UHFFFAOYSA-N,herbicides (benzoylpyrazole),CCN(CC)C(=O)OC1=C(C(=NN1C)C)C(=O)C2=C(C3=C(C=C2)N(C(=O)N(C3=O)C4=CC(=CC=C4)Cl)C)C
pyrasulfotole,365400-11-9,"5-hydroxy-1,3-dimethyl-1H-pyrazol-4-yl 2-(methylsulfonyl)-4-(trifluoromethyl)phenyl ketone1979 Rules:5-hydroxy-1,3-dimethyl-1H-pyrazol-4-yl Î±,Î±,Î±-trifluoro-2-mesyl-p-tolyl ketone",DWSPRBSLSXQIEJ-UHFFFAOYSA-N,herbicides (benzoylpyrazole),Failed
pyraziflumid,942515-63-1,"N-(3â²,4â²-difluorobiphenyl-2-yl)-3-(trifluoromethyl)pyrazine-2-carboxamide1979 Rules:2â²-(3,4-difluorophenyl)-3-(trifluoromethyl)pyrazine-2-carboxanilide",KKEJMLAPZVXPOF-UHFFFAOYSA-N,fungicides (pyrazinecarboxamide),C1=CC=C(C(=C1)C2=CC(=C(C=C2)F)F)NC(=O)C3=NC=CN=C3C(F)(F)F
pyrazolynate,58011-68-0,"4-(2,4-dichlorobenzoyl)-1,3-dimethyl-1H-pyrazol-5-yl toluene-4-sulfonate",ASRAWSBMDXVNLX-UHFFFAOYSA-N,herbicides (benzoylpyrazole),Cn1nc(C)c(C(=O)c2ccc(Cl)cc2Cl)c1O[S](=O)(=O)c3ccc(C)cc3
pyrazolynate,58011-68-0,"4-(2,4-dichlorobenzoyl)-1,3-dimethyl-1H-pyrazol-5-yl toluene-4-sulfonate",ASRAWSBMDXVNLX-UHFFFAOYSA-N,herbicides (benzoylpyrazole),Cn1nc(C)c(C(=O)c2ccc(Cl)cc2Cl)c1O[S](=O)(=O)c3ccc(C)cc3
chloridazon,1698-60-8,5-amino-4-chloro-2-phenylpyridazin-3(2H)-one,WYKYKTKDBLFHCY-UHFFFAOYSA-N,herbicides (pyridazinone),NC1=C(Cl)C(=O)N(N=C1)c2ccccc2
pyrazophos,13457-18-6,"ethyl 2-[(diethoxyphosphinothioyl)oxy]-5-methylpyrazolo[1,5-a]pyrimidine-6-carboxylate",JOOMJVFZQRQWKR-UHFFFAOYSA-N,fungicides (phosphorothiolate)insecticides (aryl organothiophosphate),CCOC(=O)c1cn2nc(O[P](=S)(OCC)OCC)cc2nc1C
pyrazosulfuron,98389-04-9,"5-{[(4,6-dimethoxypyrimidin-2-yl)carbamoyl]sulfamoyl}-1-methyl-1H-pyrazole-4-carboxylic acid",VXMNDQDDWDDKOQ-UHFFFAOYSA-N,herbicides (pyrimidinylsulfonylurea),COc1cc(OC)nc(NC(=O)N[S](=O)(=O)c2n(C)ncc2C(O)=O)n1
pyrazothion,108-35-0,"O,O-diethyl O-(3-methyl-1H-pyrazol-5-yl) phosphorothioate",NKADQNIAHIXOIZ-UHFFFAOYSA-N,insecticides (aryl organothiophosphate),CCO[P](=S)(OCC)Oc1cc(C)[nH]n1
pyrazoxyfen,71561-11-0,"2-{[4-(2,4-dichlorobenzoyl)-1,3-dimethyl-1H-pyrazol-5-yl]oxy}acetophenone",FKERUJTUOYLBKB-UHFFFAOYSA-N,herbicides (benzoylpyrazole),Cn1nc(C)c(C(=O)c2ccc(Cl)cc2Cl)c1OCC(=O)c3ccccc3
pyresmethrin,24624-58-6,"(5-benzyl-3-furyl)methyl (1R,3R)-3-[(E)-2-(methoxycarbonyl)prop-1-enyl]-2,2-dimethylcyclopropanecarboxylateRothamsted-style stereodescriptors:(5-benzyl-3-furyl)methyl (1R)-trans-3-[(E)-2-(methoxycarbonyl)prop-1-enyl]-2,2-dimethylcyclopropanecarboxylatepre-1969 name:(5-benzyl-3-furyl)methyl pyrethrate",YSEUOPNOQRVVDY-OGEJUEGTSA-N,insecticides (pyrethroid),C/C(=C\[C@@H]1[C@H](C1(C)C)C(=O)OCC2=COC(=C2)CC3=CC=CC=C3)/C(=O)OC
pyrethrin%20i,121-21-1,"(Z)-(S)-2-methyl-4-oxo-3-(penta-2,4-dienyl)cyclopent-2-enyl (1R,3R)-2,2-dimethyl-3-(2-methylprop-1-enyl)cyclopropanecarboxylateRothamsted-style stereodescriptors:(Z)-(S)-2-methyl-4-oxo-3-(penta-2,4-dienyl)cyclopent-2-enyl (1R)-trans-2,2-dimethyl-3-(2-methylprop-1-enyl)cyclopropanecarboxylatepre-1969 name:(+)-cis-2-methyl-4-oxo-3-(penta-2,4-dienyl)cyclopent-2-enyl (+)-trans-chrysanthemate",ROVGZAWFACYCSP-VUMXUWRFSA-N,insecticides (pyrethrin),CC(C)=C[C@@H]1[C@@H](C(=O)O[C@H]2CC(=O)C(=C2C)C\C=C/C=C)C1(C)C
pyrethrin%20ii,121-29-9,"(Z)-(S)-2-methyl-4-oxo-3-(penta-2,4-dienyl)cyclopent-2-enyl (E)-(1R,3R)-3-(2-methoxycarbonylprop-1-enyl)-2,2-dimethylcyclopropanecarboxylateRothamsted-style stereodescriptors:(Z)-(S)-2-methyl-4-oxo-3-(penta-2,4-dienyl)cyclopent-2-enyl (E)-(1R)-trans-3-(2-methoxycarbonylprop-1-enyl)-2,2-dimethylcyclopropanecarboxylatepre-1969 name:(+)-cis-2-methyl-4-oxo-3-(penta-2,4-dienyl)cyclopent-2-enyl pyrethrate",VJFUPGQZSXIULQ-XIGJTORUSA-N,insecticides (pyrethrin),COC(=O)C(/C)=C/[C@@H]1[C@@H](C(=O)O[C@H]2CC(=O)C(=C2C)C\C=C/C=C)C1(C)C
pyrethrins,8003-34-7,Failed,Failed,insecticides (pyrethrin),Failed
pyribambenz-isopropyl,420138-41-6,"isopropyl 4-({2-[(4,6-dimethoxypyrimidin-2-yl)oxy]benzyl}amino)benzoate",REJMLNWDJIPPSE-UHFFFAOYSA-N,herbicides (pyrimidinyloxybenzylamine),CC(C)OC(=O)C1=CC=C(C=C1)NCC2=CC=CC=C2OC3=NC(=CC(=N3)OC)OC
pyribambenz-propyl,420138-40-5,"propyl 4-({2-[(4,6-dimethoxypyrimidin-2-yl)oxy]benzyl}amino)benzoate",ZHYPDEKPSXOZKN-UHFFFAOYSA-N,herbicides (pyrimidinyloxybenzylamine),CCCOC(=O)C1=CC=C(C=C1)NCC2=CC=CC=C2OC3=NC(=CC(=N3)OC)OC
pyribencarb,799247-52-2,methyl {2-chloro-5-[(1E)-{[1-(6-methyl-2-pyridyl)methoxy]imino}ethyl]benzyl}carbamate,CRFYLQMIDWBKRT-LPYMAVHISA-N,fungicides (benzylcarbamate),CC1=NC(=CC=C1)CO/N=C(\C)/C2=CC(=C(C=C2)Cl)CNC(=O)OC
pyribenzoxim,168088-61-7,"benzophenone O-{2,6-bis[(4,6-dimethoxypyrimidin-2-yl)oxy]benzoyl}oxime",OVXMBIVWNJDDSM-UHFFFAOYSA-N,herbicides (pyrimidinyl benzoate),COc1cc(OC)nc(Oc2cccc(Oc3nc(OC)cc(OC)n3)c2C(=O)ON=C(c4ccccc4)c5ccccc5)n1
pyributicarb,88678-67-5,O-(3-tert-butylphenyl) (6-methoxy-2-pyridyl)methylcarbamothioate1979 Rules:O-(3-tert-butylphenyl) (6-methoxy-2-pyridyl)methyl(thiocarbamate),VTRWMTJQBQJKQH-UHFFFAOYSA-N,fungicides (thiocarbamate)herbicides (thiocarbamate),COc1cccc(n1)N(C)C(=S)Oc2cccc(c2)C(C)(C)C
pyriclor,1970-40-7,"2,3,5-trichloropyridin-4-ol",XTVIFVALDYTCLL-UHFFFAOYSA-N,herbicides (pyridinol),ClC1=C(Cl)C(=O)C(=CN1)Cl
pyridaben,96489-71-3,2-tert-butyl-5-[(4-tert-butylbenzyl)thio]-4-chloropyridazin-3(2H)-one,DWFZBUWUXWZWKD-UHFFFAOYSA-N,acaricides (unclassified)insecticides (unclassified),CC(C)(C)N1N=CC(=C(Cl)C1=O)SCc2ccc(cc2)C(C)(C)C
pyridachlometyl,1358061-55-8,"3-chloro-4-(2,6-difluorophenyl)-6-methyl-5-phenylpyridazine",ZNBJSAAROMDHOX-UHFFFAOYSA-N,fungicides (pyridazine),CC1=C(C(=C(N=N1)Cl)C2=C(C=CC=C2F)F)C3=CC=CC=C3
pyridafol,40020-01-7,6-chloro-3-phenylpyridazin-4-ol,ZUSHSDOEVHPTCU-UHFFFAOYSA-N,herbicides (phenylpyridazine),ClC1=CC(=O)C(=NN1)c2ccccc2
pyridalyl,179101-81-6,"2-(3-{2,6-dichloro-4-[(3,3-dichloroallyl)oxy]phenoxy}propoxy)-5-(trifluoromethyl)pyridine1979 Rules:2,6-dichloro-4-[(3,3-dichloroallyl)oxy]phenyl 3-{[5-(trifluoromethyl)-2-pyridyl]oxy}propyl ether",AEHJMNVBLRLZKK-UHFFFAOYSA-N,insecticides (unclassified),FC(F)(F)c1ccc(OCCCOc2c(Cl)cc(OCC=C(Cl)Cl)cc2Cl)nc1
pyridaphenthion,119-12-0,"O-(1,6-dihydro-6-oxo-1-phenylpyridazin-3-yl) O,O-diethyl phosphorothioate",CXJSOEPQXUCJSA-UHFFFAOYSA-N,insecticides (aryl organothiophosphate),CCO[P](=S)(OCC)OC1=NN(C(=O)C=C1)c2ccccc2
pyridaphenthion,119-12-0,"O-(1,6-dihydro-6-oxo-1-phenylpyridazin-3-yl) O,O-diethyl phosphorothioate",CXJSOEPQXUCJSA-UHFFFAOYSA-N,insecticides (aryl organothiophosphate),CCO[P](=S)(OCC)OC1=NN(C(=O)C=C1)c2ccccc2
pyridate,55512-33-9,O-(6-chloro-3-phenylpyridazin-4-yl) S-octyl thiocarbonate,JTZCTMAVMHRNTR-UHFFFAOYSA-N,herbicides (phenylpyridazine),CCCCCCCCSC(=O)Oc1cc(Cl)nnc1c2ccccc2
pyridinitril,1086-02-8,"2,6-dichloro-4-phenylpyridine-3,5-dicarbonitrile",OVZITGHGWBXFEA-UHFFFAOYSA-N,fungicides (pyridine),Clc1nc(Cl)c(C#N)c(c2ccccc2)c1C#N
pyrifenox,88283-41-4,"2â²,4â²-dichloro-2-(3-pyridyl)acetophenone (EZ)-O-methyloxime",CKPCAYZTYMHQEX-UHFFFAOYSA-N,fungicides (pyridine),CO\N=C(\Cc1cccnc1)c2ccc(Cl)cc2Cl
pyriflubenzoxim,2760545-39-7,"(E)-2-(trifluoromethyl)benzaldehyde O-{2,6-bis[(4,6-dimethoxypyrimidin-2-yl)oxy]benzoyl}oxime",YKBOANIGYIONAL-XAZZYMPDSA-N,herbicides (pyrimidinyl benzoate),COC1=CC(=NC(=N1)OC2=C(C(=CC=C2)OC3=NC(=CC(=N3)OC)OC)C(=O)O/N=C/C4=CC=CC=C4C(F)(F)F)OC
pyrifluquinazon,337458-27-2,"1-acetyl-1,2,3,4-tetrahydro-3-[(3-pyridylmethyl)amino]-6-[1,2,2,2-tetrafluoro-1-(trifluoromethyl)ethyl]quinazolin-2-one",MIOBBYRMXGNORL-UHFFFAOYSA-N,insecticides (pyridine azomethine),CC(=O)N1C2=C(CN(C1=O)NCC3=CN=CC=C3)C=C(C=C2)C(C(F)(F)F)(C(F)(F)F)F
pyriftalid,135186-78-6,"(RS)-7-[(4,6-dimethoxypyrimidin-2-yl)thio]-3-methyl-2-benzofuran-1(3H)-one",RRKHIAYNPVQKEF-UHFFFAOYSA-N,herbicides (pyrimidinyl benzoate),CC1C2=C(C(=CC=C2)SC3=NC(=CC(=N3)OC)OC)C(=O)O1
pirimetaphos,31377-69-2,(RS)-[2-(diethylamino)-6-methylpyrimidin-4-yl methyl methylphosphoramidate],HEUHRGXVQSOSHP-UHFFFAOYSA-N,insecticides (phosphoramidate),CCN(CC)C1=NC(=CC(=N1)OP(=O)(NC)OC)C
pyrimethanil,53112-28-0,"N-(4,6-dimethylpyrimidin-2-yl)aniline",ZLIBICFPKPWGIZ-UHFFFAOYSA-N,fungicides (anilinopyrimidine),Cc1cc(C)nc(Nc2ccccc2)n1
pirimicarb,23103-98-2,"2-(dimethylamino)-5,6-dimethylpyrimidin-4-yl dimethylcarbamate",YFGYUFNIOHWBOB-UHFFFAOYSA-N,insecticides (dimethylcarbamate),CN(C)C(=O)Oc1nc(nc(C)c1C)N(C)C
pyrimidifen,105779-78-0,"5-chloro-N-{2-[4-(2-ethoxyethyl)-2,3-dimethylphenoxy]ethyl}-6-ethylpyrimidin-4-amine1979 Rules:5-chloro-N-(2-{[4-(2-ethoxyethyl)-2,3-xylyl]oxy}ethyl)-6-ethylpyrimidin-4-amine",ITKAIUGKVKDENI-UHFFFAOYSA-N,acaricides (pyrimidinamine)insecticides (pyrimidinamine),CCOCCc1ccc(OCCNc2ncnc(CC)c2Cl)c(C)c1C
pyriminobac,136191-56-5,"(EZ)-2-[(4,6-dimethoxypyrimidin-2-yl)oxy]-6-[1-(methoxyimino)ethyl]benzoic acid",DEIKMOQTJBGGAX-UHFFFAOYSA-N,herbicides (pyrimidinyl benzoate),CC(=NOC)C1=C(C(=CC=C1)OC2=NC(=CC(=N2)OC)OC)C(=O)O
pyriminostrobin,1257598-43-8,"methyl (2E)-2-[2-({[2-(2,4-dichloroanilino)-6-(trifluoromethyl)pyrimidin-4-yl]oxy}methyl)phenyl]-3-methoxyprop-2-enoate1979 Rules:methyl (E)-2-(Î±-{[2-(2,4-dichloroanilino)-6-(trifluoromethyl)pyrimidin-4-yl]oxy}-o-tolyl)-3-methoxyacrylate",YYXSCUSVVALMNW-FOWTUZBSSA-N,acaricides (methoxyacrylate),CO/C=C(\C1=CC=CC=C1COC2=NC(=NC(=C2)C(F)(F)F)NC3=C(C=C(C=C3)Cl)Cl)/C(=O)OC
pirimiphos-ethyl,23505-41-1,"O-[2-(diethylamino)-6-methylpyrimidin-4-yl] O,O-diethyl phosphorothioate",TZBPRYIIJAJUOY-UHFFFAOYSA-N,insecticides (aryl organothiophosphate),CCO[P](=S)(OCC)Oc1cc(C)nc(n1)N(CC)CC
pirimiphos-methyl,29232-93-7,"O-[2-(diethylamino)-6-methylpyrimidin-4-yl] O,O-dimethyl phosphorothioate",QHOQHJPRIBSPCY-UHFFFAOYSA-N,acaricides (aryl organothiophosphate)insecticides (aryl organothiophosphate),CCN(CC)c1nc(C)cc(O[P](=S)(OC)OC)n1
pyrimisulfan,221205-90-9,"2â²-[(RS)-(4,6-dimethoxypyrimidin-2-yl)(hydroxy)methyl]-1,1-difluoro-6â²-(methoxymethyl)methanesulfonanilide",NTBVTCXMRYKRTB-UHFFFAOYSA-N,herbicides (sulfonanilide),COCC1=C(C(=CC=C1)C(C2=NC(=CC(=N2)OC)OC)O)NS(=O)(=O)C(F)F
pyrimitate,5221-49-8,"O-[2-(dimethylamino)-6-methylpyrimidin-4-yl] O,O-diethyl phosphorothioate",MLDVVJZNWASRQL-UHFFFAOYSA-N,acaricides (aryl organothiophosphate)insecticides (aryl organothiophosphate),CCO[P](=S)(OCC)Oc1cc(C)nc(n1)N(C)C
pyrinuron,53558-25-1,1-(4-nitrophenyl)-3-(3-pyridylmethyl)urea,CLKZWXHKFXZIMA-UHFFFAOYSA-N,rodenticides (unclassified),[O-][N+](=O)c1ccc(NC(=O)NCc2cccnc2)cc1
pyriofenone,688046-61-9,"5-chloro-2-methoxy-4-methyl-3-pyridyl 2,3,4-trimethoxy-6-methylphenyl ketone1979 Rules:5-chloro-2-methoxy-4-methyl-3-pyridyl 4,5,6-trimethoxy-o-tolyl ketone",NMVCBWZLCXANER-UHFFFAOYSA-N,fungicides (arylphenyl ketone),CC1=CC(=C(C(=C1C(=O)C2=C(C(=CN=C2OC)Cl)C)OC)OC)OC
pyriprole,394730-71-3,"1-[2,6-dichloro-4-(trifluoromethyl)phenyl]-4-[(difluoromethyl)thio]-5-[(2-pyridylmethyl)amino]-1H-pyrazole-3-carbonitrile1979 Rules:1-(2,6-dichloro-Î±,Î±,Î±-trifluoro-p-tolyl)-4-[(difluoromethyl)thio]-5-[(2-pyridylmethyl)amino]-1H-pyrazole-3-carbonitrile",MWMQNVGAHVXSPE-UHFFFAOYSA-N,insecticides (phenylpyrazole),C1=CC=NC(=C1)CNC2=C(C(=NN2C3=C(C=C(C=C3Cl)C(F)(F)F)Cl)C#N)SC(F)F
pyripropanol,2859-68-9,3-(2-pyridyl)propan-1-ol,FVZXYJDGVYLMDB-UHFFFAOYSA-N,plant growth regulators (growth stimulator),OCCCc1ccccn1
pyriproxyfen,95737-68-1,4-phenoxyphenyl (RS)-2-(2-pyridyloxy)propyl ether,NHDHVHZZCFYRSB-UHFFFAOYSA-N,insecticides (juvenile hormone mimic),CC(COc1ccc(Oc2ccccc2)cc1)Oc3ccccn3
pyrisoxazole,847749-37-5,"3-[(3R,5RS)-5-(4-chlorophenyl)-2,3-dimethylisoxazolidin-3-yl]pyridine",DHTJFQWHCVTNRY-OEMAIJDKSA-N,fungicides (pyridine),C[C@@]1(CC(ON1C)C2=CC=C(C=C2)Cl)C3=CN=CC=C3
pyrithiobac,123342-93-8,"2-chloro-6-[(4,6-dimethoxypyrimidin-2-yl)thio]benzoic acid",QEGVVEOAVNHRAA-UHFFFAOYSA-N,herbicides (pyrimidinyl benzoate),COC1=CC(=NC(=N1)SC2=C(C(=CC=C2)Cl)C(=O)O)OC
pyrolan,87-47-8,3-methyl-1-phenyl-1H-pyrazol-5-yl dimethylcarbamate,GEDIWDLJKRKBFT-UHFFFAOYSA-N,insecticides (dimethylcarbamate),CN(C)C(=O)Oc1cc(C)nn1c2ccccc2
pyroquilon,57369-32-1,"1,2,5,6-tetrahydropyrrolo[3,2,1-ij]quinolin-4-one",XRJLAOUDSILTFT-UHFFFAOYSA-N,fungicides (pyrroloquinolinone),O=C1CCc2cccc3CCN1c23
pyroxasulfone,447399-55-5,"[5-(difluoromethoxy)-1-methyl-3-(trifluoromethyl)-1H-pyrazol-4-yl]methyl 4,5-dihydro-5,5-dimethylisoxazol-3-yl sulfoneor3-({[5-(difluoromethoxy)-1-methyl-3-(trifluoromethyl)-1H-pyrazol-4-yl]methyl}sulfonyl)-4,5-dihydro-5,5-dimethylisoxazole",CASLETQIYIQFTQ-UHFFFAOYSA-N,herbicides (isoxazoline),CC1(CC(=NO1)S(=O)(=O)CC2=C(N(N=C2C(F)(F)F)C)OC(F)F)C
pyroxsulam,422556-08-9,"N-(5,7-dimethoxy[1,2,4]triazolo[1,5-a]pyrimidin-2-yl)-2-methoxy-4-(trifluoromethyl)pyridine-3-sulfonamide",GLBLPMUBLHYFCW-UHFFFAOYSA-N,herbicides (triazolopyrimidine),COC1=CC(=NC2=NC(=NN12)NS(=O)(=O)C3=C(C=CN=C3OC)C(F)(F)F)OC
pyroxychlor,7159-34-4,6-chloro-4-(trichloromethyl)-2-pyridyl methyl etheror2-chloro-6-methoxy-4-(trichloromethyl)pyridine,RPCKKUFLSMORHB-UHFFFAOYSA-N,fungicides (pyridine),COc1cc(cc(Cl)n1)C(Cl)(Cl)Cl
pyroxyfur,70166-48-2,6-chloro-4-(trichloromethyl)-2-pyridyl furan-2-ylmethyl ether1979 Rules:6-chloro-4-(trichloromethyl)-2-pyridyl furfuryl ether,OGBSAJWRIPNIER-UHFFFAOYSA-N,fungicides (pyridine),Clc1cc(cc(OCc2occc2)n1)C(Cl)(Cl)Cl
fluthiacet,149253-65-6,"[(2-chloro-4-fluoro-5-{[(EZ)-5,6,7,8-tetrahydro-3-oxo-1H,3H-[1,3,4]thiadiazolo[3,4-a]pyridazin-1-ylidene]amino}phenyl)thio]acetic acid",XWROTTLWMHCFEC-UHFFFAOYSA-N,herbicides (N-phenylimide),C1CCN2C(=O)SC(=NC3=CC(=C(C=C3F)Cl)SCC(=O)O)N2C1
saijunmao,62303-19-9,"Nâ²-(1,3-dithiolan-2-ylidene)benzohydrazideor2-benzoylhydrazono-1,3-dithiolane",SMPSKHUQMNCDEB-UHFFFAOYSA-N,bactericidesfungicides (hydrazide),O=C(NN=C1SCCS1)c2ccccc2
quassia,None,Failed,Failed,insecticides (botanical),Failed
quinacetol,2598-31-4,5-acetylquinolin-8-ol,HZTCLDNADGMACV-UHFFFAOYSA-N,fungicides (quinoline),CC(=O)c1ccc(O)c2ncccc12
quinalphos,13593-03-8,"O,O-diethyl O-quinoxalin-2-yl phosphorothioate",JYQUHIFYBATCCY-UHFFFAOYSA-N,acaricides (aryl organothiophosphate)insecticides (aryl organothiophosphate),CCO[P](=S)(OCC)Oc1cnc2ccccc2n1
quinalphos-methyl,13593-08-3,"O,O-dimethyl O-quinoxalin-2-yl phosphorothioate",RNGDKAQQWUYBAS-UHFFFAOYSA-N,insecticides (aryl organothiophosphate),CO[P](=S)(OC)Oc1cnc2ccccc2n1
quinaminoprole,2049581-78-2,N-(2-{[1-(4-chlorophenyl)-1H-pyrazol-3-yl]oxy}ethyl)quinazolin-4-amine,XZMCIUKVFDRUPM-UHFFFAOYSA-N,fungicides (unclassified),C1=CC=C2C(=C1)C(=NC=N2)NCCOC3=NN(C=C3)C4=CC=C(C=C4)Cl
quinazamid,61566-21-0,p-benzoquinone monosemicarbazone,LHTSTYXYPYWTHM-UHFFFAOYSA-N,fungicides (quinone),C1=CC(=O)C=CC1=NNC(=O)N
quinclorac,84087-01-4,"3,7-dichloroquinoline-8-carboxylic acid",FFSSWMQPCJRCRV-UHFFFAOYSA-N,herbicides (quinolinecarboxylic acid),OC(=O)c1c(Cl)ccc2cc(Cl)cnc12
quinconazole,103970-75-8,"3-(2,4-dichlorophenyl)-2-(1H-1,2,4-triazol-1-yl)quinazolin-4(3H)-one",OVFHHJZHXHZIHT-UHFFFAOYSA-N,fungicides (triazole),Clc1ccc(N2C(=O)c3ccccc3N=C2n4cncn4)c(Cl)c1
quinmerac,90717-03-6,7-chloro-3-methylquinoline-8-carboxylic acid,ALZOLUNSQWINIR-UHFFFAOYSA-N,herbicides (quinolinecarboxylic acid),Cc1cnc2c(ccc(Cl)c2C(O)=O)c1
quinoclamine,2797-51-5,"2-amino-3-chloro-1,4-naphthoquinone",OBLNWSCLAYSJJR-UHFFFAOYSA-N,algicidesherbicides (quinone),NC1=C(Cl)C(=O)c2ccccc2C1=O
quinofumelin,861647-84-9,"3-(4,4-difluoro-3,4-dihydro-3,3-dimethyl-1-isoquinolyl)quinoline",SWTPIYGGSMJRTB-UHFFFAOYSA-N,fungicides (quinoline),CC1(C(C2=CC=CC=C2C(=N1)C3=CC4=CC=CC=C4N=C3)(F)F)C
chinomethionat,2439-01-2,"6-methyl-1,3-dithiolo[4,5-b]quinoxalin-2-oneorS,S-(6-methylquinoxaline-2,3-diyl) dithiocarbonate",FBQQHUGEACOBDN-UHFFFAOYSA-N,acaricides (quinoxaline)fungicides (quinoxaline),Cc1ccc2nc3SC(=O)Sc3nc2c1
quinonamid,27541-88-4,"2,2-dichloro-N-(3-chloro-1,4-naphthoquinon-2-yl)acetamide",ZIEWAMOXCOLNSJ-UHFFFAOYSA-N,algicidesherbicides (dichloroacetamide),ClC(Cl)C(=O)NC1=C(Cl)C(=O)c2ccccc2C1=O
quinothion,22439-40-3,"O,O-diethyl O-(2-methyl-4-quinolyl) phosphorothioate",RVQMZGWUSHPUCC-UHFFFAOYSA-N,insecticides (aryl organothiophosphate),CCO[P](=S)(OCC)Oc1cc(C)nc2ccccc12
benquitrione,1639426-14-4,"3-(2,6-dimethylphenyl)-6-[(2-hydroxy-6-oxocyclohex-1-en-1-yl)carbonyl]-1-methylquinazoline-2,4(1H,3H)-dione1979 Rules:6-[(2-hydroxy-6-oxocyclohex-1-en-1-yl)carbonyl]-1-methyl-3-(2,6-xylyl)quinazoline-2,4(1H,3H)-dione",IFHRYUOSJUERAZ-UHFFFAOYSA-N,herbicides (triketone),Failed
quinoxyfen,124495-18-7,"5,7-dichloro-4-quinolyl 4-fluorophenyl ether",WRPIRSINYZBGPK-UHFFFAOYSA-N,fungicides (quinoline),Fc1ccc(Oc2ccnc3cc(Cl)cc(Cl)c23)cc1
quintiofos,1776-83-6,(RS)-(O-ethyl O-8-quinolyl phenylphosphonothioate),OYFLKNAULOKYRI-UHFFFAOYSA-N,acaricides (phosphonate),CCO[P](=S)(Oc1cccc2cccnc12)c3ccccc3
quintozene,82-68-8,pentachloronitrobenzene,LKPLKUMXSAEKID-UHFFFAOYSA-N,fungicides (aromatic),[O-][N+](=O)c1c(Cl)c(Cl)c(Cl)c(Cl)c1Cl
quintrione,130901-36-8,"2-[(3,7-dichloro-8-quinolyl)carbonyl]cyclohexane-1,3-dione",SZPMWKUJLQEAEL-UHFFFAOYSA-N,herbicides (triketone),C1CC(=O)C(C(=O)C1)C(=O)C2=C(C=CC3=CC(=CN=C32)Cl)Cl
quizalofop,76578-12-6,(2RS)-2-{4-[(6-chloroquinoxalin-2-yl)oxy]phenoxy}propanoic acid1979 Rules:(RS)-2-{4-[(6-chloroquinoxalin-2-yl)oxy]phenoxy}propionic acid,ABOOPXYCKNFDNJ-UHFFFAOYSA-N,herbicides (aryloxyphenoxypropionic),CC(Oc1ccc(Oc2cnc3cc(Cl)ccc3n2)cc1)C(O)=O
quizalofop-p,94051-08-8,(2R)-2-{4-[(6-chloroquinoxalin-2-yl)oxy]phenoxy}propanoic acid1979 Rules:(R)-2-{4-[(6-chloroquinoxalin-2-yl)oxy]phenoxy}propionic acid,ABOOPXYCKNFDNJ-SNVBAGLBSA-N,herbicides (aryloxyphenoxypropionic),C[C@@H](Oc1ccc(Oc2cnc3cc(Cl)ccc3n2)cc1)C(O)=O
quyingding,136-45-8,"dipropyl pyridine-2,5-dicarboxylateordi-n-propyl isocinchomeronate",IITCWRFYJWUUPC-UHFFFAOYSA-N,insect repellents,CCCOC(=O)c1ccc(nc1)C(=O)OCCC
rabenzazole,40341-04-6,"2-(3,5-dimethyl-1H-pyrazol-1-yl)-1H-benzimidazole",RUGYNGIMTAFTLP-UHFFFAOYSA-N,fungicides (benzimidazole),Cc1cc(C)n(n1)c2[nH]c3ccccc3n2
rafoxanide,22662-39-1,"3â²-chloro-4â²-(4-chlorophenoxy)-2-hydroxy-3,5-diiodobenzanilide1979 Rules:3â²-chloro-4â²-(4-chlorophenoxy)-3,5-diiodosalicylanilide",NEMNPWINWMHUMR-UHFFFAOYSA-N,insecticides (unclassified),Oc1c(I)cc(I)cc1C(=O)Nc2ccc(Oc3ccc(Cl)cc3)c(Cl)c2
diniconazole-m,83657-18-5,"(E)-(R)-1-(2,4-dichlorophenyl)-4,4-dimethyl-2-(1H-1,2,4-triazol-1-yl)pent-1-en-3-ol",FBOUIAKEJMZPQG-BLXFFLACSA-N,fungicides (triazole),CC(C)(C)[C@@H](O)\C(=C/c1ccc(Cl)cc1Cl)n2cncn2
rebemide,1696-17-9,"N,N-diethylbenzamide",JLNGEXDJAQASHD-UHFFFAOYSA-N,insect repellents,CCN(CC)C(=O)c1ccccc1
diquat,2764-72-9,"9,10-dihydro-8a,10a-diazoniaphenanthreneor6,7-dihydrodipyrido[1,2-a:2â²,1â²-c]pyrazine-5,8-diiumor1,1â²-ethylene-2,2â²-bipyridyldiylium",SYJFEGQWDCRVNX-UHFFFAOYSA-N,herbicides (quaternary ammonium),C1C[n+]2ccccc2c3cccc[n+]13
renofluthrin,352271-52-4,"2,3,5,6-tetrafluoro-4-(methoxymethyl)benzyl (1RS,3RS;1RS,3SR)-3-(2,2-dichlorovinyl)-2,2-dimethylcyclopropanecarboxylate",MWFQAAWRPDRKDG-UHFFFAOYSA-N,insecticides (pyrethroid),CC1(C(C1C(=O)OCC2=C(C(=C(C(=C2F)F)COC)F)F)C=C(Cl)Cl)C
rimsulfuron,122931-48-0,"N-[(4,6-dimethoxypyrimidin-2-yl)carbamoyl]-3-(ethylsulfonyl)pyridine-2-sulfonamide1979 Rules:1-(4,6-dimethoxypyrimidin-2-yl)-3-{[3-(ethylsulfonyl)-2-pyridyl]sulfonyl}urea",MEFOUWRMVYJCQC-UHFFFAOYSA-N,herbicides (pyrimidinylsulfonylurea),CC[S](=O)(=O)c1cccnc1[S](=O)(=O)NC(=O)Nc2nc(OC)cc(OC)n2
rescalure,64309-03-1,"mixture of 55â45% (3S,6R)-6-isopropenyl-3-methyldec-9-en-1-yl acetate and 45â55% (3S,6S)-6-isopropenyl-3-methyldec-9-en-1-yl acetate1979 Rules:mixture of 55â45% (3S,6R)-6-isopropenyl-3-methyldec-9-enyl acetate and 45â55% (3S,6S)-6-isopropenyl-3-methyldec-9-enyl acetate",UJJKWQRTTYLTQL-LBAUFKAWSA-N,insect attractants (Homopteran),C[C@@H](CCC(CCC=C)C(=C)C)CCOC(=O)C
resmethrin,10453-86-8,"(5-benzyl-3-furyl)methyl (1RS,3RS;1RS,3SR)-2,2-dimethyl-3-(2-methylprop-1-enyl)cyclopropanecarboxylatepre-1969 name:(5-benzyl-3-furyl)methyl (Â±)-cis-trans-chrysanthemate",VEMKTZHHVJILDY-UHFFFAOYSA-N,insecticides (pyrethroid),CC(C)=CC1C(C(=O)OCc2coc(Cc3ccccc3)c2)C1(C)C
bioresmethrin,28434-01-7,"(5-benzyl-3-furyl)methyl (1R,3R)-2,2-dimethyl-3-(2-methylprop-1-enyl)cyclopropanecarboxylateRothamsted-style stereodescriptors:(5-benzyl-3-furyl)methyl (1R)-trans-2,2-dimethyl-3-(2-methylprop-1-enyl)cyclopropanecarboxylatepre-1969 name:(5-benzyl-3-furyl)methyl (+)-trans-chrysanthemate",VEMKTZHHVJILDY-UXHICEINSA-N,insecticides (pyrethroid),CC(C)=CC1C(C(=O)OCc2coc(Cc3ccccc3)c2)C1(C)C
rhodethanil,3703-46-6,3-chloro-4-(ethylamino)phenyl thiocyanate,CKQWRBAKADMREL-UHFFFAOYSA-N,herbicides (unclassified),CCNC1=C(C=C(C=C1)SC#N)Cl
rhodojaponin-iii,26342-66-5,"(2Î²,3Î²,6Î²,14R)-2,3-epoxygrayanotoxane-5,6,10,14,16-pentol",VUMZHZYKXUYIHM-GLHQSWFFSA-N,insecticides (botanical),C[C@@]1(O)C[C@@]23C[C@@H](O)[C@@]4(O)[C@@H]([C@@H]5O[C@@H]5C4(C)C)[C@](C)(O)[C@@H]2CCC1[C@@H]3O
rimisoxafen,1801862-02-1,3-chloro-2-[3-(difluoromethyl)isoxazol-5-yl]phenyl 5-chloropyrimidin-2-yl ether,SOZRVJLJEGLPGH-UHFFFAOYSA-N,herbicides (unclassified),C1=CC(=C(C(=C1)Cl)C2=CC(=NO2)C(F)F)OC3=NC=C(C=N3)Cl
rimsulfuron,122931-48-0,"N-[(4,6-dimethoxypyrimidin-2-yl)carbamoyl]-3-(ethylsulfonyl)pyridine-2-sulfonamide1979 Rules:1-(4,6-dimethoxypyrimidin-2-yl)-3-{[3-(ethylsulfonyl)-2-pyridyl]sulfonyl}urea",MEFOUWRMVYJCQC-UHFFFAOYSA-N,herbicides (pyrimidinylsulfonylurea),CC[S](=O)(=O)c1cccnc1[S](=O)(=O)NC(=O)Nc2nc(OC)cc(OC)n2
flufiprole,704886-18-0,"1-[2,6-dichloro-4-(trifluoromethyl)phenyl]-5-[(2-methylprop-2-en-1-yl)amino]-4-[(trifluoromethyl)sulfinyl]-1H-pyrazole-3-carbonitrile1979 Rules:1-(2,6-dichloro-Î±,Î±,Î±-trifluoro-p-tolyl)-5-[(2-methylallyl)amino]-4-[(trifluoromethyl)sulfinyl]-1H-pyrazole-3-carbonitrile",HVQHXBNMBZJPLK-UHFFFAOYSA-N,insecticides (phenylpyrazole),CC(=C)CNC1=C(C(=NN1C2=C(C=C(C=C2Cl)C(F)(F)F)Cl)C#N)S(=O)C(F)(F)F
metalaxyl-m,70630-17-0,"methyl N-(2,6-dimethylphenyl)-N-(methoxyacetyl)-D-alaninate1979 Rules:methyl N-(methoxyacetyl)-N-2,6-xylyl-D-alaninate",ZQEIXNIJLIKNTD-GFCCVEGCSA-N,fungicides (acylalanine),CC1=C(C(=CC=C1)C)N([C@H](C)C(=O)OC)C(=O)COC
rhodethanil,3703-46-6,3-chloro-4-(ethylamino)phenyl thiocyanate,CKQWRBAKADMREL-UHFFFAOYSA-N,herbicides (unclassified),CCNC1=C(C=C(C=C1)SC#N)Cl
fenchlorphos,299-84-3,"O,O-dimethyl O-(2,4,5-trichlorophenyl) phosphorothioate",JHJOOSLFWRRSGU-UHFFFAOYSA-N,insecticides (phenyl organothiophosphate),CO[P](=S)(OC)Oc1cc(Cl)c(Cl)cc1Cl
rotenone,83-79-4,"(2R,6aS,12aS)-1,2,6,6a,12,12a-hexahydro-2-isopropenyl-8,9-dimethoxychromeno[3,4-b]furo[2,3-h]chromen-6-one",JUVIOZPCNVVQFO-HBGVWJBISA-N,insecticides (botanical),COc1cc2OC[C@H]3Oc4c5C[C@@H](Oc5ccc4C(=O)[C@H]3c2cc1OC)C(C)=C
ryania,8047-13-0,Failed,Failed,insecticides (alkaloid),CC(C)[C@@]1(O)[C@@H](OC(=O)c2[nH]ccc2)[C@@]3(O)[C@@]4(C)CC5(O)O[C@@]6([C@H](O)[C@@H](C)CC[C@]46O)[C@@]3(O)C15C
ryanodine,15662-33-6,"(3S,4R,4aR,6S,6aS,7S,8R,8aS,8bR,9S,9aS)-4,6,7,8a,8b,9a-hexahydroxy-3,6a,9-trimethyl-7-(propan-2-yl)dodecahydro-6,9-methanobenzo[1,2]pentaleno[1,6-bc]furan-8-yl 1H-pyrrole-2-carboxylate",JJSYXNQGLHBRRK-YSOSZROBSA-N,insecticides (alkaloid),CC(C)[C@@]1(O)[C@@H](OC(=O)c2[nH]ccc2)[C@@]3(O)[C@@]4(C)C[C@]5(O)O[C@@]6([C@H](O)[C@@H](C)CC[C@]46O)[C@@]3(O)[C@]15C
sabadilla,8051-02-3,Failed,Failed,insecticides (alkaloid),C/C=C(/C)C(=O)O[C@H]1CC[C@@]2(C)[C@@H]3CC[C@H]4[C@]5(O)C[C@H](O)[C@@]6(O)[C@@H](CN7C[C@@H](C)CC[C@H]7[C@@]6(C)O)[C@]5(O)C[C@]24O[C@]13O
saflufenacil,372137-35-4,"2-chloro-4-fluoro-N-[isopropyl(methyl)sulfamoyl]-5-[3-methyl-2,6-dioxo-4-(trifluoromethyl)-3,6-dihydropyrimidin-1(2H)-yl]benzamide1979 Rules:Nâ²-{2-chloro-5-[3,6-dihydro-3-methyl-2,6-dioxo-4-(trifluoromethyl)pyrimidin-1(2H)-yl]-4-fluorobenzoyl}-N-isopropyl-N-methylsulfamide",GNHDVXLWBQYPJE-UHFFFAOYSA-N,herbicides (N-phenylimide),CC(C)N(C)S(=O)(=O)NC(=O)C1=CC(=C(C=C1Cl)F)N2C(=O)C=C(N(C2=O)C)C(F)(F)F
saijunmao,62303-19-9,"Nâ²-(1,3-dithiolan-2-ylidene)benzohydrazideor2-benzoylhydrazono-1,3-dithiolane",SMPSKHUQMNCDEB-UHFFFAOYSA-N,bactericidesfungicides (hydrazide),O=C(NN=C1SCCS1)c2ccccc2
derivatives/saisentong,None,"copper(2+) 5,5â²-(methylenediimino)bis(1,3,4-thiadiazole-2-thiolate)",KREMDFWHXPNVQL-UHFFFAOYSA-L,"bactericidesfungicides (copper; 1,3,4-thiadiazole)",C(NC1=NN=C(S1)[S-])NC2=NN=C(S2)[S-].[Cu+2]
salicylanilide,87-17-2,2-hydroxybenzanilide1979 Rules:salicylanilide,WKEDVNSFRWHDNR-UHFFFAOYSA-N,fungicides (phenylbenzamide),Oc1ccccc1C(=O)Nc2ccccc2
silafluofen,105024-66-6,(4-ethoxyphenyl)[3-(4-fluoro-3-phenoxyphenyl)propyl]dimethylsilane,HPYNBECUCCGGPA-UHFFFAOYSA-N,insecticides (pyrethroid ether),CCOc1ccc(cc1)[Si](C)(C)CCCc2ccc(F)c(Oc3ccccc3)c2
sanguinarine,2447-54-3,"13-methyl[1,3]benzodioxolo[5,6-c]-1,3-dioxolo[4,5-i]phenanthridin-13-ium",INVGWHRKADIJHF-UHFFFAOYSA-N,acaricides (alkaloid)fungicides (alkaloid)insecticides (alkaloid),C[n+]1cc2c3OCOc3ccc2c4ccc5cc6OCOc6cc5c14.[O-][N+]([O-])=O
santonin,481-06-1,"(3S,3aS,5aS,9bS)-3a,5,5a,9b-tetrahydro-3,5a,9-trimethylnaphtho[1,2-b]furan-2,8(3H,4H)-dione",XJHDMGJURBVLLE-BOCCBSBMSA-N,fungicides (botanical),C[C@H]1[C@@H]2CC[C@@]3(C)C=CC(=O)C(=C3[C@H]2OC1=O)C
sarolaner,1398609-39-6,"({5â²-[(5S)-5-(3,5-dichloro-4-fluorophenyl)-4,5-dihydro-5-(trifluoromethyl)isoxazol-3-yl]-1H,3â²H-spiro[azetidine-3,1â²-[2]benzofuran]-1-yl}carbonyl)methyl methyl sulfone",FLEFKKUZMDEUIP-QFIPXVFZSA-N,acaricides (isoxazoline)insecticides (isoxazoline),CS(=O)(=O)CC(=O)N1CC2(C1)C3=C(CO2)C=C(C=C3)C4=NO[C@@](C4)(C5=CC(=C(C(=C5)Cl)F)Cl)C(F)(F)F
esdepallethrine,28434-00-6,"(S)-3-allyl-2-methyl-4-oxocyclopent-2-enyl (1R,3R)-2,2-dimethyl-3-(2-methylprop-1-enyl)cyclopropanecarboxylateRothamsted-style stereodescriptors:(S)-3-allyl-2-methyl-4-oxocyclopent-2-enyl (1R)-trans-2,2-dimethyl-3-(2-methylprop-1-enyl)cyclopropanecarboxylate",ZCVAOQKBXKSDMS-PVAVHDDUSA-N,insecticides (pyrethroid),CC(C)=CC1C(C(=O)OC2CC(=O)C(=C2C)CC=C)C1(C)C
schradan,152-16-9,octamethylpyrophosphoric tetraamide,SZKKRCSOSQAJDE-UHFFFAOYSA-N,acaricides (phosphorodiamide)insecticides (phosphorodiamide),CN(C)[P](=O)(O[P](=O)(N(C)C)N(C)C)N(C)C
scilliroside,507-60-8,"3Î²-(Î²-D-glucopyranosyloxy)-17Î²-(2-oxo-2H-pyran-5-yl)-14Î²-androst-4-ene-6Î²,8,14-triol 6-acetate",LSMIOFMZNVEEBR-ICLSSMQGSA-N,rodenticides (botanical),CC(=O)OC1CC2(O)C(CCC3(C)C(CCC23O)C4=COC(=O)C=C4)C5(C)CCC(OC6OC(CO)C(O)C(O)C6O)C=C15
seboctylamine,57413-95-3,N1-octyl-N2-[2-(octylamino)ethyl]ethylenediamine1979 Rules:N-octyl-Nâ²-[2-(octylamino)ethyl]ethylenediamineordioctyldiethylenetriamine,OXWFFWJKUNMMSO-UHFFFAOYSA-N,bactericidesfungicides (aliphatic nitrogen)virucides,CCCCCCCCNCCNCCNCCCCCCCC
sebuthylazine,7286-69-3,"6-chloro-N2-ethyl-N4-[(1RS)-1-methylpropyl]-1,3,5-triazine-2,4-diamine1979 Rules:(RS)-N2-sec-butyl-6-chloro-N4-ethyl-1,3,5-triazine-2,4-diamine",BZRUVKZGXNSXMB-UHFFFAOYSA-N,herbicides (chlorotriazine),CCNc1nc(Cl)nc(NC(C)CC)n1
secbumeton,26259-45-0,"N2-ethyl-6-methoxy-N4-[(1RS)-1-methylpropyl]-1,3,5-triazine-2,4-diamine1979 Rules:(RS)-N2-sec-butyl-N4-ethyl-6-methoxy-1,3,5-triazine-2,4-diamine",ZJMZZNVGNSWOOM-UHFFFAOYSA-N,herbicides (methoxytriazine),CCNc1nc(NC(C)CC)nc(OC)n1
sedaxane,874967-67-6,"mixture comprised of 80â100% 2â²-[(1RS,2SR)-1,1â²-bicycloprop-2-yl]-3-(difluoromethyl)-1-methyl-1H-pyrazole-4-carboxanilide and 20â0% of the (1RS,2RS)-isomers",XQJQCBDIXRIYRP-UHFFFAOYSA-N,fungicides (pyrazolecarboxamide),CN1C=C(C(=N1)C(F)F)C(=O)NC2=CC=CC=C2C3CC3C4CC4
selamectin,165108-07-6,"extended von Baeyer nomenclature: (10E,14E,16E,21Z)-(1R,4S,5â²S,6R,6â²S,8R,12S,13S,20R,21R,24S)-6â²-cyclohexyl-24-hydroxy-21-(hydroxyimino)-5â²,11,13,22-tetramethyl-2-oxo-(3,7,19-trioxatetracyclo[15.6.1.14,8.020,24]pentacosa-10,14,16,22-tetraene)-6-spiro-2â²-(tetrahydropyran)-12-yl 2,6-dideoxy-3-O-methyl-Î±-L-arabino-hexopyranosideorbridged fused ring systems nomenclature: (2aE,4E,8E,20Z)-(5â²S,6S,6â²S,7S,11R,13R,15S,17aR,20aR,20bS)-6â²-cyclohexyl-3â²,4â²,5â²,6,6â²,7,10,11,14,15,17a,20,20a,20b-tetradecahydro-20b-hydroxy-20-(hydroxyimino)-5â²,6,8,19-tetramethyl-17-oxospiro[11,15-methano-2H,13H,17H-furo[4,3,2-pq][2,6]benzodioxacyclooctadecin-13,2â²-[2H]pyran]-7-yl 2,6-dideoxy-3-O-methyl-Î±-L-arabino-hexopyranoside",AFJYYKSVHJGXSN-XHKIUTQPSA-N,acaricides (avermectin)insecticides (avermectin),CO[C@H]1C[C@@H](O[C@@H](C)[C@@H]1O)O[C@H]\2[C@@H](C)/C=C/C=C/3CO[C@@H]4\C(=N/O)C(=C[C@@H](C(=O)O[C@H]5C[C@@H](C/C=C2C)O[C@@]6(CC[C@H](C)[C@H](O6)C7CCCCC7)C5)[C@]34O)C
semiamitraz,33089-74-6,"(EZ)-N-(2,4-dimethylphenyl)-Nâ²-methylformimidamide1979 Rules:(EZ)-N1-methyl-N2-(2,4-xylyl)formamidine",JIIOLEGNERQDIP-UHFFFAOYSA-N,acaricides (formamidine)insecticides (formamidine),[H+].[Cl-].CN=CNc1ccc(C)cc1C
sesamex,51-14-9,"(RS)-5-{1-[2-(2-ethoxyethoxy)ethoxy]ethoxy}-1,3-benzodioxole",WABPPBHOPMUJHV-UHFFFAOYSA-N,synergists,CCOCCOCCOC(C)Oc1ccc2OCOc2c1
sesamolin,526-07-8,"1,3-benzodioxol-5-yl (1R,3aR,4S,6aR)-4-(1,3-benzodioxol-5-yl)perhydrofuro[3,4-c]furan-1-yl ether",ZZMNWJVJUKMZJY-AFHBHXEDSA-N,synergists,C1Oc2ccc(O[C@H]3OC[C@H]4[C@@H]3CO[C@@H]4c5ccc6OCOc6c5)cc2O1
disul,149-26-8,"2-(2,4-dichlorophenoxy)ethyl hydrogen sulfate",HJEINPVZRDJRBY-UHFFFAOYSA-N,herbicides (phenoxyacetic),O[S](=O)(=O)OCCOc1ccc(Cl)cc1Cl
sethoxydim,74051-80-2,(5RS)-2-[(EZ)-1-(ethoxyimino)butyl]-5-[(2RS)-2-(ethylthio)propyl]-3-hydroxycyclohex-2-en-1-one,CSPPKDPQLUUTND-UHFFFAOYSA-N,herbicides (cyclohexanedione oxime),CCCC(=NOCC)C1=C(CC(CC1=O)CC(C)SCC)O
carbaryl,63-25-2,1-naphthyl methylcarbamate,CVXBEEMKQHEXEN-UHFFFAOYSA-N,acaricides (carbamate)insecticides (carbamate)plant growth regulators (growth inhibitor),CNC(=O)Oc1cccc2ccccc12
hydroprene,41096-46-2,"ethyl (E,E)-(RS)-3,7,11-trimethyldodeca-2,4-dienoate",FYQGBXGJFWXIPP-UEVLXMDPSA-N,insecticides (juvenile hormone mimic),CCOC(=O)\C=C(C)\C=C\CC(C)CCCC(C)C
shuangjiaancaolin,189517-75-7,"(RS)-[O-(2,4-dimethyl-6-nitrophenyl) O-methyl isopropylphosphoramidothioate]1979 Rules:(RS)-[O-methyl O-(6-nitro-2,4-xylyl) isopropylphosphoramidothioate]",QXOWNODTTYTHNV-UHFFFAOYSA-N,herbicides (phosphoramidate),CC1=CC(=C(C(=C1)[N+](=O)[O-])OP(=S)(NC(C)C)OC)C
shuangjiaancaolin,189517-75-7,"(RS)-[O-(2,4-dimethyl-6-nitrophenyl) O-methyl isopropylphosphoramidothioate]1979 Rules:(RS)-[O-methyl O-(6-nitro-2,4-xylyl) isopropylphosphoramidothioate]",QXOWNODTTYTHNV-UHFFFAOYSA-N,herbicides (phosphoramidate),CC1=CC(=C(C(=C1)[N+](=O)[O-])OP(=S)(NC(C)C)OC)C
siduron,1982-49-6,1-(2-methylcyclohexyl)-3-phenylurea,JXVIIQLNUPXOII-UHFFFAOYSA-N,herbicides (phenylurea),CC1CCCCC1NC(=O)Nc2ccccc2
tetramethylfluthrin,84937-88-2,"2,3,5,6-tetrafluoro-4-(methoxymethyl)benzyl 2,2,3,3-tetramethylcyclopropanecarboxylate",APEPLROGLDYWBS-UHFFFAOYSA-N,insecticides (pyrethroid),CC1(C(C1(C)C)C(=O)OCC2=C(C(=C(C(=C2F)F)COC)F)F)C
siglure,2425-20-9,"(RS)-sec-butyl (1RS,6RS;1RS,6SR)-6-methylcyclohex-3-ene-1-carboxylate",AJKDXAOKNSFWAA-UHFFFAOYSA-N,insect attractants (Dipteran),CCC(C)OC(=O)C1CC=CCC1C
silafluofen,105024-66-6,(4-ethoxyphenyl)[3-(4-fluoro-3-phenoxyphenyl)propyl]dimethylsilane,HPYNBECUCCGGPA-UHFFFAOYSA-N,insecticides (pyrethroid ether),CCOc1ccc(cc1)[Si](C)(C)CCCc2ccc(F)c(Oc3ccccc3)c2
silatrane,29025-67-0,"1-(4-chlorophenyl)-2,8,9-trioxa-5-aza-1-silabicyclo[3.3.3]undecane",IKFVTMCLFHXPQF-UHFFFAOYSA-N,rodenticides (unclassified),Clc1ccc(cc1)[Si]23OCCN(CCO2)CCO3
silica%20gel,7631-86-9,dioxosilane,VYPSYNLAJGMNEJ-UHFFFAOYSA-N,insecticides (inorganic),O=[Si]=O
silica%20gel,7631-86-9,dioxosilane,VYPSYNLAJGMNEJ-UHFFFAOYSA-N,insecticides (inorganic),O=[Si]=O
silthiofam,175217-20-6,"N-allyl-4,5-dimethyl-2-(trimethylsilyl)thiophene-3-carboxamide",MXMXHPPIGKYTAR-UHFFFAOYSA-N,fungicides (thiophenecarboxamide),CC1=C(SC(=C1C(=O)NCC=C)[Si](C)(C)C)C
silthiofam,175217-20-6,"N-allyl-4,5-dimethyl-2-(trimethylsilyl)thiophene-3-carboxamide",MXMXHPPIGKYTAR-UHFFFAOYSA-N,fungicides (thiophenecarboxamide),CC1=C(SC(=C1C(=O)NCC=C)[Si](C)(C)C)C
silthiofam,175217-20-6,"N-allyl-4,5-dimethyl-2-(trimethylsilyl)thiophene-3-carboxamide",MXMXHPPIGKYTAR-UHFFFAOYSA-N,fungicides (thiophenecarboxamide),CC1=C(SC(=C1C(=O)NCC=C)[Si](C)(C)C)C
fenoprop,93-72-1,"(2RS)-2-(2,4,5-trichlorophenoxy)propanoic acid1979 Rules:(RS)-2-(2,4,5-trichlorophenoxy)propionic acid",ZLSWBLPERHFHIS-UHFFFAOYSA-N,herbicides (phenoxypropionic)plant growth regulators (auxin),CC(Oc1cc(Cl)c(Cl)cc1Cl)C(O)=O
simazine,122-34-9,"6-chloro-N2,N4-diethyl-1,3,5-triazine-2,4-diamine",ODCWYMIRDDJXKW-UHFFFAOYSA-N,algicidesherbicides (chlorotriazine),CCNc1nc(Cl)nc(NCC)n1
simeconazole,149508-90-7,"(RS)-2-(4-fluorophenyl)-1-(1H-1,2,4-triazol-1-yl)-3-(trimethylsilyl)propan-2-ol",YABFPHSQTSFWQB-UHFFFAOYSA-N,fungicides (triazole),C[Si](C)(C)CC(CN1C=NC=N1)(C2=CC=C(C=C2)F)O
simeton,673-04-1,"N2,N4-diethyl-6-methoxy-1,3,5-triazine-2,4-diamine",HKAMKLBXTLTVCN-UHFFFAOYSA-N,herbicides (methoxytriazine),CCNc1nc(NCC)nc(OC)n1
simetryn,1014-70-6,"N2,N4-diethyl-6-(methylthio)-1,3,5-triazine-2,4-diamine",MGLWZSOBALDPEK-UHFFFAOYSA-N,herbicides (alkylthiotriazine),CCNc1nc(NCC)nc(SC)n1
simetryn,1014-70-6,"N2,N4-diethyl-6-(methylthio)-1,3,5-triazine-2,4-diamine",MGLWZSOBALDPEK-UHFFFAOYSA-N,herbicides (alkylthiotriazine),CCNc1nc(NCC)nc(SC)n1
sintofen,130561-48-7,"1-(4-chlorophenyl)-1,4-dihydro-5-(2-methoxyethoxy)-4-oxocinnoline-3-carboxylic acid",QLMNCUHSDAGQGT-UHFFFAOYSA-N,plant growth regulators (gametocide),COCCOC1=CC=CC2=C1C(=O)C(=NN2C3=CC=C(C=C3)Cl)C(=O)O
kinoprene,42588-37-4,"prop-2-ynyl (E,E)-(RS)-3,7,11-trimethyldodeca-2,4-dienoate",FZRBKIRIBLNOAM-WHVZTFIZSA-N,insecticides (juvenile hormone mimic),CC(C)CCCC(C)C\C=C\C(C)=C\C(=O)OCC#C
hydrated%20lime,1305-62-0,calcium hydroxide,AXCZMVOFGPJBDE-UHFFFAOYSA-L,algicides,[OH-].[OH-].[Ca++]
derivatives/sodium%20chloroacetate,3926-62-3,sodium chloroacetate,FDRCDNZGSXJAFP-UHFFFAOYSA-M,herbicides (halogenated alkanoic acid),[Na+].[O-]C(=O)CCl
methoprene,40596-69-8,"isopropyl (E,E)-(RS)-11-methoxy-3,7,11-trimethyldodeca-2,4-dienoate",NFGXHKASABOEEW-LDRANXPESA-N,insecticides (juvenile hormone mimic),COC(C)(C)CCCC(C)C\C=C\C(C)=C\C(=O)OC(C)C
s-metolachlor,87392-12-9,reaction mixture of 80â100% 2-chloro-2â²-ethyl-N-[(1S)-2-methoxy-1-methylethyl]-6â²-methylacetanilide and 20â0% 2-chloro-2â²-ethyl-N-[(1R)-2-methoxy-1-methylethyl]-6â²-methylacetanilide,major component (S)-isomer:WVQBLGZPHOPPFO-LBPRGKRZSA-Nminor component (R)-isomer:WVQBLGZPHOPPFO-GFCCVEGCSA-N,herbicides (chloroacetamide),Failed
sodium%20arsenite,7784-46-5,sodium arseniteorsodium metaarsenite,PTLRDCMBXHILCL-UHFFFAOYSA-M,herbicides (arsenical)insecticides (arsenical)rodenticides (arsenical),[Na+].[O-][As]=O
sodium%20azide,26628-22-8,sodium azide,PXIPVTKHYLBLMZ-UHFFFAOYSA-N,fungicides (inorganic)herbicides (inorganic),[Na+].[N-]=[N+]=[N-]
sodium%20chlorate,7775-09-9,sodium chlorate,YZHUMGUJCQRKBT-UHFFFAOYSA-M,herbicides (inorganic),[Na+].[O-][Cl](=O)=O
derivatives/sodium%20chloroacetate,3926-62-3,sodium chloroacetate,FDRCDNZGSXJAFP-UHFFFAOYSA-M,herbicides (halogenated alkanoic acid),[Na+].[O-]C(=O)CCl
sodium%20cyanide,143-33-9,sodium cyanide,MNWBNISUBARLIT-UHFFFAOYSA-N,insecticides (fumigant)rodenticides (fumigant),[Na+].[C-]#N
sodium%20fluoride,7681-49-4,sodium fluoride,PUZPDOWCWNUUKD-UHFFFAOYSA-M,insecticides (fluoride),[F-].[Na+]
sodium%20fluoroacetate,62-74-8,sodium fluoroacetate,JGFYQVQAXANWJU-UHFFFAOYSA-M,rodenticides (halogenated alkanoic acid),[Na+].[O-]C(=O)CF
sodium%20silicofluoride,16893-85-9,disodium hexafluorosilicate(2â),TWGUZEUZLCYTCG-UHFFFAOYSA-N,insecticides (fluoride),[Na+].[Na+].F[Si--](F)(F)(F)(F)F
sodium%20naphthenate,None,sodium naphthenate,Failed,plant growth regulators (auxin),Failed
sodium%20polysulfide,1344-08-7,sodium polysulfide,Failed,fungicides (polysulfide),[Na+].S
sodium%20silicofluoride,16893-85-9,disodium hexafluorosilicate(2â),TWGUZEUZLCYTCG-UHFFFAOYSA-N,insecticides (fluoride),[Na+].[Na+].F[Si--](F)(F)(F)(F)F
borax,1303-96-4,disodium tetraborate decahydrate,CDMADVZSLOHIFP-UHFFFAOYSA-N,herbicides (inorganic)insecticides (inorganic),O.O.O.O.O.O.O.O.O.O.[Na+].[Na+].[O-]B(OB=O)OB([O-])OB=O
sodium%20tetrathiocarbonate,7345-69-9,sodium tetrathio(peroxycarbonate),HZBLLTXMVMMHRJ-UHFFFAOYSA-L,fungicides (thiocarbonate)insecticides (thiocarbonate)nematicides (thiocarbonate),[Na+].[Na+].[S-]SC([S-])=S
sodium%20thiocyanate,540-72-7,sodium thiocyanate,VGTPCRGMBIAPIM-UHFFFAOYSA-M,insecticides (inorganic),[Na+].[S-]C#N
pentanochlor,2307-68-8,"(2RS)-3â²-chloro-2,4â²-dimethylpentananilide1979 Rules:(RS)-3â²-chloro-2,4â²-dimethylvaleranilide",WGVWLKXZBUVUAM-UHFFFAOYSA-N,herbicides (anilide),CCCC(C)C(=O)Nc1ccc(C)c(Cl)c1
sophamide,37032-15-8,"S-{2-[(methoxymethyl)amino]-2-oxoethyl} O,O-dimethyl phosphorodithioate1979 Rules:S-{[(methoxymethyl)carbamoyl]methyl} O,O-dimethyl phosphorodithioate",FCUBTKFQDYNIIC-UHFFFAOYSA-N,acaricides (aliphatic amide organothiophosphate)insecticides (aliphatic amide organothiophosphate),COCNC(=O)CS[P](=S)(OC)OC
spidoxamat,907187-07-9,"11-(4-chloro-2,6-dimethylphenyl)-12-hydroxy-1,4-dioxa-9-azadispiro[4.2.48.25]tetradec-11-en-10-one1979 Rules:11-(4-chloro-2,6-xylyl)-12-hydroxy-1,4-dioxa-9-azadispiro[4.2.4.2]tetradec-11-en-10-one",CMURKFSRGAWINZ-UHFFFAOYSA-N,insecticides (tetramic acid),CC1=CC(=CC(=C1C2=C(C3(CCC4(CC3)OCCO4)NC2=O)O)C)Cl
spinetoram,935545-74-7,"bridged fused ring systems nomenclature:mixture of 50â90% 3'-O-ethyl 5,6-dihydro spinosyn J: (2R,3aR,5aR,5bS,9S,13S,14R,16aS,16bR)-2-[(6-deoxy-3-O-ethyl-2,4-di-O-methyl-Î±-L-mannopyranosyl)oxy]-13-{[(2R,5S,6R)-5-(dimethylamino)tetrahydro-6-methylpyran-2-yl]oxy}-9-ethyl-2,3,3a,4,5,5a,5b,6,9,10,11,12,13,14,16a,16b-hexadecahydro-14-methyl-1H-as-indaceno[3,2-d]oxacyclododecine-7,15-dioneand 50â10% 3'-O-ethyl spinosyn L: :(2S,3aR,5aS,5bS,9S,13S,14R,16aS,16bS)-2-[(6-deoxy-3-O-ethyl-2,4-di-O-methyl-Î±-L-mannopyranosyl)oxy]-13-{[(2R,5S,6R)-5-(dimethylamino)tetrahydro-6-methylpyran-2-yl]oxy}-9-ethyl-2,3,3a,5a,5b,6,9,10,11,12,13,14,16a,16b-tetradecahydro-4,14-dimethyl-1H-as-indaceno[3,2-d]oxacyclododecine-7,15-dioneorextended von Baeyer nomenclature:mixture of 50â90% 3'-O-ethyl 5,6-dihydro spinosyn J: (1S,2R,5R,7R,9R,10S,14R,15S,19S)-7-[(6-deoxy-3-O-ethyl-2,4-di-O-methyl-Î±-L-mannopyranosyl)oxy]-15-{[(2R,5S,6R)-5-(dimethylamino)tetrahydro-6-methylpyran-2-yl]oxy}-19-ethyl-14-methyl-20-oxatetracyclo[10.10.0.02,10.05,9]docos-11-ene-13,21-dioneand 50â10% 3'-O-ethyl spinosyn L: (1S,2S,5R,7S,9S,10S,14R,15S,19S)-7-[(6-deoxy-3-O-ethyl-2,4-di-O-methyl-Î±-L-mannopyranosyl)oxy]-15-{[(2R,5S,6R)-5-(dimethylamino)tetrahydro-6-methylpyran-2-yl]oxy}-19-ethyl-4,14-dimethyl-20-oxatetracyclo[10.10.0.02,10.05,9]docosa-3,11-diene-13,21-dione","major component 3'-O<-ethyl 5,6-dihydro spinosyn J:GOENIMGKWNZVDA-RWGFPKGXSA-Nminor component 3'-O-ethyl spinosyn L:KWVYSEWJJXXTEZ-GDMNSMANSA-N",insecticides (spinosyn),Failed
spinosad,168316-95-8,"mixture of 50â95% spinosyn A: (2R,3aS,5aR,5bS,9S,13S,14R,16aS,16bR)-2-[(6-deoxy-2,3,4-tri-O-methyl-Î±-L-mannopyranosyl)oxy]-13-{[4-(dimethylamino)-2,3,4,6-tetradeoxy-Î²-D-erythropyranosyl]oxy}-9-ethyl-2,3,3a,5a,5b,6,7,9,10,11,12,13,14,15,16a,16b-hexadecahydro-14-methyl-1H-as-indaceno[3,2-d]oxacyclododecine-7,15-dioneand 50â5% spinosyn D: (2S,3aR,5aS,5bS,9S,13S,14R,16aS,16bS)-2-[(6-deoxy-2,3,4-tri-O-methyl-Î±-L-mannopyranosyl)oxy]-13-{[4-(dimethylamino)-2,3,4,6-tetradeoxy-Î²-D-erythropyranosyl]oxy}-9-ethyl-2,3,3a,5a,5b,6,7,9,10,11,12,13,14,15,16a,16b-hexadecahydro-4,14-dimethyl-1H-as-indaceno[3,2-d]oxacyclododecine-7,15-dione",spinosyn A:SRJQTHAZUNRMPR-UYQKXTDMSA-Nspinosyn D:RDECBWLKMPEKPM-PSCJHHPTSA-N,acaricides (spinosyn)insecticides (spinosyn),CCC1CCCC(OC2CCC(C(C)O2)N(C)C)C(C)C(=O)C3CC4C(CCC5CC(CC45)OC6CC(C)C(OC)C(OC)C6OC)C3CC(=O)O1
spirobudifen,1305319-70-3,"butyl 3-(2,4-dichlorophenyl)-2-oxo-1-oxaspiro[4.5]dec-3-en-4-yl carbonate",HEOYPZMAGQITRO-UHFFFAOYSA-N,acaricides (tetronic acid),CCCCOC(=O)OC1=C(C(=O)OC12CCCCC2)C3=C(C=C(C=C3)Cl)Cl
spirodiclofen,148477-71-8,"3-(2,4-dichlorophenyl)-2-oxo-1-oxaspiro[4.5]dec-3-en-4-yl 2,2-dimethylbutanoate1979 Rules:3-(2,4-dichlorophenyl)-2-oxo-1-oxaspiro[4.5]dec-3-en-4-yl 2,2-dimethylbutyrate",DTDSAWVUFPGDMX-UHFFFAOYSA-N,acaricides (tetronic acid)insecticides (tetronic acid),CCC(C)(C)C(=O)OC1=C(C(=O)OC12CCCCC2)c3ccc(Cl)cc3Cl
spiromesifen,283594-90-1,"2-oxo-3-(2,4,6-trimethylphenyl)-1-oxaspiro[4.4]non-3-en-4-yl 3,3-dimethylbutanoate1979 Rules:3-mesityl-2-oxo-1-oxaspiro[4.4]non-3-en-4-yl 3,3-dimethylbutyrate",GOLXNESZZPUPJE-UHFFFAOYSA-N,acaricides (tetronic acid)insecticides (tetronic acid),Cc1cc(C)c(c(C)c1)C2=C(OC(=O)CC(C)(C)C)C3(CCCC3)OC2=O
spiropidion,1229023-00-0,"3-(4-chloro-2,6-dimethylphenyl)-8-methoxy-1-methyl-2-oxo-1,8-diazaspiro[4.5]dec-3-en-4-yl ethyl carbonate1979 Rules:3-(4-chloro-2,6-xylyl)-8-methoxy-1-methyl-2-oxo-1,8-diazaspiro[4.5]dec-3-en-4-yl ethyl carbonate",WOPFPAIGRGHWAQ-UHFFFAOYSA-N,insecticides (tetramic acid),CCOC(=O)OC1=C(C(=O)N(C12CCN(CC2)OC)C)C3=C(C=C(C=C3C)Cl)C
spirotetramat,203313-25-1,"cis-3-(2,5-dimethylphenyl)-8-methoxy-2-oxo-1-azaspiro[4.5]dec-3-en-4-yl ethyl carbonate1979 Rules:ethyl cis-8-methoxy-2-oxo-3-(2,5-xylyl)-1-azaspiro[4.5]dec-3-en-4-yl carbonate",CLSVJBIHYWPGQY-GGYDESQDSA-N,insecticides (tetramic acid),Failed
spiroxamine,118134-30-8,"(RS)-N-[(8-tert-butyl-1,4-dioxaspiro[4.5]dec-2-yl)methyl]-N-ethylpropylamine",PUYXTUJWRLOUCW-UHFFFAOYSA-N,fungicides (spiroketalamine),CCCN(CC)CC1COC2(CCC(CC2)C(C)(C)C)O1
3-chloro-4-methylaniline,95-74-9,3-chloro-4-methylaniline3-chloro-p-methylaniline,RQKFYFNZSHWXAW-UHFFFAOYSA-N,avicides,Cc1ccc(N)cc1Cl
tetrachlorvinphos,22248-79-9,"(1Z)-2-chloro-1-(2,4,5-trichlorophenyl)vinyl dimethyl phosphate",UBCKGWBNUIFUST-YHYXMXQVSA-N,acaricides (organophosphate)insecticides (organophosphate),CO[P](=O)(OC)OC(=C/Cl)/c1cc(Cl)c(Cl)cc1Cl
streptomycin,57-92-1,"O-2-deoxy-2-(methylamino)-Î±-L-glucopyranosyl-(1â2)-O-5-deoxy-3-C-formyl-Î±-L-lyxofuranosyl-(1â4)-N1,N3-diamidino-D-streptamineor1,1â²-[1-D-(1,3,5/2,4,6)-4-({5-deoxy-2-O-[2-deoxy-2-(methylamino)-Î±-L-glucopyranosyl]-3-C-formyl-Î±-L-lyxofuranosyl}oxy)-2,5,6-trihydroxycyclohex-1,3-ylene]diguanidine",UCSJYZPVAKXKNQ-HZYVHMACSA-N,bactericidesfungicides (glucopyranoside),CN[C@H]1[C@H](O)[C@@H](O)[C@H](CO)O[C@H]1O[C@H]2[C@@H](O[C@@H](C)[C@]2(O)C=O)O[C@H]3[C@H](O)[C@@H](O)[C@H](N=C(N)N)[C@@H](O)[C@@H]3N=C(N)N
strychnine,57-24-9,strychnidin-10-one,QMGVPVSNSZLJIA-FVWCLLPLSA-N,avicidesrodenticides (alkaloid),O=C1C[C@@H]2OCC=C3CN4CC[C@@]56[C@@H]4C[C@@H]3[C@@H]2[C@@H]5N1c7ccccc67
sulcatol,4630-06-2,(RS)-6-methylhept-5-en-2-ol,OHEFFKYYKJVVOX-UHFFFAOYSA-N,insect attractants (Coleopteran),CC(O)CCC=C(C)C
sulcofuron,24019-05-4,"5-chloro-2-{4-chloro-2-[3-(3,4-dichlorophenyl)ureido]phenoxy}benzenesulfonic acid",MKUMTCOTMQPYTQ-UHFFFAOYSA-N,insecticides (urea),O[S](=O)(=O)c1cc(Cl)ccc1Oc2ccc(Cl)cc2NC(=O)Nc3ccc(Cl)c(Cl)c3
sulcotrione,99105-77-8,"2-[2-chloro-4-(methylsulfonyl)benzoyl]cyclohexane-1,3-dione1979 Rules:2-(2-chloro-4-mesylbenzoyl)cyclohexane-1,3-dione",PQTBTIFWAXVEPB-UHFFFAOYSA-N,herbicides (triketone),C[S](=O)(=O)c1ccc(c(Cl)c1)C(=O)C2C(=O)CCCC2=O
sulfallate,95-06-7,2-chloroallyl diethylcarbamodithioate1979 Rules:2-chloroallyl diethyl(dithiocarbamate),XJCLWVXTCRQIDI-UHFFFAOYSA-N,herbicides (thiocarbamate),CCN(CC)C(=S)SCC(Cl)=C
sulfathiadiazuron,33022-42-3,"N,N-dimethyl-5-[methyl(methylcarbamoyl)amino]-1,3,4-thiadiazole-2-sulfonamide1979 Rules:N,N-dimethyl-5-(1,3-dimethylureido)-1,3,4-thiadiazole-2-sulfonamideor1-[5-(dimethylsulfamoyl)-1,3,4-thiadiazol-2-yl]-1,3-dimethylurea",GNBUJYFDFVOVBM-UHFFFAOYSA-N,herbicides (thiadiazolylurea),CNC(=O)N(C)C1=NN=C(S1)S(=O)(=O)N(C)C
sulfathiadiazuron,33022-42-3,"N,N-dimethyl-5-[methyl(methylcarbamoyl)amino]-1,3,4-thiadiazole-2-sulfonamide1979 Rules:N,N-dimethyl-5-(1,3-dimethylureido)-1,3,4-thiadiazole-2-sulfonamideor1-[5-(dimethylsulfamoyl)-1,3,4-thiadiazol-2-yl]-1,3-dimethylurea",GNBUJYFDFVOVBM-UHFFFAOYSA-N,herbicides (thiadiazolylurea),CNC(=O)N(C)C1=NN=C(S1)S(=O)(=O)N(C)C
sulfentrazone,122836-35-5,"2â²,4â²-dichloro-5â²-[4-(difluoromethyl)-4,5-dihydro-3-methyl-5-oxo-1H-1,2,4-triazol-1-yl]methanesulfonanilide",OORLZFUTLGXMEF-UHFFFAOYSA-N,herbicides (N-phenyltriazolinone),CC1=NN(C(=O)N1C(F)F)c2cc(N[S](C)(=O)=O)c(Cl)cc2Cl
sulfiflumin,2377084-09-6,"(2Z)-2-({2-fluoro-4-methyl-5-[(R)-(2,2,2-trifluoroethyl)sulfinyl]phenyl}imino)-3-(2,2,2-trifluoroethyl)thiazolidin-4-one",CQLPADBURXSAHN-VKGKTOGESA-N,acaricides (aryltrifluoroethylsulfide)insecticides (aryltrifluoroethylsulfide),Failed
sulfindoflufen,2410561-41-8,"2-{2-fluoro-4-methyl-5-[(RS)-(2,2,2-trifluoroethyl)sulfinyl]phenyl}isoindolin-1-one",VJKDCCIZYYWIOI-UHFFFAOYSA-N,acaricides (aryltrifluoroethylsulfide)insecticides (aryltrifluoroethylsulfide),CC1=CC(=C(C=C1S(=O)CC(F)(F)F)N2CC3=CC=CC=C3C2=O)F
sulfiram,95-05-6,tetraethylthiuram monosulfide,CTPKSRZFJSJGML-UHFFFAOYSA-N,acaricides (dithiocarbamate),CCN(CC)C(=S)SC(=S)N(CC)CC
sulfluramid,4151-50-2,N-ethylperfluorooctane-1-sulfonamide,CCEKAJIANROZEO-UHFFFAOYSA-N,acaricides (perfluoroalkyl sulfonamide)insecticides (perfluoroalkyl sulfonamide),CCN[S](=O)(=O)C(F)(F)C(F)(F)C(F)(F)C(F)(F)C(F)(F)C(F)(F)C(F)(F)C(F)(F)F
ethidimuron,30043-49-3,"1-[5-(ethylsulfonyl)-1,3,4-thiadiazol-2-yl]-1,3-dimethylurea",KCOCSOWTADCKOL-UHFFFAOYSA-N,herbicides (thiadiazolylurea),CC[S](=O)(=O)c1sc(nn1)N(C)C(=O)NC
sulfometuron,74223-56-6,"2-{[(4,6-dimethylpyrimidin-2-yl)carbamoyl]sulfamoyl}benzoic acid",FZMKKCQHDROFNI-UHFFFAOYSA-N,herbicides (pyrimidinylsulfonylurea),Cc1cc(C)nc(NC(=O)N[S](=O)(=O)c2ccccc2C(O)=O)n1
derivatives/glyphosate-trimesium,81591-81-3,trimethylsulfonium N-[(hydroxyphosphinato)methyl]glycine,RUCAXVJJQQJZGU-UHFFFAOYSA-M,herbicides (glycine derivative),C[S+](C)C.O[P](O)(=O)CNCC([O-])=O
sulfosulfuron,141776-32-1,"N-[(4,6-dimethoxypyrimidin-2-yl)carbamoyl]-2-(ethylsulfonyl)imidazo[1,2-a]pyridine-3-sulfonamide1979 Rules:1-(4,6-dimethoxypyrimidin-2-yl)-3-{[2-(ethylsulfonyl)imidazo[1,2-a]pyridin-3-yl]sulfonyl}urea",RBSXHDIPCIWOMG-UHFFFAOYSA-N,herbicides (pyrimidinylsulfonylurea),CC[S](=O)(=O)c1nc2ccccn2c1[S](=O)(=O)NC(=O)Nc3nc(OC)cc(OC)n3
sulfotep,3689-24-5,"O,O,O',O'-tetraethyl dithiodipyrophosphate",XIUROWKZWPIAIB-UHFFFAOYSA-N,acaricides (organothiophosphate)insecticides (organothiophosphate),CCO[P](=S)(OCC)O[P](=S)(OCC)OCC
sulfotep,3689-24-5,"O,O,O',O'-tetraethyl dithiodipyrophosphate",XIUROWKZWPIAIB-UHFFFAOYSA-N,acaricides (organothiophosphate)insecticides (organothiophosphate),CCO[P](=S)(OCC)O[P](=S)(OCC)OCC
sulfoxaflor,946578-00-3,[methyl(oxo){1-[6-(trifluoromethyl)-3-pyridyl]ethyl}-Î»6-sulfanylidene]cyanamide,ZVQOOHYFBIDMTQ-UHFFFAOYSA-N,insecticides (sulfoximine),CC(C1=CN=C(C=C1)C(F)(F)F)S(=NC#N)(=O)C
sulfoxamyl,3055862-65-9,"(2Z)-N,N-dimethyl-2-{[(methylcarbamoyl)oxy]imino}-2-(methylsulfonyl)acetamide(2Z)-2-mesyl-N,N-dimethyl-2-{[(methylcarbamoyl)oxy]imino}acetamide",VXSWCKPMMCHWSW-UITAMQMPSA-N,nematicides (oxime carbamate),CNC(=O)O/N=C(/C(=O)N(C)C)\S(=O)(=O)C
sulfoxide,120-62-7,"(1RS)-2-(1,3-benzodioxol-5-yl)-1-methylethyl octyl sulfoxideor(1RS)-1-methyl-2-(3,4-methylenedioxyphenyl)ethyl octyl sulfoxide",ATTZFSUZZUNHBP-UHFFFAOYSA-N,synergists,CCCCCCCC[S](=O)C(C)Cc1ccc2OCOc2c1
sulfoxime,None,(RS)-[1-(4-chlorophenyl)-2-(methylthio)-1-propanone] (EZ)-O-(3-phenoxybenzyl)oxime,LFSXYCYIVKDFLF-UHFFFAOYSA-N,insecticides (pyrethroid oxime),CC(C(=NOCC1=CC(=CC=C1)OC2=CC=CC=C2)C3=CC=C(C=C3)Cl)SC
sulfur,7704-34-9,sulfur,NINIDFKCEFEMDL-UHFFFAOYSA-N,acaricides (inorganic)fungicides (inorganic),S
sulfuric%20acid,7664-93-9,sulfuric acid2005 Rules:dihydroxidodioxidosulfur1990 Rules:tetraoxosulfuric acid,QAOWNCQODCNURD-UHFFFAOYSA-N,herbicides (inorganic),O[S](O)(=O)=O
sulfuryl%20fluoride,2699-79-8,sulfuryl fluoride2005 Rules:difluoridodioxidosulfur,OBTWBSRJZRCYQV-UHFFFAOYSA-N,insecticides (fumigant; fluoride),F[S](F)(=O)=O
sulglycapin,51068-60-1,2-(azepan-1-yl)-2-oxoethyl methylsulfamate1979 Rules:[(perhydroazepin-1-yl)carbonyl]methyl methylsulfamate,OTSYOPHQYHLKTK-UHFFFAOYSA-N,herbicides (unclassified),CN[S](=O)(=O)OCC(=O)N1CCCCCC1
derivatives/glyphosate-trimesium,81591-81-3,trimethylsulfonium N-[(hydroxyphosphinato)methyl]glycine,RUCAXVJJQQJZGU-UHFFFAOYSA-M,herbicides (glycine derivative),C[S+](C)C.O[P](O)(=O)CNCC([O-])=O
sulprofos,35400-43-2,(RS)-{O-ethyl O-[4-(methylthio)phenyl] S-propyl phosphorodithioate},JXHJNEJVUNHLKO-UHFFFAOYSA-N,insecticides (phenyl organothiophosphate),CCCS[P](=S)(OCC)Oc1ccc(SC)cc1
sultropen,963-22-4,"2,4-dinitrophenyl pentyl sulfone",PTWBGBDKDZWGCL-UHFFFAOYSA-N,fungicides (nitrobenzene),CCCCCS(=O)(=O)C1=C(C=C(C=C1)[N+](=O)[O-])[N+](=O)[O-]
sulfathiadiazuron,33022-42-3,"N,N-dimethyl-5-[methyl(methylcarbamoyl)amino]-1,3,4-thiadiazole-2-sulfonamide1979 Rules:N,N-dimethyl-5-(1,3-dimethylureido)-1,3,4-thiadiazole-2-sulfonamideor1-[5-(dimethylsulfamoyl)-1,3,4-thiadiazol-2-yl]-1,3-dimethylurea",GNBUJYFDFVOVBM-UHFFFAOYSA-N,herbicides (thiadiazolylurea),CNC(=O)N(C)C1=NN=C(S1)S(=O)(=O)N(C)C
supermethrin,None,"(RS)-Î±-cyano-3-phenoxybenzyl (1RS,3RS)-3-(2,2-dichlorovinyl)-2,2-dimethylcyclopropanecarboxylateRothamsted-style stereodescriptors:(RS)-Î±-cyano-3-phenoxybenzyl (1RS)-cis-3-(2,2-dichlorovinyl)-2,2-dimethylcyclopropanecarboxylate",GUQZCTLEJXHSIH-HYVVGUGRSA-N,insecticides (pyrethroid),Failed
swep,1918-18-9,"methyl (3,4-dichlorophenyl)carbamate1979 Rules:methyl 3,4-dichlorocarbanilate",WOZQBERUBLYCEG-UHFFFAOYSA-N,herbicides (carbamate),COC(=O)Nc1ccc(Cl)c(Cl)c1
"2,4,5-t",93-76-5,"(2,4,5-trichlorophenoxy)acetic acid",SMYMJHWAQXWPDB-UHFFFAOYSA-N,herbicides (phenoxyacetic),OC(=O)COc1cc(Cl)c(Cl)cc1Cl
tartar%20emetic,28300-74-5,"dipotassium 3,6,10,13-tetraoxo-2,7,9,14,15,16,17,18-octaoxa-1Î»4,8Î»4-distibapentacyclo[10.2.1.11,4.15,8.18,11]octadecane-1,8-diuide trihydrate",WBTCZEPSIIFINA-UHFFFAOYSA-J,insecticides (unclassified),O.O.O.[K+].[K+].[O-]C(=O)C1O[Sb]2OC(C(O[Sb]3OC1C(=O)O3)C([O-])=O)C(=O)O2
tau-fluvalinate,102851-06-9,"(Î±RS)-Î±-cyano-3-phenoxybenzyl N-[2-chloro-4-(trifluoromethyl)phenyl]-D-valinate1979 Rules:(RS)-Î±-cyano-3-phenoxybenzyl N-(2-chloro-Î±,Î±,Î±-trifluoro-p-tolyl)-D-valinate",INISTDXBRIBGOC-XMMISQBUSA-N,acaricides (pyrethroid isovalerate ester)insecticides (pyrethroid isovalerate ester),CC(C)[C@@H](Nc1ccc(cc1Cl)C(F)(F)F)C(=O)OC(C#N)c2cccc(Oc3ccccc3)c2
tavron,20057-31-2,"(3,3,3-trichloro-1-methylenepropyl)benzene",JNHUFDXYWPRKLK-UHFFFAOYSA-N,herbicides (unclassified),ClC(Cl)(Cl)CC(=C)c1ccccc1
tazimcarb,40085-57-2,"N-methyl-1-{[(EZ)-(3,5,5-trimethyl-4-oxothiazolidin-2-ylidene)amino]oxy}formamide1979 Rules:(EZ)-3,5,5-trimethylthiazolidine-2,4-dione 2-[O-(methylcarbamoyl)oxime]",NPYQHCFKDKPILU-UHFFFAOYSA-N,insecticides (oxime carbamate)molluscicides,CC1(C(=O)N(C(=NOC(=O)NC)S1)C)C
"2,4,5-tb",93-80-1,"4-(2,4,5-trichlorophenoxy)butanoic acid1979 Rules:4-(2,4,5-trichlorophenoxy)butyric acid",RTWCZQFXFMXXKP-UHFFFAOYSA-N,herbicides (phenoxybutyric),OC(=O)CCCOc1cc(Cl)c(Cl)cc1Cl
"2,3,6-tba",50-31-7,"2,3,6-trichlorobenzoic acid",XZIDTOHMJBOSOX-UHFFFAOYSA-N,herbicides (benzoic acid),OC(=O)c1c(Cl)ccc(Cl)c1Cl
tributyltin%20oxide,56-35-9,hexabutyldistannoxane1979 Rules:bis(tributyltin) oxide,APQHKWPGGHMYKJ-UHFFFAOYSA-N,fungicides (organotin)molluscicides,O(|[Sn](CCCC)(CCCC)CCCC)|[Sn](CCCC)(CCCC)CCCC
thiabendazole,148-79-8,2-(thiazol-4-yl)-1H-benzimidazole,WJCNZQLZVWNLKY-UHFFFAOYSA-N,fungicides (benzimidazole),[nH]1c2ccccc2nc1c3cscn3
tca,76-03-9,trichloroacetic acid,YNJBWRMUSHSURL-UHFFFAOYSA-N,herbicides (halogenated alkanoic acid),OC(=O)C(Cl)(Cl)Cl
"2,3,6-tba",50-31-7,"2,3,6-trichlorobenzoic acid",XZIDTOHMJBOSOX-UHFFFAOYSA-N,herbicides (benzoic acid),OC(=O)c1c(Cl)ccc(Cl)c1Cl
benthiazole,21564-17-0,"(1,3-benzothiazol-2-ylthio)methyl thiocyanateor2-[(thiocyanatomethyl)thio)]-1,3-benzothiazole",TUBQDCKAWGHZPF-UHFFFAOYSA-N,fungicides (benzothiazole),N#CSCSc1sc2ccccc2n1
tecnazene,117-18-0,"1,2,4,5-tetrachloro-3-nitrobenzene",XQTLDIFVVHJORV-UHFFFAOYSA-N,fungicides (aromatic),[O-][N+](=O)c1c(Cl)c(Cl)cc(Cl)c1Cl
tde,72-54-8,"1,1-dichloro-2,2-bis(4-chlorophenyl)ethane",AHJKRLASYNVKDZ-UHFFFAOYSA-N,insecticides (organochlorine),ClC(Cl)C(c1ccc(Cl)cc1)c2ccc(Cl)cc2
tebuconazole,107534-96-3,"(RS)-1-(4-chlorophenyl)-4,4-dimethyl-3-(1H-1,2,4-triazol-1-ylmethyl)pentan-3-ol",PXMNMQRDXWABCY-UHFFFAOYSA-N,fungicides (triazole),CC(C)(C)C(O)(CCc1ccc(Cl)cc1)Cn2cncn2
tebufenozide,112410-23-8,"N-tert-butyl-Nâ²-(4-ethylbenzoyl)-3,5-dimethylbenzohydrazide",QYPNKSZPJQQLRK-UHFFFAOYSA-N,insecticides (diacylhydrazine),CCc1ccc(cc1)C(=O)NN(C(=O)c2cc(C)cc(C)c2)C(C)(C)C
tebufenpyrad,119168-77-3,N-(4-tert-butylbenzyl)-4-chloro-3-ethyl-1-methyl-1H-pyrazole-5-carboxamide,ZZYSLNWGKKDOML-UHFFFAOYSA-N,acaricides (pyrazolecarboxamide),CCc1nn(C)c(C(=O)NCc2ccc(cc2)C(C)(C)C)c1Cl
tebufloquin,376645-78-2,"6-tert-butyl-8-fluoro-2,3-dimethyl-4-quinolyl acetate",LWLJEQHTPVPKSJ-UHFFFAOYSA-N,fungicides (quinolyl acetate),CC1=C(N=C2C(=CC(=CC2=C1OC(=O)C)C(C)(C)C)F)C
tebupirimfos,96182-53-5,(RS)-[O-(2-tert-butylpyrimidin-5-yl) O-ethyl O-isopropyl phosphorothioate],AWYOMXWDGWUJHS-UHFFFAOYSA-N,insecticides (aryl organothiophosphate),CCO[P](=S)(OC(C)C)Oc1cnc(nc1)C(C)(C)C
tebupirimfos,96182-53-5,(RS)-[O-(2-tert-butylpyrimidin-5-yl) O-ethyl O-isopropyl phosphorothioate],AWYOMXWDGWUJHS-UHFFFAOYSA-N,insecticides (aryl organothiophosphate),CCO[P](=S)(OC(C)C)Oc1cnc(nc1)C(C)(C)C
tebutam,35256-85-0,"N-benzyl-N-isopropyl-2,2-dimethylpropanamide1979 Rules:N-benzyl-N-isopropyl-2,2-dimethylpropionamidepre-1969 name:N-benzyl-N-isopropylpivalamide",RJKCKKDSSSRYCB-UHFFFAOYSA-N,herbicides (benzamide),CC(C)N(Cc1ccccc1)C(=O)C(C)(C)C
tebuthiuron,34014-18-1,"1-(5-tert-butyl-1,3,4-thiadiazol-2-yl)-1,3-dimethylurea",HBPDKDSFLXWOAE-UHFFFAOYSA-N,herbicides (thiadiazolylurea),CNC(=O)N(C)c1sc(nn1)C(C)(C)C
tecloftalam,76280-91-6,"2â²,3,3â²,4,5,6-hexachlorophthalanilic acid",ROZUQUDEWZIBHV-UHFFFAOYSA-N,bactericidesfungicides (phthalamic acid),OC(=O)c1c(Cl)c(Cl)c(Cl)c(Cl)c1C(=O)Nc2cccc(Cl)c2Cl
tecnazene,117-18-0,"1,2,4,5-tetrachloro-3-nitrobenzene",XQTLDIFVVHJORV-UHFFFAOYSA-N,fungicides (aromatic),[O-][N+](=O)c1c(Cl)c(Cl)cc(Cl)c1Cl
tecoram,5836-23-7,"Nâ²,Nâ²,Nâ´,Nâ´-tetramethyl-N,Nâ³-ethylenedi(thiuram disulfide)orN,N,Nâ²,Nâ²-tetramethyl-4,9-dithioxo-2,3,10,11-tetrathia-5,8-diazadodecanedithioamide",OTWBGXPTCSGQEJ-UHFFFAOYSA-N,fungicides (alkylenebis(dithiocarbamate)),CN(C)C(=S)SSC(=S)NCCNC(=S)SSC(=S)N(C)C
tetradifon,116-29-0,"4-chlorophenyl 2,4,5-trichlorophenyl sulfone",MLGCXEBRWGEOQX-UHFFFAOYSA-N,acaricides (diphenylsulfone),Clc1ccc(cc1)[S](=O)(=O)c2cc(Cl)c(Cl)cc2Cl
teflubenzuron,83121-18-0,"N-[(3,5-dichloro-2,4-difluorophenyl)carbamoyl]-2,6-difluorobenzamide1979 Rules:1-(3,5-dichloro-2,4-difluorophenyl)-3-(2,6-difluorobenzoyl)urea",CJDWRQLODFKPEL-UHFFFAOYSA-N,insecticides (benzoylurea),Fc1cccc(F)c1C(=O)NC(=O)Nc2cc(Cl)c(F)c(Cl)c2F
tefluthrin,79538-32-2,"2,3,5,6-tetrafluoro-4-methylbenzyl (1RS,3RS)-3-[(Z)-2-chloro-3,3,3-trifluoroprop-1-enyl]-2,2-dimethylcyclopropanecarboxylateRothamsted-style stereodescriptors:2,3,5,6-tetrafluoro-4-methylbenzyl (1RS)-cis-3-[(Z)-2-chloro-3,3,3-trifluoroprop-1-enyl]-2,2-dimethylcyclopropanecarboxylate",FIAIQJBJJWXQRC-MLKWDWEKSA-Nidentifier for no stereochemistry:ZFHGXWPMULPQSE-UHFFFAOYSA-N,insecticides (pyrethroid),Cc1c(F)c(F)c(COC(=O)C2C(\C=C(/Cl)C(F)(F)F)C2(C)C)c(F)c1F
kappa-tefluthrin,391634-71-2,"2,3,5,6-tetrafluoro-4-methylbenzyl (1R,3R)-3-[(Z)-2-chloro-3,3,3-trifluoroprop-1-enyl]-2,2-dimethylcyclopropanecarboxylateRothamsted-style stereodescriptors:2,3,5,6-tetrafluoro-4-methylbenzyl (1R)-cis-3-[(Z)-2-chloro-3,3,3-trifluoroprop-1-enyl]-2,2-dimethylcyclopropanecarboxylate",ZFHGXWPMULPQSE-UKSCLKOJSA-N,insecticides (pyrethroid),CC1=C(C(=C(C(=C1F)F)COC(=O)[C@@H]2[C@@H](C2(C)C)/C=C(/C(F)(F)F)\Cl)F)F
d-teflumethrin,1208235-75-9,"2,3,5,6-tetrafluoro-4-(methoxymethyl)benzyl (1R,3R)-2,2-dimethyl-3-[(1Z)-3,3,3-trifluoroprop-1-enyl]cyclopropanecarboxylateRothamsted-style stereodescriptors:2,3,5,6-tetrafluoro-4-(methoxymethyl)benzyl (1R)-trans-2,2-dimethyl-3-[(1Z)-3,3,3-trifluoroprop-1-enyl]cyclopropanecarboxylate",BKACAEJQMLLGAV-KWKBKKAHSA-N,insecticides (pyrethroid),CC1([C@@H]([C@H]1C(=O)OCC2=C(C(=C(C(=C2F)F)COC)F)F)/C=C\C(F)(F)F)C
tefuryltrione,473278-76-1,"2-[2-chloro-4-(methylsulfonyl)-3-({[(2RS)-tetrahydro-2-furyl]methoxy}methyl)benzoyl]cyclohexane-1,3-dione1979 Rules:2-(2-chloro-4-mesyl-Î±-{[(RS)-tetrahydro-2-furyl]methoxy}-m-toluoyl)cyclohexane-1,3-dione",UFAPVJDEYHLLBG-UHFFFAOYSA-N,herbicides (triketone),CS(=O)(=O)C1=C(C(=C(C=C1)C(=O)C2C(=O)CCCC2=O)Cl)COCC3CCCO3
tembotrione,335104-84-2,"2-{2-chloro-4-(methylsulfonyl)-3-[(2,2,2-trifluoroethoxy)methyl]benzoyl}cyclohexane-1,3-dione1979 Rules:2-[2-chloro-4-mesyl-Î±-(2,2,2-trifluoroethoxy)-m-toluoyl]cyclohexane-1,3-dione",IUQAXCIUEPFPSF-UHFFFAOYSA-N,herbicides (triketone),CS(=O)(=O)C1=C(C(=C(C=C1)C(=O)C2C(=O)CCCC2=O)Cl)COCC(F)(F)F
temephos,3383-96-8,"O,O,Oâ²,Oâ²-tetramethyl O,Oâ²-(thiodi-p-phenylene) bis(phosphorothioate)orO,O,Oâ²,Oâ²-tetramethyl O,Oâ²-(thiodi-p-phenylene) diphosphorothioate",WWJZWCUNLNYYAU-UHFFFAOYSA-N,insecticides (phenyl organothiophosphate),CO[P](=S)(OC)Oc1ccc(Sc2ccc(O[P](=S)(OC)OC)cc2)cc1
temephos,3383-96-8,"O,O,Oâ²,Oâ²-tetramethyl O,Oâ²-(thiodi-p-phenylene) bis(phosphorothioate)orO,O,Oâ²,Oâ²-tetramethyl O,Oâ²-(thiodi-p-phenylene) diphosphorothioate",WWJZWCUNLNYYAU-UHFFFAOYSA-N,insecticides (phenyl organothiophosphate),CO[P](=S)(OC)Oc1ccc(Sc2ccc(O[P](=S)(OC)OC)cc2)cc1
tepa,545-55-1,phosphoric tri(ethyleneamide)ortris(aziridin-1-yl)phosphine oxide,FYAMXEPQQLNQDM-UHFFFAOYSA-N,chemosterilants,O=[P](N1CC1)(N2CC2)N3CC3
tepp,107-49-3,tetraethyl diphosphate1970 Rules:tetraethyl pyrophosphate,IDCBOTIENDVCBQ-UHFFFAOYSA-N,acaricides (organophosphate)insecticides (organophosphate),CCO[P](=O)(OCC)O[P](=O)(OCC)OCC
tepraloxydim,149979-41-9,(5RS)-2-[(1EZ)-N-{[(2E)-3-chloroallyl]oxy}propanimidoyl]-3-hydroxy-5-(oxan-4-yl)cyclohex-2-en-1-one1979 Rules:(5RS)-2-[(1EZ)-1-{(2E)-[(3-chloroallyl)oxy]imino}propyl]-3-hydroxy-5-(perhydropyran-4-yl)cyclohex-2-en-1-one,IOYNQIMAUDJVEI-ZFNPBRLTSA-N,herbicides (cyclohexanedione oxime),CCC(=NOC/C=C/Cl)C1=C(CC(CC1=O)C2CCOCC2)O
tepraloxydim,149979-41-9,(5RS)-2-[(1EZ)-N-{[(2E)-3-chloroallyl]oxy}propanimidoyl]-3-hydroxy-5-(oxan-4-yl)cyclohex-2-en-1-one1979 Rules:(5RS)-2-[(1EZ)-1-{(2E)-[(3-chloroallyl)oxy]imino}propyl]-3-hydroxy-5-(perhydropyran-4-yl)cyclohex-2-en-1-one,IOYNQIMAUDJVEI-ZFNPBRLTSA-N,herbicides (cyclohexanedione oxime),CCC(=NOC/C=C/Cl)C1=C(CC(CC1=O)C2CCOCC2)O
terallethrin,15589-31-8,"(1RS)-3-allyl-2-methyl-4-oxocyclopent-2-enyl 2,2,3,3-tetramethylcyclopropanecarboxylate",MIZYPRIEDMSCAC-UHFFFAOYSA-N,insecticides (pyrethroid),CC1=C(CC=C)C(=O)CC1OC(=O)C2C(C)(C)C2(C)C
terbacil,5902-51-2,"3-tert-butyl-5-chloro-6-methylpyrimidine-2,4(1H,3H)-dionepre-1969 name:3-tert-butyl-5-chloro-6-methyluracil",NBQCNZYJJMBDKY-UHFFFAOYSA-N,herbicides (uracil),CC1=C(Cl)C(=O)N(C(=O)N1)C(C)(C)C
terbucarb,1918-11-2,"2,6-di-tert-butyl-4-methylphenyl methylcarbamate1979 Rules:2,6-di-tert-butyl-p-tolyl methylcarbamate",PNRAZZZISDRWMV-UHFFFAOYSA-N,herbicides (carbamate),CNC(=O)Oc1c(cc(C)cc1C(C)(C)C)C(C)(C)C
terbuchlor,4212-93-5,N-(butoxymethyl)-2â²-tert-butyl-2-chloro-6â²-methylacetanilide,KGMBZDZHRAFLBY-UHFFFAOYSA-N,herbicides (chloroacetamide),CCCCOCN(C(=O)CCl)c1c(C)cccc1C(C)(C)C
tebuconazole,107534-96-3,"(RS)-1-(4-chlorophenyl)-4,4-dimethyl-3-(1H-1,2,4-triazol-1-ylmethyl)pentan-3-ol",PXMNMQRDXWABCY-UHFFFAOYSA-N,fungicides (triazole),CC(C)(C)C(O)(CCc1ccc(Cl)cc1)Cn2cncn2
terbufos,13071-79-9,"S-[(tert-butylthio)methyl] O,O-diethyl phosphorodithioate",XLNZEKHULJKQBA-UHFFFAOYSA-N,insecticides (aliphatic organothiophosphate)nematicides (aliphatic organothiophosphate),CCO[P](=S)(OCC)SCSC(C)(C)C
terbumeton,33693-04-8,"N2-tert-butyl-N4-ethyl-6-methoxy-1,3,5-triazine-2,4-diamine",BCQMBFHBDZVHKU-UHFFFAOYSA-N,herbicides (methoxytriazine),CCNc1nc(NC(C)(C)C)nc(OC)n1
terbuthylazine,5915-41-3,"N2-tert-butyl-6-chloro-N4-ethyl-1,3,5-triazine-2,4-diamine",FZXISNSWEXTPMF-UHFFFAOYSA-N,herbicides (chlorotriazine),CCNc1nc(Cl)nc(NC(C)(C)C)n1
terbucarb,1918-11-2,"2,6-di-tert-butyl-4-methylphenyl methylcarbamate1979 Rules:2,6-di-tert-butyl-p-tolyl methylcarbamate",PNRAZZZISDRWMV-UHFFFAOYSA-N,herbicides (carbamate),CNC(=O)Oc1c(cc(C)cc1C(C)(C)C)C(C)(C)C
tebuconazole,107534-96-3,"(RS)-1-(4-chlorophenyl)-4,4-dimethyl-3-(1H-1,2,4-triazol-1-ylmethyl)pentan-3-ol",PXMNMQRDXWABCY-UHFFFAOYSA-N,fungicides (triazole),CC(C)(C)C(O)(CCc1ccc(Cl)cc1)Cn2cncn2
terbutryn,886-50-0,"N2-tert-butyl-N4-ethyl-6-(methylthio)-1,3,5-triazine-2,4-diamine",IROINLKCQGIITA-UHFFFAOYSA-N,algicidesherbicides (alkylthiotriazine),CCNc1nc(NC(C)(C)C)nc(SC)n1
terbutryn,886-50-0,"N2-tert-butyl-N4-ethyl-6-(methylthio)-1,3,5-triazine-2,4-diamine",IROINLKCQGIITA-UHFFFAOYSA-N,algicidesherbicides (alkylthiotriazine),CCNc1nc(NC(C)(C)C)nc(SC)n1
quintozene,82-68-8,pentachloronitrobenzene,LKPLKUMXSAEKID-UHFFFAOYSA-N,fungicides (aromatic),[O-][N+](=O)c1c(Cl)c(Cl)c(Cl)c(Cl)c1Cl
oxytetracycline,79-57-2,"(4S,4aR,5S,5aR,6S,12aS)-4-(dimethylamino)-1,4,4a,5,5a,6,11,12a-octahydro-3,5,6,10,12,12a-hexahydroxy-6-methyl-1,11-dioxonaphthacene-2-carboxamide",IWVCMVBTMGNXQD-PXOLEDIWSA-N,bactericides,O.O.[Na+].[Na+].CN(C)[C@H]1[C@@H]2[C@@H](O)[C@H]3[C-](C(=O)c4c([O-])cccc4[C@@]3(C)O)C(=O)[C@]2(O)C(=O)\C(=C(N)/O)C1=O
oxytetracycline,79-57-2,"(4S,4aR,5S,5aR,6S,12aS)-4-(dimethylamino)-1,4,4a,5,5a,6,11,12a-octahydro-3,5,6,10,12,12a-hexahydroxy-6-methyl-1,11-dioxonaphthacene-2-carboxamide",IWVCMVBTMGNXQD-PXOLEDIWSA-N,bactericides,O.O.[Na+].[Na+].CN(C)[C@H]1[C@@H]2[C@@H](O)[C@H]3[C-](C(=O)c4c([O-])cccc4[C@@]3(C)O)C(=O)[C@]2(O)C(=O)\C(=C(N)/O)C1=O
tetcyclacis,77788-21-7,"rel-(3aR,4R,4aS,6aR,7R,7aS)-1-(4-chlorophenyl)-3a,4,4a,6a,7,7a-hexahydro-1H-4,7-methano[1,2]diazeto[3,4-f]benzotriazole",YRSNCSFJKLHBQW-LDDPXKTHSA-N,plant growth regulators (growth retardant),Clc1ccc(cc1)N2N=N[C@@H]3[C@@H]4C[C@@H]([C@H]5N=N[C@@H]45)[C@H]23
tetflupyrolimet,2053901-33-8,"(3S,4S)-2â²-fluoro-1-methyl-2-oxo-4-[3-(trifluoromethyl)phenyl]pyrrolidine-3-carboxanilide1979 Rules:(3S,4S)-2â²-fluoro-1-methyl-2-oxo-4-(Î±,Î±,Î±-trifluoro-m-tolyl)pyrrolidine-3-carboxanilide",QQDYOLJZDUADHV-CJNGLKHVSA-N,herbicides (arylpyrrolidinone anilide),CN1C[C@@H]([C@H](C1=O)C(=O)NC2=CC=CC=C2F)C3=CC(=CC=C3)C(F)(F)F
tetrachlorantraniliprole,1104384-14-6,"3-bromo-2â²,4â²-dichloro-1-(3,5-dichloro-2-pyridyl)-6â²-(methylcarbamoyl)-1H-pyrazole-5-carboxanilide",ONILAONOGQYBHW-UHFFFAOYSA-N,insecticides (diamide),CNC(=O)C1=C(C(=CC(=C1)Cl)Cl)NC(=O)C2=CC(=NN2C3=C(C=C(C=N3)Cl)Cl)Br
tetrachloroethane,79-34-5,"1,1,2,2-tetrachloroethane",QPFMBZIOSGYJDE-UHFFFAOYSA-N,insecticides (alkyl halide; fumigant),ClC(Cl)C(Cl)Cl
tetrachlorvinphos,22248-79-9,"(1Z)-2-chloro-1-(2,4,5-trichlorophenyl)vinyl dimethyl phosphate",UBCKGWBNUIFUST-YHYXMXQVSA-N,acaricides (organophosphate)insecticides (organophosphate),CO[P](=O)(OC)OC(=C/Cl)/c1cc(Cl)c(Cl)cc1Cl
tetraconazole,112281-77-3,"(RS)-2-(2,4-dichlorophenyl)-3-(1H-1,2,4-triazol-1-yl)propyl 1,1,2,2-tetrafluoroethyl ether",LQDARGUHUSPFNL-UHFFFAOYSA-N,fungicides (triazole),FC(F)C(F)(F)OCC(Cn1cncn1)c2ccc(Cl)cc2Cl
tetradifon,116-29-0,"4-chlorophenyl 2,4,5-trichlorophenyl sulfone",MLGCXEBRWGEOQX-UHFFFAOYSA-N,acaricides (diphenylsulfone),Clc1ccc(cc1)[S](=O)(=O)c2cc(Cl)c(Cl)cc2Cl
tetrasul,2227-13-6,"4-chlorophenyl 2,4,5-trichlorophenyl sulfide",QUWSDLYBOVGOCW-UHFFFAOYSA-N,acaricides (diphenylsulfide),Clc1ccc(Sc2cc(Cl)c(Cl)cc2Cl)cc1
tetrafluron,27954-37-6,"1,1-dimethyl-3-[3-(1,1,2,2-tetrafluoroethoxy)phenyl]urea",FCAKZZMVXCLLHM-UHFFFAOYSA-N,herbicides (phenylurea),CN(C)C(=O)Nc1cccc(OC(F)(F)C(F)F)c1
tetramethrin,7696-12-0,"cyclohex-1-ene-1,2-dicarboximidomethyl (1RS,3RS;1RS,3SR)-2,2-dimethyl-3-(2-methylprop-1-enyl)cyclopropanecarboxylatepre-1969 name:cyclohex-1-ene-1,2-dicarboximidomethyl (Â±)-cis-trans-chrysanthemate",CXBMCYHAMVGWJQ-UHFFFAOYSA-N,insecticides (pyrethroid),CC(C)=C[C@@H]1[C@@H](C(=O)OCN2C(=O)C3=C(CCCC3)C2=O)C1(C)C
tetramethylfluthrin,84937-88-2,"2,3,5,6-tetrafluoro-4-(methoxymethyl)benzyl 2,2,3,3-tetramethylcyclopropanecarboxylate",APEPLROGLDYWBS-UHFFFAOYSA-N,insecticides (pyrethroid),CC1(C(C1(C)C)C(=O)OCC2=C(C(=C(C(=C2F)F)COC)F)F)C
tetramine,80-12-6,"2,6-dithia-1,3,5,7-tetraazatricyclo[3.3.1.13,7]decane 2,2,6,6-tetraoxide",AGGKEGLBGGJEBZ-UHFFFAOYSA-N,rodenticides (unclassified),O=[S]1(=O)N2CN3CN1CN(C2)[S]3(=O)=O
tetranactin,33956-61-5,"(1R,2R,5R,7R,10S,11S,14S,16S,19R,20R,23R,25R,28S,29S,32S,34S)-5,14,23,32-tetraethyl-2,11,20,29-tetramethyl-4,13,22,31,37,38,39,40-octaoxapentacyclo[32.2.1.17,10.116,19.125,28]tetracontane-3,12,21,30-tetrone",NKNPHSJWQZXWIX-DCVDGXQQSA-N,acaricides (macrocyclic lactone),CC[C@H]1C[C@@H]2CC[C@@H](O2)[C@@H](C)C(=O)O[C@H](CC)C[C@H]3CC[C@H](O3)[C@H](C)C(=O)O[C@@H](CC)C[C@@H]4CC[C@@H](O4)[C@@H](C)C(=O)O[C@H](CC)C[C@H]5CC[C@H](O5)[C@H](C)C(=O)O1
tetraniliprole,1229654-66-3,1-(3-chloro-2-pyridyl)-4â²-cyano-2â²-methyl-6â²-(methylcarbamoyl)-3-{[5-(trifluoromethyl)-2H-tetrazol-2-yl]methyl}-1H-pyrazole-5-carboxanilide,KNDVJPKNBVIKML-UHFFFAOYSA-N,insecticides (diamide),CC1=CC(=CC(=C1NC(=O)C2=CC(=NN2C3=C(C=CC=N3)Cl)CN4N=C(N=N4)C(F)(F)F)C(=O)NC)C#N
derivatives/flupropanate-sodium,22898-01-7,"sodium 2,2,3,3-tetrafluoropropionate",SGUSXTMVKMPQKI-UHFFFAOYSA-M,herbicides (halogenated alkanoic acid),[Na+].[O-]C(=O)C(F)(F)C(F)F
tetrasul,2227-13-6,"4-chlorophenyl 2,4,5-trichlorophenyl sulfide",QUWSDLYBOVGOCW-UHFFFAOYSA-N,acaricides (diphenylsulfide),Clc1ccc(Sc2cc(Cl)c(Cl)cc2Cl)cc1
thallium%20sulfate,7446-18-6,thallous sulfate (deprecated)2005 Rules:thallium(I) sulfateorthallium(1+) sulfate,YTQVHRVITVLIRD-UHFFFAOYSA-L,rodenticides (inorganic),[Tl+].[Tl+].[O-][S]([O-])(=O)=O
thallium%20sulfate,7446-18-6,thallous sulfate (deprecated)2005 Rules:thallium(I) sulfateorthallium(1+) sulfate,YTQVHRVITVLIRD-UHFFFAOYSA-L,rodenticides (inorganic),[Tl+].[Tl+].[O-][S]([O-])(=O)=O
thenylchlor,96491-05-3,"2-chloro-N-[(3-methoxy-2-thienyl)methyl]-2â²,6â²-dimethylacetanilide1979 Rules:2-chloro-N-(3-methoxy-2-thenyl)-2â²,6â²-dimethylacetanilide",KDWQYMVPYJGPHS-UHFFFAOYSA-N,herbicides (chloroacetamide),COc1ccsc1CN(C(=O)CCl)c2c(C)cccc2C
theta-cypermethrin,71697-59-1,"1:1 reaction mixture of the two enantiomers (R)-Î±-cyano-3-phenoxybenzyl (1S,3R)-3-(2,2-dichlorovinyl)-2,2-dimethylcyclopropanecarboxylate and (S)-Î±-cyano-3-phenoxybenzyl (1R,3S)-3-(2,2-dichlorovinyl)-2,2-dimethylcyclopropanecarboxylateRothamsted-style stereodescriptors:1:1 reaction mixture of the two enantiomers (R)-Î±-cyano-3-phenoxybenzyl (1S)-trans-3-(2,2-dichlorovinyl)-2,2-dimethylcyclopropanecarboxylate and (S)-Î±-cyano-3-phenoxybenzyl (1R)-trans-3-(2,2-dichlorovinyl)-2,2-dimethylcyclopropanecarboxylate",GUQZCTLEJXHSIH-TXXTYBRISA-Nidentifier for no stereochemistry:KAATUXNTWXVJKI-UHFFFAOYSA-N,insecticides (pyrethroid),CC1(C)C(C=C(Cl)Cl)C1C(=O)OC(C#N)c2cccc(Oc3ccccc3)c2
thiabendazole,148-79-8,2-(thiazol-4-yl)-1H-benzimidazole,WJCNZQLZVWNLKY-UHFFFAOYSA-N,fungicides (benzimidazole),[nH]1c2ccccc2nc1c3cscn3
thiacloprid,111988-49-9,{(Z)-3-[(6-chloro-3-pyridyl)methyl]thiazolidin-2-ylidene}cyanamide,HOKKPVIRMVDYPB-UVTDQMKNSA-N,insecticides (cyano imidamide)molluscicides,Clc1ccc(CN2CCSC2=NC#N)cn1
milneb,3773-49-7,"4,4â²,6,6â²-tetramethyl-3,3â²-ethylenedi-1,3,5-thiadiazinane-2-thione",JZFICWYCTCCINF-UHFFFAOYSA-N,fungicides (alkylenebis(dithiocarbamate)),CC1NC(C)N(CCN2C(C)NC(C)SC2=S)C(=S)S1
thiadifluor,80228-93-9,"3-(4-chlorophenyl)-N2-methyl-N4,N5-bis(trifluoromethyl)thiazolidine-2,4,5-triimine",HBLSGPQATABNRY-UHFFFAOYSA-N,fungicides (thiazolidine),CN=C1N(C(=NC(F)(F)F)C(=NC(F)(F)F)S1)C2=CC=C(C=C2)Cl
thiamethoxam,153719-23-4,"(EZ)-3-[(2-chlorothiazol-5-yl)methyl]-5-methyl-N-nitro-1,3,5-oxadiazinan-4-imine",NWWZPOKUUAIXIW-UHFFFAOYSA-N,insecticides (nitroguanidine),CN1COCN(Cc2sc(Cl)nc2)/C1=N/[N+]([O-])=O
thifensulfuron,79277-67-1,"3-{[(4-methoxy-6-methyl-1,3,5-triazin-2-yl)carbamoyl]sulfamoyl}thiophene-2-carboxylic acid",LOQQVLXUKHKNIA-UHFFFAOYSA-N,herbicides (triazinylsulfonylurea),COc1nc(C)nc(NC(=O)N[S](=O)(=O)c2ccsc2C(O)=O)n1
thiapronil,77768-58-2,(2E)-3-(2-chlorophenyl)-3-oxo-2-(4-phenylthiazol-2(3H)-ylidene)propanenitrile1979 Rules:(2E)-3-(2-chlorophenyl)-3-oxo-2-(4-phenylthiazol-2(3H)-ylidene)propiononitrile,VBXLZVRONLPCMO-NBVRZTHBSA-N,insecticides (beta-ketonitrile),Clc1ccccc1C(=O)\C(C#N)=C2\NC(=CS2)c3ccccc3
thiazafluron,25366-23-8,"1,3-dimethyl-1-[5-(trifluoromethyl)-1,3,4-thiadiazol-2-yl]urea",BBJPZPLAZVZTGR-UHFFFAOYSA-N,herbicides (thiadiazolylurea),CNC(=O)N(C)c1sc(nn1)C(F)(F)F
thiazafluron,25366-23-8,"1,3-dimethyl-1-[5-(trifluoromethyl)-1,3,4-thiadiazol-2-yl]urea",BBJPZPLAZVZTGR-UHFFFAOYSA-N,herbicides (thiadiazolylurea),CNC(=O)N(C)c1sc(nn1)C(F)(F)F
dazomet,533-74-4,"3,5-dimethyl-1,3,5-thiadiazinane-2-thioneortetrahydro-3,5-dimethyl-1,3,5-thiadiazine-2-thione",QAYICIQNSGETAS-UHFFFAOYSA-N,fungicides (dithiocarbamate)herbicides (dithiocarbamate)nematicides (dithiocarbamate),CN1CSC(=S)N(C)C1
thiazopyr,117718-60-2,"methyl 2-(difluoromethyl)-5-(4,5-dihydrothiazol-2-yl)-4-(2-methylpropyl)-6-(trifluoromethyl)pyridine-3-carboxylate1979 Rules:methyl 2-(difluoromethyl)-5-(4,5-dihydrothiazol-2-yl)-4-isobutyl-6-(trifluoromethyl)nicotinate",YIJZJEYQBAAWRJ-UHFFFAOYSA-N,herbicides (pyridine),COC(=O)c1c(CC(C)C)c(C2=NCCS2)c(nc1C(F)F)C(F)(F)F
thicrofos,41219-32-3,"S-[(RS)-6-chloro-3,4-dihydro-2H-1-benzothiin-4-yl] O,O-diethyl phosphorothioate",VIRFVCLSHYKKRP-UHFFFAOYSA-N,insecticides (arylalkyl organothiophosphate),CCOP(=O)(OCC)SC1CCSC2=C1C=C(C=C2)Cl
thicyofen,116170-30-0,"(RS)-3-chloro-5-(ethylsulfinyl)thiophene-2,4-dicarbonitrile",GNOOAFGERMHQJE-UHFFFAOYSA-N,fungicides (thiophene),CCS(=O)C1=C(C(=C(S1)C#N)Cl)C#N
thidiazimin,123249-43-4,"(Z)-6-[(6,7-dihydro-6,6-dimethyl-3H,5H-pyrrolo[2,1-c][1,2,4]thiadiazol-3-ylidene)amino]-7-fluoro-4-(prop-2-ynyl)-2H-1,4-benzoxazin-3(4H)-one",HZKBYBNLTLVSPX-JZJYNLBNSA-N,herbicides (N-phenylimide),Failed
thidiazuron,51707-55-2,"1-phenyl-3-(1,2,3-thiadiazol-5-yl)urea",HFCYZXMHUIHAQI-UHFFFAOYSA-N,herbicides (phenylurea)plant growth regulators (defoliant),O=C(Nc1snnc1)Nc2ccccc2
thiencarbazone,936331-72-5,"4-{[(4,5-dihydro-3-methoxy-4-methyl-5-oxo-1H-1,2,4-triazol-1-yl)carbonyl]sulfamoyl}-5-methylthiophene-3-carboxylic acid",GLDAZAQRGCSFNP-UHFFFAOYSA-N,herbicides (sulfonylaminocarbonyltriazolinone),CC1=C(C(=CS1)C(=O)O)S(=O)(=O)NC(=O)N2C(=O)N(C(=N2)OC)C
thifensulfuron,79277-67-1,"3-{[(4-methoxy-6-methyl-1,3,5-triazin-2-yl)carbamoyl]sulfamoyl}thiophene-2-carboxylic acid",LOQQVLXUKHKNIA-UHFFFAOYSA-N,herbicides (triazinylsulfonylurea),COc1nc(C)nc(NC(=O)N[S](=O)(=O)c2ccsc2C(O)=O)n1
thifluzamide,130000-40-7,"2â²,6â²-dibromo-2-methyl-4â²-(trifluoromethoxy)-4-(trifluoromethyl)thiazole-5-carboxanilide",WOSNCVAPUOFXEH-UHFFFAOYSA-N,fungicides (thiazolecarboxamide),Cc1sc(C(=O)Nc2c(Br)cc(OC(F)(F)F)cc2Br)c(n1)C(F)(F)F
phorate,298-02-2,"O,O-diethyl S-[(ethylthio)methyl] phosphorodithioate",BULVZWIRKLYCBC-UHFFFAOYSA-N,acaricides (aliphatic organothiophosphate)insecticides (aliphatic organothiophosphate)nematicides (aliphatic organothiophosphate),CCO[P](=S)(OCC)SCSCC
thiobencarb,28249-77-6,S-(4-chlorobenzyl) diethylcarbamothioate1979 Rules:S-(4-chlorobenzyl) diethyl(thiocarbamate),QHTQREMOGMZHJV-UHFFFAOYSA-N,herbicides (thiocarbamate),CCN(CC)C(=O)SCc1ccc(Cl)cc1
thiocarboxime,25171-63-5,2-cyanoethyl (EZ)-N-[(methylcarbamoyl)oxy]thioacetimidate,IWRFWZPCCDGEFJ-UHFFFAOYSA-N,acaricides (oxime carbamate)insecticides (oxime carbamate),CNC(=O)O\N=C(/C)SCCC#N
thiochlorfenphim,19378-58-6,N-{[(4-chlorophenyl)thio]methyl}phthalimide,VYNUNOZCGNACCI-UHFFFAOYSA-N,fungicides (phthalimide),C1=CC=C2C(=C1)C(=O)N(C2=O)CSC3=CC=C(C=C3)Cl
thiocyanatodinitrobenzenes,26761-52-4,dinitrophenyl thiocyanate,Failed,fungicides (nitrobenzene),Failed
thiocyclam,31895-21-3,"dimethyl(1,2,3-trithian-5-yl)amine1979 Rules:N,N-dimethyl-1,2,3-trithian-5-ylamine",DNVLJEWNNDHELH-UHFFFAOYSA-N,insecticides (nereistoxin analogue),CN(C)C1CSSSC1
endosulfan,115-29-7,"1,4,5,6,7,7-hexachloro-8,9,10-trinorborn-5-en-2,3-ylenebismethylene sulfiteor6,7,8,9,10,10-hexachloro-1,5,5a,6,9,9a-hexahydro-6,9-methano-2,4,3-benzodioxathiepin 3-oxide",RDYMFSUJUZBWLH-UHFFFAOYSA-N,acaricides (chlorinated cyclodiene)insecticides (chlorinated cyclodiene),ClC1=C(Cl)C2(Cl)C3CO[S](=O)OCC3C1(Cl)C2(Cl)Cl
disulfoton,298-04-4,"O,O-diethyl S-[2-(ethylthio)ethyl] phosphorodithioate",DOFZAZXDOSGAJZ-UHFFFAOYSA-N,acaricides (aliphatic organothiophosphate)insecticides (aliphatic organothiophosphate),CCO[P](=S)(OCC)SCCSCC
thiodiazole-copper,3234-61-5,"cupric 5-amino-1,3,4-thiadiazole-2-thiolate",NCTHCMWFDVWKLW-UHFFFAOYSA-L,"bactericidesfungicides (copper compound; 1,3,4-thiadiazole)",C1(=NN=C(S1)[S-])N.C1(=NN=C(S1)[S-])N.[Cu+2]
thiodicarb,59669-26-0,"dimethyl (1EZ,1â²EZ)-N,Nâ²-{sulfanediylbis[(methylcarbamoyl)oxy]}di(thioacetimidate)1979 Rules:dimethyl (1EZ,1â²EZ)-N,Nâ²-{thiobis[(methylcarbamoyl)oxy]}di(thioacetimidate)",XDOTVMNBCQVZKG-UHFFFAOYSA-N,insecticides (oxime carbamate)molluscicides,CSC(/C)=N/OC(=O)N(C)SN(C)C(=O)O\N=C(/C)SC
thiofanox,39196-18-4,"1-{[(EZ)-{2,2-dimethyl-1-[(methylthio)methyl]propylidene}amino]oxy}-N-methylformamide1979 Rules:(EZ)-3,3-dimethyl-1-(methylthio)butan-2-one O-(methylcarbamoyl)oxime",FZSVSABTBYGOQH-UHFFFAOYSA-N,acaricides (oxime carbamate)insecticides (oxime carbamate),CNC(=O)O\N=C(\CSC)C(C)(C)C
thiofanox,39196-18-4,"1-{[(EZ)-{2,2-dimethyl-1-[(methylthio)methyl]propylidene}amino]oxy}-N-methylformamide1979 Rules:(EZ)-3,3-dimethyl-1-(methylthio)butan-2-one O-(methylcarbamoyl)oxime",FZSVSABTBYGOQH-UHFFFAOYSA-N,acaricides (oxime carbamate)insecticides (oxime carbamate),CNC(=O)O\N=C(\CSC)C(C)(C)C
thiofluoximate,None,1-(4-chloro-3-fluorophenyl)-2-(methylthio)ethanone (EZ)-O-[(2-methylbiphenyl-3-yl)methyl]oxime,ULERLVZDMYNWNA-UHFFFAOYSA-N,insecticides (pyrethroid oxime),CC1=C(C=CC=C1C2=CC=CC=C2)CON=C(CSC)C3=CC(=C(C=C3)Cl)F
thiohempa,3732-82-9,hexamethylphosphorothioic triamide,NPKXLCMBIGGTTQ-UHFFFAOYSA-N,chemosterilants,CN(C)[P](=S)(N(C)C)N(C)C
thiometon,640-15-3,"S-[2-(ethylthio)ethyl] O,O-dimethyl phosphorodithioate",OPASCBHCTNRLRM-UHFFFAOYSA-N,acaricides (aliphatic organothiophosphate)insecticides (aliphatic organothiophosphate),CCSCCS[P](=S)(OC)OC
thionazin,297-97-2,"O,O-diethyl O-pyrazin-2-yl phosphorothioate",IRVDMKJLOCGUBJ-UHFFFAOYSA-N,nematicides (aryl organothiophosphate),CCO[P](=S)(OCC)Oc1cnccn1
thiophanate,23564-06-9,"diethyl (1,2-phenylenedicarbamothioyl)dicarbamate1979 Rules:diethyl 4,4â²-(o-phenylene)bis(3-thioallophanate)",YFNCATAIYKQPOO-UHFFFAOYSA-N,fungicides (thiophanate),CCOC(=O)NC(=S)Nc1ccccc1NC(=S)NC(=O)OCC
thiophanate,23564-06-9,"diethyl (1,2-phenylenedicarbamothioyl)dicarbamate1979 Rules:diethyl 4,4â²-(o-phenylene)bis(3-thioallophanate)",YFNCATAIYKQPOO-UHFFFAOYSA-N,fungicides (thiophanate),CCOC(=O)NC(=S)Nc1ccccc1NC(=S)NC(=O)OCC
thiophanate-methyl,23564-05-8,"dimethyl (1,2-phenylenedicarbamothioyl)dicarbamate1979 Rules:dimethyl 4,4â²-(o-phenylene)bis(3-thioallophanate)",QGHREAKMXXNCOA-UHFFFAOYSA-N,fungicides (thiophanate),COC(=O)NC(=S)Nc1ccccc1NC(=S)NC(=O)OC
parathion,56-38-2,"O,O-diethyl O-(4-nitrophenyl) phosphorothioate",LCCNCVORNKJIRZ-UHFFFAOYSA-N,acaricides (phenyl organothiophosphate)insecticides (phenyl organothiophosphate),CCO[P](=S)(OCC)Oc1ccc(cc1)[N+]([O-])=O
thioquinox,93-75-4,"1,3-dithiolo[4,5-b]quinoxaline-2-thione",ILERPRJWJPJZDN-UHFFFAOYSA-N,acaricides (quinoxaline)fungicides (quinoxaline),S=C1Sc2nc3ccccc3nc2S1
thiosemicarbazide,79-19-6,hydrazinecarbothioamide,BRWIZMBXBAOCCF-UHFFFAOYSA-N,rodenticides (thiourea),NNC(N)=S
thiosultap,98968-92-4,"dihydrogen S,Sâ²-[2-(dimethylamino)trimethylene] di(thiosulfate)",PYNKFIVDSJSNGL-UHFFFAOYSA-N,insecticides (nereistoxin analogue),[Na+].[Na+].CN(C)C(CS[S]([O-])(=O)=O)CS[S]([O-])(=O)=O
thiotepa,52-24-4,phosphorothioic tri(ethyleneamide)ortris(aziridin-1-yl)phosphine sulfide,FOCVUCIESVLUNU-UHFFFAOYSA-N,chemosterilants,S=[P](N1CC1)(N2CC2)N3CC3
oxamyl,23135-22-0,"methyl (EZ)-2-(dimethylamino)-N-[(methylcarbamoyl)oxy]-2-oxothioacetimidate1979 Rules:S-methyl Nâ²,Nâ²-dimethyl-N-[(methylcarbamoyl)oxy]thiooxamimidate",KZAUOCCYDRDERY-UHFFFAOYSA-N,acaricides (oxime carbamate)insecticides (oxime carbamate)nematicides (oxime carbamate),CNC(=O)O\N=C(SC)\C(=O)N(C)C
thiram,137-26-8,tetramethylthiuram disulfideorbis(dimethylthiocarbamoyl) disulfide,KUAZQDVKQLNFPE-UHFFFAOYSA-N,bird repellentsfungicides (dimethyldithiocarbamate),CN(C)C(=S)SSC(=S)N(C)C
thiram,137-26-8,tetramethylthiuram disulfideorbis(dimethylthiocarbamoyl) disulfide,KUAZQDVKQLNFPE-UHFFFAOYSA-N,bird repellentsfungicides (dimethyldithiocarbamate),CN(C)C(=S)SSC(=S)N(C)C
thuringiensin,23526-02-5,"(2R,3S,4S,5S)-2-{[(2R,3R,4R,5S,6R)-5-{[(2R,3S,4R,5R)-5-(6-amino-9H-purin-9-yl)-3,4-dihydroxytetrahydrofuran-2-yl]methoxy}-3,4-dihydroxy-6-(hydroxymethyl)tetrahydro-2H-pyran-2-yl]oxy}-3,5-dihydroxy-4-(phosphonooxy)hexanedioic acid",OTLLEIBWKHEHGU-TUNUFRSWSA-NN,acaricides (unclassified)insecticides (unclassified),Nc1ncnc2n(cnc12)C3OC(COC4C(O)C(O)C(OC4CO)OC(C(O)C(O[P](O)(O)=O)C(O)C(O)=O)C(O)=O)C(O)C3O
thiabendazole,148-79-8,2-(thiazol-4-yl)-1H-benzimidazole,WJCNZQLZVWNLKY-UHFFFAOYSA-N,fungicides (benzimidazole),[nH]1c2ccccc2nc1c3cscn3
tiadinil,223580-51-6,"3â²-chloro-4,4â²-dimethyl-1,2,3-thiadiazole-5-carboxanilide",VJQYLJSMBWXGDV-UHFFFAOYSA-N,fungicides (thiadiazolecarboxamide)plant activators,CC1=C(C=C(C=C1)NC(=O)C2=C(N=NS2)C)Cl
tiafenacil,1220411-29-9,"methyl 3-{[(2RS)-2-({2-chloro-5-[3-methyl-2,6-dioxo-4-(trifluoromethyl)-3,6-dihydropyrimidin-1(2H)-yl]-4-fluorophenyl}thio)propanoyl]amino}propanoate1979 Rules:methyl 3-[(2RS)-2-({2-chloro-5-[3,6-dihydro-3-methyl-2,6-dioxo-4-(trifluoromethyl)pyrimidin-1(2H)-yl]-4-fluorophenyl}thio)propionamido]propionate",QPTPZPIXUPELRM-UHFFFAOYSA-N,herbicides (N-phenylimide),CC(C(=O)NCCC(=O)OC)SC1=C(C=C(C(=C1)N2C(=O)C=C(N(C2=O)C)C(F)(F)F)F)Cl
tiaojiean,23165-19-7,"4,4-dimethylmorpholin-4-ium chloride",RBIPMCDRANHGQI-UHFFFAOYSA-M,plant growth regulators (growth inhibitor),[Cl-].C[N+]1(C)CCOCC1
tiapyrachlor,1255091-74-7,N-[4-chloro-2-(3-pyridyl)thiazol-5-yl]-N-ethyl-3-(methylsulfonyl)propanamide,RPBFZGZNFDSXBT-UHFFFAOYSA-N,insecticides (unclassified),CCN(C1=C(N=C(S1)C2=CN=CC=C2)Cl)C(=O)CCS(=O)(=O)C
"2,3,5-triiodobenzoic%20acid",88-82-4,"2,3,5-triiodobenzoic acid",ZMZGFLUUZLELNE-UHFFFAOYSA-N,plant growth regulators (antiauxin),OC(=O)c1cc(I)cc(I)c1I
cymiazole,61676-87-7,"(2EZ)-N-(2,4-dimethylphenyl)-3-methylthiazol-2(3H)-imine1979 Rules:N-[(2EZ)-3-methylthiazol-2(3H)-ylidene]-2,4-xylidine",YUAUPYJCVKNAEC-UHFFFAOYSA-N,acaricides (formamidine),CN1C=CSC1=Nc2ccc(C)cc2C
tigolaner,1621436-41-6,"2-chloro-N-(1-cyanocyclopropyl)-5-[2â²-methyl-5â²-(perfluoroethyl)-4â²-(trifluoromethyl)-2â²H-[1,3â²-bipyrazol]-4-yl]benzamide",TVAJZOVLQZNNCJ-UHFFFAOYSA-N,acaricides (isoxazoline)insecticides (isoxazoline),CN1C(=C(C(=N1)C(C(F)(F)F)(F)F)C(F)(F)F)N2C=C(C=N2)C3=CC(=C(C=C3)Cl)C(=O)NC4(CC4)C#N
tiocarbazil,36756-79-3,S-benzyl bis[(1RS)-1-methylpropyl]carbamothioate1979 Rules:S-benzyl di-sec-butyl(thiocarbamate),PHSUVQBHRAWOQD-UHFFFAOYSA-N,herbicides (thiocarbamate),CCC(C)N(C(C)CC)C(=O)SCc1ccccc1
tioclorim,68925-41-7,"6-chloro-5-(methylthio)pyrimidine-2,4-diamine",QQRJUWIHLNBDQF-UHFFFAOYSA-N,herbicides (pyrimidinediamine),CSc1c(N)nc(N)nc1Cl
tiorantraniliprole,1442448-92-1,"3-bromo-2â²,4â²-dichloro-1-(3-chloro-2-pyridyl)-6â²-(isopropylcarbamothioyl)-1H-pyrazole-5-carboxanilide1979 Rules:3-bromo-2â²,4â²-dichloro-1-(3-chloro-2-pyridyl)-6â²-(isopropylthiocarbamoyl)-1H-pyrazole-5-carboxanilide",IEFALYLJMGPZJY-UHFFFAOYSA-N,insecticides (diamide),CC(C)NC(=S)C1=C(C(=CC(=C1)Cl)Cl)NC(=O)C2=CC(=NN2C3=C(C=CC=N3)Cl)Br
tioxazafen,330459-31-9,"3-phenyl-5-(2-thienyl)-1,2,4-oxadiazole",IHNSIFFSNUQGQN-UHFFFAOYSA-N,nematicides (unclassified),C1=CC=C(C=C1)C2=NOC(=N2)C3=CC=CS3
tioxymid,70751-94-9,"5-isothiocyanato-2-methoxy-N,N,3-trimethylbenzamide1979 Rules:5-isothiocyanato-N,N,3-trimethyl-o-anisamide",SJDGOKGRYGWNTC-UHFFFAOYSA-N,fungicides (benzamide),CC1=CC(=CC(=C1OC)C(=O)N(C)C)N=C=S
thiram,137-26-8,tetramethylthiuram disulfideorbis(dimethylthiocarbamoyl) disulfide,KUAZQDVKQLNFPE-UHFFFAOYSA-N,bird repellentsfungicides (dimethyldithiocarbamate),CN(C)C(=S)SSC(=S)N(C)C
tirpate,26419-73-8,"1-{[(EZ)-{[(2RS,4RS;2RS,4SR)-2,4-dimethyl-1,3-dithiolan-2-yl]methylidene}amino]oxy}-N-methylformamide1979 Rules:(2RS,4RS;2RS,4SR)-2,4-dimethyl-1,3-dithiolane-2-carbaldehyde O-(methylcarbamoyl)oxime",GHFMMRFMDHDOBP-UHFFFAOYSA-N,nematicides (oxime carbamate),CNC(=O)O/N=C/C1(C)SCC(C)S1
tolclofos-methyl,57018-04-9,"O-(2,6-dichloro-4-methylphenyl) O,O-dimethyl phosphorothioate1979 Rules:O-(2,6-dichloro-p-tolyl) O,O-dimethyl phosphorothioate",OBZIQQJJIKNWNO-UHFFFAOYSA-N,fungicides (organothiophosphate),CO[P](=S)(OC)Oc1c(Cl)cc(C)cc1Cl
tolfenpyrad,129558-76-5,4-chloro-3-ethyl-1-methyl-N-[4-(4-methylphenoxy)benzyl]-1H-pyrazole-5-carboxamide1979 Rules:4-chloro-3-ethyl-1-methyl-N-[4-(p-tolyloxy)benzyl]-1H-pyrazole-5-carboxamide,WPALTCMYPARVNV-UHFFFAOYSA-N,acaricides (pyrazolecarboxamide)fungicides (pyrazolecarboxamide)insecticides (pyrazolecarboxamide),CCc1nn(C)c(C(=O)NCc2ccc(Oc3ccc(C)cc3)cc2)c1Cl
tolnifanide,304911-98-6,4â²-chloro-N-ethyl-4-methyl-2â²-nitrobenzenesulfonanilide1979 Rules:4â²-chloro-N-ethyl-2â²-nitro-p-toluenesulfonanilide,APDZUEJJUCDJTL-UHFFFAOYSA-N,fungicides (benzenesulfonamide),CCN(C1=C(C=C(C=C1)Cl)[N+](=O)[O-])S(=O)(=O)C2=CC=C(C=C2)C
tolprocarb,911499-62-2,"2,2,2-trifluoroethyl [(1S)-2-methyl-1-{[(4-methylbenzoyl)amino]methyl}propyl]carbamate1979 Rules:2,2,2-trifluoroethyl [(S)-2-methyl-1-(p-toluamidomethyl)propyl]carbamate",RSOBJVBYZCMJOS-CYBMUJFWSA-N,fungicides (trifluoroethylcarbamate),CC1=CC=C(C=C1)C(=O)NC[C@H](C(C)C)NC(=O)OCC(F)(F)F
tolpyralate,1101132-67-5,(1RS)-1-({1-ethyl-4-[3-(2-methoxyethoxy)-2-methyl-4-(methylsulfonyl)benzoyl]-1H-pyrazol-5-yl}oxy)ethyl methyl carbonate1979 Rules:(RS)-1-({1-ethyl-4-[4-mesyl-3-(2-methoxyethoxy)-o-toluoyl]-1H-pyrazol-5-yl}oxy)ethyl methyl carbonate,GHLCSCRDVVEUQD-UHFFFAOYSA-N,herbicides (benzoylpyrazole),CCN1C(=C(C=N1)C(=O)C2=C(C(=C(C=C2)S(=O)(=O)C)OCCOC)C)OC(C)OC(=O)OC
tolylfluanid,731-27-1,"N-[(dichlorofluoromethyl)thio]-Nâ²,Nâ²-dimethyl-N-(4-methylphenyl)sulfamide1979 Rules:N-[(dichlorofluoromethyl)thio]-Nâ²,Nâ²-dimethyl-N-p-tolylsulfamide",HYVWIQDYBVKITD-UHFFFAOYSA-N,fungicides (sulfamide),CN(C)[S](=O)(=O)N(SC(F)(Cl)Cl)c1ccc(C)cc1
tolylfluanid,731-27-1,"N-[(dichlorofluoromethyl)thio]-Nâ²,Nâ²-dimethyl-N-(4-methylphenyl)sulfamide1979 Rules:N-[(dichlorofluoromethyl)thio]-Nâ²,Nâ²-dimethyl-N-p-tolylsulfamide",HYVWIQDYBVKITD-UHFFFAOYSA-N,fungicides (sulfamide),CN(C)[S](=O)(=O)N(SC(F)(Cl)Cl)c1ccc(C)cc1
tolylmercury%20acetate,1300-78-3,tolylmercuric acetate2005 Rules:(acetato-ÎºO)(tolyl)mercury,Failed,fungicides (mercury compound),CC(=O)O[Hg]c1ccc(C)cc1
coumafuryl,117-52-2,3-[(1RS)-1-(2-furyl)-3-oxobutyl]-4-hydroxy-2H-chromen-2-one1979 Rules:3-[(RS)-1-(2-furyl)-3-oxobutyl]-4-hydroxycoumarin,JFIXKFSJCQNGEK-UHFFFAOYSA-N,rodenticides (coumarin),[Na+].CC(=O)CC([C-]1C(=O)Oc2ccccc2C1=O)c3occc3
tomovircona,3052205-09-8,Failed,VHXSOQMVKTWJSO-PKDSXEFWBA-N (sense strand)PGRXFTZMQHOYRB-SBHKILEFBA-N (antisense strand),virucides,Failed
topramezone,210631-68-8,"3-(4,5-dihydroisoxazol-3-yl)-2-methyl-4-(methylsulfonyl)phenyl 5-hydroxy-1-methyl-1H-pyrazol-4-yl ketone1979 Rules:3-(4,5-dihydroisoxazol-3-yl)-4-mesyl-o-tolyl 5-hydroxy-1-methyl-1H-pyrazol-4-yl ketone",IYMLUHWAJFXAQP-UHFFFAOYSA-N,herbicides (benzoylpyrazole),Failed
camphechlor,8001-35-2,reaction mixture of chlorinated camphenes containing 67â69% chlorine,Failed,acaricides (organochlorine)insecticides (organochlorine),ClCC1(CCl)C(=C)C2(Cl)C(Cl)C(Cl)C1(Cl)C2(Cl)Cl
toxapyzone,3034584-16-9,"(1RS)-1-({4-[3-(4,5-dihydroisoxazol-3-yl)-2-methyl-4-(methylsulfonyl)benzoyl]-1-methyl-1H-pyrazol-5-yl}oxy)ethyl methyl carbonateor(1RS)-1-({4-[3-(4,5-dihydroisoxazol-3-yl)-4-mesyl-o-toluoyl]-1-methyl-1H-pyrazol-5-yl}oxy)ethyl methyl carbonate",RCDMJWFAYGGGTA-UHFFFAOYSA-N,herbicides (benzoylpyrazole),CC1=C(C=CC(=C1C2=NOCC2)S(=O)(=O)C)C(=O)C3=C(N(N=C3)C)OC(C)OC(=O)OC
fenoprop,93-72-1,"(2RS)-2-(2,4,5-trichlorophenoxy)propanoic acid1979 Rules:(RS)-2-(2,4,5-trichlorophenoxy)propionic acid",ZLSWBLPERHFHIS-UHFFFAOYSA-N,herbicides (phenoxypropionic)plant growth regulators (auxin),CC(Oc1cc(Cl)c(Cl)cc1Cl)C(O)=O
chloropon,3278-46-4,"2,2,3-trichloropropanoic acid1979 Rules:2,2,3-trichloropropionic acid",QZEKHJXYZSJVCL-UHFFFAOYSA-N,herbicides (halogenated alkanoic acid),OC(=O)C(Cl)(Cl)CCl
chlorothalonil,1897-45-6,tetrachloroisophthalonitrile,CRQQGFGUEAVUIL-UHFFFAOYSA-N,fungicides (chloronitrile),Clc1c(Cl)c(C#N)c(Cl)c(C#N)c1Cl
tralkoxydim,87820-88-0,(RS)-2-[(EZ)-1-(ethoxyimino)propyl]-3-hydroxy-5-mesitylcyclohex-2-en-1-one,DQFPEYARZIQXRM-UHFFFAOYSA-N,herbicides (cyclohexanedione oxime),CCC(=NOCC)C1=C(CC(CC1=O)C2=C(C=C(C=C2C)C)C)O
tralocythrin,66841-26-7,"(RS)-Î±-cyano-3-phenoxybenzyl (1RS,3RS;1RS,3SR)-3-[(RS)-1,2-dibromo-2,2-dichloroethyl]-2,2-dimethylcyclopropanecarboxyate",VQHJWDTTWVEXFE-UHFFFAOYSA-N,insecticides (pyrethroid),CC1(C)C(C(Br)C(Cl)(Cl)Br)C1C(=O)OC(C#N)c2cccc(Oc3ccccc3)c2
tralomethrin,66841-25-6,"(S)-Î±-cyano-3-phenoxybenzyl (1R,3S)-2,2-dimethyl-3-[(RS)-1,2,2,2-tetrabromoethyl]cyclopropanecarboxylateRothamsted-style stereodescriptors:(S)-Î±-cyano-3-phenoxybenzyl (1R)-cis-2,2-dimethyl-3-[(RS)-1,2,2,2-tetrabromoethyl]cyclopropanecarboxylate",YWSCPYYRJXKUDB-KAKFPZCNSA-N,insecticides (pyrethroid),CC1(C)[C@@H](C(Br)C(Br)(Br)Br)[C@H]1C(=O)O[C@H](C#N)c2cccc(Oc3ccccc3)c2
tralopyril,122454-29-9,4-bromo-2-(4-chlorophenyl)-5-(trifluoromethyl)-1H-pyrrole-3-carbonitrile,XNFIRYXKTXAHAC-UHFFFAOYSA-N,molluscicides,FC(F)(F)c1[nH]c(c2ccc(Cl)cc2)c(C#N)c1Br
bioallethrin,260359-57-7,"(1RS)-3-allyl-2-methyl-4-oxocyclopent-2-enyl (1R,3R)-2,2-dimethyl-3-(2-methylprop-1-enyl)cyclopropanecarboxylateRothamsted-style stereodescriptors:(1RS)-3-allyl-2-methyl-4-oxocyclopent-2-enyl (1R)-trans-2,2-dimethyl-3-(2-methylprop-1-enyl)cyclopropanecarboxylatepre-1969 name:(Â±)-3-allyl-2-methyl-4-oxocyclopent-2-enyl (+)-trans-chrysanthemate",ZCVAOQKBXKSDMS-AQYZNVCMSA-N,insecticides (pyrethroid),CC1=C(C(=O)CC1OC(=O)[C@@H]2[C@H](C2(C)C)C=C(C)C)CC=C
bioresmethrin,28434-01-7,"(5-benzyl-3-furyl)methyl (1R,3R)-2,2-dimethyl-3-(2-methylprop-1-enyl)cyclopropanecarboxylateRothamsted-style stereodescriptors:(5-benzyl-3-furyl)methyl (1R)-trans-2,2-dimethyl-3-(2-methylprop-1-enyl)cyclopropanecarboxylatepre-1969 name:(5-benzyl-3-furyl)methyl (+)-trans-chrysanthemate",VEMKTZHHVJILDY-UXHICEINSA-N,insecticides (pyrethroid),CC(C)=CC1C(C(=O)OCc2coc(Cc3ccccc3)c2)C1(C)C
transfluthrin,118712-89-3,"2,3,5,6-tetrafluorobenzyl (1R,3S)-3-(2,2-dichlorovinyl)-2,2-dimethylcyclopropanecarboxylateRothamsted-style stereodescriptors:2,3,5,6-tetrafluorobenzyl (1R)-trans-3-(2,2-dichlorovinyl)-2,2-dimethylcyclopropanecarboxylate",DDVNRFNDOPPVQJ-HQJQHLMTSA-N,insecticides (pyrethroid),CC1(C)[C@H](C=C(Cl)Cl)[C@H]1C(=O)OCc2c(F)c(F)cc(F)c2F
transpermethrin,52341-32-9,"3-phenoxybenzyl (1RS,3SR)-3-(2,2-dichlorovinyl)-2,2-dimethylcyclopropanecarboxylateRothamsted-style stereodescriptors:3-phenoxybenzyl (1RS)-trans-3-(2,2-dichlorovinyl)-2,2-dimethylcyclopropanecarboxylate",SULTWYFHTOOZFD-UYEAFXNLSA-Nidentifier for no stereochemistry:RLLPVAHGXHCWKJ-UHFFFAOYSA-N,insecticides (pyrethroid),CC1(C)C(C=C(Cl)Cl)C1C(=O)OCc2cccc(Oc3ccccc3)c2
tretamine,51-18-3,"2,4,6-tri(aziridin-1-yl)-1,3,5-triazine",IUCJMVBFZDHPDX-UHFFFAOYSA-N,chemosterilants,C1CN1c2nc(nc(n2)N3CC3)N4CC4
tri-allate,2303-17-5,"S-(2,3,3-trichloroallyl) diisopropylcarbamothioate1979 Rules:S-(2,3,3-trichloroallyl) diisopropyl(thiocarbamate)",MWBPRDONLNQCFV-UHFFFAOYSA-N,herbicides (thiocarbamate),CC(C)N(C(C)C)C(=O)SCC(Cl)=C(Cl)Cl
triacontanol,593-50-0,triacontan-1-ol,REZQBEBOWJAQKS-UHFFFAOYSA-N,plant growth regulators (growth stimulator),CCCCCCCCCCCCCCCCCCCCCCCCCCCCCCO
triadimefon,43121-43-3,"(RS)-1-(4-chlorophenoxy)-3,3-dimethyl-1-(1H-1,2,4-triazol-1-yl)butan-2-one",WURBVZBTWMNKQT-UHFFFAOYSA-N,fungicides (triazole),CC(C)(C)C(=O)C(Oc1ccc(Cl)cc1)n2cncn2
triadimenol,55219-65-3,"(1RS,2RS;1RS,2SR)-1-(4-chlorophenoxy)-3,3-dimethyl-1-(1H-1,2,4-triazol-1-yl)butan-2-ol",BAZVSMNPJJMILC-UHFFFAOYSA-N,fungicides (triazole),CC(C)(C)C(O)C(Oc1ccc(Cl)cc1)n2cncn2
triafamone,874195-61-6,"2â²-[(4,6-dimethoxy-1,3,5-triazin-2-yl)carbonyl]-1,1,6â²-trifluoro-N-methylmethanesulfonanilide",GBHVIWKSEHWFDD-UHFFFAOYSA-N,herbicides (sulfonanilide),CN(C1=C(C=CC=C1F)C(=O)C2=NC(=NC(=N2)OC)OC)S(=O)(=O)C(F)F
tri-allate,2303-17-5,"S-(2,3,3-trichloroallyl) diisopropylcarbamothioate1979 Rules:S-(2,3,3-trichloroallyl) diisopropyl(thiocarbamate)",MWBPRDONLNQCFV-UHFFFAOYSA-N,herbicides (thiocarbamate),CC(C)N(C(C)C)C(=O)SCC(Cl)=C(Cl)Cl
triamiphos,1031-47-6,"P-(5-amino-3-phenyl-1H-1,2,4-triazol-1-yl)-N,N,Nâ²,Nâ²-tetramethylphosphonic diamide",BABJTMNVJXLAEX-UHFFFAOYSA-N,acaricides (phosphorotriamide)fungicides (phosphorotriamide)insecticides (phosphorotriamide),CN(C)[P](=O)(N(C)C)n1nc(nc1N)c2ccccc2
triapenthenol,76608-88-3,"(E)-(RS)-1-cyclohexyl-4,4-dimethyl-2-(1H-1,2,4-triazol-1-yl)pent-1-en-3-ol",CNFMJLVJDNGPHR-UKTHLTGXSA-N,plant growth regulators (unclassified),CC(C)(C)C(O)\C(=C/C1CCCCC1)n2cncn2
triarathene,65691-00-1,"5-(4-chlorophenyl)-2,3-diphenylthiophene",JWXZLCFGVKMEEK-UHFFFAOYSA-N,acaricides (aromatic hydrocarbon)insecticides (aromatic hydrocarbon),Clc1ccc(cc1)c2sc(c3ccccc3)c(c2)c4ccccc4
triarimol,26766-27-8,"(RS)-(2,4-dichlorophenyl)(phenyl)(pyrimidin-5-yl)methanol1979 Rules:(Î±RS)-2,4-dichloro-Î±-(pyrimidin-5-yl)benzhydryl alcohol",MYUPFXPCYUISAG-UHFFFAOYSA-N,fungicides (pyrimidine carbinol),OC(c1ccccc1)(c2cncnc2)c3ccc(Cl)cc3Cl
triasulfuron,82097-50-5,"2-(2-chloroethoxy)-N-[(4-methoxy-6-methyl-1,3,5-triazin-2-yl)carbamoyl]benzenesulfonamide1979 Rules:1-{[2-(2-chloroethoxy)phenyl]sulfonyl}-3-(4-methoxy-6-methyl-1,3,5-triazin-2-yl)urea",XOPFESVZMSQIKC-UHFFFAOYSA-N,herbicides (triazinylsulfonylurea),COc1nc(C)nc(NC(=O)N[S](=O)(=O)c2ccccc2OCCCl)n1
triazamate,112143-82-5,"ethyl {[3-tert-butyl-1-(dimethylcarbamoyl)-1H-1,2,4-triazol-5-yl]thio}acetate",NKNFWVNSBIXGLL-UHFFFAOYSA-N,insecticides (unclassified),CCOC(=O)CSc1nc(nn1C(=O)N(C)C)C(C)(C)C
triazbutil,16227-10-4,"4-butyl-4H-1,2,4-triazole",ZOMKCDYJHAQMCU-UHFFFAOYSA-N,fungicides (alkyltriazole),CCCCn1cnnc1
triaziflam,131475-57-5,"N2-[(2RS)-2-(3,5-dimethylphenoxy)-1-methylethyl]-6-(1-fluoro-1-methylethyl)-1,3,5-triazine-2,4-diamine1979 Rules:6-(1-fluoro-1-methylethyl)-N2-[(RS)-2-(3,5-xylyloxy)-1-methylethyl]-1,3,5-triazine-2,4-diamine",IUFUITYPUYMIHI-UHFFFAOYSA-N,herbicides (alkylazine),CC1=CC(=CC(=C1)OCC(C)NC2=NC(=NC(=N2)N)C(C)(C)F)C
triazofenamide,85830-77-9,"5-phenyl-1-(m-tolyl)-1H-1,2,4-triazole-3-carboxamide",GVROBYMTUJVBJZ-UHFFFAOYSA-N,herbicides (triazolecarboxamide),CC1=CC(=CC=C1)N2C(=NC(=N2)C(=O)N)C3=CC=CC=C3
triazophos,24017-47-8,"O,O-diethyl O-(1-phenyl-1H-1,2,4-triazol-3-yl) phosphorothioate",AMFGTOFWMRQMEM-UHFFFAOYSA-N,acaricides (aryl organothiophosphate)insecticides (aryl organothiophosphate)nematicides (aryl organothiophosphate),CCO[P](=S)(OCC)Oc1ncn(n1)c2ccccc2
azinphos-ethyl,2642-71-9,"O,O-diethyl S-[(4-oxo-1,2,3-benzotriazin-3(4H)-yl)methyl] phosphorodithioate1979 Rules:S-[(3,4-dihydro-4-oxo-1,2,3-benzotriazin-3-yl)methyl] O,O-diethyl phosphorodithioate",RQVGAIADHNPSME-UHFFFAOYSA-N,acaricides (arylalkyl organothiophosphate)insecticides (arylalkyl organothiophosphate),CCO[P](=S)(OCC)SCN1N=Nc2ccccc2C1=O
triazoxide,72459-58-6,"7-chloro-3-(imidazol-1-yl)-1,2,4-benzotriazin-1-ium-1-olate",IQGKIPDJXCAMSM-UHFFFAOYSA-N,fungicides (benzotriazine),[O-][n+]1nc(nc2ccc(Cl)cc12)n3ccnc3
copper%20oxychloride,1332-40-7,dicopper(II) chloride trihydroxide,Failed,bactericidesbird repellentsfungicides (copper compound),[OH-].[OH-].[OH-].[Cl-].[Cu++].[Cu++]
basic%20copper%20sulfate,1344-73-6,copper(II) hydroxide sulfate,LITQZINTSYBKIU-UHFFFAOYSA-F,fungicides (copper compound),[OH-].[OH-].[OH-].[OH-].[OH-].[OH-].[O-]S(=O)(=O)[O-].[Cu+2].[Cu+2].[Cu+2].[Cu+2]
tribenuron,106040-48-6,"2-{[(4-methoxy-6-methyl-1,3,5-triazin-2-yl)methylcarbamoyl]sulfamoyl}benzoic acid",BQZXUHDXIARLEO-UHFFFAOYSA-N,herbicides (triazinylsulfonylurea),COc1nc(C)nc(n1)N(C)C(=O)N[S](=O)(=O)c2ccccc2C(O)=O
tribufos,78-48-8,"S,S,S-tributyl phosphorotrithioate",ZOKXUAHZSKEQSS-UHFFFAOYSA-N,plant growth regulators (defoliant)synergists,CCCCS[P](=O)(SCCCC)SCCCC
tributyltin%20oxide,56-35-9,hexabutyldistannoxane1979 Rules:bis(tributyltin) oxide,APQHKWPGGHMYKJ-UHFFFAOYSA-N,fungicides (organotin)molluscicides,O(|[Sn](CCCC)(CCCC)CCCC)|[Sn](CCCC)(CCCC)CCCC
tricamba,2307-49-5,"2,3,5-trichloro-6-methoxybenzoic acid1979 Rules:3,5,6-trichloro-o-anisic acid",WCLDITPGPXSPGV-UHFFFAOYSA-N,herbicides (benzoic acid),COc1c(Cl)cc(Cl)c(Cl)c1C(O)=O
trichlamide,70193-21-4,"(RS)-N-(1-butoxy-2,2,2-trichloroethyl)salicylamide",NHTFLYKPEGXOAN-UHFFFAOYSA-N,fungicides (benzamide),CCCCOC(NC(=O)c1ccccc1O)C(Cl)(Cl)Cl
trichlophenidine,53720-80-2,"1,3-bis(3-chlorophenyl)-2-(trichloromethyl)imidazolidine",NFQIYHPAGNZAOO-UHFFFAOYSA-N,insecticides (unclassified),Clc1cccc(c1)N2CCN(C2C(Cl)(Cl)Cl)c3cccc(Cl)c3
triclopyr,55335-06-3,"[(3,5,6-trichloro-2-pyridyl)oxy]acetic acid",REEQLXCGVXDJSQ-UHFFFAOYSA-N,herbicides (pyridyloxycarboxylic acid),OC(=O)COc1nc(Cl)c(Cl)cc1Cl
trichlorfon,52-68-6,"dimethyl [(1RS)-2,2,2-trichloro-1-hydroxyethyl]phosphonate",NFACJZMKEDPNKN-UHFFFAOYSA-N,acaricides (phosphonate)insecticides (phosphonate),CO[P](=O)(OC)C(O)C(Cl)(Cl)Cl
trichlormetaphos-3,2633-54-7,"(RS)-[O-ethyl O-methyl O-(2,4,5-trichlorophenyl) phosphorothioate]",HBKPGGUHRZPDIE-UHFFFAOYSA-N,insecticides (phenyl organothiophosphate),CCO[P](=S)(OC)Oc1cc(Cl)c(Cl)cc1Cl
trichloronat,327-98-0,"(RS)-[O-ethyl O-(2,4,5-trichlorophenyl) ethylphosphonothioate]",ANIAQSUBRGXWLS-UHFFFAOYSA-N,insecticides (phosphonothioate),CCO[P](=S)(CC)Oc1cc(Cl)c(Cl)cc1Cl
trichloronat,327-98-0,"(RS)-[O-ethyl O-(2,4,5-trichlorophenyl) ethylphosphonothioate]",ANIAQSUBRGXWLS-UHFFFAOYSA-N,insecticides (phosphonothioate),CCO[P](=S)(CC)Oc1cc(Cl)c(Cl)cc1Cl
trichlorotrinitrobenzenes,2631-68-7 (28260-63-1 for unspecified isomer),"1,3,5-trichloro-2,4,6-trinitrobenzene",LZMONXBJUOXABQ-UHFFFAOYSA-N,fungicides (nitrobenzene),C1(=C(C(=C(C(=C1Cl)[N+](=O)[O-])Cl)[N+](=O)[O-])Cl)[N+](=O)[O-]
trichlorfon,52-68-6,"dimethyl [(1RS)-2,2,2-trichloro-1-hydroxyethyl]phosphonate",NFACJZMKEDPNKN-UHFFFAOYSA-N,acaricides (phosphonate)insecticides (phosphonate),CO[P](=O)(OC)C(O)C(Cl)(Cl)Cl
triclopyr,55335-06-3,"[(3,5,6-trichloro-2-pyridyl)oxy]acetic acid",REEQLXCGVXDJSQ-UHFFFAOYSA-N,herbicides (pyridyloxycarboxylic acid),OC(=O)COc1nc(Cl)c(Cl)cc1Cl
triclopyricarb,902760-40-1,"methyl N-methoxy-2-{[(3,5,6-trichloro-2-pyridyl)oxy]methyl}carbanilate",QFNFRZHOXWNWAQ-UHFFFAOYSA-N,fungicides (methoxycarbamate),COC(=O)N(C1=CC=CC=C1COC2=NC(=C(C=C2Cl)Cl)Cl)OC
cresol,1319-77-3,cresol,o-cresol:QWVGKYWNOKOFNN-UHFFFAOYSA-Nm-cresol:RLSSMJSEOOYNOY-UHFFFAOYSA-Np-cresol:IWDCLRJOBJJRNH-UHFFFAOYSA-N,bactericidesfungicides (phenol)herbicides (phenol),Cc1ccc(O)cc1
tricyclazole,41814-78-2,"5-methyl-1,2,4-triazolo[3,4-b]benzothiazole",DQJCHOQLCLEDLL-UHFFFAOYSA-N,fungicides (triazolobenzothiazole),Cc1cccc2sc3nncn3c12
cyhexatin,13121-70-5,tricyclohexyltin hydroxide,WCMMILVIRZAPLE-UHFFFAOYSA-M,acaricides (organotin),O|[Sn](C1CCCCC1)(C2CCCCC2)C3CCCCC3
tridemorph,81412-43-3,"reaction mixture of 4-alkyl-2,6-dimethylmorpholines, where âalkylâ is mixture of C11âC14 homologues of which 60â70% is tridecyl",major component:YTOPFCCWCSOHFV-UHFFFAOYSA-N,fungicides (morpholine),CCCCCCCCCCCCCN1CC(C)OC(C)C1
tridiphane,58138-08-2,"(RS)-2-(3,5-dichlorophenyl)-2-(2,2,2-trichloroethyl)oxirane",IBZHOAONZVJLOB-UHFFFAOYSA-N,herbicides (oxirane),Clc1cc(Cl)cc(c1)C2(CO2)CC(Cl)(Cl)Cl
trietazine,1912-26-1,"6-chloro-N2,N2,N4-triethyl-1,3,5-triazine-2,4-diamine",HFBWPRKWDIRYNX-UHFFFAOYSA-N,herbicides (chlorotriazine),CCNc1nc(Cl)nc(n1)N(CC)CC
trifenmorph,1420-06-0,4-tritylmorpholine,ZJMLMBICUVVJDX-UHFFFAOYSA-N,molluscicides,C1CN(CCO1)C(c2ccccc2)(c3ccccc3)c4ccccc4
trifenofos,38524-82-2,"(RS)-[O-ethyl S-propyl O-(2,4,6-trichlorophenyl) phosphorothioate]",JJSBMWMYKICVIZ-UHFFFAOYSA-N,acaricides (phenyl organothiophosphate)insecticides (phenyl organothiophosphate),CCCS[P](=O)(OCC)Oc1c(Cl)cc(Cl)cc1Cl
trifloxystrobin,141517-21-7,"methyl (2E)-(methoxyimino)(2-{[({(1E)-1-[3-(trifluoromethyl)phenyl]ethylidene}amino)oxy]methyl}phenyl)acetate1979 Rules:methyl (E)-(methoxyimino){Î±-({[(E)-1-(Î±,Î±,Î±-trifluoro-m-tolyl)ethylidene]amino}oxy)-o-tolyl}acetate",ONCZDRURRATYFI-TVJDWZFNSA-N,fungicides (oximinoacetate),CO\N=C(C(=O)OC)\c1ccccc1CO\N=C(/C)c2cccc(c2)C(F)(F)F
trifloxysulfuron,145099-21-4,"N-[(4,6-dimethoxypyrimidin-2-yl)carbamoyl]-3-(2,2,2-trifluoroethoxy)pyridine-2-sulfonamide1979 Rules:1-(4,6-dimethoxypyrimidin-2-yl)-3-{[3-(2,2,2-trifluoroethoxy)-2-pyridyl]sulfonyl}urea",AIMMSOZBPYFASU-UHFFFAOYSA-N,herbicides (pyrimidinylsulfonylurea),COC1=CC(=NC(=N1)NC(=O)NS(=O)(=O)C2=C(C=CC=N2)OCC(F)(F)F)OC
trifludimoxazin,1258836-72-4,"1,5-dimethyl-6-thioxo-3-[2,2,7-trifluoro-3,4-dihydro-3-oxo-4-(prop-2-ynyl)-2H-1,4-benzoxazin-6-yl]-1,3,5-triazinane-2,4-dione",AZHZOGYUMMIAOF-UHFFFAOYSA-N,herbicides (N-phenylimide),CN1C(=O)N(C(=O)N(C1=S)C)C2=CC3=C(C=C2F)OC(C(=O)N3CC#C)(F)F
trifluenfuronate,2074661-82-6,"mixture of 60â80% trans-isomers 3,4,4-trifluorobut-3-enyl (2RS,3RS)-2-(2-methoxyphenyl)-5-oxotetrahydrofuran-3-carboxylate and 40â20% of the cis-isomers 3,4,4-trifluorobut-3-enyl (2RS,3SR)-2-(2-methoxyphenyl)-5-oxotetrahydrofuran-3-carboxylate1979 Rules:mixture of 60â80% trans-isomers 3,4,4-trifluorobut-3-enyl (2RS,3RS)-tetrahydro-2-(2-methoxyphenyl)-5-oxofuran-3-carboxylate and 40â20% of the cis-isomers 3,4,4-trifluorobut-3-enyl (2RS,3SR)-tetrahydro-2-(2-methoxyphenyl)-5-oxofuran-3-carboxylate",VDQRIZJOECVEPJ-UHFFFAOYSA-N,acaricides (fluoroalkene)nematicides (fluoroalkene),COC1=CC=CC=C1C2C(CC(=O)O2)C(=O)OCCC(=C(F)F)F
triflumezopyrim,1263133-33-0,"2,4-dioxo-1-(pyrimidin-5-ylmethyl)-3-[3-(trifluoromethyl)phenyl]-3,4-dihydro-2H-pyrido[1,2-a]pyrimidin-1-ium-3-ide1979 Rules:3,4-dihydro-2,4-dioxo-1-(pyrimidin-5-ylmethyl)-3-(Î±,Î±,Î±-trifluoro-m-tolyl)-2H-pyrido[1,2-a]pyrimidin-1-io-3-ide",LHZOTJOOBRODLL-UHFFFAOYSA-N,insecticides (mesoionic),C1=CC2=[N+](C(=C(C(=O)N2C=C1)C3=CC(=CC=C3)C(F)(F)F)[O-])CC4=CN=CN=C4
triflumizole,68694-11-1,"(1E)-N-[4-chloro-2-(trifluoromethyl)phenyl]-1-(1H-imidazol-1-yl)-2-propoxyethan-1-imine1979 Rules:(E)-4-chloro-Î±,Î±,Î±-trifluoro-N-[1-(imidazol-1-yl)-2-propoxyethylidene]-o-toluidine",HSMVPDGQOIQYSR-KGENOOAVSA-N,fungicides (imidazole),CCCOCC(=Nc1ccc(Cl)cc1C(F)(F)F)n2ccnc2
triflumuron,64628-44-0,2-chloro-N-{[4-(trifluoromethoxy)phenyl]carbamoyl}benzamide1979 Rules:1-(2-chlorobenzoyl)-3-[4-(trifluoromethoxy)phenyl]urea,XAIPTRIXGHTTNT-UHFFFAOYSA-N,insecticides (benzoylurea),FC(F)(F)Oc1ccc(NC(=O)NC(=O)c2ccccc2Cl)cc1
triflupyroxazin,134554-02-2,"3-[7-fluoro-3-oxo-4-(prop-2-yn-1-yl)-3,4-dihydro-2H-benzo[b][1,4]oxazin-6-yl]-1-methyl-6-(trifluoromethyl)pyrimidine-2,4(1H,3H)-dione",WIKSGGYEYHZQQL-UHFFFAOYSA-N,herbicides (N-phenylimide),CN1C(=CC(=O)N(C1=O)C2=CC3=C(C=C2F)OCC(=O)N3CC#C)C(F)(F)F
trifluralin,1582-09-8,"2,6-dinitro-N,N-dipropyl-4-(trifluoromethyl)aniline1979 Rules:Î±,Î±,Î±-trifluoro-2,6-dinitro-N,N-dipropyl-p-toluidine",ZSDSQXJSNMTJDA-UHFFFAOYSA-N,herbicides (dinitroaniline),CCCN(CCC)c1c(cc(cc1[N+]([O-])=O)C(F)(F)F)[N+]([O-])=O
triflusulfuron,135990-29-3,"2-({[4-(dimethylamino)-6-(2,2,2-trifluoroethoxy)-1,3,5-triazin-2-yl]carbamoyl}sulfamoyl)-3-methylbenzoic acid1979 Rules:2-({[4-(dimethylamino)-6-(2,2,2-trifluoroethoxy)-1,3,5-triazin-2-yl]carbamoyl}sulfamoyl)-m-toluic acid",AKTQJCBOGPBERP-UHFFFAOYSA-N,herbicides (triazinylsulfonylurea),CN(C)c1nc(NC(=O)N[S](=O)(=O)c2c(C)cccc2C(O)=O)nc(OCC(F)(F)F)n1
trifop,58594-74-4,"(2RS)-2-{4-[4-(trifluoromethyl)phenoxy]phenoxy}propanoic acid1979 Rules:(RS)-2-{4-[(Î±,Î±,Î±-trifluoro-p-tolyl)oxy]phenoxy}propionic acid",VAZKTDRSMMSAQB-UHFFFAOYSA-N,herbicides (aryloxyphenoxypropionic),CC(Oc1ccc(Oc2ccc(cc2)C(F)(F)F)cc1)C(O)=O
trifopsime,72131-76-1,"acetone O-[(2R)-2-{4-[4-(trifluoromethyl)phenoxy]phenoxy}propanoyl]oxime1979 Rules:acetone O-[(R)-2-{4-[(Î±,Î±,Î±-trifluoro-p-tolyl)oxy]phenoxy}propionyl]oxime",IBHCSFXTRODDNR-CYBMUJFWSA-N,herbicides (aryloxyphenoxypropionic),C[C@H](C(=O)ON=C(C)C)OC1=CC=C(C=C1)OC2=CC=C(C=C2)C(F)(F)F
triforine,26644-46-2,"N,Nâ²-{piperazine-1,4-diylbis(2,2,2-trichloroethylidene)}diformamide",RROQIUMZODEXOR-UHFFFAOYSA-N,fungicides (piperazine),ClC(Cl)(Cl)C(NC=O)N1CCN(CC1)C(NC=O)C(Cl)(Cl)Cl
trihydroxytriazine,108-80-5,"1,3,5-triazine-2,4,6-triol",ZFSLODLOARCGLH-UHFFFAOYSA-N,herbicides (triazine),O=C1NC(=O)NC(=O)N1
"2,3,5-triiodobenzoic%20acid",88-82-4,"2,3,5-triiodobenzoic acid",ZMZGFLUUZLELNE-UHFFFAOYSA-N,plant growth regulators (antiauxin),OC(=O)c1cc(I)cc(I)c1I
"2,3,5-triiodobenzoic%20acid",88-82-4,"2,3,5-triiodobenzoic acid",ZMZGFLUUZLELNE-UHFFFAOYSA-N,plant growth regulators (antiauxin),OC(=O)c1cc(I)cc(I)c1I
trimedlure,12002-53-8,tert-butyl (Â±)-4(or 5)-chloro-2-methylcyclohexanecarboxylate,4-chloro isomer:APMORJJNVZMVQK-UHFFFAOYSA-N5-chloro isomer:UQDSRQPGOSENJX-UHFFFAOYSA-Nidentifier for mixture (not valid):WXTJNIRCHYDKBK-UHFFFAOYSA-N,insect attractants (Dipteran),CC1CC(Cl)CCC1C(=O)OC(C)(C)C
trimefluor,None,"3-[3-chloro-4-(trifluoromethoxy)phenyl]-1,1-dimethylurea",PQVLZMKXMXBEBP-UHFFFAOYSA-N,herbicides (phenylurea),CN(C)C(=O)NC1=CC(=C(C=C1)OC(F)(F)F)Cl
trimethacarb,12407-86-2,"reaction product comprising from 3.5 to 5 parts by mass of 3,4,5-trimethylphenyl methylcarbamate to 1 part by mass of 2,3,5-trimethylphenyl methylcarbamate","2,3,5-trimethylphenyl methylcarbamate:NYOKZHDTNBDPOB-UHFFFAOYSA-N3,4,5-trimethylphenyl methylcarbamate:AUQAUAIUNJIIEP-UHFFFAOYSA-Nidentifier for mixture (not valid):CNBWXTCSMFEZDM-UHFFFAOYSA-N",bird repellentsinsecticides (phenyl carbamate)mammal repellentsmolluscicides,CNC(=O)Oc1cc(C)cc(C)c1C
trimeturon,3050-27-9,"(EZ)-3-(4-chlorophenyl)-1,1,2-trimethylisourea",MYURAHUSYDVWQA-UHFFFAOYSA-N,herbicides (urea),COC(=Nc1ccc(Cl)cc1)N(C)C
trimorphamide,60029-23-4,"N-[(RS)-2,2,2-trichloro-1-(morpholin-4-yl)ethyl]formamide",IWWKIOTVAJOMJT-UHFFFAOYSA-N,fungicides (formamide),ClC(Cl)(Cl)C(NC=O)N1CCOCC1
trimorphamide,60029-23-4,"N-[(RS)-2,2,2-trichloro-1-(morpholin-4-yl)ethyl]formamide",IWWKIOTVAJOMJT-UHFFFAOYSA-N,fungicides (formamide),ClC(Cl)(Cl)C(NC=O)N1CCOCC1
trinexapac,104273-73-6,"(1RS,4EZ)-4-[cyclopropyl(hydroxy)methylene]-3,5-dioxocyclohexanecarboxylic acid",DFFWZNDCNBOKDI-UHFFFAOYSA-N,plant growth regulators (growth inhibitor),C1CC1C(=C2C(=O)CC(CC2=O)C(=O)O)O
trioxyflanilide,2922115-20-4,"N-{2-bromo-4-[1,2,2,2-tetrafluoro-1-(trifluoromethyl)ethyl]-6-(trifluoromethyl)phenyl}-2-fluoro-3-[4-fluoro-N-(2-methoxyethyl)benzamido]benzamideor:2â²-bromo-2-fluoro-3-[4-fluoro-N-(2-methoxyethyl)benzamido]-4â²-[1,2,2,2-tetrafluoro-1-(trifluoromethyl)ethyl]-6â²-(trifluoromethyl)benzanilide",OCIJEJDYEIAIKS-UHFFFAOYSA-N,insecticides (meta-diamide),COCCN(C1=CC=CC(=C1F)C(=O)NC2=C(C=C(C=C2Br)C(C(F)(F)F)(C(F)(F)F)F)C(F)(F)F)C(=O)C3=CC=C(C=C3)F
fentin,668-34-8,triphenyltin(IV),XBRCDWHXULVEFB-UHFFFAOYSA-N,algicidesfungicides (organotin)molluscicides,c1ccc(cc1)[Sn+](c2ccccc2)c3ccccc3
triprene,40596-80-3,"S-ethyl (E,E)-(RS)-11-methoxy-3,7,11-trimethyldodeca-2,4-dienethioate",YGBMMMOLNODPBP-GWGZPXPZSA-N,insecticides (juvenile hormone mimic),CCSC(=O)/C=C(C)/C=C/CC(C)CCCC(C)(C)OC
tripropindan,6682-77-5,"1-(6-isopropyl-1,1,4-trimethylindan-5-yl)propan-1-one",IHSBKMBNDURWAT-UHFFFAOYSA-N,herbicides (unclassified),CCC(=O)C1=C(C2=C(C=C1C(C)C)C(CC2)(C)C)C
triptolide,38748-32-2,"(3bS,4aS,5aS,6R,6aR,7aS,7bS,8aS,8bS)-3b,4,4a,6,6a,7a,7b,8b,9,10-decahydro-6-hydroxy-6a-isopropyl-8b-methyltrisoxireno[6,7:8a,9:4b,5]phenanthro[1,2-c]furan-1(3H)-one",DFBIRQPKNDILPW-CIVMWXNOSA-N,insecticides (botanical),CC(C)[C@]12O[C@H]1[C@@H]3O[C@@]34[C@@]5(C)CCC6=C(COC6=O)[C@@H]5C[C@@H]7O[C@]47[C@@H]2O
tripyrasulfone,1911613-97-2,"4-{2-chloro-3-[(3,5-dimethyl-1H-pyrazol-1-yl)methyl]-4-(methylsulfonyl)benzoyl}-1,3-dimethyl-1H-pyrazol-5-yl 1,3-dimethyl-1H-pyrazole-4-carboxylate1979 Rules:4-[2-chloro-Î±-(3,5-dimethyl-1H-pyrazol-1-yl)-4-mesyl-m-toluoyl]-1,3-dimethyl-1H-pyrazol-5-yl 1,3-dimethyl-1H-pyrazole-4-carboxylate",WXQMIXCKKFECIU-UHFFFAOYSA-N,herbicides (benzoylpyrazole),CC1=CC(=NN1CC2=C(C=CC(=C2Cl)C(=O)C3=C(N(N=C3C)C)OC(=O)C4=CN(N=C4C)C)S(=O)(=O)C)C
tritac,1861-44-5,"(RS)-1-[(2,3,6-trichlorobenzyl)oxy]propan-2-ol",LJWIIRATRWPHBA-UHFFFAOYSA-N,herbicides (unclassified),CC(O)COCc1c(Cl)ccc(Cl)c1Cl
derivatives/thiocyclam%20hydrochloride,75655-75-3,"N,N-dimethyl-1,2,3-trithian-5-ylamine hydrochloride",DYLDNPYVDMQCFR-UHFFFAOYSA-N,insecticides (nereistoxin analogue),CN(C)C1CSSSC1.Cl
triticonazole,138182-18-0,"(RS)-(E)-5-(4-chlorobenzylidene)-2,2-dimethyl-1-(1H-1,2,4-triazol-1-ylmethyl)cyclopentanol",PPDBOQMNKNNODG-NTEUORMPSA-N,fungicides (triazole),CC1(CC/C(=C\C2=CC=C(C=C2)Cl)/C1(CN3C=NC=N3)O)C
tritosulfuron,142469-14-5,"N-{[4-methoxy-6-(trifluoromethyl)-1,3,5-triazin-2-yl]carbamoyl}-2-(trifluoromethyl)benzenesulfonamide1979 Rules:1-[4-methoxy-6-(trifluoromethyl)-1,3,5-triazin-2-yl]-3-[(Î±,Î±,Î±-trifluoro-o-tolyl)sulfonyl]urea",KVEQCVKVIFQSGC-UHFFFAOYSA-N,herbicides (triazinylsulfonylurea),COC1=NC(=NC(=N1)NC(=O)NS(=O)(=O)C2=CC=CC=C2C(F)(F)F)C(F)(F)F
piprotal,5281-13-0,"5-{bis[2-(2-butoxyethoxy)ethoxy]methyl}-1,3-benzodioxoleor1-bis[2-(2-butoxyethoxy)ethoxy]methyl-3,4-methylenedioxybenzene",XNRCGJVOJYKMSA-UHFFFAOYSA-N,synergists,CCCCOCCOCCOC(OCCOCCOCCCC)c1ccc2OCOc2c1
trunc-call,123245-79-4 (heptadienoate); 96645-86-2 (pentenoate),"mixture of isopropyl (E,E)-2,4-dimethylhepta-2,4-dienoate and isopropyl (E)-2-methylpent-2-enoate","1-methylethyl (2E,4E)-2,4-dimethyl-2,4-heptadienoate:ODGPAJTXQMSFEA-AMMQDNIMSA-N1-methylethyl (2E)-2-methyl-2-pentenoate:ZYNFJRNPUDOPDR-SOFGYWHQSA-N",insect attractants (Coleopteran),Failed
tribufos,78-48-8,"S,S,S-tributyl phosphorotrithioate",ZOKXUAHZSKEQSS-UHFFFAOYSA-N,plant growth regulators (defoliant)synergists,CCCCS[P](=O)(SCCCC)SCCCC
tyclopyrazoflor,1477919-27-9,"N-[3-chloro-1-(3-pyridyl)-1H-pyrazol-4-yl]-N-ethyl-3-[(3,3,3-trifluoropropyl)thio]propanamide1979 Rules:N-[3-chloro-1-(3-pyridyl)-1H-pyrazol-4-yl]-N-ethyl-3-[(3,3,3-trifluoropropyl)thio]propionamide",DBHVHTPMRCXCIY-UHFFFAOYSA-N,insecticides (unclassified),CCN(C1=CN(N=C1Cl)C2=CN=CC=C2)C(=O)CCSCCC(F)(F)F
umifoxolaner,2021230-37-3,"4-[(5S)-5-[3-chloro-4-fluoro-5-(trifluoromethyl)phenyl]-5(trifluoromethyl)-4,5-dihydro-1,2-oxazol-3-yl]-N-{2-oxo-2[(2,2,2-trifluoroethyl)amino]ethyl}naphthalene-1-carboxamide4-[(5S)-5-[3-chloro-4-fluoro-5-(trifluoromethyl)phenyl]-5-(trifluoromethyl)-4H-1,2-oxazol-3-yl]-N-[2-oxo-2-(2,2,2-trifluoroethylamino)ethyl]naphthalene-1-carboxamide",TVYPNAKLSTUPJB-QHCPKHFHSA-N,acaricides (isoxazoline)insecticides (isoxazoline),C1C(=NO[C@@]1(C2=CC(=C(C(=C2)Cl)F)C(F)(F)F)C(F)(F)F)C3=CC=C(C4=CC=CC=C43)C(=O)NCC(=O)NCC(F)(F)F
uniconazole,83657-22-1,"(E)-(RS)-1-(4-chlorophenyl)-4,4-dimethyl-2-(1H-1,2,4-triazol-1-yl)pent-1-en-3-ol",YNWVFADWVLCOPU-MDWZMJQESA-N,fungicides (triazole)plant growth regulators (growth retardant),CC(C)(C)C(O)\C(=C/c1ccc(Cl)cc1)n2cncn2
uniconazole-p,83657-17-4,"(E)-(S)-1-(4-chlorophenyl)-4,4-dimethyl-2-(1H-1,2,4-triazol-1-yl)pent-1-en-3-ol",YNWVFADWVLCOPU-MAUPQMMJSA-N,fungicides (triazole),CC(C)(C)[C@H](O)\C(=C/c1ccc(Cl)cc1)n2cncn2
urbacide,2445-07-0,bis(dimethylcarbamodithioic) methylarsonodithious bis(thioanhydride)1979 Rules:bis(dimethyldithiocarbamic) methyldithioarsonous bis(thioanhydride),FRDDEJAABOMVCH-UHFFFAOYSA-N,fungicides (arsenical; dimethyldithiocarbamate),CN(C)C(=S)S[As](C)SC(=S)N(C)C
uredepa,302-49-8,ethyl [bis(aziridin-1-yl)phosphinoyl]carbamate,SPDZFJLQFWSJGA-UHFFFAOYSA-N,chemosterilants,CCOC(=O)N[P](=O)(N1CC1)N2CC2
vadescana,2643947-26-4,Failed,IMKZNELNRBDONY-HXGJREMJBA-N (sense); DIKUJHHAHCZWLC-STIIZQEBBA-N (antisense),acaricides (RNAi),Failed
valerate,51630-33-2,3-phenoxybenzyl (2RS)-2-(4-chlorophenyl)-3-methylbutanoate1979 Rules:3-phenoxybenzyl (2RS)-2-(4-chlorophenyl)-3-methylbutyrate,ZVBYGQHSOONVCF-UHFFFAOYSA-N,insecticides (pyrethroid isovalerate ester),CC(C)C(C(=O)OCc1cccc(Oc2ccccc2)c1)c3ccc(Cl)cc3
validamycin,37248-47-8,"(1R,2R,3S,4S,6R)-2,3-dihydroxy-6-(hydroxymethyl)-4-{[(1S,4R,5S,6S)-4,5,6-trihydroxy-3-(hydroxymethyl)cyclohex-2-en-1-yl]amino}cyclohexyl Î²-D-glucopyranoside",JARYYMUOCXVXNK-CSLFJTBJSA-N,fungicides (glucopyranoside),OC[C@H]1C[C@H](N[C@H]2C=C(CO)[C@@H](O)[C@H](O)[C@H]2O)[C@H](O)[C@@H](O)[C@@H]1O[C@@H]3O[C@H](CO)[C@@H](O)[C@H](O)[C@H]3O
validamycin,37248-47-8,"(1R,2R,3S,4S,6R)-2,3-dihydroxy-6-(hydroxymethyl)-4-{[(1S,4R,5S,6S)-4,5,6-trihydroxy-3-(hydroxymethyl)cyclohex-2-en-1-yl]amino}cyclohexyl Î²-D-glucopyranoside",JARYYMUOCXVXNK-CSLFJTBJSA-N,fungicides (glucopyranoside),OC[C@H]1C[C@H](N[C@H]2C=C(CO)[C@@H](O)[C@H](O)[C@H]2O)[C@H](O)[C@@H](O)[C@@H]1O[C@@H]3O[C@H](CO)[C@@H](O)[C@H](O)[C@H]3O
valifenalate,283159-90-0,methyl (3RS)-3-(4-chlorophenyl)-N-[N-(isopropoxycarbonyl)-L-valyl]-Î²-alaninate,DBXFMOWZRXXBRN-LWKPJOBUSA-N,fungicides (valinamidecarbamate),CC(C)[C@@H](C(=O)NC(CC(=O)OC)C1=CC=C(C=C1)Cl)NC(=O)OC(C)C
valone,83-28-3,"2-(3-methylbutanoyl)indane-1,3-dione1979 Rules:2-isovalerylindan-1,3-dione",PVWMAOPFDINGAY-UHFFFAOYSA-N,rodenticides (indandione),CC(C)CC(=O)C1C(=O)c2ccccc2C1=O
vamidothion,2275-23-2,"O,O-dimethyl S-(2-{[(2RS)-1-(methylamino)-1-oxopropan-2-yl]thio}ethyl) phosphorothioate1979 Rules:O,O-dimethyl S-(2-{[(RS)-1-(methylcarbamoyl)ethyl]thio}ethyl) phosphorothioate",LESVOLZBIFDZGS-UHFFFAOYSA-N,acaricides (aliphatic amide organothiophosphate)insecticides (aliphatic amide organothiophosphate),CNC(=O)CCSCCS[P](=O)(OC)OC
vangard,67932-85-8,"3â²-chloro-2-methoxy-2â²,6â²-dimethyl-N-[(3RS)-tetrahydro-2-oxo-3-furyl]acetanilide",FHZMAAGOSXDIBJ-UHFFFAOYSA-N,fungicides (butyrolactone),COCC(=O)N(C1CCOC1=O)c2c(C)ccc(Cl)c2C
vaniliprole,145767-97-1,"1-[2,6-dichloro-4-(trifluoromethyl)phenyl]-5-{[(E)-4-hydroxy-3-methoxybenzylidene]amino}-4-[(trifluoromethyl)thio]-1H-pyrazole-3-carbonitrile1979 Rules:1-(2,6-dichloro-Î±,Î±,Î±-trifluoro-p-tolyl)-5-{[(E)-4-hydroxy-3-methoxybenzylidene]amino}-4-[(trifluoromethyl)thio]-1H-pyrazole-3-carbonitrile",LWWDYSLFWMWORA-BEJOPBHTSA-N,acaricides (phenylpyrazole)insecticides (phenylpyrazole),COC1=C(C=CC(=C1)/C=N/C2=C(C(=NN2C3=C(C=C(C=C3Cl)C(F)(F)F)Cl)C#N)SC(F)(F)F)O
veratridine,71-62-5,"4Î²,12,14,16Î²,17,20-hexahydroxy-4a,9-epoxycevan-3Î²-yl 3,4-dimethoxybenzoate",FVECELJHCSPHKY-YFUMOZOISA-N,insecticides (alkaloid),COc1ccc(cc1OC)C(=O)O[C@H]2CC[C@@]3(C)[C@@H]4CC[C@H]5[C@]6(O)C[C@H](O)[C@@]7(O)[C@@H](CN8C[C@@H](C)CC[C@H]8[C@@]7(C)O)[C@]6(O)C[C@]35O[C@]24O
verbutin,185676-84-0,"4-[(1RS)-1-(but-2-ynyloxy)ethyl]-1,2-dimethoxybenzene1979 Rules:4-[(RS)-1-(but-2-ynyloxy)ethyl]veratrole",LABQLTFAPITERI-UHFFFAOYSA-N,synergists,CC#CCOC(C)C1=CC(=C(C=C1)OC)OC
vernolate,1929-77-7,S-propyl dipropylcarbamothioate1979 Rules:S-propyl dipropyl(thiocarbamate),OKUGPJPKMAEJOE-UHFFFAOYSA-N,herbicides (thiocarbamate),CCCSC(=O)N(CCC)CCC
vinclozolin,50471-44-8,"(RS)-3-(3,5-dichlorophenyl)-5-methyl-5-vinyloxazolidine-2,4-dione",FSCWZHGZWWDELK-UHFFFAOYSA-N,fungicides (dicarboximide),CC1(OC(=O)N(C1=O)c2cc(Cl)cc(Cl)c2)C=C
viniconazole,77175-51-0,3-chlorobenzyl 2-[1-(imidazol-1-yl)vinyl]phenyl ether,WHPAGCJNPTUGGD-UHFFFAOYSA-N,fungicides (imidazole),Clc1cccc(COc2ccccc2C(=C)n3ccnc3)c1
vinylfluthrin,3061364-30-2,"2,3,5,6-tetrafluorobenzyl (1R,3R)-3-[(1Z)-2-cyanovinyl]-2,2-dimethylcyclopropanecarboxylateRothamsted-style:2,3,5,6-tetrafluorobenzyl (1R)-trans-3-[(1Z)-2-cyanovinyl]-2,2-dimethylcyclopropanecarboxylate",OMUZEZKLTJTGJM-ARJAWSKDSA-N,insecticides (pyrethroid),CC1(C(C1C(=O)OCC2=C(C(=CC(=C2F)F)F)F)/C=C\C#N)C
cholecalciferol,67-97-0,"(5Z,7E)-(3S)-9,10-secocholesta-5,7,10(19)-trien-3-ol",QYSXJUFSXHHAJI-YRZJJWOYSA-N,rodenticides (calciferol),CC(C)CCC[C@@H](C)[C@H]1CC[C@H]2\C(CCC[C@]12C)=C\C=C3/C[C@@H](O)CCC3=C
warfarin,81-81-2,4-hydroxy-3-[(1RS)-3-oxo-1-phenylbutyl]-2H-chromen-2-one1979 Rules:4-hydroxy-3-[(RS)-3-oxo-1-phenylbutyl]coumarin,PJVWKTKQMONHTI-UHFFFAOYSA-N,rodenticides (coumarin),CC(=O)CC(c1ccccc1)C2=C(O)Oc3ccccc3C2=O
xiaochongliulin,171605-91-7,"O-(2,4-dichloro-6-nitrophenyl) O,O-diethyl phosphorothioate",LVHRDEVAWFGKBI-UHFFFAOYSA-N,insecticides (phenyl organothiophosphate),CCOP(=S)(OCC)OC1=C(C=C(C=C1Cl)Cl)[N+](=O)[O-]
seboctylamine,57413-95-3,N1-octyl-N2-[2-(octylamino)ethyl]ethylenediamine1979 Rules:N-octyl-Nâ²-[2-(octylamino)ethyl]ethylenediamineordioctyldiethylenetriamine,OXWFFWJKUNMMSO-UHFFFAOYSA-N,bactericidesfungicides (aliphatic nitrogen)virucides,CCCCCCCCNCCNCCNCCCCCCCC
fenaminstrobin,366815-39-6,"(2E)-2-{2-[({(E)-[(2E)-3-(2,6-dichlorophenyl)-1-methylprop-2-enylidene]amino}oxy)methyl]phenyl}-2-(methoxyimino)-N-methylacetamide",RBWGTZRSEOIHFD-UHUFKFKFSA-N,fungicides (oximinoacetamide),C/C(=N\OCC1=CC=CC=C1/C(=N\OC)/C(=O)NC)/C=C/C2=C(C=CC=C2Cl)Cl
enoxastrobin,238410-11-2,"methyl (2E)-2-{2-[({[(2E,3E)-4-(4-chlorophenyl)but-3-en-2-ylidene]amino}oxy)methyl]phenyl}-3-methoxyprop-2-enoate1979 Rules:methyl (2E)-2-{2-[({(E)-[(2E)-3-(4-chlorophenyl)-1-methylallylidene]amino}oxy)methyl]phenyl}-3-methoxyacrylate",VMNULHCTRPXWFJ-UJSVPXBISA-N,fungicides (methoxyacrylate),C/C(=N\OCC1=CC=CC=C1/C(=C\OC)/C(=O)OC)/C=C/C2=CC=C(C=C2)Cl
xmc,2655-14-3,"3,5-dimethylphenyl methylcarbamate1979 Rules:3,5-xylyl methylcarbamate",CVQODEWAPZVVBU-UHFFFAOYSA-N,insecticides (phenyl carbamate),CNC(=O)Oc1cc(C)cc(C)c1
xylachlor,63114-77-2,"2-chloro-N-isopropyl-2â²,3â²-dimethylacetanilide",UDRNNGBAXFCBLJ-UHFFFAOYSA-N,herbicides (chloroacetamide),CC(C)N(C(=O)CCl)c1cccc(C)c1C
xylenols,1300-71-6,dimethylphenol1979 Rules:xylenol,Failed,nematicides (phenol),Cc1cccc(C)c1O
xyloxadine,60263-88-9,"2-{[(RS)-1-(2,5-xylyl)ethyl]sulfonyl}pyridinium-1-olate",SMPPYMOPSFKMQX-UHFFFAOYSA-N,herbicides (pyridine),CC(c1cc(C)ccc1C)[S](=O)(=O)c2cccc[n+]2[O-]
xylylcarb,2425-10-7,"3,4-dimethylphenyl methylcarbamate1979 Rules:3,4-xylyl methylcarbamate",WCJYTPVNMWIZCG-UHFFFAOYSA-N,insecticides (phenyl carbamate),CNC(=O)Oc1ccc(C)c(C)c1
cymiazole,61676-87-7,"(2EZ)-N-(2,4-dimethylphenyl)-3-methylthiazol-2(3H)-imine1979 Rules:N-[(2EZ)-3-methylthiazol-2(3H)-ylidene]-2,4-xylidine",YUAUPYJCVKNAEC-UHFFFAOYSA-N,acaricides (formamidine),CN1C=CSC1=Nc2ccc(C)cc2C
yishijing,112225-87-3,Nâ²-benzoyl-N-tert-butylbenzohydrazide,NISLLQUWIJASOV-UHFFFAOYSA-N,insecticides (diacylhydrazine),CC(C)(C)N(NC(=O)c1ccccc1)C(=O)c2ccccc2
zarilamid,84527-51-5,(RS)-4-chloro-N-[cyano(ethoxy)methyl]benzamide,NNPRCLUGHFXSOU-UHFFFAOYSA-N,fungicides (benzamide),Clc1ccc(cc1)C(=O)NCOCCC#N
zeatin,1637-39-4,(E)-2-methyl-4-(7H-purin-6-ylamino)but-2-en-1-ol,UZKQTCBAMSWPJD-FARCUNLSSA-N,plant growth regulators (cytokinin),CC(\CO)=C/CNc1ncnc2nc[nH]c12
MGK-264,113-48-4,"N-(2-ethylhexyl)bicyclo[2.2.1]hept-5-ene-2,3-dicarboximide1979 Rules:N-(2-ethylhexyl)-8,9,10-trinorborn-5-ene-2,3-dicarboximide",WLLGXSLBOPFWQV-UHFFFAOYSA-N,synergists,CCCCC(CC)CN1C(=O)C2C3CC(C=C3)C2C1=O
dietholate,32345-29-2,"O,O-diethyl O-phenyl phosphorothioate",XXWNKVBJDWSYBN-UHFFFAOYSA-N,herbicide safenerssynergists,CCO[P](=S)(OCC)Oc1ccccc1
zeta-cypermethrin,1315501-18-8,"mixture of the stereoisomers (S)-Î±-cyano-3-phenoxybenzyl (1RS,3RS;1RS,3SR)-3-(2,2-dichlorovinyl)-2,2-dimethylcyclopropanecarboxylate where the ratio of the (S);(1RS,3RS) isomeric pair to the (S);(1RS,3SR) isomeric pair lies in the ratio range 45â55 to 55â45 respectively",KAATUXNTWXVJKI-QPIRBTGLSA-N,insecticides (pyrethroid),CC1(C(C1C(=O)O[C@H](C#N)C2=CC(=CC=C2)OC3=CC=CC=C3)C=C(Cl)Cl)C
zinc%20naphthenate,12001-85-3,zinc naphthenate,Failed,fungicides (zinc compound)mammal repellents,[Zn++].CCC1CCC(CCC([O-])=O)C1.CCC2CCC(CCC([O-])=O)C2
zinc%20phosphide,1314-84-7,trizinc diphosphide,NQDYSWQRWWTVJU-UHFFFAOYSA-N,rodenticides (inorganic),[Zn](|P=[Zn])|P=[Zn]
zinc%20thiazole,3234-62-6,"zinc 5-amino-1,3,4-thiadiazole-2-thiolate",MMKVLOBTZLRJOE-UHFFFAOYSA-L,"bactericidesfungicides (1,3-4-thiadiazole; zinc compound)",C1(=NN=C(S1)[S-])N.C1(=NN=C(S1)[S-])N.[Zn+2]
zinc%20thiazole,3234-62-6,"zinc 5-amino-1,3,4-thiadiazole-2-thiolate",MMKVLOBTZLRJOE-UHFFFAOYSA-L,"bactericidesfungicides (1,3-4-thiadiazole; zinc compound)",C1(=NN=C(S1)[S-])N.C1(=NN=C(S1)[S-])N.[Zn+2]
zinc%20trichlorophenate,30143-22-7,zinc trichlorophenolateorzinc trichlorophenoxide,Failed,fungicides (phenol; zinc compound),[Zn++].[O-]c1ccc(Cl)c(Cl)c1Cl.[O-]c2ccc(Cl)c(Cl)c2Cl
zinc%20trichlorophenate,30143-22-7,zinc trichlorophenolateorzinc trichlorophenoxide,Failed,fungicides (phenol; zinc compound),[Zn++].[O-]c1ccc(Cl)c(Cl)c1Cl.[O-]c2ccc(Cl)c(Cl)c2Cl
zineb,12122-67-7,zinc ethylenebis(dithiocarbamate) (polymeric),Failed,fungicides (alkylenebis(dithiocarbamate); zinc compound),[Zn++].[S-]C(=S)NCCNC([S-])=S
ziram,137-30-4,zinc bis(dimethylcarbamodithioate)1979 Rules:zinc bis(dimethyldithiocarbamate),DUBNHZYBDBBJHD-UHFFFAOYSA-L,bird repellentsfungicides (dimethyldithiocarbamate; zinc compound)mammal repellents,[Zn++].CN(C)C([S-])=S.CN(C)C([S-])=S
zolaprofos,63771-69-7,(RS)-{O-ethyl S-[(3-methylisoxazol-5-yl)methyl] S-propyl phosphorodithioate},UIQAVIOOENLZRU-UHFFFAOYSA-N,insecticides (arylalkyl organothiophosphate),CCCSP(=O)(OCC)SCC1=CC(=NO1)C
warfarin,81-81-2,4-hydroxy-3-[(1RS)-3-oxo-1-phenylbutyl]-2H-chromen-2-one1979 Rules:4-hydroxy-3-[(RS)-3-oxo-1-phenylbutyl]coumarin,PJVWKTKQMONHTI-UHFFFAOYSA-N,rodenticides (coumarin),CC(=O)CC(c1ccccc1)C2=C(O)Oc3ccccc3C2=O
zoxamide,156052-68-5,"3,5-dichloro-N-[(1RS)-3-chloro-1-ethyl-1-methyl-2-oxopropyl]-4-methylbenzamide1979 Rules:3,5-dichloro-N-[(RS)-3-chloro-1-ethyl-1-methyl-2-oxopropyl]-p-toluamide",SOUGWDPPRBKJEX-UHFFFAOYSA-N,fungicides (benzamide),CCC(C)(NC(=O)c1cc(Cl)c(C)c(Cl)c1)C(=O)CCl
pyrametostrobin,915410-70-7,"methyl 2-{[(1,4-dimethyl-3-phenyl-1H-pyrazol-5-yl)oxy]methyl}-N-methoxycarbanilate",DWTVBEZBWMDXIY-UHFFFAOYSA-N,fungicides (methoxycarbamate),CC1=C(N(N=C1C2=CC=CC=C2)C)OCC3=CC=CC=C3N(C(=O)OC)OC
cafenstrole,125306-83-4,"N,N-diethyl-3-(mesitylsulfonyl)-1H-1,2,4-triazole-1-carboxamide",HFEJHAAIJZXXRE-UHFFFAOYSA-N,herbicides (azolylcarboxamide),CCN(CC)C(=O)n1cnc(n1)[S](=O)(=O)c2c(C)cc(C)cc2C
pyraoxystrobin,862588-11-2,methyl (2E)-2-[2-({[3-(4-chlorophenyl)-1-methyl-1H-pyrazol-5-yl]oxy}methyl)phenyl]-3-methoxyprop-2-enoate1979 Rules:methyl (2E)-2-(Î±-{[3-(4-chlorophenyl)-1-methyl-1H-pyrazol-5-yl]oxy}-o-tolyl)-3-methoxyacrylate,URXNNPCNKVAQRA-XMHGGMMESA-N,fungicides (methoxyacrylate),CN1C(=CC(=N1)C2=CC=C(C=C2)Cl)OCC3=CC=CC=C3/C(=C\OC)/C(=O)OC
zuomihuanglong,104770-29-8,"methyl 5-{[(4,6-dimethylpyrimidin-2-yl)carbamoyl]sulfamoyl}-1-(2-pyridyl)-1H-pyrazole-4-carboxylate1979 Rules:1-(4,6-dimethylpyrimidin-2-yl)-3-{[4-(methoxycarbonyl)-1-(2-pyridyl)-1H-pyrazol-5-yl]sulfonyl}urea",KABSXJFKDZOTFH-UHFFFAOYSA-N,herbicides (pyrimidinylsulfonylurea),COC(=O)c1cnn(c2ccccn2)c1[S](=O)(=O)NC(=O)Nc3nc(C)cc(C)n3
1-methylcyclopropene,3100-04-7,1-methylcyclopropene,SHDPRTQPPWIEJG-UHFFFAOYSA-N,plant growth regulators (ethylene inhibitor),CC1=CC1
1-methylcyclopropene,3100-04-7,1-methylcyclopropene,SHDPRTQPPWIEJG-UHFFFAOYSA-N,plant growth regulators (ethylene inhibitor),CC1=CC1
1-naphthol,90-15-3,1-naphthol,KJCVRFUGPWSIIH-UHFFFAOYSA-N,plant growth regulators (auxin),Oc1cccc2ccccc12
"1,2-dichloropropane",78-87-5,"(2RS)-1,2-dichloropropane",KNKRKFALVUDBJE-UHFFFAOYSA-N,insecticides (alkyl halide; fumigant)nematicides (alkyl halide; fumigant),CC(Cl)CCl
"1,3-dichloropropene",542-75-6,"(EZ)-1,3-dichloropropene",UOORRWUZONOOLO-UHFFFAOYSA-N,nematicides (alkyl halide; fumigant),ClC\C=C/Cl
"1,3-dichloropropene",542-75-6,"(EZ)-1,3-dichloropropene",UOORRWUZONOOLO-UHFFFAOYSA-N,nematicides (alkyl halide; fumigant),ClC\C=C/Cl
2ip,2365-40-4,N-(3-methylbut-2-enyl)-7H-purin-6-amine1979 Rules:N-(3-methylbut-2-enyl)adenine,HYVABZIGRDEKCD-UHFFFAOYSA-N,plant growth regulators (cytokinin),CC(C)=CCNc1ncnc2nc[nH]c12
mcpa,94-74-6,(4-chloro-2-methylphenoxy)acetic acid1979 Rules:[(4-chloro-o-tolyl)oxy]acetic acid,WHKUVVPPKQRRBV-UHFFFAOYSA-N,herbicides (phenoxyacetic),Cc1cc(Cl)ccc1OCC(O)=O
mcpb,94-81-5,4-(4-chloro-2-methylphenoxy)butanoic acid1979 Rules:4-[(4-chloro-o-tolyl)oxy]butyric acid,LLWADFLAOKUBDR-UHFFFAOYSA-N,herbicides (phenoxybutyric),Cc1cc(Cl)ccc1OCCCC(O)=O
2-methoxyethylmercury%20chloride,123-88-6,(2-methoxyethyl)mercuric chloride2005 Rules:chlorido(2-methoxyethyl)mercuryor(2-methoxyethyl)mercury(II) chloride,VJTAZCKMHINUKO-UHFFFAOYSA-M,fungicides (mercury compound),[Cl-].COCC[Hg+]
2-(octylthio)ethanol,3547-33-9,2-(octylthio)ethanol,KXPXKNBDCUOENF-UHFFFAOYSA-N,insect repellents,CCCCCCCCSCCO
2-phenylphenol,90-43-7,biphenyl-2-ol,LLEMOWNGBBNAJR-UHFFFAOYSA-N,fungicides (phenol),Oc1ccccc1c2ccccc2
chloropon,3278-46-4,"2,2,3-trichloropropanoic acid1979 Rules:2,2,3-trichloropropionic acid",QZEKHJXYZSJVCL-UHFFFAOYSA-N,herbicides (halogenated alkanoic acid),OC(=O)C(Cl)(Cl)CCl
"2,3,5-triiodobenzoic%20acid",88-82-4,"2,3,5-triiodobenzoic acid",ZMZGFLUUZLELNE-UHFFFAOYSA-N,plant growth regulators (antiauxin),OC(=O)c1cc(I)cc(I)c1I
"2,3,6-tba",50-31-7,"2,3,6-trichlorobenzoic acid",XZIDTOHMJBOSOX-UHFFFAOYSA-N,herbicides (benzoic acid),OC(=O)c1c(Cl)ccc(Cl)c1Cl
"2,4-d",94-75-7,"(2,4-dichlorophenoxy)acetic acid",OVSKIKFHRZPJSS-UHFFFAOYSA-N,herbicides (phenoxyacetic),OC(=O)COc1ccc(Cl)cc1Cl
"2,4-db",94-82-6,"4-(2,4-dichlorophenoxy)butanoic acid1979 Rules:4-(2,4-dichlorophenoxy)butyric acid",YIVXMZJTEQBPQO-UHFFFAOYSA-N,herbicides (phenoxybutyric),OC(=O)CCCOc1ccc(Cl)cc1Cl
"2,4-deb",94-83-7,"2-(2,4-dichlorophenoxy)ethyl benzoate",LGURYBCSJPXHTF-UHFFFAOYSA-N,herbicides (phenoxyacetic),Clc1ccc(OCCOC(=O)c2ccccc2)c(Cl)c1
"2,4-dep",94-84-8,"tris[2-(2,4-dichlorophenoxy)ethyl] phosphite",PIHCREFCPDWIPY-UHFFFAOYSA-N,herbicides (phenoxyacetic),Clc1ccc(OCCOP(OCCOc2ccc(Cl)cc2Cl)OCCOc3ccc(Cl)cc3Cl)c(Cl)c1
disul,149-26-8,"2-(2,4-dichlorophenoxy)ethyl hydrogen sulfate",HJEINPVZRDJRBY-UHFFFAOYSA-N,herbicides (phenoxyacetic),O[S](=O)(=O)OCCOc1ccc(Cl)cc1Cl
dichlorprop,120-36-5,"(2RS)-2-(2,4-dichlorophenoxy)propanoic acid1979 Rules:(RS)-2-(2,4-dichlorophenoxy)propionic acid",MZHCENGPTKEIGP-UHFFFAOYSA-N,herbicides (phenoxypropionic)plant growth regulators (auxin),CC(Oc1ccc(Cl)cc1Cl)C(O)=O
mcpa,94-74-6,(4-chloro-2-methylphenoxy)acetic acid1979 Rules:[(4-chloro-o-tolyl)oxy]acetic acid,WHKUVVPPKQRRBV-UHFFFAOYSA-N,herbicides (phenoxyacetic),Cc1cc(Cl)ccc1OCC(O)=O
mcpb,94-81-5,4-(4-chloro-2-methylphenoxy)butanoic acid1979 Rules:4-[(4-chloro-o-tolyl)oxy]butyric acid,LLWADFLAOKUBDR-UHFFFAOYSA-N,herbicides (phenoxybutyric),Cc1cc(Cl)ccc1OCCCC(O)=O
"2,4,5-t",93-76-5,"(2,4,5-trichlorophenoxy)acetic acid",SMYMJHWAQXWPDB-UHFFFAOYSA-N,herbicides (phenoxyacetic),OC(=O)COc1cc(Cl)c(Cl)cc1Cl
"2,4,5-tb",93-80-1,"4-(2,4,5-trichlorophenoxy)butanoic acid1979 Rules:4-(2,4,5-trichlorophenoxy)butyric acid",RTWCZQFXFMXXKP-UHFFFAOYSA-N,herbicides (phenoxybutyric),OC(=O)CCCOc1cc(Cl)c(Cl)cc1Cl
fenoprop,93-72-1,"(2RS)-2-(2,4,5-trichlorophenoxy)propanoic acid1979 Rules:(RS)-2-(2,4,5-trichlorophenoxy)propionic acid",ZLSWBLPERHFHIS-UHFFFAOYSA-N,herbicides (phenoxypropionic)plant growth regulators (auxin),CC(Oc1cc(Cl)c(Cl)cc1Cl)C(O)=O
"2,5-dichlorobenzoic%20acid",50-79-3,"2,5-dichlorobenzoic acid",QVTQYSFCFOGITD-UHFFFAOYSA-N,fungicides (unclassified)plant growth regulators (unclassified),OC(=O)c1cc(Cl)ccc1Cl
3-chloro-4-methylaniline,95-74-9,3-chloro-4-methylaniline3-chloro-p-methylaniline,RQKFYFNZSHWXAW-UHFFFAOYSA-N,avicides,Cc1ccc(N)cc1Cl
(3-ethoxypropyl)mercury%20bromide,6012-84-6,(3-ethoxypropyl)mercuric bromide (deprecated)2005 Rules:bromido(3-ethoxypropyl)mercuryor(3-ethoxypropyl)mercury(II) bromide,BWUIOGHGUVLNSX-UHFFFAOYSA-M,fungicides (mercury compound),CCOCCC[Hg+].[Br-]
"3,4-da",588-22-7,"(3,4-dichlorophenoxy)acetic acid",SNYRXHULAWEECU-UHFFFAOYSA-N,herbicides (phenoxyacetic),OC(=O)COc1ccc(Cl)c(Cl)c1
"3,4-db",3307-37-7,"4-(3,4-dichlorophenoxy)butanoic acid1979 Rules:4-(3,4-dichlorophenoxy)butyric acid",AKDSUKZFDDKNNM-UHFFFAOYSA-N,herbicides (phenoxybutyric),OC(=O)CCCOc1ccc(Cl)c(Cl)c1
"3,4-dp",3307-41-3,"(2RS)-2-(3,4-dichlorophenoxy)propanoic acid1979 Rules:(RS)-2-(3,4-dichlorophenoxy)propionic acid",BIPAGODSEBNAJR-UHFFFAOYSA-N,herbicides (phenoxypropionic),CC(Oc1ccc(Cl)c(Cl)c1)C(O)=O
4-aminopyridine,504-24-5,pyridin-4-amine,NUKYPUAOHBNCPY-UHFFFAOYSA-N,avicidesbird repellents,Nc1ccncc1
4-cpa,122-88-3,(4-chlorophenoxy)acetic acid,SODPIMGUZLOIPE-UHFFFAOYSA-N,herbicides (phenoxyacetic)plant growth regulators (auxin),OC(=O)COc1ccc(Cl)cc1
4-cpb,3547-07-7,4-(4-chlorophenoxy)butanoic acid1979 Rules:4-(4-chlorophenoxy)butyric acid,SIYAHZSHQIPQLY-UHFFFAOYSA-N,herbicides (phenoxybutyric),OC(=O)CCCOc1ccc(Cl)cc1
4-cpp,3307-39-9,(2RS)-2-(4-chlorophenoxy)propanoic acid1979 Rules:(RS)-2-(4-chlorophenoxy)propionic acid,DKHJWWRYTONYHB-UHFFFAOYSA-N,herbicides (phenoxypropionic),CC(Oc1ccc(Cl)cc1)C(O)=O
4-hydroxyphenethyl%20alcohol,501-94-0,4-(2-hydroxyethyl)phenol1979 Rules:4-hydroxyphenethyl alcohol,YCCILVSKPBXVIP-UHFFFAOYSA-N,plant growth regulators (cytokinin),OCCc1ccc(O)cc1
2ip,2365-40-4,N-(3-methylbut-2-enyl)-7H-purin-6-amine1979 Rules:N-(3-methylbut-2-enyl)adenine,HYVABZIGRDEKCD-UHFFFAOYSA-N,plant growth regulators (cytokinin),CC(C)=CCNc1ncnc2nc[nH]c12
2ip,2365-40-4,N-(3-methylbut-2-enyl)-7H-purin-6-amine1979 Rules:N-(3-methylbut-2-enyl)adenine,HYVABZIGRDEKCD-UHFFFAOYSA-N,plant growth regulators (cytokinin),CC(C)=CCNc1ncnc2nc[nH]c12
8-hydroxyquinoline%20sulfate,134-31-6,sulfuric acidâquinolin-8-ol (1/2)orbis(8-hydroxyquinolinium) sulfate,YYVFXSYQSOZCOQ-UHFFFAOYSA-N,bactericidesfungicides (quinoline),Oc1cccc2ccc[nH+]c12.Oc3cccc4ccc[nH+]c34.[O-][S]([O-])(=O)=O
8-phenylmercurioxyquinoline,14354-56-4,phenylmercury(II) quinolin-8-olateorphenylmercury(2+) quinolin-8-olateorphenylmercuric quinolin-8-olate,FSRHNWZLCJXDBK-UHFFFAOYSA-M,fungicides (mercury compound),C1=CC=C(C=C1)[Hg+].C1=CC2=C(C(=C1)[O-])N=CC=C2
24-epibrassinolide,78821-43-9,"(22R,23R,24R)-2Î±,3Î±,22,23-tetrahydroxy-7-oxa-7a-homo-5Î±-ergostan-6-one",IXVMHGVQKLDRKH-QHBHMFGVSA-N,plant activators,C[C@@H]([C@H]1CC[C@@H]2[C@@]1(CC[C@H]3[C@H]2COC(=O)[C@@H]4[C@@]3(C[C@H]([C@H](C4)O)O)C)C)[C@H]([C@@H]([C@H](C)C(C)C)O)O
brassinolide-ethyl,82373-95-3,"(22R,23R,24S)-2Î±,3Î±,22,23-tetrahydroxy-7-oxa-7a,23a-dihomo-5Î±-ergostan-6-one",HJIKODJJEORHMZ-NNPZUXBVSA-N,plant activators,CC[C@H]([C@H]([C@@H]([C@@H](C)[C@H]1CC[C@@H]2[C@@]1(CC[C@H]3[C@H]2COC(=O)[C@@H]4[C@@]3(C[C@H]([C@H](C4)O)O)C)C)O)O)C(C)C
